case,comparison,portfolio,Asset_ID,weight,lower_bound,upper_bound
primary,bounded,gmv,ALB,0.20999999999999977,0.05249999999999995,0.2099999999999998
primary,bounded,gmv,CIEN,0.1450376767317393,0.05249999999999995,0.2099999999999998
primary,bounded,gmv,COIN,-0.061808120742184544,-0.09,-0.0225
primary,bounded,gmv,FDS,-0.022500000000000058,-0.09,-0.0225
primary,bounded,gmv,FISV,-0.0731918792578153,-0.09,-0.0225
primary,bounded,gmv,GDDY,-0.02250000000000003,-0.09,-0.0225
primary,bounded,gmv,INTC,0.05249999999999995,0.05249999999999995,0.2099999999999998
primary,bounded,gmv,IT,-0.09,-0.09,-0.0225
primary,bounded,gmv,LRCX,0.17568466870271426,0.05249999999999995,0.2099999999999998
primary,bounded,gmv,MU,0.05249999999999997,0.05249999999999995,0.2099999999999998
primary,bounded,gmv,NOW,-0.022500000000000013,-0.09,-0.0225
primary,bounded,gmv,PAYC,-0.022500000000000003,-0.09,-0.0225
primary,bounded,gmv,SMCI,-0.08999999999999996,-0.09,-0.0225
primary,bounded,gmv,SNDK,0.05249999999999995,0.05249999999999995,0.2099999999999998
primary,bounded,gmv,STX,0.08040634311328877,0.05249999999999995,0.2099999999999998
primary,bounded,gmv,TER,0.11116639682410605,0.05249999999999995,0.2099999999999998
primary,bounded,gmv,TTD,-0.022500000000000003,-0.09,-0.0225
primary,bounded,gmv,TYL,-0.0225,-0.09,-0.0225
primary,bounded,gmv,WBD,0.11770491462815093,0.05249999999999995,0.2099999999999998
primary,bounded,gmv,WDC,0.05249999999999998,0.05249999999999995,0.2099999999999998
primary,bounded,utility,ALB,0.05250000000000051,0.05249999999999995,0.2099999999999998
primary,bounded,utility,CIEN,0.2099999999999998,0.05249999999999995,0.2099999999999998
primary,bounded,utility,COIN,-0.022500000000000214,-0.09,-0.0225
primary,bounded,utility,FDS,-0.0225,-0.09,-0.0225
primary,bounded,utility,FISV,-0.09,-0.09,-0.0225
primary,bounded,utility,GDDY,-0.04499999999999982,-0.09,-0.0225
primary,bounded,utility,INTC,0.05249999999999995,0.05249999999999995,0.2099999999999998
primary,bounded,utility,IT,-0.09,-0.09,-0.0225
primary,bounded,utility,LRCX,0.05249999999999995,0.05249999999999995,0.2099999999999998
primary,bounded,utility,MU,0.08041704501008475,0.05249999999999995,0.2099999999999998
primary,bounded,utility,NOW,-0.022500000000000013,-0.09,-0.0225
primary,bounded,utility,PAYC,-0.0225,-0.09,-0.0225
primary,bounded,utility,SMCI,-0.022500000000000256,-0.09,-0.0225
primary,bounded,utility,SNDK,0.2099999999999998,0.05249999999999995,0.2099999999999998
primary,bounded,utility,STX,0.07708295498991552,0.05249999999999995,0.2099999999999998
primary,bounded,utility,TER,0.05249999999999995,0.05249999999999995,0.2099999999999998
primary,bounded,utility,TTD,-0.09,-0.09,-0.0225
primary,bounded,utility,TYL,-0.0225,-0.09,-0.0225
primary,bounded,utility,WBD,0.05249999999999995,0.05249999999999995,0.2099999999999998
primary,bounded,utility,WDC,0.2099999999999998,0.05249999999999995,0.2099999999999998
primary,bounded,maximum_return,ALB,0.05249999999999995,0.05249999999999995,0.2099999999999998
primary,bounded,maximum_return,CIEN,0.10499999999999976,0.05249999999999995,0.2099999999999998
primary,bounded,maximum_return,COIN,-0.0225,-0.09,-0.0225
primary,bounded,maximum_return,FDS,-0.0225,-0.09,-0.0225
primary,bounded,maximum_return,FISV,-0.09,-0.09,-0.0225
primary,bounded,maximum_return,GDDY,-0.04499999999999987,-0.09,-0.0225
primary,bounded,maximum_return,INTC,0.05249999999999995,0.05249999999999995,0.2099999999999998
primary,bounded,maximum_return,IT,-0.09,-0.09,-0.0225
primary,bounded,maximum_return,LRCX,0.05249999999999995,0.05249999999999995,0.2099999999999998
primary,bounded,maximum_return,MU,0.2099999999999998,0.05249999999999995,0.2099999999999998
primary,bounded,maximum_return,NOW,-0.0225,-0.09,-0.0225
primary,bounded,maximum_return,PAYC,-0.0225,-0.09,-0.0225
primary,bounded,maximum_return,SMCI,-0.0225,-0.09,-0.0225
primary,bounded,maximum_return,SNDK,0.2099999999999998,0.05249999999999995,0.2099999999999998
primary,bounded,maximum_return,STX,0.05249999999999995,0.05249999999999995,0.2099999999999998
primary,bounded,maximum_return,TER,0.05249999999999995,0.05249999999999995,0.2099999999999998
primary,bounded,maximum_return,TTD,-0.09,-0.09,-0.0225
primary,bounded,maximum_return,TYL,-0.0225,-0.09,-0.0225
primary,bounded,maximum_return,WBD,0.05249999999999995,0.05249999999999995,0.2099999999999998
primary,bounded,maximum_return,WDC,0.2099999999999998,0.05249999999999995,0.2099999999999998
primary,bounded,reference_return,ALB,0.20999999999999977,0.05249999999999995,0.2099999999999998
primary,bounded,reference_return,CIEN,0.20999999999999977,0.05249999999999995,0.2099999999999998
primary,bounded,reference_return,COIN,-0.022500000000000003,-0.09,-0.0225
primary,bounded,reference_return,FDS,-0.0225,-0.09,-0.0225
primary,bounded,reference_return,FISV,-0.08999999999999994,-0.09,-0.0225
primary,bounded,reference_return,GDDY,-0.0225,-0.09,-0.0225
primary,bounded,reference_return,INTC,0.05249999999999997,0.05249999999999995,0.2099999999999998
primary,bounded,reference_return,IT,-0.08999999999999996,-0.09,-0.0225
primary,bounded,reference_return,LRCX,0.05249999999999995,0.05249999999999995,0.2099999999999998
primary,bounded,reference_return,MU,0.05249999999999996,0.05249999999999995,0.2099999999999998
primary,bounded,reference_return,NOW,-0.02250000000000003,-0.09,-0.0225
primary,bounded,reference_return,PAYC,-0.02250000000000002,-0.09,-0.0225
primary,bounded,reference_return,SMCI,-0.09,-0.09,-0.0225
primary,bounded,reference_return,SNDK,0.05249999999999995,0.05249999999999995,0.2099999999999998
primary,bounded,reference_return,STX,0.11727005982475085,0.05249999999999995,0.2099999999999998
primary,bounded,reference_return,TER,0.05249999999999995,0.05249999999999995,0.2099999999999998
primary,bounded,reference_return,TTD,-0.04499999999999994,-0.09,-0.0225
primary,bounded,reference_return,TYL,-0.022500000000000145,-0.09,-0.0225
primary,bounded,reference_return,WBD,0.05249999999999995,0.05249999999999995,0.2099999999999998
primary,bounded,reference_return,WDC,0.19772994017524895,0.05249999999999995,0.2099999999999998
primary,bounded,frontier_0,ALB,0.20999999999999977,0.05249999999999995,0.2099999999999998
primary,bounded,frontier_0,CIEN,0.1450376767317393,0.05249999999999995,0.2099999999999998
primary,bounded,frontier_0,COIN,-0.061808120742184544,-0.09,-0.0225
primary,bounded,frontier_0,FDS,-0.022500000000000058,-0.09,-0.0225
primary,bounded,frontier_0,FISV,-0.0731918792578153,-0.09,-0.0225
primary,bounded,frontier_0,GDDY,-0.02250000000000003,-0.09,-0.0225
primary,bounded,frontier_0,INTC,0.05249999999999995,0.05249999999999995,0.2099999999999998
primary,bounded,frontier_0,IT,-0.09,-0.09,-0.0225
primary,bounded,frontier_0,LRCX,0.17568466870271426,0.05249999999999995,0.2099999999999998
primary,bounded,frontier_0,MU,0.05249999999999997,0.05249999999999995,0.2099999999999998
primary,bounded,frontier_0,NOW,-0.022500000000000013,-0.09,-0.0225
primary,bounded,frontier_0,PAYC,-0.022500000000000003,-0.09,-0.0225
primary,bounded,frontier_0,SMCI,-0.08999999999999996,-0.09,-0.0225
primary,bounded,frontier_0,SNDK,0.05249999999999995,0.05249999999999995,0.2099999999999998
primary,bounded,frontier_0,STX,0.08040634311328877,0.05249999999999995,0.2099999999999998
primary,bounded,frontier_0,TER,0.11116639682410605,0.05249999999999995,0.2099999999999998
primary,bounded,frontier_0,TTD,-0.022500000000000003,-0.09,-0.0225
primary,bounded,frontier_0,TYL,-0.0225,-0.09,-0.0225
primary,bounded,frontier_0,WBD,0.11770491462815093,0.05249999999999995,0.2099999999999998
primary,bounded,frontier_0,WDC,0.05249999999999998,0.05249999999999995,0.2099999999999998
primary,bounded,frontier_1,ALB,0.2099999999999998,0.05249999999999995,0.2099999999999998
primary,bounded,frontier_1,CIEN,0.14923105754400567,0.05249999999999995,0.2099999999999998
primary,bounded,frontier_1,COIN,-0.05843745895766586,-0.09,-0.0225
primary,bounded,frontier_1,FDS,-0.02250000000000014,-0.09,-0.0225
primary,bounded,frontier_1,FISV,-0.07656254104233387,-0.09,-0.0225
primary,bounded,frontier_1,GDDY,-0.0225,-0.09,-0.0225
primary,bounded,frontier_1,INTC,0.05249999999999995,0.05249999999999995,0.2099999999999998
primary,bounded,frontier_1,IT,-0.09,-0.09,-0.0225
primary,bounded,frontier_1,LRCX,0.17421513822784657,0.05249999999999995,0.2099999999999998
primary,bounded,frontier_1,MU,0.052500000000000005,0.05249999999999995,0.2099999999999998
primary,bounded,frontier_1,NOW,-0.0225,-0.09,-0.0225
primary,bounded,frontier_1,PAYC,-0.0225,-0.09,-0.0225
primary,bounded,frontier_1,SMCI,-0.08999999999999998,-0.09,-0.0225
primary,bounded,frontier_1,SNDK,0.05249999999999995,0.05249999999999995,0.2099999999999998
primary,bounded,frontier_1,STX,0.08320103270031806,0.05249999999999995,0.2099999999999998
primary,bounded,frontier_1,TER,0.1087624509336521,0.05249999999999995,0.2099999999999998
primary,bounded,frontier_1,TTD,-0.022500000000000023,-0.09,-0.0225
primary,bounded,frontier_1,TYL,-0.022500000000000037,-0.09,-0.0225
primary,bounded,frontier_1,WBD,0.11459032059417688,0.05249999999999995,0.2099999999999998
primary,bounded,frontier_1,WDC,0.052500000000000054,0.05249999999999995,0.2099999999999998
primary,bounded,frontier_2,ALB,0.2099999999999998,0.05249999999999995,0.2099999999999998
primary,bounded,frontier_2,CIEN,0.15342386785355336,0.05249999999999995,0.2099999999999998
primary,bounded,frontier_2,COIN,-0.05506615280725157,-0.09,-0.0225
primary,bounded,frontier_2,FDS,-0.022500000000000072,-0.09,-0.0225
primary,bounded,frontier_2,FISV,-0.07993384719274833,-0.09,-0.0225
primary,bounded,frontier_2,GDDY,-0.0225,-0.09,-0.0225
primary,bounded,frontier_2,INTC,0.05249999999999995,0.05249999999999995,0.2099999999999998
primary,bounded,frontier_2,IT,-0.09,-0.09,-0.0225
primary,bounded,frontier_2,LRCX,0.17274838016183017,0.05249999999999995,0.2099999999999998
primary,bounded,frontier_2,MU,0.05249999999999997,0.05249999999999995,0.2099999999999998
primary,bounded,frontier_2,NOW,-0.0225,-0.09,-0.0225
primary,bounded,frontier_2,PAYC,-0.0225,-0.09,-0.0225
primary,bounded,frontier_2,SMCI,-0.08999999999999998,-0.09,-0.0225
primary,bounded,frontier_2,SNDK,0.052499999999999984,0.05249999999999995,0.2099999999999998
primary,bounded,frontier_2,STX,0.08599426657434688,0.05249999999999995,0.2099999999999998
primary,bounded,frontier_2,TER,0.10635875602757659,0.05249999999999995,0.2099999999999998
primary,bounded,frontier_2,TTD,-0.02250000000000001,-0.09,-0.0225
primary,bounded,frontier_2,TYL,-0.02250000000000002,-0.09,-0.0225
primary,bounded,frontier_2,WBD,0.11147472938269223,0.05249999999999995,0.2099999999999998
primary,bounded,frontier_2,WDC,0.05250000000000001,0.05249999999999995,0.2099999999999998
primary,bounded,frontier_3,ALB,0.20999999999999977,0.05249999999999995,0.2099999999999998
primary,bounded,frontier_3,CIEN,0.15761672151253178,0.05249999999999995,0.2099999999999998
primary,bounded,frontier_3,COIN,-0.05169484979538922,-0.09,-0.0225
primary,bounded,frontier_3,FDS,-0.022500000000000048,-0.09,-0.0225
primary,bounded,frontier_3,FISV,-0.08330515020461064,-0.09,-0.0225
primary,bounded,frontier_3,GDDY,-0.0225,-0.09,-0.0225
primary,bounded,frontier_3,INTC,0.05249999999999995,0.05249999999999995,0.2099999999999998
primary,bounded,frontier_3,IT,-0.09,-0.09,-0.0225
primary,bounded,frontier_3,LRCX,0.17128165888665703,0.05249999999999995,0.2099999999999998
primary,bounded,frontier_3,MU,0.05249999999999995,0.05249999999999995,0.2099999999999998
primary,bounded,frontier_3,NOW,-0.0225,-0.09,-0.0225
primary,bounded,frontier_3,PAYC,-0.0225,-0.09,-0.0225
primary,bounded,frontier_3,SMCI,-0.09,-0.09,-0.0225
primary,bounded,frontier_3,SNDK,0.05249999999999995,0.05249999999999995,0.2099999999999998
primary,bounded,frontier_3,STX,0.08878743986285176,0.05249999999999995,0.2099999999999998
primary,bounded,frontier_3,TER,0.10395508164250639,0.05249999999999995,0.2099999999999998
primary,bounded,frontier_3,TTD,-0.0225,-0.09,-0.0225
primary,bounded,frontier_3,TYL,-0.022500000000000037,-0.09,-0.0225
primary,bounded,frontier_3,WBD,0.10835909809545251,0.05249999999999995,0.2099999999999998
primary,bounded,frontier_3,WDC,0.05249999999999998,0.05249999999999995,0.2099999999999998
primary,bounded,frontier_4,ALB,0.20999999999999974,0.05249999999999995,0.2099999999999998
primary,bounded,frontier_4,CIEN,0.1618095761988219,0.05249999999999995,0.2099999999999998
primary,bounded,frontier_4,COIN,-0.048323546799753384,-0.09,-0.0225
primary,bounded,frontier_4,FDS,-0.022500000000000013,-0.09,-0.0225
primary,bounded,frontier_4,FISV,-0.08667645320024651,-0.09,-0.0225
primary,bounded,frontier_4,GDDY,-0.02250000000000001,-0.09,-0.0225
primary,bounded,frontier_4,INTC,0.052499999999999984,0.05249999999999995,0.2099999999999998
primary,bounded,frontier_4,IT,-0.09,-0.09,-0.0225
primary,bounded,frontier_4,LRCX,0.16981493865412675,0.05249999999999995,0.2099999999999998
primary,bounded,frontier_4,MU,0.05249999999999995,0.05249999999999995,0.2099999999999998
primary,bounded,frontier_4,NOW,-0.0225,-0.09,-0.0225
primary,bounded,frontier_4,PAYC,-0.0225,-0.09,-0.0225
primary,bounded,frontier_4,SMCI,-0.08999999999999998,-0.09,-0.0225
primary,bounded,frontier_4,SNDK,0.0525000000000001,0.05249999999999995,0.2099999999999998
primary,bounded,frontier_4,STX,0.09158061155970194,0.05249999999999995,0.2099999999999998
primary,bounded,frontier_4,TER,0.10155140768534848,0.05249999999999995,0.2099999999999998
primary,bounded,frontier_4,TTD,-0.02250000000000008,-0.09,-0.0225
primary,bounded,frontier_4,TYL,-0.02250000000000002,-0.09,-0.0225
primary,bounded,frontier_4,WBD,0.1052434659020001,0.05249999999999995,0.2099999999999998
primary,bounded,frontier_4,WDC,0.05249999999999996,0.05249999999999995,0.2099999999999998
primary,bounded,frontier_5,ALB,0.2099999999999998,0.05249999999999995,0.2099999999999998
primary,bounded,frontier_5,CIEN,0.1660655820817115,0.05249999999999995,0.2099999999999998
primary,bounded,frontier_5,COIN,-0.045000000000000095,-0.09,-0.0225
primary,bounded,frontier_5,FDS,-0.0225,-0.09,-0.0225
primary,bounded,frontier_5,FISV,-0.09,-0.09,-0.0225
primary,bounded,frontier_5,GDDY,-0.02250000000000001,-0.09,-0.0225
primary,bounded,frontier_5,INTC,0.05249999999999995,0.05249999999999995,0.2099999999999998
primary,bounded,frontier_5,IT,-0.08999999999999998,-0.09,-0.0225
primary,bounded,frontier_5,LRCX,0.16831477126703182,0.05249999999999995,0.2099999999999998
primary,bounded,frontier_5,MU,0.05249999999999995,0.05249999999999995,0.2099999999999998
primary,bounded,frontier_5,NOW,-0.0225,-0.09,-0.0225
primary,bounded,frontier_5,PAYC,-0.0225,-0.09,-0.0225
primary,bounded,frontier_5,SMCI,-0.09,-0.09,-0.0225
primary,bounded,frontier_5,SNDK,0.05250000000000011,0.05249999999999995,0.2099999999999998
primary,bounded,frontier_5,STX,0.09441819077456584,0.05249999999999995,0.2099999999999998
primary,bounded,frontier_5,TER,0.09911366128953902,0.05249999999999995,0.2099999999999998
primary,bounded,frontier_5,TTD,-0.0225,-0.09,-0.0225
primary,bounded,frontier_5,TYL,-0.02250000000000001,-0.09,-0.0225
primary,bounded,frontier_5,WBD,0.102087794587151,0.05249999999999995,0.2099999999999998
primary,bounded,frontier_5,WDC,0.05249999999999995,0.05249999999999995,0.2099999999999998
primary,bounded,frontier_6,ALB,0.2099999999999998,0.05249999999999995,0.2099999999999998
primary,bounded,frontier_6,CIEN,0.17469845179347476,0.05249999999999995,0.2099999999999998
primary,bounded,frontier_6,COIN,-0.04499999999999992,-0.09,-0.0225
primary,bounded,frontier_6,FDS,-0.022500000000000058,-0.09,-0.0225
primary,bounded,frontier_6,FISV,-0.08999999999999991,-0.09,-0.0225
primary,bounded,frontier_6,GDDY,-0.0225,-0.09,-0.0225
primary,bounded,frontier_6,INTC,0.05249999999999995,0.05249999999999995,0.2099999999999998
primary,bounded,frontier_6,IT,-0.09,-0.09,-0.0225
primary,bounded,frontier_6,LRCX,0.164335231563221,0.05249999999999995,0.2099999999999998
primary,bounded,frontier_6,MU,0.05250000000000002,0.05249999999999995,0.2099999999999998
primary,bounded,frontier_6,NOW,-0.022500000000000003,-0.09,-0.0225
primary,bounded,frontier_6,PAYC,-0.0225,-0.09,-0.0225
primary,bounded,frontier_6,SMCI,-0.08999999999999996,-0.09,-0.0225
primary,bounded,frontier_6,SNDK,0.0525,0.05249999999999995,0.2099999999999998
primary,bounded,frontier_6,STX,0.10040320046847102,0.05249999999999995,0.2099999999999998
primary,bounded,frontier_6,TER,0.09431281198706502,0.05249999999999995,0.2099999999999998
primary,bounded,frontier_6,TTD,-0.022500000000000107,-0.09,-0.0225
primary,bounded,frontier_6,TYL,-0.022500000000000065,-0.09,-0.0225
primary,bounded,frontier_6,WBD,0.09625030418776741,0.05249999999999995,0.2099999999999998
primary,bounded,frontier_6,WDC,0.05250000000000001,0.05249999999999995,0.2099999999999998
primary,bounded,frontier_7,ALB,0.2099999999999998,0.05249999999999995,0.2099999999999998
primary,bounded,frontier_7,CIEN,0.1833317604142143,0.05249999999999995,0.2099999999999998
primary,bounded,frontier_7,COIN,-0.04499999999999978,-0.09,-0.0225
primary,bounded,frontier_7,FDS,-0.0225,-0.09,-0.0225
primary,bounded,frontier_7,FISV,-0.09,-0.09,-0.0225
primary,bounded,frontier_7,GDDY,-0.022500000000000044,-0.09,-0.0225
primary,bounded,frontier_7,INTC,0.05249999999999995,0.05249999999999995,0.2099999999999998
primary,bounded,frontier_7,IT,-0.09,-0.09,-0.0225
primary,bounded,frontier_7,LRCX,0.16035527088234625,0.05249999999999995,0.2099999999999998
primary,bounded,frontier_7,MU,0.05249999999999999,0.05249999999999995,0.2099999999999998
primary,bounded,frontier_7,NOW,-0.0225,-0.09,-0.0225
primary,bounded,frontier_7,PAYC,-0.022500000000000027,-0.09,-0.0225
primary,bounded,frontier_7,SMCI,-0.08999999999999998,-0.09,-0.0225
primary,bounded,frontier_7,SNDK,0.05249999999999995,0.05249999999999995,0.2099999999999998
primary,bounded,frontier_7,STX,0.10638767338745263,0.05249999999999995,0.2099999999999998
primary,bounded,frontier_7,TER,0.08951234935540581,0.05249999999999995,0.2099999999999998
primary,bounded,frontier_7,TTD,-0.02250000000000012,-0.09,-0.0225
primary,bounded,frontier_7,TYL,-0.022500000000000003,-0.09,-0.0225
primary,bounded,frontier_7,WBD,0.09041294596058029,0.05249999999999995,0.2099999999999998
primary,bounded,frontier_7,WDC,0.05249999999999995,0.05249999999999995,0.2099999999999998
primary,bounded,frontier_8,ALB,0.2099999999999998,0.05249999999999995,0.2099999999999998
primary,bounded,frontier_8,CIEN,0.19108163717943036,0.05249999999999995,0.2099999999999998
primary,bounded,frontier_8,COIN,-0.04402658682135286,-0.09,-0.0225
primary,bounded,frontier_8,FDS,-0.0225,-0.09,-0.0225
primary,bounded,frontier_8,FISV,-0.09,-0.09,-0.0225
primary,bounded,frontier_8,GDDY,-0.0225,-0.09,-0.0225
primary,bounded,frontier_8,INTC,0.05249999999999997,0.05249999999999995,0.2099999999999998
primary,bounded,frontier_8,IT,-0.08999999999999998,-0.09,-0.0225
primary,bounded,frontier_8,LRCX,0.15668693695463617,0.05249999999999995,0.2099999999999998
primary,bounded,frontier_8,MU,0.05249999999999998,0.05249999999999995,0.2099999999999998
primary,bounded,frontier_8,NOW,-0.0225,-0.09,-0.0225
primary,bounded,frontier_8,PAYC,-0.0225,-0.09,-0.0225
primary,bounded,frontier_8,SMCI,-0.09,-0.09,-0.0225
primary,bounded,frontier_8,SNDK,0.05249999999999995,0.05249999999999995,0.2099999999999998
primary,bounded,frontier_8,STX,0.11167864649076965,0.05249999999999995,0.2099999999999998
primary,bounded,frontier_8,TER,0.08528225866115327,0.05249999999999995,0.2099999999999998
primary,bounded,frontier_8,TTD,-0.02347341317864717,-0.09,-0.0225
primary,bounded,frontier_8,TYL,-0.0225,-0.09,-0.0225
primary,bounded,frontier_8,WBD,0.08527052071400969,0.05249999999999995,0.2099999999999998
primary,bounded,frontier_8,WDC,0.052499999999999956,0.05249999999999995,0.2099999999999998
primary,bounded,frontier_9,ALB,0.2099999999999998,0.05249999999999995,0.2099999999999998
primary,bounded,frontier_9,CIEN,0.19591793620788356,0.05249999999999995,0.2099999999999998
primary,bounded,frontier_9,COIN,-0.039840798189265794,-0.09,-0.0225
primary,bounded,frontier_9,FDS,-0.022500000000000082,-0.09,-0.0225
primary,bounded,frontier_9,FISV,-0.08999999999999997,-0.09,-0.0225
primary,bounded,frontier_9,GDDY,-0.0225,-0.09,-0.0225
primary,bounded,frontier_9,INTC,0.05250000000000002,0.05249999999999995,0.2099999999999998
primary,bounded,frontier_9,IT,-0.09,-0.09,-0.0225
primary,bounded,frontier_9,LRCX,0.15404984427082066,0.05249999999999995,0.2099999999999998
primary,bounded,frontier_9,MU,0.05249999999999997,0.05249999999999995,0.2099999999999998
primary,bounded,frontier_9,NOW,-0.0225,-0.09,-0.0225
primary,bounded,frontier_9,PAYC,-0.0225,-0.09,-0.0225
primary,bounded,frontier_9,SMCI,-0.08999999999999998,-0.09,-0.0225
primary,bounded,frontier_9,SNDK,0.05249999999999995,0.05249999999999995,0.2099999999999998
primary,bounded,frontier_9,STX,0.1146768522335069,0.05249999999999995,0.2099999999999998
primary,bounded,frontier_9,TER,0.08293918760476744,0.05249999999999995,0.2099999999999998
primary,bounded,frontier_9,TTD,-0.027659201810734082,-0.09,-0.0225
primary,bounded,frontier_9,TYL,-0.022500000000000048,-0.09,-0.0225
primary,bounded,frontier_9,WBD,0.08241617968302085,0.05249999999999995,0.2099999999999998
primary,bounded,frontier_9,WDC,0.05249999999999996,0.05249999999999995,0.2099999999999998
primary,bounded,frontier_10,ALB,0.20999999999999977,0.05249999999999995,0.2099999999999998
primary,bounded,frontier_10,CIEN,0.20075425051661094,0.05249999999999995,0.2099999999999998
primary,bounded,frontier_10,COIN,-0.03565516747980848,-0.09,-0.0225
primary,bounded,frontier_10,FDS,-0.0225,-0.09,-0.0225
primary,bounded,frontier_10,FISV,-0.09,-0.09,-0.0225
primary,bounded,frontier_10,GDDY,-0.02250000000000002,-0.09,-0.0225
primary,bounded,frontier_10,INTC,0.05249999999999995,0.05249999999999995,0.2099999999999998
primary,bounded,frontier_10,IT,-0.09,-0.09,-0.0225
primary,bounded,frontier_10,LRCX,0.15141193263621433,0.05249999999999995,0.2099999999999998
primary,bounded,frontier_10,MU,0.05249999999999997,0.05249999999999995,0.2099999999999998
primary,bounded,frontier_10,NOW,-0.02250000000000002,-0.09,-0.0225
primary,bounded,frontier_10,PAYC,-0.0225,-0.09,-0.0225
primary,bounded,frontier_10,SMCI,-0.08999999999999997,-0.09,-0.0225
primary,bounded,frontier_10,SNDK,0.05249999999999999,0.05249999999999995,0.2099999999999998
primary,bounded,frontier_10,STX,0.11767586708847257,0.05249999999999995,0.2099999999999998
primary,bounded,frontier_10,TER,0.08059459479640806,0.05249999999999995,0.2099999999999998
primary,bounded,frontier_10,TTD,-0.03184483252019143,-0.09,-0.0225
primary,bounded,frontier_10,TYL,-0.022500000000000075,-0.09,-0.0225
primary,bounded,frontier_10,WBD,0.07956335496229337,0.05249999999999995,0.2099999999999998
primary,bounded,frontier_10,WDC,0.052499999999999956,0.05249999999999995,0.2099999999999998
primary,bounded,frontier_11,ALB,0.2099999999999998,0.05249999999999995,0.2099999999999998
primary,bounded,frontier_11,CIEN,0.20559005829320387,0.05249999999999995,0.2099999999999998
primary,bounded,frontier_11,COIN,-0.031469405498120134,-0.09,-0.0225
primary,bounded,frontier_11,FDS,-0.02250000000000001,-0.09,-0.0225
primary,bounded,frontier_11,FISV,-0.09,-0.09,-0.0225
primary,bounded,frontier_11,GDDY,-0.022500000000000003,-0.09,-0.0225
primary,bounded,frontier_11,INTC,0.0525,0.05249999999999995,0.2099999999999998
primary,bounded,frontier_11,IT,-0.08999999999999998,-0.09,-0.0225
primary,bounded,frontier_11,LRCX,0.14877403374949583,0.05249999999999995,0.2099999999999998
primary,bounded,frontier_11,MU,0.05249999999999995,0.05249999999999995,0.2099999999999998
primary,bounded,frontier_11,NOW,-0.022500000000000013,-0.09,-0.0225
primary,bounded,frontier_11,PAYC,-0.0225,-0.09,-0.0225
primary,bounded,frontier_11,SMCI,-0.09,-0.09,-0.0225
primary,bounded,frontier_11,SNDK,0.052499999999999984,0.05249999999999995,0.2099999999999998
primary,bounded,frontier_11,STX,0.12067531177464362,0.05249999999999995,0.2099999999999998
primary,bounded,frontier_11,TER,0.07824992835227078,0.05249999999999995,0.2099999999999998
primary,bounded,frontier_11,TTD,-0.03603059450187995,-0.09,-0.0225
primary,bounded,frontier_11,TYL,-0.0225,-0.09,-0.0225
primary,bounded,frontier_11,WBD,0.07671066783038524,0.05249999999999995,0.2099999999999998
primary,bounded,frontier_11,WDC,0.05249999999999995,0.05249999999999995,0.2099999999999998
primary,bounded,frontier_12,ALB,0.2099999999999998,0.05249999999999995,0.2099999999999998
primary,bounded,frontier_12,CIEN,0.20985994726678636,0.05249999999999995,0.2099999999999998
primary,bounded,frontier_12,COIN,-0.02767907442049593,-0.09,-0.0225
primary,bounded,frontier_12,FDS,-0.0225,-0.09,-0.0225
primary,bounded,frontier_12,FISV,-0.09,-0.09,-0.0225
primary,bounded,frontier_12,GDDY,-0.022500000000000023,-0.09,-0.0225
primary,bounded,frontier_12,INTC,0.05249999999999995,0.05249999999999995,0.2099999999999998
primary,bounded,frontier_12,IT,-0.08999999999999998,-0.09,-0.0225
primary,bounded,frontier_12,LRCX,0.1461372058017591,0.05249999999999995,0.2099999999999998
primary,bounded,frontier_12,MU,0.05249999999999995,0.05249999999999995,0.2099999999999998
primary,bounded,frontier_12,NOW,-0.0225,-0.09,-0.0225
primary,bounded,frontier_12,PAYC,-0.0225,-0.09,-0.0225
primary,bounded,frontier_12,SMCI,-0.09,-0.09,-0.0225
primary,bounded,frontier_12,SNDK,0.05249999999999995,0.05249999999999995,0.2099999999999998
primary,bounded,frontier_12,STX,0.12301321864542346,0.05249999999999995,0.2099999999999998
primary,bounded,frontier_12,TER,0.07589366628622968,0.05249999999999995,0.2099999999999998
primary,bounded,frontier_12,TTD,-0.039820925579504146,-0.09,-0.0225
primary,bounded,frontier_12,TYL,-0.0225,-0.09,-0.0225
primary,bounded,frontier_12,WBD,0.07397430696977911,0.05249999999999995,0.2099999999999998
primary,bounded,frontier_12,WDC,0.05362165503002169,0.05249999999999995,0.2099999999999998
primary,bounded,frontier_13,ALB,0.2099999999999998,0.05249999999999995,0.2099999999999998
primary,bounded,frontier_13,CIEN,0.2099999999999998,0.05249999999999995,0.2099999999999998
primary,bounded,frontier_13,COIN,-0.024929219550693205,-0.09,-0.0225
primary,bounded,frontier_13,FDS,-0.02250000000000003,-0.09,-0.0225
primary,bounded,frontier_13,FISV,-0.08999999999999998,-0.09,-0.0225
primary,bounded,frontier_13,GDDY,-0.0225,-0.09,-0.0225
primary,bounded,frontier_13,INTC,0.052499999999999984,0.05249999999999995,0.2099999999999998
primary,bounded,frontier_13,IT,-0.09,-0.09,-0.0225
primary,bounded,frontier_13,LRCX,0.1431603690078817,0.05249999999999995,0.2099999999999998
primary,bounded,frontier_13,MU,0.05249999999999996,0.05249999999999995,0.2099999999999998
primary,bounded,frontier_13,NOW,-0.022500000000000006,-0.09,-0.0225
primary,bounded,frontier_13,PAYC,-0.022500000000000017,-0.09,-0.0225
primary,bounded,frontier_13,SMCI,-0.08999999999999997,-0.09,-0.0225
primary,bounded,frontier_13,SNDK,0.05249999999999996,0.05249999999999995,0.2099999999999998
primary,bounded,frontier_13,STX,0.12328826452949818,0.05249999999999995,0.2099999999999998
primary,bounded,frontier_13,TER,0.07415755451332291,0.05249999999999995,0.2099999999999998
primary,bounded,frontier_13,TTD,-0.04257078044930675,-0.09,-0.0225
primary,bounded,frontier_13,TYL,-0.02250000000000005,-0.09,-0.0225
primary,bounded,frontier_13,WBD,0.07223236625498082,0.05249999999999995,0.2099999999999998
primary,bounded,frontier_13,WDC,0.05966144569431558,0.05249999999999995,0.2099999999999998
primary,bounded,frontier_14,ALB,0.2099999999999998,0.05249999999999995,0.2099999999999998
primary,bounded,frontier_14,CIEN,0.2099999999999998,0.05249999999999995,0.2099999999999998
primary,bounded,frontier_14,COIN,-0.0225,-0.09,-0.0225
primary,bounded,frontier_14,FDS,-0.022500000000000013,-0.09,-0.0225
primary,bounded,frontier_14,FISV,-0.08999999999999993,-0.09,-0.0225
primary,bounded,frontier_14,GDDY,-0.022500000000000044,-0.09,-0.0225
primary,bounded,frontier_14,INTC,0.05249999999999995,0.05249999999999995,0.2099999999999998
primary,bounded,frontier_14,IT,-0.09,-0.09,-0.0225
primary,bounded,frontier_14,LRCX,0.14006876385494296,0.05249999999999995,0.2099999999999998
primary,bounded,frontier_14,MU,0.05249999999999995,0.05249999999999995,0.2099999999999998
primary,bounded,frontier_14,NOW,-0.0225,-0.09,-0.0225
primary,bounded,frontier_14,PAYC,-0.022500000000000013,-0.09,-0.0225
primary,bounded,frontier_14,SMCI,-0.09,-0.09,-0.0225
primary,bounded,frontier_14,SNDK,0.05249999999999995,0.05249999999999995,0.2099999999999998
primary,bounded,frontier_14,STX,0.12359197838574354,0.05249999999999995,0.2099999999999998
primary,bounded,frontier_14,TER,0.07234015751989499,0.05249999999999995,0.2099999999999998
primary,bounded,frontier_14,TTD,-0.04499999999999996,-0.09,-0.0225
primary,bounded,frontier_14,TYL,-0.0225,-0.09,-0.0225
primary,bounded,frontier_14,WBD,0.0704003429938931,0.05249999999999995,0.2099999999999998
primary,bounded,frontier_14,WDC,0.066098757245525,0.05249999999999995,0.2099999999999998
primary,bounded,frontier_15,ALB,0.20999999999999974,0.05249999999999995,0.2099999999999998
primary,bounded,frontier_15,CIEN,0.20999999999999974,0.05249999999999995,0.2099999999999998
primary,bounded,frontier_15,COIN,-0.02250000000000013,-0.09,-0.0225
primary,bounded,frontier_15,FDS,-0.0225,-0.09,-0.0225
primary,bounded,frontier_15,FISV,-0.08999999999999998,-0.09,-0.0225
primary,bounded,frontier_15,GDDY,-0.022500000000000017,-0.09,-0.0225
primary,bounded,frontier_15,INTC,0.05249999999999995,0.05249999999999995,0.2099999999999998
primary,bounded,frontier_15,IT,-0.08999999999999997,-0.09,-0.0225
primary,bounded,frontier_15,LRCX,0.13630462897923387,0.05249999999999995,0.2099999999999998
primary,bounded,frontier_15,MU,0.05249999999999995,0.05249999999999995,0.2099999999999998
primary,bounded,frontier_15,NOW,-0.02250000000000003,-0.09,-0.0225
primary,bounded,frontier_15,PAYC,-0.022500000000000017,-0.09,-0.0225
primary,bounded,frontier_15,SMCI,-0.09,-0.09,-0.0225
primary,bounded,frontier_15,SNDK,0.05250000000000007,0.05249999999999995,0.2099999999999998
primary,bounded,frontier_15,STX,0.12404532986102809,0.05249999999999995,0.2099999999999998
primary,bounded,frontier_15,TER,0.06962825679883128,0.05249999999999995,0.2099999999999998
primary,bounded,frontier_15,TTD,-0.044999999999999776,-0.09,-0.0225
primary,bounded,frontier_15,TYL,-0.022500000000000044,-0.09,-0.0225
primary,bounded,frontier_15,WBD,0.06765949040754139,0.05249999999999995,0.2099999999999998
primary,bounded,frontier_15,WDC,0.07486229395336502,0.05249999999999995,0.2099999999999998
primary,bounded,frontier_16,ALB,0.2099999999999996,0.05249999999999995,0.2099999999999998
primary,bounded,frontier_16,CIEN,0.2099999999999998,0.05249999999999995,0.2099999999999998
primary,bounded,frontier_16,COIN,-0.022500000000000044,-0.09,-0.0225
primary,bounded,frontier_16,FDS,-0.022500000000000003,-0.09,-0.0225
primary,bounded,frontier_16,FISV,-0.09,-0.09,-0.0225
primary,bounded,frontier_16,GDDY,-0.0225,-0.09,-0.0225
primary,bounded,frontier_16,INTC,0.052499999999999956,0.05249999999999995,0.2099999999999998
primary,bounded,frontier_16,IT,-0.08999999999999998,-0.09,-0.0225
primary,bounded,frontier_16,LRCX,0.13254035890428817,0.05249999999999995,0.2099999999999998
primary,bounded,frontier_16,MU,0.05249999999999995,0.05249999999999995,0.2099999999999998
primary,bounded,frontier_16,NOW,-0.022500000000000017,-0.09,-0.0225
primary,bounded,frontier_16,PAYC,-0.022500000000000013,-0.09,-0.0225
primary,bounded,frontier_16,SMCI,-0.09,-0.09,-0.0225
primary,bounded,frontier_16,SNDK,0.05249999999999995,0.05249999999999995,0.2099999999999998
primary,bounded,frontier_16,STX,0.12449889305045618,0.05249999999999995,0.2099999999999998
primary,bounded,frontier_16,TER,0.06691610320036541,0.05249999999999995,0.2099999999999998
primary,bounded,frontier_16,TTD,-0.044999999999999915,-0.09,-0.0225
primary,bounded,frontier_16,TYL,-0.022500000000000037,-0.09,-0.0225
primary,bounded,frontier_16,WBD,0.06491887955031744,0.05249999999999995,0.2099999999999998
primary,bounded,frontier_16,WDC,0.08362576529457247,0.05249999999999995,0.2099999999999998
primary,bounded,frontier_17,ALB,0.2099999999999998,0.05249999999999995,0.2099999999999998
primary,bounded,frontier_17,CIEN,0.20999999999999977,0.05249999999999995,0.2099999999999998
primary,bounded,frontier_17,COIN,-0.022500000000000006,-0.09,-0.0225
primary,bounded,frontier_17,FDS,-0.02250000000000001,-0.09,-0.0225
primary,bounded,frontier_17,FISV,-0.09,-0.09,-0.0225
primary,bounded,frontier_17,GDDY,-0.022500000000000027,-0.09,-0.0225
primary,bounded,frontier_17,INTC,0.05249999999999995,0.05249999999999995,0.2099999999999998
primary,bounded,frontier_17,IT,-0.09,-0.09,-0.0225
primary,bounded,frontier_17,LRCX,0.12877608894584566,0.05249999999999995,0.2099999999999998
primary,bounded,frontier_17,MU,0.05249999999999995,0.05249999999999995,0.2099999999999998
primary,bounded,frontier_17,NOW,-0.0225,-0.09,-0.0225
primary,bounded,frontier_17,PAYC,-0.022500000000000006,-0.09,-0.0225
primary,bounded,frontier_17,SMCI,-0.08999999999999998,-0.09,-0.0225
primary,bounded,frontier_17,SNDK,0.052500000000000054,0.05249999999999995,0.2099999999999998
primary,bounded,frontier_17,STX,0.12495245611355016,0.05249999999999995,0.2099999999999998
primary,bounded,frontier_17,TER,0.06420394968583587,0.05249999999999995,0.2099999999999998
primary,bounded,frontier_17,TTD,-0.044999999999999984,-0.09,-0.0225
primary,bounded,frontier_17,TYL,-0.0225,-0.09,-0.0225
primary,bounded,frontier_17,WBD,0.06217826857555975,0.05249999999999995,0.2099999999999998
primary,bounded,frontier_17,WDC,0.09238923667920793,0.05249999999999995,0.2099999999999998
primary,bounded,frontier_18,ALB,0.2099999999999998,0.05249999999999995,0.2099999999999998
primary,bounded,frontier_18,CIEN,0.2099999999999998,0.05249999999999995,0.2099999999999998
primary,bounded,frontier_18,COIN,-0.0225,-0.09,-0.0225
primary,bounded,frontier_18,FDS,-0.02250000000000008,-0.09,-0.0225
primary,bounded,frontier_18,FISV,-0.09,-0.09,-0.0225
primary,bounded,frontier_18,GDDY,-0.0225,-0.09,-0.0225
primary,bounded,frontier_18,INTC,0.05249999999999995,0.05249999999999995,0.2099999999999998
primary,bounded,frontier_18,IT,-0.09,-0.09,-0.0225
primary,bounded,frontier_18,LRCX,0.12501181898732427,0.05249999999999995,0.2099999999999998
primary,bounded,frontier_18,MU,0.052499999999999956,0.05249999999999995,0.2099999999999998
primary,bounded,frontier_18,NOW,-0.0225,-0.09,-0.0225
primary,bounded,frontier_18,PAYC,-0.0225,-0.09,-0.0225
primary,bounded,frontier_18,SMCI,-0.08999999999999998,-0.09,-0.0225
primary,bounded,frontier_18,SNDK,0.05249999999999995,0.05249999999999995,0.2099999999999998
primary,bounded,frontier_18,STX,0.12540601917672947,0.05249999999999995,0.2099999999999998
primary,bounded,frontier_18,TER,0.061491796171240794,0.05249999999999995,0.2099999999999998
primary,bounded,frontier_18,TTD,-0.04500000000000006,-0.09,-0.0225
primary,bounded,frontier_18,TYL,-0.0225,-0.09,-0.0225
primary,bounded,frontier_18,WBD,0.059437657600890204,0.05249999999999995,0.2099999999999998
primary,bounded,frontier_18,WDC,0.10115270806381474,0.05249999999999995,0.2099999999999998
primary,bounded,frontier_19,ALB,0.20999999999999977,0.05249999999999995,0.2099999999999998
primary,bounded,frontier_19,CIEN,0.2099999999999998,0.05249999999999995,0.2099999999999998
primary,bounded,frontier_19,COIN,-0.022500000000000027,-0.09,-0.0225
primary,bounded,frontier_19,FDS,-0.0225,-0.09,-0.0225
primary,bounded,frontier_19,FISV,-0.08999999999999998,-0.09,-0.0225
primary,bounded,frontier_19,GDDY,-0.022500000000000034,-0.09,-0.0225
primary,bounded,frontier_19,INTC,0.05249999999999995,0.05249999999999995,0.2099999999999998
primary,bounded,frontier_19,IT,-0.09,-0.09,-0.0225
primary,bounded,frontier_19,LRCX,0.12124754902880311,0.05249999999999995,0.2099999999999998
primary,bounded,frontier_19,MU,0.052499999999999984,0.05249999999999995,0.2099999999999998
primary,bounded,frontier_19,NOW,-0.0225,-0.09,-0.0225
primary,bounded,frontier_19,PAYC,-0.0225,-0.09,-0.0225
primary,bounded,frontier_19,SMCI,-0.08999999999999998,-0.09,-0.0225
primary,bounded,frontier_19,SNDK,0.05249999999999995,0.05249999999999995,0.2099999999999998
primary,bounded,frontier_19,STX,0.12585958223990928,0.05249999999999995,0.2099999999999998
primary,bounded,frontier_19,TER,0.05877964265664469,0.05249999999999995,0.2099999999999998
primary,bounded,frontier_19,TTD,-0.045000000000000026,-0.09,-0.0225
primary,bounded,frontier_19,TYL,-0.0225,-0.09,-0.0225
primary,bounded,frontier_19,WBD,0.05669704662622073,0.05249999999999995,0.2099999999999998
primary,bounded,frontier_19,WDC,0.10991617944842162,0.05249999999999995,0.2099999999999998
primary,bounded,frontier_20,ALB,0.20999999999999971,0.05249999999999995,0.2099999999999998
primary,bounded,frontier_20,CIEN,0.2099999999999998,0.05249999999999995,0.2099999999999998
primary,bounded,frontier_20,COIN,-0.022500000000000096,-0.09,-0.0225
primary,bounded,frontier_20,FDS,-0.022500000000000034,-0.09,-0.0225
primary,bounded,frontier_20,FISV,-0.09,-0.09,-0.0225
primary,bounded,frontier_20,GDDY,-0.022500000000000065,-0.09,-0.0225
primary,bounded,frontier_20,INTC,0.0525,0.05249999999999995,0.2099999999999998
primary,bounded,frontier_20,IT,-0.08999999999999997,-0.09,-0.0225
primary,bounded,frontier_20,LRCX,0.11748333481193513,0.05249999999999995,0.2099999999999998
primary,bounded,frontier_20,MU,0.05249999999999998,0.05249999999999995,0.2099999999999998
primary,bounded,frontier_20,NOW,-0.0225,-0.09,-0.0225
primary,bounded,frontier_20,PAYC,-0.022500000000000003,-0.09,-0.0225
primary,bounded,frontier_20,SMCI,-0.08999999999999998,-0.09,-0.0225
primary,bounded,frontier_20,SNDK,0.05249999999999995,0.05249999999999995,0.2099999999999998
primary,bounded,frontier_20,STX,0.12631310334045726,0.05249999999999995,0.2099999999999998
primary,bounded,frontier_20,TER,0.05606750603912608,0.05249999999999995,0.2099999999999998
primary,bounded,frontier_20,TTD,-0.04499999999999989,-0.09,-0.0225
primary,bounded,frontier_20,TYL,-0.0225,-0.09,-0.0225
primary,bounded,frontier_20,WBD,0.05395639133427041,0.05249999999999995,0.2099999999999998
primary,bounded,frontier_20,WDC,0.11867966447421059,0.05249999999999995,0.2099999999999998
primary,bounded,frontier_21,ALB,0.2099999999999997,0.05249999999999995,0.2099999999999998
primary,bounded,frontier_21,CIEN,0.2099999999999998,0.05249999999999995,0.2099999999999998
primary,bounded,frontier_21,COIN,-0.0225000000000001,-0.09,-0.0225
primary,bounded,frontier_21,FDS,-0.0225,-0.09,-0.0225
primary,bounded,frontier_21,FISV,-0.09,-0.09,-0.0225
primary,bounded,frontier_21,GDDY,-0.02250000000000022,-0.09,-0.0225
primary,bounded,frontier_21,INTC,0.052499999999999956,0.05249999999999995,0.2099999999999998
primary,bounded,frontier_21,IT,-0.09,-0.09,-0.0225
primary,bounded,frontier_21,LRCX,0.11282028553065084,0.05249999999999995,0.2099999999999998
primary,bounded,frontier_21,MU,0.05249999999999995,0.05249999999999995,0.2099999999999998
primary,bounded,frontier_21,NOW,-0.0225,-0.09,-0.0225
primary,bounded,frontier_21,PAYC,-0.0225,-0.09,-0.0225
primary,bounded,frontier_21,SMCI,-0.09,-0.09,-0.0225
primary,bounded,frontier_21,SNDK,0.05249999999999995,0.05249999999999995,0.2099999999999998
primary,bounded,frontier_21,STX,0.12663285341935904,0.05249999999999995,0.2099999999999998
primary,bounded,frontier_21,TER,0.052835345801636714,0.05249999999999995,0.2099999999999998
primary,bounded,frontier_21,TTD,-0.0449999999999997,-0.09,-0.0225
primary,bounded,frontier_21,TYL,-0.0225,-0.09,-0.0225
primary,bounded,frontier_21,WBD,0.05250000000000004,0.05249999999999995,0.2099999999999998
primary,bounded,frontier_21,WDC,0.12771151524835309,0.05249999999999995,0.2099999999999998
primary,bounded,frontier_22,ALB,0.2099999999999998,0.05249999999999995,0.2099999999999998
primary,bounded,frontier_22,CIEN,0.2099999999999998,0.05249999999999995,0.2099999999999998
primary,bounded,frontier_22,COIN,-0.0225,-0.09,-0.0225
primary,bounded,frontier_22,FDS,-0.022500000000000003,-0.09,-0.0225
primary,bounded,frontier_22,FISV,-0.09,-0.09,-0.0225
primary,bounded,frontier_22,GDDY,-0.022500000000000003,-0.09,-0.0225
primary,bounded,frontier_22,INTC,0.05249999999999995,0.05249999999999995,0.2099999999999998
primary,bounded,frontier_22,IT,-0.08999999999999998,-0.09,-0.0225
primary,bounded,frontier_22,LRCX,0.10391241071279234,0.05249999999999995,0.2099999999999998
primary,bounded,frontier_22,MU,0.05249999999999995,0.05249999999999995,0.2099999999999998
primary,bounded,frontier_22,NOW,-0.022500000000000013,-0.09,-0.0225
primary,bounded,frontier_22,PAYC,-0.0225,-0.09,-0.0225
primary,bounded,frontier_22,SMCI,-0.09,-0.09,-0.0225
primary,bounded,frontier_22,SNDK,0.05250000000000008,0.05249999999999995,0.2099999999999998
primary,bounded,frontier_22,STX,0.1263130138872946,0.05249999999999995,0.2099999999999998
primary,bounded,frontier_22,TER,0.05249999999999995,0.05249999999999995,0.2099999999999998
primary,bounded,frontier_22,TTD,-0.04499999999999987,-0.09,-0.0225
primary,bounded,frontier_22,TYL,-0.022500000000000055,-0.09,-0.0225
primary,bounded,frontier_22,WBD,0.05249999999999995,0.05249999999999995,0.2099999999999998
primary,bounded,frontier_22,WDC,0.1372745753999126,0.05249999999999995,0.2099999999999998
primary,bounded,frontier_23,ALB,0.20999999999999966,0.05249999999999995,0.2099999999999998
primary,bounded,frontier_23,CIEN,0.20999999999999971,0.05249999999999995,0.2099999999999998
primary,bounded,frontier_23,COIN,-0.022500000000000266,-0.09,-0.0225
primary,bounded,frontier_23,FDS,-0.0225,-0.09,-0.0225
primary,bounded,frontier_23,FISV,-0.09,-0.09,-0.0225
primary,bounded,frontier_23,GDDY,-0.0225,-0.09,-0.0225
primary,bounded,frontier_23,INTC,0.05249999999999995,0.05249999999999995,0.2099999999999998
primary,bounded,frontier_23,IT,-0.08999999999999996,-0.09,-0.0225
primary,bounded,frontier_23,LRCX,0.09469454822827214,0.05249999999999995,0.2099999999999998
primary,bounded,frontier_23,MU,0.05249999999999998,0.05249999999999995,0.2099999999999998
primary,bounded,frontier_23,NOW,-0.022500000000000006,-0.09,-0.0225
primary,bounded,frontier_23,PAYC,-0.0225,-0.09,-0.0225
primary,bounded,frontier_23,SMCI,-0.09,-0.09,-0.0225
primary,bounded,frontier_23,SNDK,0.05249999999999995,0.05249999999999995,0.2099999999999998
primary,bounded,frontier_23,STX,0.125945750073174,0.05249999999999995,0.2099999999999998
primary,bounded,frontier_23,TER,0.05249999999999995,0.05249999999999995,0.2099999999999998
primary,bounded,frontier_23,TTD,-0.04499999999999973,-0.09,-0.0225
primary,bounded,frontier_23,TYL,-0.022500000000000075,-0.09,-0.0225
primary,bounded,frontier_23,WBD,0.05249999999999995,0.05249999999999995,0.2099999999999998
primary,bounded,frontier_23,WDC,0.1468597016985539,0.05249999999999995,0.2099999999999998
primary,bounded,frontier_24,ALB,0.2099999999999998,0.05249999999999995,0.2099999999999998
primary,bounded,frontier_24,CIEN,0.2099999999999998,0.05249999999999995,0.2099999999999998
primary,bounded,frontier_24,COIN,-0.0225,-0.09,-0.0225
primary,bounded,frontier_24,FDS,-0.022500000000000037,-0.09,-0.0225
primary,bounded,frontier_24,FISV,-0.09,-0.09,-0.0225
primary,bounded,frontier_24,GDDY,-0.022500000000000058,-0.09,-0.0225
primary,bounded,frontier_24,INTC,0.05249999999999995,0.05249999999999995,0.2099999999999998
primary,bounded,frontier_24,IT,-0.09,-0.09,-0.0225
primary,bounded,frontier_24,LRCX,0.08547668574375088,0.05249999999999995,0.2099999999999998
primary,bounded,frontier_24,MU,0.052499999999999956,0.05249999999999995,0.2099999999999998
primary,bounded,frontier_24,NOW,-0.0225,-0.09,-0.0225
primary,bounded,frontier_24,PAYC,-0.0225,-0.09,-0.0225
primary,bounded,frontier_24,SMCI,-0.08999999999999996,-0.09,-0.0225
primary,bounded,frontier_24,SNDK,0.05250000000000006,0.05249999999999995,0.2099999999999998
primary,bounded,frontier_24,STX,0.12557848625905313,0.05249999999999995,0.2099999999999998
primary,bounded,frontier_24,TER,0.05249999999999996,0.05249999999999995,0.2099999999999998
primary,bounded,frontier_24,TTD,-0.04499999999999984,-0.09,-0.0225
primary,bounded,frontier_24,TYL,-0.022500000000000058,-0.09,-0.0225
primary,bounded,frontier_24,WBD,0.05249999999999995,0.05249999999999995,0.2099999999999998
primary,bounded,frontier_24,WDC,0.15644482799719542,0.05249999999999995,0.2099999999999998
primary,bounded,frontier_25,ALB,0.2099999999999997,0.05249999999999995,0.2099999999999998
primary,bounded,frontier_25,CIEN,0.2099999999999998,0.05249999999999995,0.2099999999999998
primary,bounded,frontier_25,COIN,-0.022500000000000044,-0.09,-0.0225
primary,bounded,frontier_25,FDS,-0.022500000000000013,-0.09,-0.0225
primary,bounded,frontier_25,FISV,-0.09,-0.09,-0.0225
primary,bounded,frontier_25,GDDY,-0.02250000000000009,-0.09,-0.0225
primary,bounded,frontier_25,INTC,0.05249999999999998,0.05249999999999995,0.2099999999999998
primary,bounded,frontier_25,IT,-0.09,-0.09,-0.0225
primary,bounded,frontier_25,LRCX,0.0762588232592304,0.05249999999999995,0.2099999999999998
primary,bounded,frontier_25,MU,0.0525,0.05249999999999995,0.2099999999999998
primary,bounded,frontier_25,NOW,-0.022500000000000023,-0.09,-0.0225
primary,bounded,frontier_25,PAYC,-0.022500000000000013,-0.09,-0.0225
primary,bounded,frontier_25,SMCI,-0.08999999999999998,-0.09,-0.0225
primary,bounded,frontier_25,SNDK,0.05249999999999995,0.05249999999999995,0.2099999999999998
primary,bounded,frontier_25,STX,0.12521122244493285,0.05249999999999995,0.2099999999999998
primary,bounded,frontier_25,TER,0.05249999999999995,0.05249999999999995,0.2099999999999998
primary,bounded,frontier_25,TTD,-0.04499999999999983,-0.09,-0.0225
primary,bounded,frontier_25,TYL,-0.0225,-0.09,-0.0225
primary,bounded,frontier_25,WBD,0.052499999999999984,0.05249999999999995,0.2099999999999998
primary,bounded,frontier_25,WDC,0.16602995429583647,0.05249999999999995,0.2099999999999998
primary,bounded,frontier_26,ALB,0.2099999999999998,0.05249999999999995,0.2099999999999998
primary,bounded,frontier_26,CIEN,0.2099999999999998,0.05249999999999995,0.2099999999999998
primary,bounded,frontier_26,COIN,-0.022500000000000058,-0.09,-0.0225
primary,bounded,frontier_26,FDS,-0.022500000000000037,-0.09,-0.0225
primary,bounded,frontier_26,FISV,-0.09,-0.09,-0.0225
primary,bounded,frontier_26,GDDY,-0.022500000000000023,-0.09,-0.0225
primary,bounded,frontier_26,INTC,0.05249999999999995,0.05249999999999995,0.2099999999999998
primary,bounded,frontier_26,IT,-0.08999999999999997,-0.09,-0.0225
primary,bounded,frontier_26,LRCX,0.06704096077470925,0.05249999999999995,0.2099999999999998
primary,bounded,frontier_26,MU,0.05249999999999998,0.05249999999999995,0.2099999999999998
primary,bounded,frontier_26,NOW,-0.0225,-0.09,-0.0225
primary,bounded,frontier_26,PAYC,-0.0225,-0.09,-0.0225
primary,bounded,frontier_26,SMCI,-0.09,-0.09,-0.0225
primary,bounded,frontier_26,SNDK,0.05249999999999995,0.05249999999999995,0.2099999999999998
primary,bounded,frontier_26,STX,0.12484395863081238,0.05249999999999995,0.2099999999999998
primary,bounded,frontier_26,TER,0.05249999999999995,0.05249999999999995,0.2099999999999998
primary,bounded,frontier_26,TTD,-0.04499999999999988,-0.09,-0.0225
primary,bounded,frontier_26,TYL,-0.022500000000000003,-0.09,-0.0225
primary,bounded,frontier_26,WBD,0.05250000000000024,0.05249999999999995,0.2099999999999998
primary,bounded,frontier_26,WDC,0.17561508059447745,0.05249999999999995,0.2099999999999998
primary,bounded,frontier_27,ALB,0.2099999999999998,0.05249999999999995,0.2099999999999998
primary,bounded,frontier_27,CIEN,0.2099999999999998,0.05249999999999995,0.2099999999999998
primary,bounded,frontier_27,COIN,-0.02250000000000008,-0.09,-0.0225
primary,bounded,frontier_27,FDS,-0.02250000000000005,-0.09,-0.0225
primary,bounded,frontier_27,FISV,-0.08999999999999996,-0.09,-0.0225
primary,bounded,frontier_27,GDDY,-0.0225,-0.09,-0.0225
primary,bounded,frontier_27,INTC,0.05249999999999995,0.05249999999999995,0.2099999999999998
primary,bounded,frontier_27,IT,-0.08999999999999997,-0.09,-0.0225
primary,bounded,frontier_27,LRCX,0.057823098290190146,0.05249999999999995,0.2099999999999998
primary,bounded,frontier_27,MU,0.05249999999999995,0.05249999999999995,0.2099999999999998
primary,bounded,frontier_27,NOW,-0.02250000000000002,-0.09,-0.0225
primary,bounded,frontier_27,PAYC,-0.0225,-0.09,-0.0225
primary,bounded,frontier_27,SMCI,-0.09,-0.09,-0.0225
primary,bounded,frontier_27,SNDK,0.05250000000000003,0.05249999999999995,0.2099999999999998
primary,bounded,frontier_27,STX,0.12447669481669205,0.05249999999999995,0.2099999999999998
primary,bounded,frontier_27,TER,0.052499999999999956,0.05249999999999995,0.2099999999999998
primary,bounded,frontier_27,TTD,-0.04500000000000008,-0.09,-0.0225
primary,bounded,frontier_27,TYL,-0.0225,-0.09,-0.0225
primary,bounded,frontier_27,WBD,0.05249999999999995,0.05249999999999995,0.2099999999999998
primary,bounded,frontier_27,WDC,0.18520020689311728,0.05249999999999995,0.2099999999999998
primary,bounded,frontier_28,ALB,0.20999999999999974,0.05249999999999995,0.2099999999999998
primary,bounded,frontier_28,CIEN,0.20999999999999974,0.05249999999999995,0.2099999999999998
primary,bounded,frontier_28,COIN,-0.022500000000000006,-0.09,-0.0225
primary,bounded,frontier_28,FDS,-0.0225,-0.09,-0.0225
primary,bounded,frontier_28,FISV,-0.09,-0.09,-0.0225
primary,bounded,frontier_28,GDDY,-0.02250000000000006,-0.09,-0.0225
primary,bounded,frontier_28,INTC,0.05249999999999995,0.05249999999999995,0.2099999999999998
primary,bounded,frontier_28,IT,-0.08999999999999998,-0.09,-0.0225
primary,bounded,frontier_28,LRCX,0.052500000000000026,0.05249999999999995,0.2099999999999998
primary,bounded,frontier_28,MU,0.05249999999999995,0.05249999999999995,0.2099999999999998
primary,bounded,frontier_28,NOW,-0.02250000000000001,-0.09,-0.0225
primary,bounded,frontier_28,PAYC,-0.022500000000000027,-0.09,-0.0225
primary,bounded,frontier_28,SMCI,-0.08999999999999998,-0.09,-0.0225
primary,bounded,frontier_28,SNDK,0.05249999999999995,0.05249999999999995,0.2099999999999998
primary,bounded,frontier_28,STX,0.11644863907642286,0.05249999999999995,0.2099999999999998
primary,bounded,frontier_28,TER,0.05249999999999995,0.05249999999999995,0.2099999999999998
primary,bounded,frontier_28,TTD,-0.044999999999999846,-0.09,-0.0225
primary,bounded,frontier_28,TYL,-0.022500000000000027,-0.09,-0.0225
primary,bounded,frontier_28,WBD,0.05250000000000001,0.05249999999999995,0.2099999999999998
primary,bounded,frontier_28,WDC,0.19855136092357692,0.05249999999999995,0.2099999999999998
primary,bounded,frontier_29,ALB,0.20467118814335203,0.05249999999999995,0.2099999999999998
primary,bounded,frontier_29,CIEN,0.2099999999999998,0.05249999999999995,0.2099999999999998
primary,bounded,frontier_29,COIN,-0.0225,-0.09,-0.0225
primary,bounded,frontier_29,FDS,-0.022500000000000044,-0.09,-0.0225
primary,bounded,frontier_29,FISV,-0.08999999999999996,-0.09,-0.0225
primary,bounded,frontier_29,GDDY,-0.0225,-0.09,-0.0225
primary,bounded,frontier_29,INTC,0.05249999999999995,0.05249999999999995,0.2099999999999998
primary,bounded,frontier_29,IT,-0.09,-0.09,-0.0225
primary,bounded,frontier_29,LRCX,0.05249999999999995,0.05249999999999995,0.2099999999999998
primary,bounded,frontier_29,MU,0.05249999999999995,0.05249999999999995,0.2099999999999998
primary,bounded,frontier_29,NOW,-0.0225,-0.09,-0.0225
primary,bounded,frontier_29,PAYC,-0.022500000000000003,-0.09,-0.0225
primary,bounded,frontier_29,SMCI,-0.09,-0.09,-0.0225
primary,bounded,frontier_29,SNDK,0.052500000000000005,0.05249999999999995,0.2099999999999998
primary,bounded,frontier_29,STX,0.11200206602898943,0.05249999999999995,0.2099999999999998
primary,bounded,frontier_29,TER,0.05249999999999995,0.05249999999999995,0.2099999999999998
primary,bounded,frontier_29,TTD,-0.04499999999999994,-0.09,-0.0225
primary,bounded,frontier_29,TYL,-0.0225,-0.09,-0.0225
primary,bounded,frontier_29,WBD,0.05249999999999995,0.05249999999999995,0.2099999999999998
primary,bounded,frontier_29,WDC,0.20832674582765792,0.05249999999999995,0.2099999999999998
primary,bounded,frontier_30,ALB,0.19765694732405678,0.05249999999999995,0.2099999999999998
primary,bounded,frontier_30,CIEN,0.20999999999999963,0.05249999999999995,0.2099999999999998
primary,bounded,frontier_30,COIN,-0.0225,-0.09,-0.0225
primary,bounded,frontier_30,FDS,-0.022500000000000044,-0.09,-0.0225
primary,bounded,frontier_30,FISV,-0.09,-0.09,-0.0225
primary,bounded,frontier_30,GDDY,-0.022500000000000065,-0.09,-0.0225
primary,bounded,frontier_30,INTC,0.05249999999999995,0.05249999999999995,0.2099999999999998
primary,bounded,frontier_30,IT,-0.09,-0.09,-0.0225
primary,bounded,frontier_30,LRCX,0.05249999999999995,0.05249999999999995,0.2099999999999998
primary,bounded,frontier_30,MU,0.05249999999999995,0.05249999999999995,0.2099999999999998
primary,bounded,frontier_30,NOW,-0.0225,-0.09,-0.0225
primary,bounded,frontier_30,PAYC,-0.0225,-0.09,-0.0225
primary,bounded,frontier_30,SMCI,-0.0873844872425708,-0.09,-0.0225
primary,bounded,frontier_30,SNDK,0.052500000000000054,0.05249999999999995,0.2099999999999998
primary,bounded,frontier_30,STX,0.11734305267594325,0.05249999999999995,0.2099999999999998
primary,bounded,frontier_30,TER,0.05249999999999995,0.05249999999999995,0.2099999999999998
primary,bounded,frontier_30,TTD,-0.04761551275742902,-0.09,-0.0225
primary,bounded,frontier_30,TYL,-0.0225,-0.09,-0.0225
primary,bounded,frontier_30,WBD,0.05249999999999995,0.05249999999999995,0.2099999999999998
primary,bounded,frontier_30,WDC,0.2099999999999998,0.05249999999999995,0.2099999999999998
primary,bounded,frontier_31,ALB,0.19438890619227597,0.05249999999999995,0.2099999999999998
primary,bounded,frontier_31,CIEN,0.2099999999999998,0.05249999999999995,0.2099999999999998
primary,bounded,frontier_31,COIN,-0.02250000000000003,-0.09,-0.0225
primary,bounded,frontier_31,FDS,-0.0225,-0.09,-0.0225
primary,bounded,frontier_31,FISV,-0.09,-0.09,-0.0225
primary,bounded,frontier_31,GDDY,-0.022500000000000048,-0.09,-0.0225
primary,bounded,frontier_31,INTC,0.05249999999999995,0.05249999999999995,0.2099999999999998
primary,bounded,frontier_31,IT,-0.08999999999999994,-0.09,-0.0225
primary,bounded,frontier_31,LRCX,0.05249999999999995,0.05249999999999995,0.2099999999999998
primary,bounded,frontier_31,MU,0.05249999999999995,0.05249999999999995,0.2099999999999998
primary,bounded,frontier_31,NOW,-0.022500000000000093,-0.09,-0.0225
primary,bounded,frontier_31,PAYC,-0.022500000000000017,-0.09,-0.0225
primary,bounded,frontier_31,SMCI,-0.08094813370550592,-0.09,-0.0225
primary,bounded,frontier_31,SNDK,0.05249999999999995,0.05249999999999995,0.2099999999999998
primary,bounded,frontier_31,STX,0.12061109380772354,0.05249999999999995,0.2099999999999998
primary,bounded,frontier_31,TER,0.05250000000000003,0.05249999999999995,0.2099999999999998
primary,bounded,frontier_31,TTD,-0.05405186629449394,-0.09,-0.0225
primary,bounded,frontier_31,TYL,-0.0225,-0.09,-0.0225
primary,bounded,frontier_31,WBD,0.05249999999999995,0.05249999999999995,0.2099999999999998
primary,bounded,frontier_31,WDC,0.2099999999999998,0.05249999999999995,0.2099999999999998
primary,bounded,frontier_32,ALB,0.19112086506049542,0.05249999999999995,0.2099999999999998
primary,bounded,frontier_32,CIEN,0.2099999999999998,0.05249999999999995,0.2099999999999998
primary,bounded,frontier_32,COIN,-0.0225,-0.09,-0.0225
primary,bounded,frontier_32,FDS,-0.022500000000000044,-0.09,-0.0225
primary,bounded,frontier_32,FISV,-0.08999999999999993,-0.09,-0.0225
primary,bounded,frontier_32,GDDY,-0.02250000000000005,-0.09,-0.0225
primary,bounded,frontier_32,INTC,0.05250000000000006,0.05249999999999995,0.2099999999999998
primary,bounded,frontier_32,IT,-0.08999999999999998,-0.09,-0.0225
primary,bounded,frontier_32,LRCX,0.052500000000000026,0.05249999999999995,0.2099999999999998
primary,bounded,frontier_32,MU,0.052500000000000026,0.05249999999999995,0.2099999999999998
primary,bounded,frontier_32,NOW,-0.0225,-0.09,-0.0225
primary,bounded,frontier_32,PAYC,-0.02250000000000007,-0.09,-0.0225
primary,bounded,frontier_32,SMCI,-0.07451178016844207,-0.09,-0.0225
primary,bounded,frontier_32,SNDK,0.05249999999999995,0.05249999999999995,0.2099999999999998
primary,bounded,frontier_32,STX,0.12387913493950396,0.05249999999999995,0.2099999999999998
primary,bounded,frontier_32,TER,0.05249999999999999,0.05249999999999995,0.2099999999999998
primary,bounded,frontier_32,TTD,-0.06048821983155788,-0.09,-0.0225
primary,bounded,frontier_32,TYL,-0.022500000000000013,-0.09,-0.0225
primary,bounded,frontier_32,WBD,0.05250000000000009,0.05249999999999995,0.2099999999999998
primary,bounded,frontier_32,WDC,0.20999999999999971,0.05249999999999995,0.2099999999999998
primary,bounded,frontier_33,ALB,0.18785282392871475,0.05249999999999995,0.2099999999999998
primary,bounded,frontier_33,CIEN,0.2099999999999998,0.05249999999999995,0.2099999999999998
primary,bounded,frontier_33,COIN,-0.0225,-0.09,-0.0225
primary,bounded,frontier_33,FDS,-0.022500000000000027,-0.09,-0.0225
primary,bounded,frontier_33,FISV,-0.08999999999999996,-0.09,-0.0225
primary,bounded,frontier_33,GDDY,-0.022500000000000034,-0.09,-0.0225
primary,bounded,frontier_33,INTC,0.05249999999999995,0.05249999999999995,0.2099999999999998
primary,bounded,frontier_33,IT,-0.09,-0.09,-0.0225
primary,bounded,frontier_33,LRCX,0.05249999999999995,0.05249999999999995,0.2099999999999998
primary,bounded,frontier_33,MU,0.05250000000000045,0.05249999999999995,0.2099999999999998
primary,bounded,frontier_33,NOW,-0.02250000000000003,-0.09,-0.0225
primary,bounded,frontier_33,PAYC,-0.022500000000000003,-0.09,-0.0225
primary,bounded,frontier_33,SMCI,-0.06807542663137743,-0.09,-0.0225
primary,bounded,frontier_33,SNDK,0.05250000000000001,0.05249999999999995,0.2099999999999998
primary,bounded,frontier_33,STX,0.12714717607128487,0.05249999999999995,0.2099999999999998
primary,bounded,frontier_33,TER,0.05249999999999995,0.05249999999999995,0.2099999999999998
primary,bounded,frontier_33,TTD,-0.06692457336862252,-0.09,-0.0225
primary,bounded,frontier_33,TYL,-0.0225,-0.09,-0.0225
primary,bounded,frontier_33,WBD,0.05249999999999995,0.05249999999999995,0.2099999999999998
primary,bounded,frontier_33,WDC,0.20999999999999974,0.05249999999999995,0.2099999999999998
primary,bounded,frontier_34,ALB,0.18458478279693408,0.05249999999999995,0.2099999999999998
primary,bounded,frontier_34,CIEN,0.2099999999999998,0.05249999999999995,0.2099999999999998
primary,bounded,frontier_34,COIN,-0.0225,-0.09,-0.0225
primary,bounded,frontier_34,FDS,-0.022500000000000072,-0.09,-0.0225
primary,bounded,frontier_34,FISV,-0.08999999999999997,-0.09,-0.0225
primary,bounded,frontier_34,GDDY,-0.022500000000000013,-0.09,-0.0225
primary,bounded,frontier_34,INTC,0.05249999999999998,0.05249999999999995,0.2099999999999998
primary,bounded,frontier_34,IT,-0.09,-0.09,-0.0225
primary,bounded,frontier_34,LRCX,0.05250000000000001,0.05249999999999995,0.2099999999999998
primary,bounded,frontier_34,MU,0.0525000000000003,0.05249999999999995,0.2099999999999998
primary,bounded,frontier_34,NOW,-0.0225,-0.09,-0.0225
primary,bounded,frontier_34,PAYC,-0.022500000000000017,-0.09,-0.0225
primary,bounded,frontier_34,SMCI,-0.061639073094313525,-0.09,-0.0225
primary,bounded,frontier_34,SNDK,0.05249999999999995,0.05249999999999995,0.2099999999999998
primary,bounded,frontier_34,STX,0.13041521720306484,0.05249999999999995,0.2099999999999998
primary,bounded,frontier_34,TER,0.052499999999999984,0.05249999999999995,0.2099999999999998
primary,bounded,frontier_34,TTD,-0.07336092690568642,-0.09,-0.0225
primary,bounded,frontier_34,TYL,-0.0225,-0.09,-0.0225
primary,bounded,frontier_34,WBD,0.05250000000000008,0.05249999999999995,0.2099999999999998
primary,bounded,frontier_34,WDC,0.2099999999999998,0.05249999999999995,0.2099999999999998
primary,bounded,frontier_35,ALB,0.1807035056664,0.05249999999999995,0.2099999999999998
primary,bounded,frontier_35,CIEN,0.2099999999999998,0.05249999999999995,0.2099999999999998
primary,bounded,frontier_35,COIN,-0.0225000000000001,-0.09,-0.0225
primary,bounded,frontier_35,FDS,-0.022500000000000058,-0.09,-0.0225
primary,bounded,frontier_35,FISV,-0.08999999999999994,-0.09,-0.0225
primary,bounded,frontier_35,GDDY,-0.0225,-0.09,-0.0225
primary,bounded,frontier_35,INTC,0.05250000000000004,0.05249999999999995,0.2099999999999998
primary,bounded,frontier_35,IT,-0.08999999999999998,-0.09,-0.0225
primary,bounded,frontier_35,LRCX,0.05249999999999995,0.05249999999999995,0.2099999999999998
primary,bounded,frontier_35,MU,0.055203105126617864,0.05249999999999995,0.2099999999999998
primary,bounded,frontier_35,NOW,-0.0225,-0.09,-0.0225
primary,bounded,frontier_35,PAYC,-0.022500000000000023,-0.09,-0.0225
primary,bounded,frontier_35,SMCI,-0.05613222920114081,-0.09,-0.0225
primary,bounded,frontier_35,SNDK,0.05249999999999995,0.05249999999999995,0.2099999999999998
primary,bounded,frontier_35,STX,0.13159338920698155,0.05249999999999995,0.2099999999999998
primary,bounded,frontier_35,TER,0.0525,0.05249999999999995,0.2099999999999998
primary,bounded,frontier_35,TTD,-0.07886777079885902,-0.09,-0.0225
primary,bounded,frontier_35,TYL,-0.0225,-0.09,-0.0225
primary,bounded,frontier_35,WBD,0.05250000000000008,0.05249999999999995,0.2099999999999998
primary,bounded,frontier_35,WDC,0.20999999999999966,0.05249999999999995,0.2099999999999998
primary,bounded,frontier_36,ALB,0.1767175098650818,0.05249999999999995,0.2099999999999998
primary,bounded,frontier_36,CIEN,0.2099999999999998,0.05249999999999995,0.2099999999999998
primary,bounded,frontier_36,COIN,-0.022500000000000006,-0.09,-0.0225
primary,bounded,frontier_36,FDS,-0.0225,-0.09,-0.0225
primary,bounded,frontier_36,FISV,-0.08999999999999997,-0.09,-0.0225
primary,bounded,frontier_36,GDDY,-0.0225,-0.09,-0.0225
primary,bounded,frontier_36,INTC,0.052499999999999984,0.05249999999999995,0.2099999999999998
primary,bounded,frontier_36,IT,-0.09,-0.09,-0.0225
primary,bounded,frontier_36,LRCX,0.05249999999999995,0.05249999999999995,0.2099999999999998
primary,bounded,frontier_36,MU,0.05836558496715393,0.05249999999999995,0.2099999999999998
primary,bounded,frontier_36,NOW,-0.02250000000000001,-0.09,-0.0225
primary,bounded,frontier_36,PAYC,-0.0225,-0.09,-0.0225
primary,bounded,frontier_36,SMCI,-0.05078375256617017,-0.09,-0.0225
primary,bounded,frontier_36,SNDK,0.05249999999999995,0.05249999999999995,0.2099999999999998
primary,bounded,frontier_36,STX,0.1324169051677637,0.05249999999999995,0.2099999999999998
primary,bounded,frontier_36,TER,0.0525,0.05249999999999995,0.2099999999999998
primary,bounded,frontier_36,TTD,-0.08421624743382991,-0.09,-0.0225
primary,bounded,frontier_36,TYL,-0.0225,-0.09,-0.0225
primary,bounded,frontier_36,WBD,0.05250000000000013,0.05249999999999995,0.2099999999999998
primary,bounded,frontier_36,WDC,0.2099999999999996,0.05249999999999995,0.2099999999999998
primary,bounded,frontier_37,ALB,0.17273161288248917,0.05249999999999995,0.2099999999999998
primary,bounded,frontier_37,CIEN,0.20999999999999974,0.05249999999999995,0.2099999999999998
primary,bounded,frontier_37,COIN,-0.0225,-0.09,-0.0225
primary,bounded,frontier_37,FDS,-0.022500000000000096,-0.09,-0.0225
primary,bounded,frontier_37,FISV,-0.09,-0.09,-0.0225
primary,bounded,frontier_37,GDDY,-0.022500000000000023,-0.09,-0.0225
primary,bounded,frontier_37,INTC,0.05249999999999997,0.05249999999999995,0.2099999999999998
primary,bounded,frontier_37,IT,-0.09,-0.09,-0.0225
primary,bounded,frontier_37,LRCX,0.05249999999999998,0.05249999999999995,0.2099999999999998
primary,bounded,frontier_37,MU,0.06152856603141345,0.05249999999999995,0.2099999999999998
primary,bounded,frontier_37,NOW,-0.0225,-0.09,-0.0225
primary,bounded,frontier_37,PAYC,-0.0225,-0.09,-0.0225
primary,bounded,frontier_37,SMCI,-0.04543527798992117,-0.09,-0.0225
primary,bounded,frontier_37,SNDK,0.05249999999999995,0.05249999999999995,0.2099999999999998
primary,bounded,frontier_37,STX,0.133239821086097,0.05249999999999995,0.2099999999999998
primary,bounded,frontier_37,TER,0.05249999999999995,0.05249999999999995,0.2099999999999998
primary,bounded,frontier_37,TTD,-0.08956472201007867,-0.09,-0.0225
primary,bounded,frontier_37,TYL,-0.0225,-0.09,-0.0225
primary,bounded,frontier_37,WBD,0.05249999999999995,0.05249999999999995,0.2099999999999998
primary,bounded,frontier_37,WDC,0.2099999999999998,0.05249999999999995,0.2099999999999998
primary,bounded,frontier_38,ALB,0.16348678959946794,0.05249999999999995,0.2099999999999998
primary,bounded,frontier_38,CIEN,0.2099999999999997,0.05249999999999995,0.2099999999999998
primary,bounded,frontier_38,COIN,-0.0225,-0.09,-0.0225
primary,bounded,frontier_38,FDS,-0.0225,-0.09,-0.0225
primary,bounded,frontier_38,FISV,-0.08999999999999996,-0.09,-0.0225
primary,bounded,frontier_38,GDDY,-0.022500000000000044,-0.09,-0.0225
primary,bounded,frontier_38,INTC,0.05249999999999995,0.05249999999999995,0.2099999999999998
primary,bounded,frontier_38,IT,-0.09,-0.09,-0.0225
primary,bounded,frontier_38,LRCX,0.05249999999999995,0.05249999999999995,0.2099999999999998
primary,bounded,frontier_38,MU,0.06900591481294296,0.05249999999999995,0.2099999999999998
primary,bounded,frontier_38,NOW,-0.022500000000000075,-0.09,-0.0225
primary,bounded,frontier_38,PAYC,-0.0225,-0.09,-0.0225
primary,bounded,frontier_38,SMCI,-0.04500000000000003,-0.09,-0.0225
primary,bounded,frontier_38,SNDK,0.052500000000000116,0.05249999999999995,0.2099999999999998
primary,bounded,frontier_38,STX,0.13500729558758878,0.05249999999999995,0.2099999999999998
primary,bounded,frontier_38,TER,0.05249999999999995,0.05249999999999995,0.2099999999999998
primary,bounded,frontier_38,TTD,-0.09,-0.09,-0.0225
primary,bounded,frontier_38,TYL,-0.0225,-0.09,-0.0225
primary,bounded,frontier_38,WBD,0.05249999999999995,0.05249999999999995,0.2099999999999998
primary,bounded,frontier_38,WDC,0.2099999999999998,0.05249999999999995,0.2099999999999998
primary,bounded,frontier_39,ALB,0.15377620661031483,0.05249999999999995,0.2099999999999998
primary,bounded,frontier_39,CIEN,0.2099999999999998,0.05249999999999995,0.2099999999999998
primary,bounded,frontier_39,COIN,-0.022500000000000096,-0.09,-0.0225
primary,bounded,frontier_39,FDS,-0.022500000000000027,-0.09,-0.0225
primary,bounded,frontier_39,FISV,-0.0899999999999999,-0.09,-0.0225
primary,bounded,frontier_39,GDDY,-0.0225,-0.09,-0.0225
primary,bounded,frontier_39,INTC,0.05250000000000001,0.05249999999999995,0.2099999999999998
primary,bounded,frontier_39,IT,-0.08999999999999994,-0.09,-0.0225
primary,bounded,frontier_39,LRCX,0.05249999999999999,0.05249999999999995,0.2099999999999998
primary,bounded,frontier_39,MU,0.07686621951837024,0.05249999999999995,0.2099999999999998
primary,bounded,frontier_39,NOW,-0.02250000000000006,-0.09,-0.0225
primary,bounded,frontier_39,PAYC,-0.022500000000000006,-0.09,-0.0225
primary,bounded,frontier_39,SMCI,-0.04499999999999999,-0.09,-0.0225
primary,bounded,frontier_39,SNDK,0.05249999999999995,0.05249999999999995,0.2099999999999998
primary,bounded,frontier_39,STX,0.1368575738713144,0.05249999999999995,0.2099999999999998
primary,bounded,frontier_39,TER,0.05249999999999997,0.05249999999999995,0.2099999999999998
primary,bounded,frontier_39,TTD,-0.0899999999999999,-0.09,-0.0225
primary,bounded,frontier_39,TYL,-0.0225000000000001,-0.09,-0.0225
primary,bounded,frontier_39,WBD,0.05250000000000012,0.05249999999999995,0.2099999999999998
primary,bounded,frontier_39,WDC,0.2099999999999997,0.05249999999999995,0.2099999999999998
primary,bounded,frontier_40,ALB,0.14406562362116235,0.05249999999999995,0.2099999999999998
primary,bounded,frontier_40,CIEN,0.2099999999999998,0.05249999999999995,0.2099999999999998
primary,bounded,frontier_40,COIN,-0.0225,-0.09,-0.0225
primary,bounded,frontier_40,FDS,-0.022500000000000058,-0.09,-0.0225
primary,bounded,frontier_40,FISV,-0.09,-0.09,-0.0225
primary,bounded,frontier_40,GDDY,-0.022500000000000187,-0.09,-0.0225
primary,bounded,frontier_40,INTC,0.05249999999999995,0.05249999999999995,0.2099999999999998
primary,bounded,frontier_40,IT,-0.09,-0.09,-0.0225
primary,bounded,frontier_40,LRCX,0.05249999999999995,0.05249999999999995,0.2099999999999998
primary,bounded,frontier_40,MU,0.08472652422379699,0.05249999999999995,0.2099999999999998
primary,bounded,frontier_40,NOW,-0.022500000000000006,-0.09,-0.0225
primary,bounded,frontier_40,PAYC,-0.0225,-0.09,-0.0225
primary,bounded,frontier_40,SMCI,-0.04499999999999973,-0.09,-0.0225
primary,bounded,frontier_40,SNDK,0.05249999999999996,0.05249999999999995,0.2099999999999998
primary,bounded,frontier_40,STX,0.1387078521550401,0.05249999999999995,0.2099999999999998
primary,bounded,frontier_40,TER,0.0525,0.05249999999999995,0.2099999999999998
primary,bounded,frontier_40,TTD,-0.08999999999999998,-0.09,-0.0225
primary,bounded,frontier_40,TYL,-0.0225,-0.09,-0.0225
primary,bounded,frontier_40,WBD,0.05249999999999995,0.05249999999999995,0.2099999999999998
primary,bounded,frontier_40,WDC,0.2099999999999998,0.05249999999999995,0.2099999999999998
primary,bounded,frontier_41,ALB,0.13435504063200934,0.05249999999999995,0.2099999999999998
primary,bounded,frontier_41,CIEN,0.20999999999999971,0.05249999999999995,0.2099999999999998
primary,bounded,frontier_41,COIN,-0.02250000000000003,-0.09,-0.0225
primary,bounded,frontier_41,FDS,-0.0225,-0.09,-0.0225
primary,bounded,frontier_41,FISV,-0.09,-0.09,-0.0225
primary,bounded,frontier_41,GDDY,-0.0225,-0.09,-0.0225
primary,bounded,frontier_41,INTC,0.05249999999999995,0.05249999999999995,0.2099999999999998
primary,bounded,frontier_41,IT,-0.09,-0.09,-0.0225
primary,bounded,frontier_41,LRCX,0.052500000000000054,0.05249999999999995,0.2099999999999998
primary,bounded,frontier_41,MU,0.09258682892922532,0.05249999999999995,0.2099999999999998
primary,bounded,frontier_41,NOW,-0.02250000000000001,-0.09,-0.0225
primary,bounded,frontier_41,PAYC,-0.022500000000000048,-0.09,-0.0225
primary,bounded,frontier_41,SMCI,-0.04500000000000004,-0.09,-0.0225
primary,bounded,frontier_41,SNDK,0.05250000000000019,0.05249999999999995,0.2099999999999998
primary,bounded,frontier_41,STX,0.14055813043876494,0.05249999999999995,0.2099999999999998
primary,bounded,frontier_41,TER,0.05249999999999995,0.05249999999999995,0.2099999999999998
primary,bounded,frontier_41,TTD,-0.09,-0.09,-0.0225
primary,bounded,frontier_41,TYL,-0.02250000000000017,-0.09,-0.0225
primary,bounded,frontier_41,WBD,0.05249999999999995,0.05249999999999995,0.2099999999999998
primary,bounded,frontier_41,WDC,0.20999999999999974,0.05249999999999995,0.2099999999999998
primary,bounded,frontier_42,ALB,0.12464445764285646,0.05249999999999995,0.2099999999999998
primary,bounded,frontier_42,CIEN,0.2099999999999998,0.05249999999999995,0.2099999999999998
primary,bounded,frontier_42,COIN,-0.0225,-0.09,-0.0225
primary,bounded,frontier_42,FDS,-0.0225,-0.09,-0.0225
primary,bounded,frontier_42,FISV,-0.09,-0.09,-0.0225
primary,bounded,frontier_42,GDDY,-0.0225,-0.09,-0.0225
primary,bounded,frontier_42,INTC,0.05250000000000006,0.05249999999999995,0.2099999999999998
primary,bounded,frontier_42,IT,-0.08999999999999996,-0.09,-0.0225
primary,bounded,frontier_42,LRCX,0.052499999999999984,0.05249999999999995,0.2099999999999998
primary,bounded,frontier_42,MU,0.10044713363465203,0.05249999999999995,0.2099999999999998
primary,bounded,frontier_42,NOW,-0.022500000000000065,-0.09,-0.0225
primary,bounded,frontier_42,PAYC,-0.022500000000000027,-0.09,-0.0225
primary,bounded,frontier_42,SMCI,-0.045000000000000186,-0.09,-0.0225
primary,bounded,frontier_42,SNDK,0.05249999999999995,0.05249999999999995,0.2099999999999998
primary,bounded,frontier_42,STX,0.1424084087224908,0.05249999999999995,0.2099999999999998
primary,bounded,frontier_42,TER,0.05249999999999995,0.05249999999999995,0.2099999999999998
primary,bounded,frontier_42,TTD,-0.08999999999999998,-0.09,-0.0225
primary,bounded,frontier_42,TYL,-0.02250000000000011,-0.09,-0.0225
primary,bounded,frontier_42,WBD,0.05250000000000005,0.05249999999999995,0.2099999999999998
primary,bounded,frontier_42,WDC,0.2099999999999998,0.05249999999999995,0.2099999999999998
primary,bounded,frontier_43,ALB,0.11493387465370614,0.05249999999999995,0.2099999999999998
primary,bounded,frontier_43,CIEN,0.20999999999999974,0.05249999999999995,0.2099999999999998
primary,bounded,frontier_43,COIN,-0.0225,-0.09,-0.0225
primary,bounded,frontier_43,FDS,-0.02250000000000045,-0.09,-0.0225
primary,bounded,frontier_43,FISV,-0.09,-0.09,-0.0225
primary,bounded,frontier_43,GDDY,-0.0225,-0.09,-0.0225
primary,bounded,frontier_43,INTC,0.05249999999999995,0.05249999999999995,0.2099999999999998
primary,bounded,frontier_43,IT,-0.09,-0.09,-0.0225
primary,bounded,frontier_43,LRCX,0.052499999999999984,0.05249999999999995,0.2099999999999998
primary,bounded,frontier_43,MU,0.10830743834007821,0.05249999999999995,0.2099999999999998
primary,bounded,frontier_43,NOW,-0.0225,-0.09,-0.0225
primary,bounded,frontier_43,PAYC,-0.022500000000000017,-0.09,-0.0225
primary,bounded,frontier_43,SMCI,-0.04499999999999972,-0.09,-0.0225
primary,bounded,frontier_43,SNDK,0.05250000000000021,0.05249999999999995,0.2099999999999998
primary,bounded,frontier_43,STX,0.1442586870062154,0.05249999999999995,0.2099999999999998
primary,bounded,frontier_43,TER,0.05249999999999995,0.05249999999999995,0.2099999999999998
primary,bounded,frontier_43,TTD,-0.09,-0.09,-0.0225
primary,bounded,frontier_43,TYL,-0.0225,-0.09,-0.0225
primary,bounded,frontier_43,WBD,0.05249999999999995,0.05249999999999995,0.2099999999999998
primary,bounded,frontier_43,WDC,0.20999999999999977,0.05249999999999995,0.2099999999999998
primary,bounded,frontier_44,ALB,0.10786386477134739,0.05249999999999995,0.2099999999999998
primary,bounded,frontier_44,CIEN,0.20999999999999966,0.05249999999999995,0.2099999999999998
primary,bounded,frontier_44,COIN,-0.0225,-0.09,-0.0225
primary,bounded,frontier_44,FDS,-0.02250000000000005,-0.09,-0.0225
primary,bounded,frontier_44,FISV,-0.09,-0.09,-0.0225
primary,bounded,frontier_44,GDDY,-0.025272827280811174,-0.09,-0.0225
primary,bounded,frontier_44,INTC,0.05249999999999995,0.05249999999999995,0.2099999999999998
primary,bounded,frontier_44,IT,-0.08999999999999996,-0.09,-0.0225
primary,bounded,frontier_44,LRCX,0.05249999999999995,0.05249999999999995,0.2099999999999998
primary,bounded,frontier_44,MU,0.11459920379157947,0.05249999999999995,0.2099999999999998
primary,bounded,frontier_44,NOW,-0.0225,-0.09,-0.0225
primary,bounded,frontier_44,PAYC,-0.022500000000000037,-0.09,-0.0225
primary,bounded,frontier_44,SMCI,-0.0422271727191887,-0.09,-0.0225
primary,bounded,frontier_44,SNDK,0.0525000000000001,0.05249999999999995,0.2099999999999998
primary,bounded,frontier_44,STX,0.14503693143707297,0.05249999999999995,0.2099999999999998
primary,bounded,frontier_44,TER,0.05249999999999995,0.05249999999999995,0.2099999999999998
primary,bounded,frontier_44,TTD,-0.09,-0.09,-0.0225
primary,bounded,frontier_44,TYL,-0.022500000000000055,-0.09,-0.0225
primary,bounded,frontier_44,WBD,0.05249999999999995,0.05249999999999995,0.2099999999999998
primary,bounded,frontier_44,WDC,0.2099999999999998,0.05249999999999995,0.2099999999999998
primary,bounded,frontier_45,ALB,0.1055797587634158,0.05249999999999995,0.2099999999999998
primary,bounded,frontier_45,CIEN,0.2099999999999998,0.05249999999999995,0.2099999999999998
primary,bounded,frontier_45,COIN,-0.0225,-0.09,-0.0225
primary,bounded,frontier_45,FDS,-0.0225,-0.09,-0.0225
primary,bounded,frontier_45,FISV,-0.09,-0.09,-0.0225
primary,bounded,frontier_45,GDDY,-0.026839130006248078,-0.09,-0.0225
primary,bounded,frontier_45,INTC,0.05249999999999995,0.05249999999999995,0.2099999999999998
primary,bounded,frontier_45,IT,-0.09,-0.09,-0.0225
primary,bounded,frontier_45,LRCX,0.05250000000000001,0.05249999999999995,0.2099999999999998
primary,bounded,frontier_45,MU,0.11530929037462037,0.05249999999999995,0.2099999999999998
primary,bounded,frontier_45,NOW,-0.022500000000000013,-0.09,-0.0225
primary,bounded,frontier_45,PAYC,-0.02250000000000004,-0.09,-0.0225
primary,bounded,frontier_45,SMCI,-0.0406608699937518,-0.09,-0.0225
primary,bounded,frontier_45,SNDK,0.05458062941110514,0.05249999999999995,0.2099999999999998
primary,bounded,frontier_45,STX,0.14453032145085817,0.05249999999999995,0.2099999999999998
primary,bounded,frontier_45,TER,0.05249999999999995,0.05249999999999995,0.2099999999999998
primary,bounded,frontier_45,TTD,-0.08999999999999997,-0.09,-0.0225
primary,bounded,frontier_45,TYL,-0.022500000000000096,-0.09,-0.0225
primary,bounded,frontier_45,WBD,0.05249999999999998,0.05249999999999995,0.2099999999999998
primary,bounded,frontier_45,WDC,0.20999999999999977,0.05249999999999995,0.2099999999999998
primary,bounded,frontier_46,ALB,0.10436252961697075,0.05249999999999995,0.2099999999999998
primary,bounded,frontier_46,CIEN,0.2099999999999998,0.05249999999999995,0.2099999999999998
primary,bounded,frontier_46,COIN,-0.0225,-0.09,-0.0225
primary,bounded,frontier_46,FDS,-0.0225,-0.09,-0.0225
primary,bounded,frontier_46,FISV,-0.09,-0.09,-0.0225
primary,bounded,frontier_46,GDDY,-0.027633628193959477,-0.09,-0.0225
primary,bounded,frontier_46,INTC,0.05249999999999996,0.05249999999999995,0.2099999999999998
primary,bounded,frontier_46,IT,-0.09,-0.09,-0.0225
primary,bounded,frontier_46,LRCX,0.052499999999999956,0.05249999999999995,0.2099999999999998
primary,bounded,frontier_46,MU,0.11455558033105556,0.05249999999999995,0.2099999999999998
primary,bounded,frontier_46,NOW,-0.0225,-0.09,-0.0225
primary,bounded,frontier_46,PAYC,-0.0225,-0.09,-0.0225
primary,bounded,frontier_46,SMCI,-0.03986637180604076,-0.09,-0.0225
primary,bounded,frontier_46,SNDK,0.05729286650380813,0.05249999999999995,0.2099999999999998
primary,bounded,frontier_46,STX,0.14378902354816514,0.05249999999999995,0.2099999999999998
primary,bounded,frontier_46,TER,0.05249999999999995,0.05249999999999995,0.2099999999999998
primary,bounded,frontier_46,TTD,-0.08999999999999998,-0.09,-0.0225
primary,bounded,frontier_46,TYL,-0.0225,-0.09,-0.0225
primary,bounded,frontier_46,WBD,0.05249999999999995,0.05249999999999995,0.2099999999999998
primary,bounded,frontier_46,WDC,0.2099999999999998,0.05249999999999995,0.2099999999999998
primary,bounded,frontier_47,ALB,0.10314482098043597,0.05249999999999995,0.2099999999999998
primary,bounded,frontier_47,CIEN,0.2099999999999998,0.05249999999999995,0.2099999999999998
primary,bounded,frontier_47,COIN,-0.0225,-0.09,-0.0225
primary,bounded,frontier_47,FDS,-0.022500000000000374,-0.09,-0.0225
primary,bounded,frontier_47,FISV,-0.09,-0.09,-0.0225
primary,bounded,frontier_47,GDDY,-0.02842832949375103,-0.09,-0.0225
primary,bounded,frontier_47,INTC,0.052500000000000026,0.05249999999999995,0.2099999999999998
primary,bounded,frontier_47,IT,-0.08999999999999997,-0.09,-0.0225
primary,bounded,frontier_47,LRCX,0.05249999999999995,0.05249999999999995,0.2099999999999998
primary,bounded,frontier_47,MU,0.11380095485109074,0.05249999999999995,0.2099999999999998
primary,bounded,frontier_47,NOW,-0.022500000000000006,-0.09,-0.0225
primary,bounded,frontier_47,PAYC,-0.0225,-0.09,-0.0225
primary,bounded,frontier_47,SMCI,-0.03907167050624867,-0.09,-0.0225
primary,bounded,frontier_47,SNDK,0.0600049559763879,0.05249999999999995,0.2099999999999998
primary,bounded,frontier_47,STX,0.14304926819208483,0.05249999999999995,0.2099999999999998
primary,bounded,frontier_47,TER,0.052499999999999956,0.05249999999999995,0.2099999999999998
primary,bounded,frontier_47,TTD,-0.09,-0.09,-0.0225
primary,bounded,frontier_47,TYL,-0.0225,-0.09,-0.0225
primary,bounded,frontier_47,WBD,0.052499999999999956,0.05249999999999995,0.2099999999999998
primary,bounded,frontier_47,WDC,0.2099999999999998,0.05249999999999995,0.2099999999999998
primary,bounded,frontier_48,ALB,0.10192707977676943,0.05249999999999995,0.2099999999999998
primary,bounded,frontier_48,CIEN,0.2099999999999998,0.05249999999999995,0.2099999999999998
primary,bounded,frontier_48,COIN,-0.0225,-0.09,-0.0225
primary,bounded,frontier_48,FDS,-0.0225,-0.09,-0.0225
primary,bounded,frontier_48,FISV,-0.08999999999999996,-0.09,-0.0225
primary,bounded,frontier_48,GDDY,-0.029223025920376865,-0.09,-0.0225
primary,bounded,frontier_48,INTC,0.05249999999999995,0.05249999999999995,0.2099999999999998
primary,bounded,frontier_48,IT,-0.08999999999999997,-0.09,-0.0225
primary,bounded,frontier_48,LRCX,0.05249999999999995,0.05249999999999995,0.2099999999999998
primary,bounded,frontier_48,MU,0.11304624481751713,0.05249999999999995,0.2099999999999998
primary,bounded,frontier_48,NOW,-0.0225,-0.09,-0.0225
primary,bounded,frontier_48,PAYC,-0.022500000000000058,-0.09,-0.0225
primary,bounded,frontier_48,SMCI,-0.038276974079623195,-0.09,-0.0225
primary,bounded,frontier_48,SNDK,0.06271704248339564,0.05249999999999995,0.2099999999999998
primary,bounded,frontier_48,STX,0.14230963292231763,0.05249999999999995,0.2099999999999998
primary,bounded,frontier_48,TER,0.05249999999999995,0.05249999999999995,0.2099999999999998
primary,bounded,frontier_48,TTD,-0.09,-0.09,-0.0225
primary,bounded,frontier_48,TYL,-0.022500000000000017,-0.09,-0.0225
primary,bounded,frontier_48,WBD,0.05249999999999995,0.05249999999999995,0.2099999999999998
primary,bounded,frontier_48,WDC,0.20999999999999977,0.05249999999999995,0.2099999999999998
primary,bounded,frontier_49,ALB,0.10070933673124323,0.05249999999999995,0.2099999999999998
primary,bounded,frontier_49,CIEN,0.2099999999999998,0.05249999999999995,0.2099999999999998
primary,bounded,frontier_49,COIN,-0.0225,-0.09,-0.0225
primary,bounded,frontier_49,FDS,-0.022500000000000034,-0.09,-0.0225
primary,bounded,frontier_49,FISV,-0.09,-0.09,-0.0225
primary,bounded,frontier_49,GDDY,-0.030017722081991476,-0.09,-0.0225
primary,bounded,frontier_49,INTC,0.05249999999999995,0.05249999999999995,0.2099999999999998
primary,bounded,frontier_49,IT,-0.09,-0.09,-0.0225
primary,bounded,frontier_49,LRCX,0.05249999999999995,0.05249999999999995,0.2099999999999998
primary,bounded,frontier_49,MU,0.11229153042427496,0.05249999999999995,0.2099999999999998
primary,bounded,frontier_49,NOW,-0.02250000000000001,-0.09,-0.0225
primary,bounded,frontier_49,PAYC,-0.0225,-0.09,-0.0225
primary,bounded,frontier_49,SMCI,-0.037482277918008414,-0.09,-0.0225
primary,bounded,frontier_49,SNDK,0.06542912879473842,0.05249999999999995,0.2099999999999998
primary,bounded,frontier_49,STX,0.14157000404974293,0.05249999999999995,0.2099999999999998
primary,bounded,frontier_49,TER,0.05249999999999998,0.05249999999999995,0.2099999999999998
primary,bounded,frontier_49,TTD,-0.08999999999999998,-0.09,-0.0225
primary,bounded,frontier_49,TYL,-0.022500000000000044,-0.09,-0.0225
primary,bounded,frontier_49,WBD,0.05249999999999996,0.05249999999999995,0.2099999999999998
primary,bounded,frontier_49,WDC,0.2099999999999998,0.05249999999999995,0.2099999999999998
primary,bounded,frontier_50,ALB,0.09949159358623333,0.05249999999999995,0.2099999999999998
primary,bounded,frontier_50,CIEN,0.20999999999999977,0.05249999999999995,0.2099999999999998
primary,bounded,frontier_50,COIN,-0.0225,-0.09,-0.0225
primary,bounded,frontier_50,FDS,-0.022500000000000003,-0.09,-0.0225
primary,bounded,frontier_50,FISV,-0.09,-0.09,-0.0225
primary,bounded,frontier_50,GDDY,-0.03081241822846324,-0.09,-0.0225
primary,bounded,frontier_50,INTC,0.05249999999999995,0.05249999999999995,0.2099999999999998
primary,bounded,frontier_50,IT,-0.09,-0.09,-0.0225
primary,bounded,frontier_50,LRCX,0.05249999999999997,0.05249999999999995,0.2099999999999998
primary,bounded,frontier_50,MU,0.11153681579245509,0.05249999999999995,0.2099999999999998
primary,bounded,frontier_50,NOW,-0.0225,-0.09,-0.0225
primary,bounded,frontier_50,PAYC,-0.02250000000000004,-0.09,-0.0225
primary,bounded,frontier_50,SMCI,-0.036687581771536776,-0.09,-0.0225
primary,bounded,frontier_50,SNDK,0.06814121509594953,0.05249999999999995,0.2099999999999998
primary,bounded,frontier_50,STX,0.14083037552536193,0.05249999999999995,0.2099999999999998
primary,bounded,frontier_50,TER,0.05249999999999995,0.05249999999999995,0.2099999999999998
primary,bounded,frontier_50,TTD,-0.09,-0.09,-0.0225
primary,bounded,frontier_50,TYL,-0.0225,-0.09,-0.0225
primary,bounded,frontier_50,WBD,0.05249999999999995,0.05249999999999995,0.2099999999999998
primary,bounded,frontier_50,WDC,0.2099999999999998,0.05249999999999995,0.2099999999999998
primary,bounded,frontier_51,ALB,0.09827385043583946,0.05249999999999995,0.2099999999999998
primary,bounded,frontier_51,CIEN,0.20999999999999977,0.05249999999999995,0.2099999999999998
primary,bounded,frontier_51,COIN,-0.022500000000000096,-0.09,-0.0225
primary,bounded,frontier_51,FDS,-0.02250000000000014,-0.09,-0.0225
primary,bounded,frontier_51,FISV,-0.08999999999999986,-0.09,-0.0225
primary,bounded,frontier_51,GDDY,-0.031607114374123,-0.09,-0.0225
primary,bounded,frontier_51,INTC,0.05250000000000011,0.05249999999999995,0.2099999999999998
primary,bounded,frontier_51,IT,-0.08999999999999984,-0.09,-0.0225
primary,bounded,frontier_51,LRCX,0.05249999999999996,0.05249999999999995,0.2099999999999998
primary,bounded,frontier_51,MU,0.1107821011477656,0.05249999999999995,0.2099999999999998
primary,bounded,frontier_51,NOW,-0.022500000000000058,-0.09,-0.0225
primary,bounded,frontier_51,PAYC,-0.022500000000000082,-0.09,-0.0225
primary,bounded,frontier_51,SMCI,-0.03589288562587689,-0.09,-0.0225
primary,bounded,frontier_51,SNDK,0.07085330139660703,0.05249999999999995,0.2099999999999998
primary,bounded,frontier_51,STX,0.14009074701978727,0.05249999999999995,0.2099999999999998
primary,bounded,frontier_51,TER,0.05249999999999998,0.05249999999999995,0.2099999999999998
primary,bounded,frontier_51,TTD,-0.08999999999999998,-0.09,-0.0225
primary,bounded,frontier_51,TYL,-0.022500000000000065,-0.09,-0.0225
primary,bounded,frontier_51,WBD,0.05250000000000017,0.05249999999999995,0.2099999999999998
primary,bounded,frontier_51,WDC,0.20999999999999966,0.05249999999999995,0.2099999999999998
primary,bounded,frontier_52,ALB,0.09705610728515415,0.05249999999999995,0.2099999999999998
primary,bounded,frontier_52,CIEN,0.2099999999999998,0.05249999999999995,0.2099999999999998
primary,bounded,frontier_52,COIN,-0.022500000000000055,-0.09,-0.0225
primary,bounded,frontier_52,FDS,-0.02250000000000004,-0.09,-0.0225
primary,bounded,frontier_52,FISV,-0.09,-0.09,-0.0225
primary,bounded,frontier_52,GDDY,-0.03240181051973889,-0.09,-0.0225
primary,bounded,frontier_52,INTC,0.05250000000000015,0.05249999999999995,0.2099999999999998
primary,bounded,frontier_52,IT,-0.08999999999999997,-0.09,-0.0225
primary,bounded,frontier_52,LRCX,0.05249999999999995,0.05249999999999995,0.2099999999999998
primary,bounded,frontier_52,MU,0.11002738650237909,0.05249999999999995,0.2099999999999998
primary,bounded,frontier_52,NOW,-0.022500000000000023,-0.09,-0.0225
primary,bounded,frontier_52,PAYC,-0.022500000000000096,-0.09,-0.0225
primary,bounded,frontier_52,SMCI,-0.03509818948026099,-0.09,-0.0225
primary,bounded,frontier_52,SNDK,0.07356538769723553,0.05249999999999995,0.2099999999999998
primary,bounded,frontier_52,STX,0.13935111851523047,0.05249999999999995,0.2099999999999998
primary,bounded,frontier_52,TER,0.05249999999999995,0.05249999999999995,0.2099999999999998
primary,bounded,frontier_52,TTD,-0.08999999999999997,-0.09,-0.0225
primary,bounded,frontier_52,TYL,-0.0225,-0.09,-0.0225
primary,bounded,frontier_52,WBD,0.052499999999999984,0.05249999999999995,0.2099999999999998
primary,bounded,frontier_52,WDC,0.2099999999999998,0.05249999999999995,0.2099999999999998
primary,bounded,frontier_53,ALB,0.09583836413445361,0.05249999999999995,0.2099999999999998
primary,bounded,frontier_53,CIEN,0.2099999999999998,0.05249999999999995,0.2099999999999998
primary,bounded,frontier_53,COIN,-0.022500000000000023,-0.09,-0.0225
primary,bounded,frontier_53,FDS,-0.022500000000000124,-0.09,-0.0225
primary,bounded,frontier_53,FISV,-0.09,-0.09,-0.0225
primary,bounded,frontier_53,GDDY,-0.03319650666535223,-0.09,-0.0225
primary,bounded,frontier_53,INTC,0.05250000000000002,0.05249999999999995,0.2099999999999998
primary,bounded,frontier_53,IT,-0.09,-0.09,-0.0225
primary,bounded,frontier_53,LRCX,0.05249999999999996,0.05249999999999995,0.2099999999999998
primary,bounded,frontier_53,MU,0.10927267185695613,0.05249999999999995,0.2099999999999998
primary,bounded,frontier_53,NOW,-0.0225,-0.09,-0.0225
primary,bounded,frontier_53,PAYC,-0.0225,-0.09,-0.0225
primary,bounded,frontier_53,SMCI,-0.03430349333464779,-0.09,-0.0225
primary,bounded,frontier_53,SNDK,0.07627747399786151,0.05249999999999995,0.2099999999999998
primary,bounded,frontier_53,STX,0.1386114900107283,0.05249999999999995,0.2099999999999998
primary,bounded,frontier_53,TER,0.05249999999999995,0.05249999999999995,0.2099999999999998
primary,bounded,frontier_53,TTD,-0.08999999999999993,-0.09,-0.0225
primary,bounded,frontier_53,TYL,-0.0225,-0.09,-0.0225
primary,bounded,frontier_53,WBD,0.05249999999999995,0.05249999999999995,0.2099999999999998
primary,bounded,frontier_53,WDC,0.20999999999999971,0.05249999999999995,0.2099999999999998
primary,bounded,frontier_54,ALB,0.0946206209837519,0.05249999999999995,0.2099999999999998
primary,bounded,frontier_54,CIEN,0.2099999999999998,0.05249999999999995,0.2099999999999998
primary,bounded,frontier_54,COIN,-0.0225,-0.09,-0.0225
primary,bounded,frontier_54,FDS,-0.0225,-0.09,-0.0225
primary,bounded,frontier_54,FISV,-0.08999999999999996,-0.09,-0.0225
primary,bounded,frontier_54,GDDY,-0.03399120281096556,-0.09,-0.0225
primary,bounded,frontier_54,INTC,0.05249999999999995,0.05249999999999995,0.2099999999999998
primary,bounded,frontier_54,IT,-0.09,-0.09,-0.0225
primary,bounded,frontier_54,LRCX,0.052500000000000005,0.05249999999999995,0.2099999999999998
primary,bounded,frontier_54,MU,0.10851795721153032,0.05249999999999995,0.2099999999999998
primary,bounded,frontier_54,NOW,-0.0225,-0.09,-0.0225
primary,bounded,frontier_54,PAYC,-0.022500000000000048,-0.09,-0.0225
primary,bounded,frontier_54,SMCI,-0.03350879718903448,-0.09,-0.0225
primary,bounded,frontier_54,SNDK,0.07898956029848839,0.05249999999999995,0.2099999999999998
primary,bounded,frontier_54,STX,0.1378718615062288,0.05249999999999995,0.2099999999999998
primary,bounded,frontier_54,TER,0.05249999999999995,0.05249999999999995,0.2099999999999998
primary,bounded,frontier_54,TTD,-0.09,-0.09,-0.0225
primary,bounded,frontier_54,TYL,-0.022500000000000037,-0.09,-0.0225
primary,bounded,frontier_54,WBD,0.05249999999999995,0.05249999999999995,0.2099999999999998
primary,bounded,frontier_54,WDC,0.2099999999999998,0.05249999999999995,0.2099999999999998
primary,bounded,frontier_55,ALB,0.09340287783305026,0.05249999999999995,0.2099999999999998
primary,bounded,frontier_55,CIEN,0.2099999999999998,0.05249999999999995,0.2099999999999998
primary,bounded,frontier_55,COIN,-0.0225,-0.09,-0.0225
primary,bounded,frontier_55,FDS,-0.0225,-0.09,-0.0225
primary,bounded,frontier_55,FISV,-0.09,-0.09,-0.0225
primary,bounded,frontier_55,GDDY,-0.034785898956578826,-0.09,-0.0225
primary,bounded,frontier_55,INTC,0.05249999999999995,0.05249999999999995,0.2099999999999998
primary,bounded,frontier_55,IT,-0.08999999999999998,-0.09,-0.0225
primary,bounded,frontier_55,LRCX,0.05249999999999995,0.05249999999999995,0.2099999999999998
primary,bounded,frontier_55,MU,0.10776324256610531,0.05249999999999995,0.2099999999999998
primary,bounded,frontier_55,NOW,-0.0225,-0.09,-0.0225
primary,bounded,frontier_55,PAYC,-0.0225,-0.09,-0.0225
primary,bounded,frontier_55,SMCI,-0.03271410104342124,-0.09,-0.0225
primary,bounded,frontier_55,SNDK,0.0817016465991142,0.05249999999999995,0.2099999999999998
primary,bounded,frontier_55,STX,0.13713223300172983,0.05249999999999995,0.2099999999999998
primary,bounded,frontier_55,TER,0.05249999999999995,0.05249999999999995,0.2099999999999998
primary,bounded,frontier_55,TTD,-0.09,-0.09,-0.0225
primary,bounded,frontier_55,TYL,-0.0225,-0.09,-0.0225
primary,bounded,frontier_55,WBD,0.05249999999999995,0.05249999999999995,0.2099999999999998
primary,bounded,frontier_55,WDC,0.2099999999999998,0.05249999999999995,0.2099999999999998
primary,bounded,frontier_56,ALB,0.09218513468234862,0.05249999999999995,0.2099999999999998
primary,bounded,frontier_56,CIEN,0.20999999999999958,0.05249999999999995,0.2099999999999998
primary,bounded,frontier_56,COIN,-0.022500000000000193,-0.09,-0.0225
primary,bounded,frontier_56,FDS,-0.022500000000000124,-0.09,-0.0225
primary,bounded,frontier_56,FISV,-0.08999999999999989,-0.09,-0.0225
primary,bounded,frontier_56,GDDY,-0.035580595102192324,-0.09,-0.0225
primary,bounded,frontier_56,INTC,0.052500000000000165,0.05249999999999995,0.2099999999999998
primary,bounded,frontier_56,IT,-0.08999999999999984,-0.09,-0.0225
primary,bounded,frontier_56,LRCX,0.05250000000000002,0.05249999999999995,0.2099999999999998
primary,bounded,frontier_56,MU,0.10700852792067939,0.05249999999999995,0.2099999999999998
primary,bounded,frontier_56,NOW,-0.0225,-0.09,-0.0225
primary,bounded,frontier_56,PAYC,-0.0225,-0.09,-0.0225
primary,bounded,frontier_56,SMCI,-0.03191940489780768,-0.09,-0.0225
primary,bounded,frontier_56,SNDK,0.08441373289974048,0.05249999999999995,0.2099999999999998
primary,bounded,frontier_56,STX,0.13639260449723067,0.05249999999999995,0.2099999999999998
primary,bounded,frontier_56,TER,0.05250000000000001,0.05249999999999995,0.2099999999999998
primary,bounded,frontier_56,TTD,-0.08999999999999993,-0.09,-0.0225
primary,bounded,frontier_56,TYL,-0.022500000000000075,-0.09,-0.0225
primary,bounded,frontier_56,WBD,0.052500000000000165,0.05249999999999995,0.2099999999999998
primary,bounded,frontier_56,WDC,0.20999999999999974,0.05249999999999995,0.2099999999999998
primary,bounded,frontier_57,ALB,0.09096739153164646,0.05249999999999995,0.2099999999999998
primary,bounded,frontier_57,CIEN,0.2099999999999997,0.05249999999999995,0.2099999999999998
primary,bounded,frontier_57,COIN,-0.02250000000000002,-0.09,-0.0225
primary,bounded,frontier_57,FDS,-0.022500000000000013,-0.09,-0.0225
primary,bounded,frontier_57,FISV,-0.08999999999999996,-0.09,-0.0225
primary,bounded,frontier_57,GDDY,-0.036375291247805294,-0.09,-0.0225
primary,bounded,frontier_57,INTC,0.05249999999999995,0.05249999999999995,0.2099999999999998
primary,bounded,frontier_57,IT,-0.08999999999999997,-0.09,-0.0225
primary,bounded,frontier_57,LRCX,0.05250000000000013,0.05249999999999995,0.2099999999999998
primary,bounded,frontier_57,MU,0.10625381327525368,0.05249999999999995,0.2099999999999998
primary,bounded,frontier_57,NOW,-0.02250000000000005,-0.09,-0.0225
primary,bounded,frontier_57,PAYC,-0.0225,-0.09,-0.0225
primary,bounded,frontier_57,SMCI,-0.03112470875219462,-0.09,-0.0225
primary,bounded,frontier_57,SNDK,0.08712581920036729,0.05249999999999995,0.2099999999999998
primary,bounded,frontier_57,STX,0.13565297599273177,0.05249999999999995,0.2099999999999998
primary,bounded,frontier_57,TER,0.05250000000000004,0.05249999999999995,0.2099999999999998
primary,bounded,frontier_57,TTD,-0.09,-0.09,-0.0225
primary,bounded,frontier_57,TYL,-0.0225,-0.09,-0.0225
primary,bounded,frontier_57,WBD,0.05250000000000001,0.05249999999999995,0.2099999999999998
primary,bounded,frontier_57,WDC,0.20999999999999977,0.05249999999999995,0.2099999999999998
primary,bounded,frontier_58,ALB,0.08974964838094526,0.05249999999999995,0.2099999999999998
primary,bounded,frontier_58,CIEN,0.2099999999999998,0.05249999999999995,0.2099999999999998
primary,bounded,frontier_58,COIN,-0.022500000000000017,-0.09,-0.0225
primary,bounded,frontier_58,FDS,-0.02250000000000014,-0.09,-0.0225
primary,bounded,frontier_58,FISV,-0.09,-0.09,-0.0225
primary,bounded,frontier_58,GDDY,-0.037169987393418535,-0.09,-0.0225
primary,bounded,frontier_58,INTC,0.05250000000000003,0.05249999999999995,0.2099999999999998
primary,bounded,frontier_58,IT,-0.08999999999999998,-0.09,-0.0225
primary,bounded,frontier_58,LRCX,0.052499999999999984,0.05249999999999995,0.2099999999999998
primary,bounded,frontier_58,MU,0.10549909862982819,0.05249999999999995,0.2099999999999998
primary,bounded,frontier_58,NOW,-0.0225,-0.09,-0.0225
primary,bounded,frontier_58,PAYC,-0.0225,-0.09,-0.0225
primary,bounded,frontier_58,SMCI,-0.03033001260658141,-0.09,-0.0225
primary,bounded,frontier_58,SNDK,0.08983790550099309,0.05249999999999995,0.2099999999999998
primary,bounded,frontier_58,STX,0.13491334748823297,0.05249999999999995,0.2099999999999998
primary,bounded,frontier_58,TER,0.05249999999999995,0.05249999999999995,0.2099999999999998
primary,bounded,frontier_58,TTD,-0.09,-0.09,-0.0225
primary,bounded,frontier_58,TYL,-0.0225,-0.09,-0.0225
primary,bounded,frontier_58,WBD,0.052500000000000005,0.05249999999999995,0.2099999999999998
primary,bounded,frontier_58,WDC,0.20999999999999977,0.05249999999999995,0.2099999999999998
primary,bounded,frontier_59,ALB,0.08853190523024329,0.05249999999999995,0.2099999999999998
primary,bounded,frontier_59,CIEN,0.20999999999999977,0.05249999999999995,0.2099999999999998
primary,bounded,frontier_59,COIN,-0.0225,-0.09,-0.0225
primary,bounded,frontier_59,FDS,-0.0225,-0.09,-0.0225
primary,bounded,frontier_59,FISV,-0.09,-0.09,-0.0225
primary,bounded,frontier_59,GDDY,-0.037964683539031985,-0.09,-0.0225
primary,bounded,frontier_59,INTC,0.05249999999999995,0.05249999999999995,0.2099999999999998
primary,bounded,frontier_59,IT,-0.08999999999999998,-0.09,-0.0225
primary,bounded,frontier_59,LRCX,0.05249999999999995,0.05249999999999995,0.2099999999999998
primary,bounded,frontier_59,MU,0.10474438398440232,0.05249999999999995,0.2099999999999998
primary,bounded,frontier_59,NOW,-0.0225,-0.09,-0.0225
primary,bounded,frontier_59,PAYC,-0.02250000000000001,-0.09,-0.0225
primary,bounded,frontier_59,SMCI,-0.02953531646096811,-0.09,-0.0225
primary,bounded,frontier_59,SNDK,0.09254999180161978,0.05249999999999995,0.2099999999999998
primary,bounded,frontier_59,STX,0.13417371898373404,0.05249999999999995,0.2099999999999998
primary,bounded,frontier_59,TER,0.05250000000000005,0.05249999999999995,0.2099999999999998
primary,bounded,frontier_59,TTD,-0.09,-0.09,-0.0225
primary,bounded,frontier_59,TYL,-0.022500000000000093,-0.09,-0.0225
primary,bounded,frontier_59,WBD,0.05250000000000001,0.05249999999999995,0.2099999999999998
primary,bounded,frontier_59,WDC,0.2099999999999998,0.05249999999999995,0.2099999999999998
primary,bounded,frontier_60,ALB,0.08731416207954172,0.05249999999999995,0.2099999999999998
primary,bounded,frontier_60,CIEN,0.2099999999999998,0.05249999999999995,0.2099999999999998
primary,bounded,frontier_60,COIN,-0.022500000000000058,-0.09,-0.0225
primary,bounded,frontier_60,FDS,-0.0225,-0.09,-0.0225
primary,bounded,frontier_60,FISV,-0.08999999999999997,-0.09,-0.0225
primary,bounded,frontier_60,GDDY,-0.0387593796846452,-0.09,-0.0225
primary,bounded,frontier_60,INTC,0.05250000000000002,0.05249999999999995,0.2099999999999998
primary,bounded,frontier_60,IT,-0.08999999999999998,-0.09,-0.0225
primary,bounded,frontier_60,LRCX,0.05250000000000001,0.05249999999999995,0.2099999999999998
primary,bounded,frontier_60,MU,0.10398966933897683,0.05249999999999995,0.2099999999999998
primary,bounded,frontier_60,NOW,-0.022500000000000037,-0.09,-0.0225
primary,bounded,frontier_60,PAYC,-0.0225,-0.09,-0.0225
primary,bounded,frontier_60,SMCI,-0.02874062031535474,-0.09,-0.0225
primary,bounded,frontier_60,SNDK,0.09526207810224595,0.05249999999999995,0.2099999999999998
primary,bounded,frontier_60,STX,0.13343409047923477,0.05249999999999995,0.2099999999999998
primary,bounded,frontier_60,TER,0.05249999999999996,0.05249999999999995,0.2099999999999998
primary,bounded,frontier_60,TTD,-0.09,-0.09,-0.0225
primary,bounded,frontier_60,TYL,-0.02250000000000006,-0.09,-0.0225
primary,bounded,frontier_60,WBD,0.05249999999999995,0.05249999999999995,0.2099999999999998
primary,bounded,frontier_60,WDC,0.2099999999999998,0.05249999999999995,0.2099999999999998
primary,bounded,frontier_61,ALB,0.08609641892884037,0.05249999999999995,0.2099999999999998
primary,bounded,frontier_61,CIEN,0.2099999999999998,0.05249999999999995,0.2099999999999998
primary,bounded,frontier_61,COIN,-0.022500000000000082,-0.09,-0.0225
primary,bounded,frontier_61,FDS,-0.0225,-0.09,-0.0225
primary,bounded,frontier_61,FISV,-0.09,-0.09,-0.0225
primary,bounded,frontier_61,GDDY,-0.03955407583025876,-0.09,-0.0225
primary,bounded,frontier_61,INTC,0.05250000000000004,0.05249999999999995,0.2099999999999998
primary,bounded,frontier_61,IT,-0.08999999999999994,-0.09,-0.0225
primary,bounded,frontier_61,LRCX,0.05249999999999999,0.05249999999999995,0.2099999999999998
primary,bounded,frontier_61,MU,0.10323495469355054,0.05249999999999995,0.2099999999999998
primary,bounded,frontier_61,NOW,-0.0225,-0.09,-0.0225
primary,bounded,frontier_61,PAYC,-0.0225,-0.09,-0.0225
primary,bounded,frontier_61,SMCI,-0.027945924169741707,-0.09,-0.0225
primary,bounded,frontier_61,SNDK,0.09797416440287258,0.05249999999999995,0.2099999999999998
primary,bounded,frontier_61,STX,0.13269446197473578,0.05249999999999995,0.2099999999999998
primary,bounded,frontier_61,TER,0.05249999999999999,0.05249999999999995,0.2099999999999998
primary,bounded,frontier_61,TTD,-0.08999999999999994,-0.09,-0.0225
primary,bounded,frontier_61,TYL,-0.0225,-0.09,-0.0225
primary,bounded,frontier_61,WBD,0.052500000000000054,0.05249999999999995,0.2099999999999998
primary,bounded,frontier_61,WDC,0.2099999999999998,0.05249999999999995,0.2099999999999998
primary,bounded,frontier_62,ALB,0.08487867577813869,0.05249999999999995,0.2099999999999998
primary,bounded,frontier_62,CIEN,0.2099999999999998,0.05249999999999995,0.2099999999999998
primary,bounded,frontier_62,COIN,-0.02250000000000008,-0.09,-0.0225
primary,bounded,frontier_62,FDS,-0.02250000000000001,-0.09,-0.0225
primary,bounded,frontier_62,FISV,-0.08999999999999993,-0.09,-0.0225
primary,bounded,frontier_62,GDDY,-0.040348771975871736,-0.09,-0.0225
primary,bounded,frontier_62,INTC,0.052500000000000116,0.05249999999999995,0.2099999999999998
primary,bounded,frontier_62,IT,-0.08999999999999997,-0.09,-0.0225
primary,bounded,frontier_62,LRCX,0.05249999999999995,0.05249999999999995,0.2099999999999998
primary,bounded,frontier_62,MU,0.10248024004812537,0.05249999999999995,0.2099999999999998
primary,bounded,frontier_62,NOW,-0.02250000000000007,-0.09,-0.0225
primary,bounded,frontier_62,PAYC,-0.0225,-0.09,-0.0225
primary,bounded,frontier_62,SMCI,-0.02715122802412816,-0.09,-0.0225
primary,bounded,frontier_62,SNDK,0.10068625070349849,0.05249999999999995,0.2099999999999998
primary,bounded,frontier_62,STX,0.13195483347023684,0.05249999999999995,0.2099999999999998
primary,bounded,frontier_62,TER,0.05249999999999997,0.05249999999999995,0.2099999999999998
primary,bounded,frontier_62,TTD,-0.08999999999999996,-0.09,-0.0225
primary,bounded,frontier_62,TYL,-0.022500000000000103,-0.09,-0.0225
primary,bounded,frontier_62,WBD,0.05250000000000002,0.05249999999999995,0.2099999999999998
primary,bounded,frontier_62,WDC,0.2099999999999998,0.05249999999999995,0.2099999999999998
primary,bounded,frontier_63,ALB,0.08366093262743682,0.05249999999999995,0.2099999999999998
primary,bounded,frontier_63,CIEN,0.2099999999999998,0.05249999999999995,0.2099999999999998
primary,bounded,frontier_63,COIN,-0.022500000000000072,-0.09,-0.0225
primary,bounded,frontier_63,FDS,-0.0225,-0.09,-0.0225
primary,bounded,frontier_63,FISV,-0.09,-0.09,-0.0225
primary,bounded,frontier_63,GDDY,-0.04114346812148507,-0.09,-0.0225
primary,bounded,frontier_63,INTC,0.05249999999999998,0.05249999999999995,0.2099999999999998
primary,bounded,frontier_63,IT,-0.08999999999999998,-0.09,-0.0225
primary,bounded,frontier_63,LRCX,0.05250000000000002,0.05249999999999995,0.2099999999999998
primary,bounded,frontier_63,MU,0.10172552540269947,0.05249999999999995,0.2099999999999998
primary,bounded,frontier_63,NOW,-0.0225,-0.09,-0.0225
primary,bounded,frontier_63,PAYC,-0.0225,-0.09,-0.0225
primary,bounded,frontier_63,SMCI,-0.026356531878515006,-0.09,-0.0225
primary,bounded,frontier_63,SNDK,0.10339833700412503,0.05249999999999995,0.2099999999999998
primary,bounded,frontier_63,STX,0.13121520496573794,0.05249999999999995,0.2099999999999998
primary,bounded,frontier_63,TER,0.05250000000000003,0.05249999999999995,0.2099999999999998
primary,bounded,frontier_63,TTD,-0.08999999999999997,-0.09,-0.0225
primary,bounded,frontier_63,TYL,-0.0225,-0.09,-0.0225
primary,bounded,frontier_63,WBD,0.052500000000000005,0.05249999999999995,0.2099999999999998
primary,bounded,frontier_63,WDC,0.20999999999999977,0.05249999999999995,0.2099999999999998
primary,bounded,frontier_64,ALB,0.08244318947673526,0.05249999999999995,0.2099999999999998
primary,bounded,frontier_64,CIEN,0.2099999999999998,0.05249999999999995,0.2099999999999998
primary,bounded,frontier_64,COIN,-0.0225,-0.09,-0.0225
primary,bounded,frontier_64,FDS,-0.0225,-0.09,-0.0225
primary,bounded,frontier_64,FISV,-0.09,-0.09,-0.0225
primary,bounded,frontier_64,GDDY,-0.0419381642670981,-0.09,-0.0225
primary,bounded,frontier_64,INTC,0.05249999999999995,0.05249999999999995,0.2099999999999998
primary,bounded,frontier_64,IT,-0.08999999999999997,-0.09,-0.0225
primary,bounded,frontier_64,LRCX,0.05249999999999995,0.05249999999999995,0.2099999999999998
primary,bounded,frontier_64,MU,0.10097081075727408,0.05249999999999995,0.2099999999999998
primary,bounded,frontier_64,NOW,-0.022500000000000027,-0.09,-0.0225
primary,bounded,frontier_64,PAYC,-0.0225,-0.09,-0.0225
primary,bounded,frontier_64,SMCI,-0.025561835732901963,-0.09,-0.0225
primary,bounded,frontier_64,SNDK,0.10611042330475096,0.05249999999999995,0.2099999999999998
primary,bounded,frontier_64,STX,0.13047557646123917,0.05249999999999995,0.2099999999999998
primary,bounded,frontier_64,TER,0.05249999999999995,0.05249999999999995,0.2099999999999998
primary,bounded,frontier_64,TTD,-0.09,-0.09,-0.0225
primary,bounded,frontier_64,TYL,-0.0225,-0.09,-0.0225
primary,bounded,frontier_64,WBD,0.05249999999999995,0.05249999999999995,0.2099999999999998
primary,bounded,frontier_64,WDC,0.20999999999999977,0.05249999999999995,0.2099999999999998
primary,bounded,frontier_65,ALB,0.08122544632603362,0.05249999999999995,0.2099999999999998
primary,bounded,frontier_65,CIEN,0.2099999999999998,0.05249999999999995,0.2099999999999998
primary,bounded,frontier_65,COIN,-0.0225,-0.09,-0.0225
primary,bounded,frontier_65,FDS,-0.0225,-0.09,-0.0225
primary,bounded,frontier_65,FISV,-0.09,-0.09,-0.0225
primary,bounded,frontier_65,GDDY,-0.04273286041271147,-0.09,-0.0225
primary,bounded,frontier_65,INTC,0.05249999999999995,0.05249999999999995,0.2099999999999998
primary,bounded,frontier_65,IT,-0.09,-0.09,-0.0225
primary,bounded,frontier_65,LRCX,0.05249999999999995,0.05249999999999995,0.2099999999999998
primary,bounded,frontier_65,MU,0.10021609611184804,0.05249999999999995,0.2099999999999998
primary,bounded,frontier_65,NOW,-0.022500000000000048,-0.09,-0.0225
primary,bounded,frontier_65,PAYC,-0.0225,-0.09,-0.0225
primary,bounded,frontier_65,SMCI,-0.024767139587288305,-0.09,-0.0225
primary,bounded,frontier_65,SNDK,0.10882250960537757,0.05249999999999995,0.2099999999999998
primary,bounded,frontier_65,STX,0.12973594795674048,0.05249999999999995,0.2099999999999998
primary,bounded,frontier_65,TER,0.05249999999999995,0.05249999999999995,0.2099999999999998
primary,bounded,frontier_65,TTD,-0.09,-0.09,-0.0225
primary,bounded,frontier_65,TYL,-0.022500000000000193,-0.09,-0.0225
primary,bounded,frontier_65,WBD,0.05249999999999995,0.05249999999999995,0.2099999999999998
primary,bounded,frontier_65,WDC,0.2099999999999998,0.05249999999999995,0.2099999999999998
primary,bounded,frontier_66,ALB,0.08000770317533158,0.05249999999999995,0.2099999999999998
primary,bounded,frontier_66,CIEN,0.20999999999999971,0.05249999999999995,0.2099999999999998
primary,bounded,frontier_66,COIN,-0.022500000000000114,-0.09,-0.0225
primary,bounded,frontier_66,FDS,-0.022500000000000065,-0.09,-0.0225
primary,bounded,frontier_66,FISV,-0.09,-0.09,-0.0225
primary,bounded,frontier_66,GDDY,-0.04352755655832493,-0.09,-0.0225
primary,bounded,frontier_66,INTC,0.05249999999999997,0.05249999999999995,0.2099999999999998
primary,bounded,frontier_66,IT,-0.09,-0.09,-0.0225
primary,bounded,frontier_66,LRCX,0.05249999999999995,0.05249999999999995,0.2099999999999998
primary,bounded,frontier_66,MU,0.09946138146642325,0.05249999999999995,0.2099999999999998
primary,bounded,frontier_66,NOW,-0.0225,-0.09,-0.0225
primary,bounded,frontier_66,PAYC,-0.0225,-0.09,-0.0225
primary,bounded,frontier_66,SMCI,-0.023972443441674998,-0.09,-0.0225
primary,bounded,frontier_66,SNDK,0.11153459590600365,0.05249999999999995,0.2099999999999998
primary,bounded,frontier_66,STX,0.1289963194522411,0.05249999999999995,0.2099999999999998
primary,bounded,frontier_66,TER,0.05249999999999995,0.05249999999999995,0.2099999999999998
primary,bounded,frontier_66,TTD,-0.09,-0.09,-0.0225
primary,bounded,frontier_66,TYL,-0.0225,-0.09,-0.0225
primary,bounded,frontier_66,WBD,0.052499999999999984,0.05249999999999995,0.2099999999999998
primary,bounded,frontier_66,WDC,0.2099999999999998,0.05249999999999995,0.2099999999999998
primary,bounded,frontier_67,ALB,0.07878996002463036,0.05249999999999995,0.2099999999999998
primary,bounded,frontier_67,CIEN,0.2099999999999998,0.05249999999999995,0.2099999999999998
primary,bounded,frontier_67,COIN,-0.02250000000000009,-0.09,-0.0225
primary,bounded,frontier_67,FDS,-0.022500000000000214,-0.09,-0.0225
primary,bounded,frontier_67,FISV,-0.08999999999999998,-0.09,-0.0225
primary,bounded,frontier_67,GDDY,-0.04432225270393801,-0.09,-0.0225
primary,bounded,frontier_67,INTC,0.052500000000000116,0.05249999999999995,0.2099999999999998
primary,bounded,frontier_67,IT,-0.08999999999999993,-0.09,-0.0225
primary,bounded,frontier_67,LRCX,0.0525,0.05249999999999995,0.2099999999999998
primary,bounded,frontier_67,MU,0.09870666682099671,0.05249999999999995,0.2099999999999998
primary,bounded,frontier_67,NOW,-0.022500000000000034,-0.09,-0.0225
primary,bounded,frontier_67,PAYC,-0.0225,-0.09,-0.0225
primary,bounded,frontier_67,SMCI,-0.02317774729606181,-0.09,-0.0225
primary,bounded,frontier_67,SNDK,0.11424668220663013,0.05249999999999995,0.2099999999999998
primary,bounded,frontier_67,STX,0.12825669094774186,0.05249999999999995,0.2099999999999998
primary,bounded,frontier_67,TER,0.052499999999999956,0.05249999999999995,0.2099999999999998
primary,bounded,frontier_67,TTD,-0.09,-0.09,-0.0225
primary,bounded,frontier_67,TYL,-0.0225,-0.09,-0.0225
primary,bounded,frontier_67,WBD,0.052500000000000074,0.05249999999999995,0.2099999999999998
primary,bounded,frontier_67,WDC,0.20999999999999977,0.05249999999999995,0.2099999999999998
primary,bounded,frontier_68,ALB,0.07752356697574654,0.05249999999999995,0.2099999999999998
primary,bounded,frontier_68,CIEN,0.20999999999999974,0.05249999999999995,0.2099999999999998
primary,bounded,frontier_68,COIN,-0.022500000000000082,-0.09,-0.0225
primary,bounded,frontier_68,FDS,-0.022500000000000103,-0.09,-0.0225
primary,bounded,frontier_68,FISV,-0.09,-0.09,-0.0225
primary,bounded,frontier_68,GDDY,-0.04499999999999982,-0.09,-0.0225
primary,bounded,frontier_68,INTC,0.052500000000000005,0.05249999999999995,0.2099999999999998
primary,bounded,frontier_68,IT,-0.09,-0.09,-0.0225
primary,bounded,frontier_68,LRCX,0.05249999999999995,0.05249999999999995,0.2099999999999998
primary,bounded,frontier_68,MU,0.09794990322700194,0.05249999999999995,0.2099999999999998
primary,bounded,frontier_68,NOW,-0.0225,-0.09,-0.0225
primary,bounded,frontier_68,PAYC,-0.0225,-0.09,-0.0225
primary,bounded,frontier_68,SMCI,-0.022500000000000044,-0.09,-0.0225
primary,bounded,frontier_68,SNDK,0.11698087407121205,0.05249999999999995,0.2099999999999998
primary,bounded,frontier_68,STX,0.12754565572603882,0.05249999999999995,0.2099999999999998
primary,bounded,frontier_68,TER,0.05249999999999995,0.05249999999999995,0.2099999999999998
primary,bounded,frontier_68,TTD,-0.08999999999999991,-0.09,-0.0225
primary,bounded,frontier_68,TYL,-0.022500000000000017,-0.09,-0.0225
primary,bounded,frontier_68,WBD,0.05250000000000016,0.05249999999999995,0.2099999999999998
primary,bounded,frontier_68,WDC,0.2099999999999998,0.05249999999999995,0.2099999999999998
primary,bounded,frontier_69,ALB,0.07597915409233559,0.05249999999999995,0.2099999999999998
primary,bounded,frontier_69,CIEN,0.2099999999999998,0.05249999999999995,0.2099999999999998
primary,bounded,frontier_69,COIN,-0.02250000000000003,-0.09,-0.0225
primary,bounded,frontier_69,FDS,-0.0225,-0.09,-0.0225
primary,bounded,frontier_69,FISV,-0.08999999999999998,-0.09,-0.0225
primary,bounded,frontier_69,GDDY,-0.045000000000000026,-0.09,-0.0225
primary,bounded,frontier_69,INTC,0.05249999999999995,0.05249999999999995,0.2099999999999998
primary,bounded,frontier_69,IT,-0.09,-0.09,-0.0225
primary,bounded,frontier_69,LRCX,0.05249999999999995,0.05249999999999995,0.2099999999999998
primary,bounded,frontier_69,MU,0.09719073270921647,0.05249999999999995,0.2099999999999998
primary,bounded,frontier_69,NOW,-0.022500000000000044,-0.09,-0.0225
primary,bounded,frontier_69,PAYC,-0.0225,-0.09,-0.0225
primary,bounded,frontier_69,SMCI,-0.02250000000000004,-0.09,-0.0225
primary,bounded,frontier_69,SNDK,0.11984375183045547,0.05249999999999995,0.2099999999999998
primary,bounded,frontier_69,STX,0.12698636136799227,0.05249999999999995,0.2099999999999998
primary,bounded,frontier_69,TER,0.05249999999999995,0.05249999999999995,0.2099999999999998
primary,bounded,frontier_69,TTD,-0.08999999999999994,-0.09,-0.0225
primary,bounded,frontier_69,TYL,-0.022500000000000044,-0.09,-0.0225
primary,bounded,frontier_69,WBD,0.05249999999999996,0.05249999999999995,0.2099999999999998
primary,bounded,frontier_69,WDC,0.20999999999999971,0.05249999999999995,0.2099999999999998
primary,bounded,frontier_70,ALB,0.07443505167486475,0.05249999999999995,0.2099999999999998
primary,bounded,frontier_70,CIEN,0.2099999999999998,0.05249999999999995,0.2099999999999998
primary,bounded,frontier_70,COIN,-0.02250000000000003,-0.09,-0.0225
primary,bounded,frontier_70,FDS,-0.022500000000000082,-0.09,-0.0225
primary,bounded,frontier_70,FISV,-0.09,-0.09,-0.0225
primary,bounded,frontier_70,GDDY,-0.045,-0.09,-0.0225
primary,bounded,frontier_70,INTC,0.052499999999999984,0.05249999999999995,0.2099999999999998
primary,bounded,frontier_70,IT,-0.09,-0.09,-0.0225
primary,bounded,frontier_70,LRCX,0.0525000000000001,0.05249999999999995,0.2099999999999998
primary,bounded,frontier_70,MU,0.0964312555298713,0.05249999999999995,0.2099999999999998
primary,bounded,frontier_70,NOW,-0.0225,-0.09,-0.0225
primary,bounded,frontier_70,PAYC,-0.0225,-0.09,-0.0225
primary,bounded,frontier_70,SMCI,-0.022500000000000006,-0.09,-0.0225
primary,bounded,frontier_70,SNDK,0.12270673720271436,0.05249999999999995,0.2099999999999998
primary,bounded,frontier_70,STX,0.1264269555925491,0.05249999999999995,0.2099999999999998
primary,bounded,frontier_70,TER,0.05249999999999995,0.05249999999999995,0.2099999999999998
primary,bounded,frontier_70,TTD,-0.09,-0.09,-0.0225
primary,bounded,frontier_70,TYL,-0.022500000000000003,-0.09,-0.0225
primary,bounded,frontier_70,WBD,0.05249999999999995,0.05249999999999995,0.2099999999999998
primary,bounded,frontier_70,WDC,0.20999999999999977,0.05249999999999995,0.2099999999999998
primary,bounded,frontier_71,ALB,0.07289094852259803,0.05249999999999995,0.2099999999999998
primary,bounded,frontier_71,CIEN,0.2099999999999998,0.05249999999999995,0.2099999999999998
primary,bounded,frontier_71,COIN,-0.0225,-0.09,-0.0225
primary,bounded,frontier_71,FDS,-0.022500000000000225,-0.09,-0.0225
primary,bounded,frontier_71,FISV,-0.08999999999999994,-0.09,-0.0225
primary,bounded,frontier_71,GDDY,-0.04499999999999977,-0.09,-0.0225
primary,bounded,frontier_71,INTC,0.05250000000000008,0.05249999999999995,0.2099999999999998
primary,bounded,frontier_71,IT,-0.08999999999999996,-0.09,-0.0225
primary,bounded,frontier_71,LRCX,0.05249999999999995,0.05249999999999995,0.2099999999999998
primary,bounded,frontier_71,MU,0.09567177932454686,0.05249999999999995,0.2099999999999998
primary,bounded,frontier_71,NOW,-0.022500000000000107,-0.09,-0.0225
primary,bounded,frontier_71,PAYC,-0.02250000000000005,-0.09,-0.0225
primary,bounded,frontier_71,SMCI,-0.0225,-0.09,-0.0225
primary,bounded,frontier_71,SNDK,0.12556972230577454,0.05249999999999995,0.2099999999999998
primary,bounded,frontier_71,STX,0.12586754984707976,0.05249999999999995,0.2099999999999998
primary,bounded,frontier_71,TER,0.05249999999999999,0.05249999999999995,0.2099999999999998
primary,bounded,frontier_71,TTD,-0.09,-0.09,-0.0225
primary,bounded,frontier_71,TYL,-0.02250000000000005,-0.09,-0.0225
primary,bounded,frontier_71,WBD,0.05250000000000007,0.05249999999999995,0.2099999999999998
primary,bounded,frontier_71,WDC,0.2099999999999997,0.05249999999999995,0.2099999999999998
primary,bounded,frontier_72,ALB,0.07134684537167324,0.05249999999999995,0.2099999999999998
primary,bounded,frontier_72,CIEN,0.2099999999999998,0.05249999999999995,0.2099999999999998
primary,bounded,frontier_72,COIN,-0.0225,-0.09,-0.0225
primary,bounded,frontier_72,FDS,-0.02250000000000002,-0.09,-0.0225
primary,bounded,frontier_72,FISV,-0.09,-0.09,-0.0225
primary,bounded,frontier_72,GDDY,-0.04500000000000007,-0.09,-0.0225
primary,bounded,frontier_72,INTC,0.05249999999999995,0.05249999999999995,0.2099999999999998
primary,bounded,frontier_72,IT,-0.09,-0.09,-0.0225
primary,bounded,frontier_72,LRCX,0.05249999999999995,0.05249999999999995,0.2099999999999998
primary,bounded,frontier_72,MU,0.0949123031174198,0.05249999999999995,0.2099999999999998
primary,bounded,frontier_72,NOW,-0.022500000000000086,-0.09,-0.0225
primary,bounded,frontier_72,PAYC,-0.0225,-0.09,-0.0225
primary,bounded,frontier_72,SMCI,-0.0225,-0.09,-0.0225
primary,bounded,frontier_72,SNDK,0.1284327074093278,0.05249999999999995,0.2099999999999998
primary,bounded,frontier_72,STX,0.12530814410157895,0.05249999999999995,0.2099999999999998
primary,bounded,frontier_72,TER,0.052499999999999956,0.05249999999999995,0.2099999999999998
primary,bounded,frontier_72,TTD,-0.09,-0.09,-0.0225
primary,bounded,frontier_72,TYL,-0.0225,-0.09,-0.0225
primary,bounded,frontier_72,WBD,0.05249999999999995,0.05249999999999995,0.2099999999999998
primary,bounded,frontier_72,WDC,0.2099999999999998,0.05249999999999995,0.2099999999999998
primary,bounded,frontier_73,ALB,0.06980274222074637,0.05249999999999995,0.2099999999999998
primary,bounded,frontier_73,CIEN,0.2099999999999998,0.05249999999999995,0.2099999999999998
primary,bounded,frontier_73,COIN,-0.022500000000000075,-0.09,-0.0225
primary,bounded,frontier_73,FDS,-0.02250000000000007,-0.09,-0.0225
primary,bounded,frontier_73,FISV,-0.09,-0.09,-0.0225
primary,bounded,frontier_73,GDDY,-0.04499999999999995,-0.09,-0.0225
primary,bounded,frontier_73,INTC,0.05249999999999995,0.05249999999999995,0.2099999999999998
primary,bounded,frontier_73,IT,-0.09,-0.09,-0.0225
primary,bounded,frontier_73,LRCX,0.05249999999999995,0.05249999999999995,0.2099999999999998
primary,bounded,frontier_73,MU,0.09415282691029286,0.05249999999999995,0.2099999999999998
primary,bounded,frontier_73,NOW,-0.0225,-0.09,-0.0225
primary,bounded,frontier_73,PAYC,-0.0225,-0.09,-0.0225
primary,bounded,frontier_73,SMCI,-0.0225,-0.09,-0.0225
primary,bounded,frontier_73,SNDK,0.1312956925128793,0.05249999999999995,0.2099999999999998
primary,bounded,frontier_73,STX,0.12474873835608133,0.05249999999999995,0.2099999999999998
primary,bounded,frontier_73,TER,0.05249999999999995,0.05249999999999995,0.2099999999999998
primary,bounded,frontier_73,TTD,-0.08999999999999991,-0.09,-0.0225
primary,bounded,frontier_73,TYL,-0.0225,-0.09,-0.0225
primary,bounded,frontier_73,WBD,0.05249999999999995,0.05249999999999995,0.2099999999999998
primary,bounded,frontier_73,WDC,0.20999999999999974,0.05249999999999995,0.2099999999999998
primary,bounded,frontier_74,ALB,0.06825863906981942,0.05249999999999995,0.2099999999999998
primary,bounded,frontier_74,CIEN,0.2099999999999998,0.05249999999999995,0.2099999999999998
primary,bounded,frontier_74,COIN,-0.02250000000000001,-0.09,-0.0225
primary,bounded,frontier_74,FDS,-0.02250000000000008,-0.09,-0.0225
primary,bounded,frontier_74,FISV,-0.09,-0.09,-0.0225
primary,bounded,frontier_74,GDDY,-0.0449999999999999,-0.09,-0.0225
primary,bounded,frontier_74,INTC,0.05249999999999995,0.05249999999999995,0.2099999999999998
primary,bounded,frontier_74,IT,-0.09,-0.09,-0.0225
primary,bounded,frontier_74,LRCX,0.05250000000000003,0.05249999999999995,0.2099999999999998
primary,bounded,frontier_74,MU,0.09339335070316734,0.05249999999999995,0.2099999999999998
primary,bounded,frontier_74,NOW,-0.0225,-0.09,-0.0225
primary,bounded,frontier_74,PAYC,-0.0225,-0.09,-0.0225
primary,bounded,frontier_74,SMCI,-0.022500000000000065,-0.09,-0.0225
primary,bounded,frontier_74,SNDK,0.13415867761643183,0.05249999999999995,0.2099999999999998
primary,bounded,frontier_74,STX,0.12418933261058088,0.05249999999999995,0.2099999999999998
primary,bounded,frontier_74,TER,0.052499999999999956,0.05249999999999995,0.2099999999999998
primary,bounded,frontier_74,TTD,-0.09,-0.09,-0.0225
primary,bounded,frontier_74,TYL,-0.0225,-0.09,-0.0225
primary,bounded,frontier_74,WBD,0.05249999999999995,0.05249999999999995,0.2099999999999998
primary,bounded,frontier_74,WDC,0.2099999999999998,0.05249999999999995,0.2099999999999998
primary,bounded,frontier_75,ALB,0.06671453591889256,0.05249999999999995,0.2099999999999998
primary,bounded,frontier_75,CIEN,0.2099999999999998,0.05249999999999995,0.2099999999999998
primary,bounded,frontier_75,COIN,-0.0225,-0.09,-0.0225
primary,bounded,frontier_75,FDS,-0.022500000000000145,-0.09,-0.0225
primary,bounded,frontier_75,FISV,-0.08999999999999993,-0.09,-0.0225
primary,bounded,frontier_75,GDDY,-0.045000000000000075,-0.09,-0.0225
primary,bounded,frontier_75,INTC,0.052500000000000026,0.05249999999999995,0.2099999999999998
primary,bounded,frontier_75,IT,-0.08999999999999996,-0.09,-0.0225
primary,bounded,frontier_75,LRCX,0.05250000000000001,0.05249999999999995,0.2099999999999998
primary,bounded,frontier_75,MU,0.09263387449604177,0.05249999999999995,0.2099999999999998
primary,bounded,frontier_75,NOW,-0.022500000000000017,-0.09,-0.0225
primary,bounded,frontier_75,PAYC,-0.02250000000000003,-0.09,-0.0225
primary,bounded,frontier_75,SMCI,-0.0225,-0.09,-0.0225
primary,bounded,frontier_75,SNDK,0.1370216627199838,0.05249999999999995,0.2099999999999998
primary,bounded,frontier_75,STX,0.12362992686508122,0.05249999999999995,0.2099999999999998
primary,bounded,frontier_75,TER,0.05249999999999995,0.05249999999999995,0.2099999999999998
primary,bounded,frontier_75,TTD,-0.08999999999999998,-0.09,-0.0225
primary,bounded,frontier_75,TYL,-0.0225,-0.09,-0.0225
primary,bounded,frontier_75,WBD,0.05249999999999998,0.05249999999999995,0.2099999999999998
primary,bounded,frontier_75,WDC,0.20999999999999974,0.05249999999999995,0.2099999999999998
primary,bounded,frontier_76,ALB,0.06517043276796543,0.05249999999999995,0.2099999999999998
primary,bounded,frontier_76,CIEN,0.2099999999999998,0.05249999999999995,0.2099999999999998
primary,bounded,frontier_76,COIN,-0.02250000000000002,-0.09,-0.0225
primary,bounded,frontier_76,FDS,-0.022500000000000034,-0.09,-0.0225
primary,bounded,frontier_76,FISV,-0.08999999999999997,-0.09,-0.0225
primary,bounded,frontier_76,GDDY,-0.04500000000000009,-0.09,-0.0225
primary,bounded,frontier_76,INTC,0.05250000000000005,0.05249999999999995,0.2099999999999998
primary,bounded,frontier_76,IT,-0.08999999999999998,-0.09,-0.0225
primary,bounded,frontier_76,LRCX,0.05250000000000013,0.05249999999999995,0.2099999999999998
primary,bounded,frontier_76,MU,0.09187439828891636,0.05249999999999995,0.2099999999999998
primary,bounded,frontier_76,NOW,-0.0225,-0.09,-0.0225
primary,bounded,frontier_76,PAYC,-0.0225,-0.09,-0.0225
primary,bounded,frontier_76,SMCI,-0.0225,-0.09,-0.0225
primary,bounded,frontier_76,SNDK,0.13988464782353596,0.05249999999999995,0.2099999999999998
primary,bounded,frontier_76,STX,0.12307052111958154,0.05249999999999995,0.2099999999999998
primary,bounded,frontier_76,TER,0.05249999999999995,0.05249999999999995,0.2099999999999998
primary,bounded,frontier_76,TTD,-0.09,-0.09,-0.0225
primary,bounded,frontier_76,TYL,-0.0225,-0.09,-0.0225
primary,bounded,frontier_76,WBD,0.052500000000000005,0.05249999999999995,0.2099999999999998
primary,bounded,frontier_76,WDC,0.2099999999999998,0.05249999999999995,0.2099999999999998
primary,bounded,frontier_77,ALB,0.06362632961703918,0.05249999999999995,0.2099999999999998
primary,bounded,frontier_77,CIEN,0.2099999999999998,0.05249999999999995,0.2099999999999998
primary,bounded,frontier_77,COIN,-0.0225,-0.09,-0.0225
primary,bounded,frontier_77,FDS,-0.0225,-0.09,-0.0225
primary,bounded,frontier_77,FISV,-0.08999999999999997,-0.09,-0.0225
primary,bounded,frontier_77,GDDY,-0.04499999999999996,-0.09,-0.0225
primary,bounded,frontier_77,INTC,0.05249999999999995,0.05249999999999995,0.2099999999999998
primary,bounded,frontier_77,IT,-0.09,-0.09,-0.0225
primary,bounded,frontier_77,LRCX,0.05249999999999995,0.05249999999999995,0.2099999999999998
primary,bounded,frontier_77,MU,0.09111492208179009,0.05249999999999995,0.2099999999999998
primary,bounded,frontier_77,NOW,-0.02250000000000006,-0.09,-0.0225
primary,bounded,frontier_77,PAYC,-0.022500000000000072,-0.09,-0.0225
primary,bounded,frontier_77,SMCI,-0.02250000000000009,-0.09,-0.0225
primary,bounded,frontier_77,SNDK,0.14274763292708814,0.05249999999999995,0.2099999999999998
primary,bounded,frontier_77,STX,0.12251111537408232,0.05249999999999995,0.2099999999999998
primary,bounded,frontier_77,TER,0.05249999999999999,0.05249999999999995,0.2099999999999998
primary,bounded,frontier_77,TTD,-0.08999999999999997,-0.09,-0.0225
primary,bounded,frontier_77,TYL,-0.02250000000000004,-0.09,-0.0225
primary,bounded,frontier_77,WBD,0.05249999999999995,0.05249999999999995,0.2099999999999998
primary,bounded,frontier_77,WDC,0.20999999999999971,0.05249999999999995,0.2099999999999998
primary,bounded,frontier_78,ALB,0.06208222646611223,0.05249999999999995,0.2099999999999998
primary,bounded,frontier_78,CIEN,0.2099999999999998,0.05249999999999995,0.2099999999999998
primary,bounded,frontier_78,COIN,-0.02250000000000006,-0.09,-0.0225
primary,bounded,frontier_78,FDS,-0.022500000000000013,-0.09,-0.0225
primary,bounded,frontier_78,FISV,-0.08999999999999991,-0.09,-0.0225
primary,bounded,frontier_78,GDDY,-0.04499999999999984,-0.09,-0.0225
primary,bounded,frontier_78,INTC,0.05249999999999998,0.05249999999999995,0.2099999999999998
primary,bounded,frontier_78,IT,-0.08999999999999994,-0.09,-0.0225
primary,bounded,frontier_78,LRCX,0.05249999999999995,0.05249999999999995,0.2099999999999998
primary,bounded,frontier_78,MU,0.09035544587466403,0.05249999999999995,0.2099999999999998
primary,bounded,frontier_78,NOW,-0.022500000000000082,-0.09,-0.0225
primary,bounded,frontier_78,PAYC,-0.02250000000000004,-0.09,-0.0225
primary,bounded,frontier_78,SMCI,-0.022500000000000027,-0.09,-0.0225
primary,bounded,frontier_78,SNDK,0.14561061803064046,0.05249999999999995,0.2099999999999998
primary,bounded,frontier_78,STX,0.12195170962858261,0.05249999999999995,0.2099999999999998
primary,bounded,frontier_78,TER,0.05249999999999995,0.05249999999999995,0.2099999999999998
primary,bounded,frontier_78,TTD,-0.08999999999999998,-0.09,-0.0225
primary,bounded,frontier_78,TYL,-0.022500000000000034,-0.09,-0.0225
primary,bounded,frontier_78,WBD,0.05250000000000001,0.05249999999999995,0.2099999999999998
primary,bounded,frontier_78,WDC,0.20999999999999977,0.05249999999999995,0.2099999999999998
primary,bounded,frontier_79,ALB,0.06053812331518547,0.05249999999999995,0.2099999999999998
primary,bounded,frontier_79,CIEN,0.20999999999999974,0.05249999999999995,0.2099999999999998
primary,bounded,frontier_79,COIN,-0.0225,-0.09,-0.0225
primary,bounded,frontier_79,FDS,-0.02250000000000024,-0.09,-0.0225
primary,bounded,frontier_79,FISV,-0.09,-0.09,-0.0225
primary,bounded,frontier_79,GDDY,-0.04500000000000007,-0.09,-0.0225
primary,bounded,frontier_79,INTC,0.052500000000000026,0.05249999999999995,0.2099999999999998
primary,bounded,frontier_79,IT,-0.08999999999999994,-0.09,-0.0225
primary,bounded,frontier_79,LRCX,0.05249999999999995,0.05249999999999995,0.2099999999999998
primary,bounded,frontier_79,MU,0.08959596966753786,0.05249999999999995,0.2099999999999998
primary,bounded,frontier_79,NOW,-0.02250000000000008,-0.09,-0.0225
primary,bounded,frontier_79,PAYC,-0.0225,-0.09,-0.0225
primary,bounded,frontier_79,SMCI,-0.0225,-0.09,-0.0225
primary,bounded,frontier_79,SNDK,0.1484736031341923,0.05249999999999995,0.2099999999999998
primary,bounded,frontier_79,STX,0.12139230388308392,0.05249999999999995,0.2099999999999998
primary,bounded,frontier_79,TER,0.052499999999999956,0.05249999999999995,0.2099999999999998
primary,bounded,frontier_79,TTD,-0.08999999999999993,-0.09,-0.0225
primary,bounded,frontier_79,TYL,-0.0225,-0.09,-0.0225
primary,bounded,frontier_79,WBD,0.052499999999999984,0.05249999999999995,0.2099999999999998
primary,bounded,frontier_79,WDC,0.2099999999999998,0.05249999999999995,0.2099999999999998
primary,bounded,frontier_80,ALB,0.058994020164258094,0.05249999999999995,0.2099999999999998
primary,bounded,frontier_80,CIEN,0.2099999999999998,0.05249999999999995,0.2099999999999998
primary,bounded,frontier_80,COIN,-0.0225,-0.09,-0.0225
primary,bounded,frontier_80,FDS,-0.0225,-0.09,-0.0225
primary,bounded,frontier_80,FISV,-0.09,-0.09,-0.0225
primary,bounded,frontier_80,GDDY,-0.04499999999999999,-0.09,-0.0225
primary,bounded,frontier_80,INTC,0.05249999999999995,0.05249999999999995,0.2099999999999998
primary,bounded,frontier_80,IT,-0.09,-0.09,-0.0225
primary,bounded,frontier_80,LRCX,0.05249999999999995,0.05249999999999995,0.2099999999999998
primary,bounded,frontier_80,MU,0.08883649346041318,0.05249999999999995,0.2099999999999998
primary,bounded,frontier_80,NOW,-0.0225,-0.09,-0.0225
primary,bounded,frontier_80,PAYC,-0.02250000000000002,-0.09,-0.0225
primary,bounded,frontier_80,SMCI,-0.022500000000000103,-0.09,-0.0225
primary,bounded,frontier_80,SNDK,0.1513365882377446,0.05249999999999995,0.2099999999999998
primary,bounded,frontier_80,STX,0.12083289813758435,0.05249999999999995,0.2099999999999998
primary,bounded,frontier_80,TER,0.052500000000000026,0.05249999999999995,0.2099999999999998
primary,bounded,frontier_80,TTD,-0.09,-0.09,-0.0225
primary,bounded,frontier_80,TYL,-0.022500000000000107,-0.09,-0.0225
primary,bounded,frontier_80,WBD,0.05249999999999995,0.05249999999999995,0.2099999999999998
primary,bounded,frontier_80,WDC,0.20999999999999974,0.05249999999999995,0.2099999999999998
primary,bounded,frontier_81,ALB,0.05744991701333134,0.05249999999999995,0.2099999999999998
primary,bounded,frontier_81,CIEN,0.20999999999999977,0.05249999999999995,0.2099999999999998
primary,bounded,frontier_81,COIN,-0.022500000000000093,-0.09,-0.0225
primary,bounded,frontier_81,FDS,-0.02250000000000004,-0.09,-0.0225
primary,bounded,frontier_81,FISV,-0.08999999999999996,-0.09,-0.0225
primary,bounded,frontier_81,GDDY,-0.04500000000000001,-0.09,-0.0225
primary,bounded,frontier_81,INTC,0.05250000000000008,0.05249999999999995,0.2099999999999998
primary,bounded,frontier_81,IT,-0.08999999999999993,-0.09,-0.0225
primary,bounded,frontier_81,LRCX,0.052500000000000026,0.05249999999999995,0.2099999999999998
primary,bounded,frontier_81,MU,0.08807701725328702,0.05249999999999995,0.2099999999999998
primary,bounded,frontier_81,NOW,-0.022500000000000034,-0.09,-0.0225
primary,bounded,frontier_81,PAYC,-0.0225,-0.09,-0.0225
primary,bounded,frontier_81,SMCI,-0.022500000000000003,-0.09,-0.0225
primary,bounded,frontier_81,SNDK,0.15419957334129664,0.05249999999999995,0.2099999999999998
primary,bounded,frontier_81,STX,0.12027349239208432,0.05249999999999995,0.2099999999999998
primary,bounded,frontier_81,TER,0.05249999999999995,0.05249999999999995,0.2099999999999998
primary,bounded,frontier_81,TTD,-0.08999999999999997,-0.09,-0.0225
primary,bounded,frontier_81,TYL,-0.0225,-0.09,-0.0225
primary,bounded,frontier_81,WBD,0.052500000000000144,0.05249999999999995,0.2099999999999998
primary,bounded,frontier_81,WDC,0.2099999999999998,0.05249999999999995,0.2099999999999998
primary,bounded,frontier_82,ALB,0.0559058138624039,0.05249999999999995,0.2099999999999998
primary,bounded,frontier_82,CIEN,0.20999999999999971,0.05249999999999995,0.2099999999999998
primary,bounded,frontier_82,COIN,-0.0225,-0.09,-0.0225
primary,bounded,frontier_82,FDS,-0.02250000000000035,-0.09,-0.0225
primary,bounded,frontier_82,FISV,-0.09,-0.09,-0.0225
primary,bounded,frontier_82,GDDY,-0.04499999999999983,-0.09,-0.0225
primary,bounded,frontier_82,INTC,0.05249999999999995,0.05249999999999995,0.2099999999999998
primary,bounded,frontier_82,IT,-0.09,-0.09,-0.0225
primary,bounded,frontier_82,LRCX,0.05249999999999995,0.05249999999999995,0.2099999999999998
primary,bounded,frontier_82,MU,0.08731754104616171,0.05249999999999995,0.2099999999999998
primary,bounded,frontier_82,NOW,-0.0225,-0.09,-0.0225
primary,bounded,frontier_82,PAYC,-0.022500000000000037,-0.09,-0.0225
primary,bounded,frontier_82,SMCI,-0.0225,-0.09,-0.0225
primary,bounded,frontier_82,SNDK,0.1570625584448487,0.05249999999999995,0.2099999999999998
primary,bounded,frontier_82,STX,0.11971408664658538,0.05249999999999995,0.2099999999999998
primary,bounded,frontier_82,TER,0.05249999999999995,0.05249999999999995,0.2099999999999998
primary,bounded,frontier_82,TTD,-0.08999999999999998,-0.09,-0.0225
primary,bounded,frontier_82,TYL,-0.0225,-0.09,-0.0225
primary,bounded,frontier_82,WBD,0.05250000000000001,0.05249999999999995,0.2099999999999998
primary,bounded,frontier_82,WDC,0.2099999999999998,0.05249999999999995,0.2099999999999998
primary,bounded,frontier_83,ALB,0.05436171071147856,0.05249999999999995,0.2099999999999998
primary,bounded,frontier_83,CIEN,0.20999999999999971,0.05249999999999995,0.2099999999999998
primary,bounded,frontier_83,COIN,-0.022500000000000048,-0.09,-0.0225
primary,bounded,frontier_83,FDS,-0.022500000000000003,-0.09,-0.0225
primary,bounded,frontier_83,FISV,-0.08999999999999994,-0.09,-0.0225
primary,bounded,frontier_83,GDDY,-0.044999999999999964,-0.09,-0.0225
primary,bounded,frontier_83,INTC,0.05249999999999995,0.05249999999999995,0.2099999999999998
primary,bounded,frontier_83,IT,-0.08999999999999993,-0.09,-0.0225
primary,bounded,frontier_83,LRCX,0.05250000000000026,0.05249999999999995,0.2099999999999998
primary,bounded,frontier_83,MU,0.08655806483903322,0.05249999999999995,0.2099999999999998
primary,bounded,frontier_83,NOW,-0.02250000000000002,-0.09,-0.0225
primary,bounded,frontier_83,PAYC,-0.02250000000000004,-0.09,-0.0225
primary,bounded,frontier_83,SMCI,-0.022500000000000013,-0.09,-0.0225
primary,bounded,frontier_83,SNDK,0.15992554354840138,0.05249999999999995,0.2099999999999998
primary,bounded,frontier_83,STX,0.11915468090108612,0.05249999999999995,0.2099999999999998
primary,bounded,frontier_83,TER,0.05249999999999995,0.05249999999999995,0.2099999999999998
primary,bounded,frontier_83,TTD,-0.09,-0.09,-0.0225
primary,bounded,frontier_83,TYL,-0.02250000000000001,-0.09,-0.0225
primary,bounded,frontier_83,WBD,0.05249999999999996,0.05249999999999995,0.2099999999999998
primary,bounded,frontier_83,WDC,0.20999999999999974,0.05249999999999995,0.2099999999999998
primary,bounded,frontier_84,ALB,0.05281760756055021,0.05249999999999995,0.2099999999999998
primary,bounded,frontier_84,CIEN,0.2099999999999998,0.05249999999999995,0.2099999999999998
primary,bounded,frontier_84,COIN,-0.0225,-0.09,-0.0225
primary,bounded,frontier_84,FDS,-0.0225,-0.09,-0.0225
primary,bounded,frontier_84,FISV,-0.08999999999999993,-0.09,-0.0225
primary,bounded,frontier_84,GDDY,-0.045000000000000005,-0.09,-0.0225
primary,bounded,frontier_84,INTC,0.05249999999999995,0.05249999999999995,0.2099999999999998
primary,bounded,frontier_84,IT,-0.09,-0.09,-0.0225
primary,bounded,frontier_84,LRCX,0.05249999999999995,0.05249999999999995,0.2099999999999998
primary,bounded,frontier_84,MU,0.08579858863190967,0.05249999999999995,0.2099999999999998
primary,bounded,frontier_84,NOW,-0.0225,-0.09,-0.0225
primary,bounded,frontier_84,PAYC,-0.022500000000000117,-0.09,-0.0225
primary,bounded,frontier_84,SMCI,-0.022500000000000176,-0.09,-0.0225
primary,bounded,frontier_84,SNDK,0.16278852865195315,0.05249999999999995,0.2099999999999998
primary,bounded,frontier_84,STX,0.11859527515558647,0.05249999999999995,0.2099999999999998
primary,bounded,frontier_84,TER,0.05250000000000007,0.05249999999999995,0.2099999999999998
primary,bounded,frontier_84,TTD,-0.09,-0.09,-0.0225
primary,bounded,frontier_84,TYL,-0.022500000000000124,-0.09,-0.0225
primary,bounded,frontier_84,WBD,0.05249999999999995,0.05249999999999995,0.2099999999999998
primary,bounded,frontier_84,WDC,0.20999999999999974,0.05249999999999995,0.2099999999999998
primary,bounded,frontier_85,ALB,0.05250000000000017,0.05249999999999995,0.2099999999999998
primary,bounded,frontier_85,CIEN,0.2099999999999998,0.05249999999999995,0.2099999999999998
primary,bounded,frontier_85,COIN,-0.0225,-0.09,-0.0225
primary,bounded,frontier_85,FDS,-0.0225,-0.09,-0.0225
primary,bounded,frontier_85,FISV,-0.09,-0.09,-0.0225
primary,bounded,frontier_85,GDDY,-0.045000000000000005,-0.09,-0.0225
primary,bounded,frontier_85,INTC,0.05249999999999995,0.05249999999999995,0.2099999999999998
primary,bounded,frontier_85,IT,-0.09,-0.09,-0.0225
primary,bounded,frontier_85,LRCX,0.05249999999999995,0.05249999999999995,0.2099999999999998
primary,bounded,frontier_85,MU,0.08406654176378935,0.05249999999999995,0.2099999999999998
primary,bounded,frontier_85,NOW,-0.0225,-0.09,-0.0225
primary,bounded,frontier_85,PAYC,-0.022500000000000027,-0.09,-0.0225
primary,bounded,frontier_85,SMCI,-0.02250000000000006,-0.09,-0.0225
primary,bounded,frontier_85,SNDK,0.1660626783248784,0.05249999999999995,0.2099999999999998
primary,bounded,frontier_85,STX,0.11737077991133171,0.05249999999999995,0.2099999999999998
primary,bounded,frontier_85,TER,0.05249999999999995,0.05249999999999995,0.2099999999999998
primary,bounded,frontier_85,TTD,-0.09,-0.09,-0.0225
primary,bounded,frontier_85,TYL,-0.0225,-0.09,-0.0225
primary,bounded,frontier_85,WBD,0.05249999999999995,0.05249999999999995,0.2099999999999998
primary,bounded,frontier_85,WDC,0.20999999999999977,0.05249999999999995,0.2099999999999998
primary,bounded,frontier_86,ALB,0.05250000000000047,0.05249999999999995,0.2099999999999998
primary,bounded,frontier_86,CIEN,0.2099999999999998,0.05249999999999995,0.2099999999999998
primary,bounded,frontier_86,COIN,-0.0225,-0.09,-0.0225
primary,bounded,frontier_86,FDS,-0.022500000000000346,-0.09,-0.0225
primary,bounded,frontier_86,FISV,-0.09,-0.09,-0.0225
primary,bounded,frontier_86,GDDY,-0.044999999999999714,-0.09,-0.0225
primary,bounded,frontier_86,INTC,0.05249999999999995,0.05249999999999995,0.2099999999999998
primary,bounded,frontier_86,IT,-0.09,-0.09,-0.0225
primary,bounded,frontier_86,LRCX,0.05249999999999995,0.05249999999999995,0.2099999999999998
primary,bounded,frontier_86,MU,0.08208255635283153,0.05249999999999995,0.2099999999999998
primary,bounded,frontier_86,NOW,-0.0225,-0.09,-0.0225
primary,bounded,frontier_86,PAYC,-0.0225,-0.09,-0.0225
primary,bounded,frontier_86,SMCI,-0.0225,-0.09,-0.0225
primary,bounded,frontier_86,SNDK,0.16944330628828608,0.05249999999999995,0.2099999999999998
primary,bounded,frontier_86,STX,0.11597413735888172,0.05249999999999995,0.2099999999999998
primary,bounded,frontier_86,TER,0.05249999999999995,0.05249999999999995,0.2099999999999998
primary,bounded,frontier_86,TTD,-0.08999999999999994,-0.09,-0.0225
primary,bounded,frontier_86,TYL,-0.022500000000000044,-0.09,-0.0225
primary,bounded,frontier_86,WBD,0.05249999999999995,0.05249999999999995,0.2099999999999998
primary,bounded,frontier_86,WDC,0.2099999999999998,0.05249999999999995,0.2099999999999998
primary,bounded,frontier_87,ALB,0.05249999999999995,0.05249999999999995,0.2099999999999998
primary,bounded,frontier_87,CIEN,0.20999999999999977,0.05249999999999995,0.2099999999999998
primary,bounded,frontier_87,COIN,-0.0225,-0.09,-0.0225
primary,bounded,frontier_87,FDS,-0.0225,-0.09,-0.0225
primary,bounded,frontier_87,FISV,-0.09,-0.09,-0.0225
primary,bounded,frontier_87,GDDY,-0.04500000000000004,-0.09,-0.0225
primary,bounded,frontier_87,INTC,0.05249999999999995,0.05249999999999995,0.2099999999999998
primary,bounded,frontier_87,IT,-0.09,-0.09,-0.0225
primary,bounded,frontier_87,LRCX,0.05249999999999995,0.05249999999999995,0.2099999999999998
primary,bounded,frontier_87,MU,0.08009857094187259,0.05249999999999995,0.2099999999999998
primary,bounded,frontier_87,NOW,-0.0225,-0.09,-0.0225
primary,bounded,frontier_87,PAYC,-0.022500000000000017,-0.09,-0.0225
primary,bounded,frontier_87,SMCI,-0.0225,-0.09,-0.0225
primary,bounded,frontier_87,SNDK,0.17282393425169415,0.05249999999999995,0.2099999999999998
primary,bounded,frontier_87,STX,0.11457749480643331,0.05249999999999995,0.2099999999999998
primary,bounded,frontier_87,TER,0.052499999999999956,0.05249999999999995,0.2099999999999998
primary,bounded,frontier_87,TTD,-0.09,-0.09,-0.0225
primary,bounded,frontier_87,TYL,-0.0225,-0.09,-0.0225
primary,bounded,frontier_87,WBD,0.05249999999999995,0.05249999999999995,0.2099999999999998
primary,bounded,frontier_87,WDC,0.2099999999999998,0.05249999999999995,0.2099999999999998
primary,bounded,frontier_88,ALB,0.05249999999999995,0.05249999999999995,0.2099999999999998
primary,bounded,frontier_88,CIEN,0.20999999999999977,0.05249999999999995,0.2099999999999998
primary,bounded,frontier_88,COIN,-0.02250000000000006,-0.09,-0.0225
primary,bounded,frontier_88,FDS,-0.0225,-0.09,-0.0225
primary,bounded,frontier_88,FISV,-0.08999999999999998,-0.09,-0.0225
primary,bounded,frontier_88,GDDY,-0.0449999999999999,-0.09,-0.0225
primary,bounded,frontier_88,INTC,0.05250000000000009,0.05249999999999995,0.2099999999999998
primary,bounded,frontier_88,IT,-0.09,-0.09,-0.0225
primary,bounded,frontier_88,LRCX,0.052499999999999956,0.05249999999999995,0.2099999999999998
primary,bounded,frontier_88,MU,0.07811458553091356,0.05249999999999995,0.2099999999999998
primary,bounded,frontier_88,NOW,-0.0225,-0.09,-0.0225
primary,bounded,frontier_88,PAYC,-0.0225,-0.09,-0.0225
primary,bounded,frontier_88,SMCI,-0.02250000000000013,-0.09,-0.0225
primary,bounded,frontier_88,SNDK,0.17620456221510206,0.05249999999999995,0.2099999999999998
primary,bounded,frontier_88,STX,0.11318085225398423,0.05249999999999995,0.2099999999999998
primary,bounded,frontier_88,TER,0.05249999999999995,0.05249999999999995,0.2099999999999998
primary,bounded,frontier_88,TTD,-0.09,-0.09,-0.0225
primary,bounded,frontier_88,TYL,-0.022500000000000086,-0.09,-0.0225
primary,bounded,frontier_88,WBD,0.05249999999999996,0.05249999999999995,0.2099999999999998
primary,bounded,frontier_88,WDC,0.2099999999999998,0.05249999999999995,0.2099999999999998
primary,bounded,frontier_89,ALB,0.052500000000000255,0.05249999999999995,0.2099999999999998
primary,bounded,frontier_89,CIEN,0.2099999999999998,0.05249999999999995,0.2099999999999998
primary,bounded,frontier_89,COIN,-0.0225,-0.09,-0.0225
primary,bounded,frontier_89,FDS,-0.022500000000000114,-0.09,-0.0225
primary,bounded,frontier_89,FISV,-0.08999999999999993,-0.09,-0.0225
primary,bounded,frontier_89,GDDY,-0.044999999999999894,-0.09,-0.0225
primary,bounded,frontier_89,INTC,0.05249999999999995,0.05249999999999995,0.2099999999999998
primary,bounded,frontier_89,IT,-0.08999999999999997,-0.09,-0.0225
primary,bounded,frontier_89,LRCX,0.05249999999999995,0.05249999999999995,0.2099999999999998
primary,bounded,frontier_89,MU,0.07613060011995447,0.05249999999999995,0.2099999999999998
primary,bounded,frontier_89,NOW,-0.02250000000000007,-0.09,-0.0225
primary,bounded,frontier_89,PAYC,-0.022500000000000017,-0.09,-0.0225
primary,bounded,frontier_89,SMCI,-0.022500000000000138,-0.09,-0.0225
primary,bounded,frontier_89,SNDK,0.1795851901785108,0.05249999999999995,0.2099999999999998
primary,bounded,frontier_89,STX,0.11178420970153406,0.05249999999999995,0.2099999999999998
primary,bounded,frontier_89,TER,0.052499999999999984,0.05249999999999995,0.2099999999999998
primary,bounded,frontier_89,TTD,-0.09,-0.09,-0.0225
primary,bounded,frontier_89,TYL,-0.0225,-0.09,-0.0225
primary,bounded,frontier_89,WBD,0.05249999999999995,0.05249999999999995,0.2099999999999998
primary,bounded,frontier_89,WDC,0.20999999999999974,0.05249999999999995,0.2099999999999998
primary,bounded,frontier_90,ALB,0.05250000000000076,0.05249999999999995,0.2099999999999998
primary,bounded,frontier_90,CIEN,0.20999999999999971,0.05249999999999995,0.2099999999999998
primary,bounded,frontier_90,COIN,-0.022500000000000027,-0.09,-0.0225
primary,bounded,frontier_90,FDS,-0.0225,-0.09,-0.0225
primary,bounded,frontier_90,FISV,-0.09,-0.09,-0.0225
primary,bounded,frontier_90,GDDY,-0.04499999999999989,-0.09,-0.0225
primary,bounded,frontier_90,INTC,0.05249999999999995,0.05249999999999995,0.2099999999999998
primary,bounded,frontier_90,IT,-0.09,-0.09,-0.0225
primary,bounded,frontier_90,LRCX,0.05249999999999995,0.05249999999999995,0.2099999999999998
primary,bounded,frontier_90,MU,0.07414661470899528,0.05249999999999995,0.2099999999999998
primary,bounded,frontier_90,NOW,-0.0225,-0.09,-0.0225
primary,bounded,frontier_90,PAYC,-0.022500000000000017,-0.09,-0.0225
primary,bounded,frontier_90,SMCI,-0.022500000000000117,-0.09,-0.0225
primary,bounded,frontier_90,SNDK,0.18296581814191906,0.05249999999999995,0.2099999999999998
primary,bounded,frontier_90,STX,0.11038756714908474,0.05249999999999995,0.2099999999999998
primary,bounded,frontier_90,TER,0.05249999999999997,0.05249999999999995,0.2099999999999998
primary,bounded,frontier_90,TTD,-0.09,-0.09,-0.0225
primary,bounded,frontier_90,TYL,-0.0225,-0.09,-0.0225
primary,bounded,frontier_90,WBD,0.05249999999999995,0.05249999999999995,0.2099999999999998
primary,bounded,frontier_90,WDC,0.2099999999999998,0.05249999999999995,0.2099999999999998
primary,bounded,frontier_91,ALB,0.05249999999999995,0.05249999999999995,0.2099999999999998
primary,bounded,frontier_91,CIEN,0.20999999999999963,0.05249999999999995,0.2099999999999998
primary,bounded,frontier_91,COIN,-0.02250000000000008,-0.09,-0.0225
primary,bounded,frontier_91,FDS,-0.0225,-0.09,-0.0225
primary,bounded,frontier_91,FISV,-0.08999999999999994,-0.09,-0.0225
primary,bounded,frontier_91,GDDY,-0.04499999999999997,-0.09,-0.0225
primary,bounded,frontier_91,INTC,0.05249999999999995,0.05249999999999995,0.2099999999999998
primary,bounded,frontier_91,IT,-0.09,-0.09,-0.0225
primary,bounded,frontier_91,LRCX,0.05250000000000008,0.05249999999999995,0.2099999999999998
primary,bounded,frontier_91,MU,0.07216262929803667,0.05249999999999995,0.2099999999999998
primary,bounded,frontier_91,NOW,-0.0225,-0.09,-0.0225
primary,bounded,frontier_91,PAYC,-0.0225,-0.09,-0.0225
primary,bounded,frontier_91,SMCI,-0.0225000000000001,-0.09,-0.0225
primary,bounded,frontier_91,SNDK,0.18634644610532727,0.05249999999999995,0.2099999999999998
primary,bounded,frontier_91,STX,0.10899092459663595,0.05249999999999995,0.2099999999999998
primary,bounded,frontier_91,TER,0.05249999999999995,0.05249999999999995,0.2099999999999998
primary,bounded,frontier_91,TTD,-0.09,-0.09,-0.0225
primary,bounded,frontier_91,TYL,-0.0225,-0.09,-0.0225
primary,bounded,frontier_91,WBD,0.05249999999999996,0.05249999999999995,0.2099999999999998
primary,bounded,frontier_91,WDC,0.2099999999999998,0.05249999999999995,0.2099999999999998
primary,bounded,frontier_92,ALB,0.052500000000000345,0.05249999999999995,0.2099999999999998
primary,bounded,frontier_92,CIEN,0.20999999999999966,0.05249999999999995,0.2099999999999998
primary,bounded,frontier_92,COIN,-0.022500000000000048,-0.09,-0.0225
primary,bounded,frontier_92,FDS,-0.0225,-0.09,-0.0225
primary,bounded,frontier_92,FISV,-0.09,-0.09,-0.0225
primary,bounded,frontier_92,GDDY,-0.04499999999999996,-0.09,-0.0225
primary,bounded,frontier_92,INTC,0.05249999999999995,0.05249999999999995,0.2099999999999998
primary,bounded,frontier_92,IT,-0.09,-0.09,-0.0225
primary,bounded,frontier_92,LRCX,0.05249999999999995,0.05249999999999995,0.2099999999999998
primary,bounded,frontier_92,MU,0.07017864388707834,0.05249999999999995,0.2099999999999998
primary,bounded,frontier_92,NOW,-0.0225,-0.09,-0.0225
primary,bounded,frontier_92,PAYC,-0.022500000000000006,-0.09,-0.0225
primary,bounded,frontier_92,SMCI,-0.02250000000000005,-0.09,-0.0225
primary,bounded,frontier_92,SNDK,0.18972707406873524,0.05249999999999995,0.2099999999999998
primary,bounded,frontier_92,STX,0.10759428204418578,0.05249999999999995,0.2099999999999998
primary,bounded,frontier_92,TER,0.05249999999999995,0.05249999999999995,0.2099999999999998
primary,bounded,frontier_92,TTD,-0.09,-0.09,-0.0225
primary,bounded,frontier_92,TYL,-0.022500000000000114,-0.09,-0.0225
primary,bounded,frontier_92,WBD,0.05249999999999995,0.05249999999999995,0.2099999999999998
primary,bounded,frontier_92,WDC,0.2099999999999998,0.05249999999999995,0.2099999999999998
primary,bounded,frontier_93,ALB,0.052500000000000185,0.05249999999999995,0.2099999999999998
primary,bounded,frontier_93,CIEN,0.2099999999999998,0.05249999999999995,0.2099999999999998
primary,bounded,frontier_93,COIN,-0.0225,-0.09,-0.0225
primary,bounded,frontier_93,FDS,-0.0225000000000001,-0.09,-0.0225
primary,bounded,frontier_93,FISV,-0.09,-0.09,-0.0225
primary,bounded,frontier_93,GDDY,-0.04500000000000018,-0.09,-0.0225
primary,bounded,frontier_93,INTC,0.05249999999999996,0.05249999999999995,0.2099999999999998
primary,bounded,frontier_93,IT,-0.09,-0.09,-0.0225
primary,bounded,frontier_93,LRCX,0.05249999999999996,0.05249999999999995,0.2099999999999998
primary,bounded,frontier_93,MU,0.06819465847611927,0.05249999999999995,0.2099999999999998
primary,bounded,frontier_93,NOW,-0.0225,-0.09,-0.0225
primary,bounded,frontier_93,PAYC,-0.0225,-0.09,-0.0225
primary,bounded,frontier_93,SMCI,-0.0225,-0.09,-0.0225
primary,bounded,frontier_93,SNDK,0.19310770203214342,0.05249999999999995,0.2099999999999998
primary,bounded,frontier_93,STX,0.10619763949173665,0.05249999999999995,0.2099999999999998
primary,bounded,frontier_93,TER,0.05249999999999995,0.05249999999999995,0.2099999999999998
primary,bounded,frontier_93,TTD,-0.08999999999999997,-0.09,-0.0225
primary,bounded,frontier_93,TYL,-0.022500000000000065,-0.09,-0.0225
primary,bounded,frontier_93,WBD,0.052500000000000026,0.05249999999999995,0.2099999999999998
primary,bounded,frontier_93,WDC,0.20999999999999974,0.05249999999999995,0.2099999999999998
primary,bounded,frontier_94,ALB,0.05249999999999995,0.05249999999999995,0.2099999999999998
primary,bounded,frontier_94,CIEN,0.20999999999999974,0.05249999999999995,0.2099999999999998
primary,bounded,frontier_94,COIN,-0.0225,-0.09,-0.0225
primary,bounded,frontier_94,FDS,-0.0225,-0.09,-0.0225
primary,bounded,frontier_94,FISV,-0.09,-0.09,-0.0225
primary,bounded,frontier_94,GDDY,-0.04500000000000003,-0.09,-0.0225
primary,bounded,frontier_94,INTC,0.05249999999999995,0.05249999999999995,0.2099999999999998
primary,bounded,frontier_94,IT,-0.08999999999999998,-0.09,-0.0225
primary,bounded,frontier_94,LRCX,0.05249999999999999,0.05249999999999995,0.2099999999999998
primary,bounded,frontier_94,MU,0.06621067306516035,0.05249999999999995,0.2099999999999998
primary,bounded,frontier_94,NOW,-0.0225,-0.09,-0.0225
primary,bounded,frontier_94,PAYC,-0.022500000000000037,-0.09,-0.0225
primary,bounded,frontier_94,SMCI,-0.02250000000000004,-0.09,-0.0225
primary,bounded,frontier_94,SNDK,0.19648832999555169,0.05249999999999995,0.2099999999999998
primary,bounded,frontier_94,STX,0.10480099693928822,0.05249999999999995,0.2099999999999998
primary,bounded,frontier_94,TER,0.05249999999999995,0.05249999999999995,0.2099999999999998
primary,bounded,frontier_94,TTD,-0.08999999999999996,-0.09,-0.0225
primary,bounded,frontier_94,TYL,-0.022500000000000155,-0.09,-0.0225
primary,bounded,frontier_94,WBD,0.05249999999999995,0.05249999999999995,0.2099999999999998
primary,bounded,frontier_94,WDC,0.2099999999999998,0.05249999999999995,0.2099999999999998
primary,bounded,frontier_95,ALB,0.05249999999999995,0.05249999999999995,0.2099999999999998
primary,bounded,frontier_95,CIEN,0.2099999999999998,0.05249999999999995,0.2099999999999998
primary,bounded,frontier_95,COIN,-0.022500000000000075,-0.09,-0.0225
primary,bounded,frontier_95,FDS,-0.0225,-0.09,-0.0225
primary,bounded,frontier_95,FISV,-0.08999999999999989,-0.09,-0.0225
primary,bounded,frontier_95,GDDY,-0.044999999999999866,-0.09,-0.0225
primary,bounded,frontier_95,INTC,0.05250000000000008,0.05249999999999995,0.2099999999999998
primary,bounded,frontier_95,IT,-0.09,-0.09,-0.0225
primary,bounded,frontier_95,LRCX,0.05250000000000004,0.05249999999999995,0.2099999999999998
primary,bounded,frontier_95,MU,0.06422668765420135,0.05249999999999995,0.2099999999999998
primary,bounded,frontier_95,NOW,-0.022500000000000037,-0.09,-0.0225
primary,bounded,frontier_95,PAYC,-0.022500000000000058,-0.09,-0.0225
primary,bounded,frontier_95,SMCI,-0.022500000000000124,-0.09,-0.0225
primary,bounded,frontier_95,SNDK,0.1998689579589599,0.05249999999999995,0.2099999999999998
primary,bounded,frontier_95,STX,0.10340435438683815,0.05249999999999995,0.2099999999999998
primary,bounded,frontier_95,TER,0.05249999999999998,0.05249999999999995,0.2099999999999998
primary,bounded,frontier_95,TTD,-0.08999999999999998,-0.09,-0.0225
primary,bounded,frontier_95,TYL,-0.022500000000000065,-0.09,-0.0225
primary,bounded,frontier_95,WBD,0.052499999999999956,0.05249999999999995,0.2099999999999998
primary,bounded,frontier_95,WDC,0.2099999999999997,0.05249999999999995,0.2099999999999998
primary,bounded,frontier_96,ALB,0.05249999999999997,0.05249999999999995,0.2099999999999998
primary,bounded,frontier_96,CIEN,0.20999999999999974,0.05249999999999995,0.2099999999999998
primary,bounded,frontier_96,COIN,-0.022500000000000058,-0.09,-0.0225
primary,bounded,frontier_96,FDS,-0.02250000000000013,-0.09,-0.0225
primary,bounded,frontier_96,FISV,-0.08999999999999997,-0.09,-0.0225
primary,bounded,frontier_96,GDDY,-0.04499999999999963,-0.09,-0.0225
primary,bounded,frontier_96,INTC,0.05250000000000002,0.05249999999999995,0.2099999999999998
primary,bounded,frontier_96,IT,-0.09,-0.09,-0.0225
primary,bounded,frontier_96,LRCX,0.05249999999999997,0.05249999999999995,0.2099999999999998
primary,bounded,frontier_96,MU,0.06224270224324214,0.05249999999999995,0.2099999999999998
primary,bounded,frontier_96,NOW,-0.02250000000000007,-0.09,-0.0225
primary,bounded,frontier_96,PAYC,-0.022500000000000013,-0.09,-0.0225
primary,bounded,frontier_96,SMCI,-0.0225,-0.09,-0.0225
primary,bounded,frontier_96,SNDK,0.20324958592236803,0.05249999999999995,0.2099999999999998
primary,bounded,frontier_96,STX,0.10200771183438934,0.05249999999999995,0.2099999999999998
primary,bounded,frontier_96,TER,0.05249999999999995,0.05249999999999995,0.2099999999999998
primary,bounded,frontier_96,TTD,-0.08999999999999993,-0.09,-0.0225
primary,bounded,frontier_96,TYL,-0.02250000000000003,-0.09,-0.0225
primary,bounded,frontier_96,WBD,0.05249999999999995,0.05249999999999995,0.2099999999999998
primary,bounded,frontier_96,WDC,0.20999999999999977,0.05249999999999995,0.2099999999999998
primary,bounded,frontier_97,ALB,0.05249999999999995,0.05249999999999995,0.2099999999999998
primary,bounded,frontier_97,CIEN,0.20999999999999963,0.05249999999999995,0.2099999999999998
primary,bounded,frontier_97,COIN,-0.02250000000000016,-0.09,-0.0225
primary,bounded,frontier_97,FDS,-0.0225,-0.09,-0.0225
primary,bounded,frontier_97,FISV,-0.0899999999999998,-0.09,-0.0225
primary,bounded,frontier_97,GDDY,-0.04500000000000013,-0.09,-0.0225
primary,bounded,frontier_97,INTC,0.05249999999999997,0.05249999999999995,0.2099999999999998
primary,bounded,frontier_97,IT,-0.09,-0.09,-0.0225
primary,bounded,frontier_97,LRCX,0.052500000000000026,0.05249999999999995,0.2099999999999998
primary,bounded,frontier_97,MU,0.06025871683228451,0.05249999999999995,0.2099999999999998
primary,bounded,frontier_97,NOW,-0.0225,-0.09,-0.0225
primary,bounded,frontier_97,PAYC,-0.022500000000000017,-0.09,-0.0225
primary,bounded,frontier_97,SMCI,-0.02250000000000014,-0.09,-0.0225
primary,bounded,frontier_97,SNDK,0.20663021388577554,0.05249999999999995,0.2099999999999998
primary,bounded,frontier_97,STX,0.10061106928194007,0.05249999999999995,0.2099999999999998
primary,bounded,frontier_97,TER,0.05250000000000005,0.05249999999999995,0.2099999999999998
primary,bounded,frontier_97,TTD,-0.08999999999999996,-0.09,-0.0225
primary,bounded,frontier_97,TYL,-0.02250000000000018,-0.09,-0.0225
primary,bounded,frontier_97,WBD,0.05250000000000014,0.05249999999999995,0.2099999999999998
primary,bounded,frontier_97,WDC,0.2099999999999998,0.05249999999999995,0.2099999999999998
primary,bounded,frontier_98,ALB,0.05249999999999995,0.05249999999999995,0.2099999999999998
primary,bounded,frontier_98,CIEN,0.2099999999999998,0.05249999999999995,0.2099999999999998
primary,bounded,frontier_98,COIN,-0.0225,-0.09,-0.0225
primary,bounded,frontier_98,FDS,-0.0225,-0.09,-0.0225
primary,bounded,frontier_98,FISV,-0.09,-0.09,-0.0225
primary,bounded,frontier_98,GDDY,-0.04500000000000006,-0.09,-0.0225
primary,bounded,frontier_98,INTC,0.052499999999999956,0.05249999999999995,0.2099999999999998
primary,bounded,frontier_98,IT,-0.09,-0.09,-0.0225
primary,bounded,frontier_98,LRCX,0.05249999999999995,0.05249999999999995,0.2099999999999998
primary,bounded,frontier_98,MU,0.058460258479663726,0.05249999999999995,0.2099999999999998
primary,bounded,frontier_98,NOW,-0.02250000000000001,-0.09,-0.0225
primary,bounded,frontier_98,PAYC,-0.02250000000000007,-0.09,-0.0225
primary,bounded,frontier_98,SMCI,-0.0225,-0.09,-0.0225
primary,bounded,frontier_98,SNDK,0.2099999999999998,0.05249999999999995,0.2099999999999998
primary,bounded,frontier_98,STX,0.09903974152033626,0.05249999999999995,0.2099999999999998
primary,bounded,frontier_98,TER,0.05249999999999999,0.05249999999999995,0.2099999999999998
primary,bounded,frontier_98,TTD,-0.09,-0.09,-0.0225
primary,bounded,frontier_98,TYL,-0.022500000000000166,-0.09,-0.0225
primary,bounded,frontier_98,WBD,0.05249999999999995,0.05249999999999995,0.2099999999999998
primary,bounded,frontier_98,WDC,0.20999999999999974,0.05249999999999995,0.2099999999999998
primary,bounded,frontier_99,ALB,0.052500000000003474,0.05249999999999995,0.2099999999999998
primary,bounded,frontier_99,CIEN,0.10499999999998805,0.05249999999999995,0.2099999999999998
primary,bounded,frontier_99,COIN,-0.022500000000004697,-0.09,-0.0225
primary,bounded,frontier_99,FDS,-0.0225,-0.09,-0.0225
primary,bounded,frontier_99,FISV,-0.09,-0.09,-0.0225
primary,bounded,frontier_99,GDDY,-0.04500000000000012,-0.09,-0.0225
primary,bounded,frontier_99,INTC,0.05249999999999995,0.05249999999999995,0.2099999999999998
primary,bounded,frontier_99,IT,-0.09,-0.09,-0.0225
primary,bounded,frontier_99,LRCX,0.05249999999999995,0.05249999999999995,0.2099999999999998
primary,bounded,frontier_99,MU,0.2099999999999998,0.05249999999999995,0.2099999999999998
primary,bounded,frontier_99,NOW,-0.0225,-0.09,-0.0225
primary,bounded,frontier_99,PAYC,-0.0225,-0.09,-0.0225
primary,bounded,frontier_99,SMCI,-0.02250000000000007,-0.09,-0.0225
primary,bounded,frontier_99,SNDK,0.20999999999999083,0.05249999999999995,0.2099999999999998
primary,bounded,frontier_99,STX,0.052500000000001344,0.05249999999999995,0.2099999999999998
primary,bounded,frontier_99,TER,0.052500000000000824,0.05249999999999995,0.2099999999999998
primary,bounded,frontier_99,TTD,-0.0899999999999981,-0.09,-0.0225
primary,bounded,frontier_99,TYL,-0.022500000000000728,-0.09,-0.0225
primary,bounded,frontier_99,WBD,0.05249999999999995,0.05249999999999995,0.2099999999999998
primary,bounded,frontier_99,WDC,0.2099999999999998,0.05249999999999995,0.2099999999999998
primary,relaxed,gmv,ALB,0.25413690318420623,0.0,1.049999999999999
primary,relaxed,gmv,CIEN,0.14981112347527745,0.0,1.049999999999999
primary,relaxed,gmv,COIN,0.0,-0.44999999999999996,-0.0
primary,relaxed,gmv,FDS,0.0,-0.44999999999999996,-0.0
primary,relaxed,gmv,FISV,-0.07359725879118605,-0.44999999999999996,-0.0
primary,relaxed,gmv,GDDY,0.0,-0.44999999999999996,-0.0
primary,relaxed,gmv,INTC,0.007966454085867386,0.0,1.049999999999999
primary,relaxed,gmv,IT,-0.15604879083661918,-0.44999999999999996,-0.0
primary,relaxed,gmv,LRCX,0.2275318911787167,0.0,1.049999999999999
primary,relaxed,gmv,MU,0.0,0.0,1.049999999999999
primary,relaxed,gmv,NOW,0.0,-0.44999999999999996,-0.0
primary,relaxed,gmv,PAYC,0.0,-0.44999999999999996,-0.0
primary,relaxed,gmv,SMCI,-0.21875822500917874,-0.44999999999999996,-0.0
primary,relaxed,gmv,SNDK,1.2624287439388484e-16,0.0,1.049999999999999
primary,relaxed,gmv,STX,0.1400119515882372,0.0,1.049999999999999
primary,relaxed,gmv,TER,0.11506891976844952,0.0,1.049999999999999
primary,relaxed,gmv,TTD,0.0,-0.44999999999999996,-0.0
primary,relaxed,gmv,TYL,-0.0015957253630161836,-0.44999999999999996,-0.0
primary,relaxed,gmv,WBD,0.14833704230947228,0.0,1.049999999999999
primary,relaxed,gmv,WDC,0.007135714409772251,0.0,1.049999999999999
primary,relaxed,utility,ALB,9.014854058388689e-17,0.0,1.049999999999999
primary,relaxed,utility,CIEN,0.3052844889995362,0.0,1.049999999999999
primary,relaxed,utility,COIN,-3.599421198590382e-16,-0.44999999999999996,-0.0
primary,relaxed,utility,FDS,-5.071090900812986e-16,-0.44999999999999996,-0.0
primary,relaxed,utility,FISV,-0.07776977008134402,-0.44999999999999996,-0.0
primary,relaxed,utility,GDDY,-1.586865737458807e-16,-0.44999999999999996,-0.0
primary,relaxed,utility,INTC,7.133186403598491e-16,0.0,1.049999999999999
primary,relaxed,utility,IT,-0.3722302299186541,-0.44999999999999996,-0.0
primary,relaxed,utility,LRCX,5.023655671001688e-16,0.0,1.049999999999999
primary,relaxed,utility,MU,5.364299147061587e-16,0.0,1.049999999999999
primary,relaxed,utility,NOW,-4.715752109110334e-16,-0.44999999999999996,-0.0
primary,relaxed,utility,PAYC,-6.820190643487066e-16,-0.44999999999999996,-0.0
primary,relaxed,utility,SMCI,0.0,-0.44999999999999996,-0.0
primary,relaxed,utility,SNDK,0.314523071073512,0.0,1.049999999999999
primary,relaxed,utility,STX,0.0,0.0,1.049999999999999
primary,relaxed,utility,TER,1.4941476546535196e-16,0.0,1.049999999999999
primary,relaxed,utility,TTD,0.0,-0.44999999999999996,-0.0
primary,relaxed,utility,TYL,-5.087667335590752e-16,-0.44999999999999996,-0.0
primary,relaxed,utility,WBD,5.9574617131475e-16,0.0,1.049999999999999
primary,relaxed,utility,WDC,0.4301924399269483,0.0,1.049999999999999
primary,relaxed,maximum_return,ALB,0.0,0.0,1.049999999999999
primary,relaxed,maximum_return,CIEN,0.0,0.0,1.049999999999999
primary,relaxed,maximum_return,COIN,-0.0,-0.44999999999999996,-0.0
primary,relaxed,maximum_return,FDS,-0.0,-0.44999999999999996,-0.0
primary,relaxed,maximum_return,FISV,-0.44999999999999996,-0.44999999999999996,-0.0
primary,relaxed,maximum_return,GDDY,-0.0,-0.44999999999999996,-0.0
primary,relaxed,maximum_return,INTC,0.0,0.0,1.049999999999999
primary,relaxed,maximum_return,IT,-0.0,-0.44999999999999996,-0.0
primary,relaxed,maximum_return,LRCX,0.0,0.0,1.049999999999999
primary,relaxed,maximum_return,MU,0.0,0.0,1.049999999999999
primary,relaxed,maximum_return,NOW,-0.0,-0.44999999999999996,-0.0
primary,relaxed,maximum_return,PAYC,-0.0,-0.44999999999999996,-0.0
primary,relaxed,maximum_return,SMCI,-0.0,-0.44999999999999996,-0.0
primary,relaxed,maximum_return,SNDK,1.049999999999999,0.0,1.049999999999999
primary,relaxed,maximum_return,STX,0.0,0.0,1.049999999999999
primary,relaxed,maximum_return,TER,0.0,0.0,1.049999999999999
primary,relaxed,maximum_return,TTD,-0.0,-0.44999999999999996,-0.0
primary,relaxed,maximum_return,TYL,-0.0,-0.44999999999999996,-0.0
primary,relaxed,maximum_return,WBD,0.0,0.0,1.049999999999999
primary,relaxed,maximum_return,WDC,-0.0,0.0,1.049999999999999
primary,relaxed,reference_return,ALB,0.23773689462675557,0.0,1.049999999999999
primary,relaxed,reference_return,CIEN,0.24642979395352277,0.0,1.049999999999999
primary,relaxed,reference_return,COIN,-8.227150627126057e-17,-0.44999999999999996,-0.0
primary,relaxed,reference_return,FDS,-2.3019932561867784e-17,-0.44999999999999996,-0.0
primary,relaxed,reference_return,FISV,-0.09658321911326923,-0.44999999999999996,-0.0
primary,relaxed,reference_return,GDDY,-1.6952480422225742e-17,-0.44999999999999996,-0.0
primary,relaxed,reference_return,INTC,8.730065530680106e-17,0.0,1.049999999999999
primary,relaxed,reference_return,IT,-0.2548164932072905,-0.44999999999999996,-0.0
primary,relaxed,reference_return,LRCX,0.11810431655866051,0.0,1.049999999999999
primary,relaxed,reference_return,MU,0.08774820738150502,0.0,1.049999999999999
primary,relaxed,reference_return,NOW,-8.271610322730841e-18,-0.44999999999999996,-0.0
primary,relaxed,reference_return,PAYC,-2.9737764101431444e-17,-0.44999999999999996,-0.0
primary,relaxed,reference_return,SMCI,-0.0962383513537667,-0.44999999999999996,-0.0
primary,relaxed,reference_return,SNDK,0.0,0.0,1.049999999999999
primary,relaxed,reference_return,STX,0.13383865788192836,0.0,1.049999999999999
primary,relaxed,reference_return,TER,1.3741653748223313e-16,0.0,1.049999999999999
primary,relaxed,reference_return,TTD,-0.0023619363256734355,-0.44999999999999996,-0.0
primary,relaxed,reference_return,TYL,0.0,-0.44999999999999996,-0.0
primary,relaxed,reference_return,WBD,0.03311035566892238,0.0,1.049999999999999
primary,relaxed,reference_return,WDC,0.19303177392870421,0.0,1.049999999999999
primary,relaxed,frontier_0,ALB,0.25413690318420623,0.0,1.049999999999999
primary,relaxed,frontier_0,CIEN,0.14981112347527745,0.0,1.049999999999999
primary,relaxed,frontier_0,COIN,-0.0,-0.44999999999999996,-0.0
primary,relaxed,frontier_0,FDS,-0.0,-0.44999999999999996,-0.0
primary,relaxed,frontier_0,FISV,-0.07359725879118605,-0.44999999999999996,-0.0
primary,relaxed,frontier_0,GDDY,-0.0,-0.44999999999999996,-0.0
primary,relaxed,frontier_0,INTC,0.007966454085867386,0.0,1.049999999999999
primary,relaxed,frontier_0,IT,-0.15604879083661918,-0.44999999999999996,-0.0
primary,relaxed,frontier_0,LRCX,0.2275318911787167,0.0,1.049999999999999
primary,relaxed,frontier_0,MU,0.0,0.0,1.049999999999999
primary,relaxed,frontier_0,NOW,-0.0,-0.44999999999999996,-0.0
primary,relaxed,frontier_0,PAYC,-0.0,-0.44999999999999996,-0.0
primary,relaxed,frontier_0,SMCI,-0.21875822500917874,-0.44999999999999996,-0.0
primary,relaxed,frontier_0,SNDK,1.2624287439388484e-16,0.0,1.049999999999999
primary,relaxed,frontier_0,STX,0.1400119515882372,0.0,1.049999999999999
primary,relaxed,frontier_0,TER,0.11506891976844952,0.0,1.049999999999999
primary,relaxed,frontier_0,TTD,-0.0,-0.44999999999999996,-0.0
primary,relaxed,frontier_0,TYL,-0.0015957253630161836,-0.44999999999999996,-0.0
primary,relaxed,frontier_0,WBD,0.14833704230947228,0.0,1.049999999999999
primary,relaxed,frontier_0,WDC,0.007135714409772251,0.0,1.049999999999999
primary,relaxed,frontier_1,ALB,0.25574793423035197,0.0,1.049999999999999
primary,relaxed,frontier_1,CIEN,0.15741585381882792,0.0,1.049999999999999
primary,relaxed,frontier_1,COIN,-1.0760140723423213e-17,-0.44999999999999996,-0.0
primary,relaxed,frontier_1,FDS,0.0,-0.44999999999999996,-0.0
primary,relaxed,frontier_1,FISV,-0.07542591147777754,-0.44999999999999996,-0.0
primary,relaxed,frontier_1,GDDY,-2.453545793963238e-18,-0.44999999999999996,-0.0
primary,relaxed,frontier_1,INTC,0.0,0.0,1.049999999999999
primary,relaxed,frontier_1,IT,-0.16378464782289467,-0.44999999999999996,-0.0
primary,relaxed,frontier_1,LRCX,0.2250243666963425,0.0,1.049999999999999
primary,relaxed,frontier_1,MU,0.0,0.0,1.049999999999999
primary,relaxed,frontier_1,NOW,0.0,-0.44999999999999996,-0.0
primary,relaxed,frontier_1,PAYC,0.0,-0.44999999999999996,-0.0
primary,relaxed,frontier_1,SMCI,-0.21078944069932776,-0.44999999999999996,-0.0
primary,relaxed,frontier_1,SNDK,5.301944909380882e-17,0.0,1.049999999999999
primary,relaxed,frontier_1,STX,0.1421797717116722,0.0,1.049999999999999
primary,relaxed,frontier_1,TER,0.10542313262586617,0.0,1.049999999999999
primary,relaxed,frontier_1,TTD,0.0,-0.44999999999999996,-0.0
primary,relaxed,frontier_1,TYL,-1.3615160802487003e-18,-0.44999999999999996,-0.0
primary,relaxed,frontier_1,WBD,0.1416720004765739,0.0,1.049999999999999
primary,relaxed,frontier_1,WDC,0.02253694044036406,0.0,1.049999999999999
primary,relaxed,frontier_2,ALB,0.2561762851549746,0.0,1.049999999999999
primary,relaxed,frontier_2,CIEN,0.16605244323498364,0.0,1.049999999999999
primary,relaxed,frontier_2,COIN,-3.8199891399584666e-18,-0.44999999999999996,-0.0
primary,relaxed,frontier_2,FDS,0.0,-0.44999999999999996,-0.0
primary,relaxed,frontier_2,FISV,-0.07773124852429707,-0.44999999999999996,-0.0
primary,relaxed,frontier_2,GDDY,0.0,-0.44999999999999996,-0.0
primary,relaxed,frontier_2,INTC,0.0,0.0,1.049999999999999
primary,relaxed,frontier_2,IT,-0.1720666767512381,-0.44999999999999996,-0.0
primary,relaxed,frontier_2,LRCX,0.21895792130591538,0.0,1.049999999999999
primary,relaxed,frontier_2,MU,3.270636353278458e-17,0.0,1.049999999999999
primary,relaxed,frontier_2,NOW,0.0,-0.44999999999999996,-0.0
primary,relaxed,frontier_2,PAYC,0.0,-0.44999999999999996,-0.0
primary,relaxed,frontier_2,SMCI,-0.2002020747244648,-0.44999999999999996,-0.0
primary,relaxed,frontier_2,SNDK,0.0,0.0,1.049999999999999
primary,relaxed,frontier_2,STX,0.14314544087057215,0.0,1.049999999999999
primary,relaxed,frontier_2,TER,0.09344524364682984,0.0,1.049999999999999
primary,relaxed,frontier_2,TTD,-2.681353001661415e-17,-0.44999999999999996,-0.0
primary,relaxed,frontier_2,TYL,0.0,-0.44999999999999996,-0.0
primary,relaxed,frontier_2,WBD,0.13276971785800618,0.0,1.049999999999999
primary,relaxed,frontier_2,WDC,0.039452947928717064,0.0,1.049999999999999
primary,relaxed,frontier_3,ALB,0.2566045907927756,0.0,1.049999999999999
primary,relaxed,frontier_3,CIEN,0.1746893178858695,0.0,1.049999999999999
primary,relaxed,frontier_3,COIN,-1.154376514481166e-17,-0.44999999999999996,-0.0
primary,relaxed,frontier_3,FDS,0.0,-0.44999999999999996,-0.0
primary,relaxed,frontier_3,FISV,-0.08003669344408654,-0.44999999999999996,-0.0
primary,relaxed,frontier_3,GDDY,0.0,-0.44999999999999996,-0.0
primary,relaxed,frontier_3,INTC,1.8433745113983833e-17,0.0,1.049999999999999
primary,relaxed,frontier_3,IT,-0.18034854841106074,-0.44999999999999996,-0.0
primary,relaxed,frontier_3,LRCX,0.21289139568058024,0.0,1.049999999999999
primary,relaxed,frontier_3,MU,3.65569098930397e-19,0.0,1.049999999999999
primary,relaxed,frontier_3,NOW,0.0,-0.44999999999999996,-0.0
primary,relaxed,frontier_3,PAYC,0.0,-0.44999999999999996,-0.0
primary,relaxed,frontier_3,SMCI,-0.18961475814485268,-0.44999999999999996,-0.0
primary,relaxed,frontier_3,SNDK,1.4597740192397264e-17,0.0,1.049999999999999
primary,relaxed,frontier_3,STX,0.1441109153651809,0.0,1.049999999999999
primary,relaxed,frontier_3,TER,0.08146743466704198,0.0,1.049999999999999
primary,relaxed,frontier_3,TTD,0.0,-0.44999999999999996,-0.0
primary,relaxed,frontier_3,TYL,-6.993576799842866e-18,-0.44999999999999996,-0.0
primary,relaxed,frontier_3,WBD,0.12386743843571582,0.0,1.049999999999999
primary,relaxed,frontier_3,WDC,0.0563689071728349,0.0,1.049999999999999
primary,relaxed,frontier_4,ALB,0.2570329264462112,0.0,1.049999999999999
primary,relaxed,frontier_4,CIEN,0.18332589489208467,0.0,1.049999999999999
primary,relaxed,frontier_4,COIN,0.0,-0.44999999999999996,-0.0
primary,relaxed,frontier_4,FDS,0.0,-0.44999999999999996,-0.0
primary,relaxed,frontier_4,FISV,-0.08234202283375597,-0.44999999999999996,-0.0
primary,relaxed,frontier_4,GDDY,0.0,-0.44999999999999996,-0.0
primary,relaxed,frontier_4,INTC,0.0,0.0,1.049999999999999
primary,relaxed,frontier_4,IT,-0.18863050467694384,-0.44999999999999996,-0.0
primary,relaxed,frontier_4,LRCX,0.20682504556871065,0.0,1.049999999999999
primary,relaxed,frontier_4,MU,2.2285050736786198e-17,0.0,1.049999999999999
primary,relaxed,frontier_4,NOW,0.0,-0.44999999999999996,-0.0
primary,relaxed,frontier_4,PAYC,-2.2156331704319112e-17,-0.44999999999999996,-0.0
primary,relaxed,frontier_4,SMCI,-0.17902747248930015,-0.44999999999999996,-0.0
primary,relaxed,frontier_4,SNDK,0.0,0.0,1.049999999999999
primary,relaxed,frontier_4,STX,0.1450766626529714,0.0,1.049999999999999
primary,relaxed,frontier_4,TER,0.06948961876146072,0.0,1.049999999999999
primary,relaxed,frontier_4,TTD,-2.710477759151754e-17,-0.44999999999999996,-0.0
primary,relaxed,frontier_4,TYL,-3.97281072781503e-18,-0.44999999999999996,-0.0
primary,relaxed,frontier_4,WBD,0.11496490432378177,0.0,1.049999999999999
primary,relaxed,frontier_4,WDC,0.07328494735477843,0.0,1.049999999999999
primary,relaxed,frontier_5,ALB,0.2567782151809926,0.0,1.049999999999999
primary,relaxed,frontier_5,CIEN,0.19155519669228477,0.0,1.049999999999999
primary,relaxed,frontier_5,COIN,-3.777962817245954e-18,-0.44999999999999996,-0.0
primary,relaxed,frontier_5,FDS,0.0,-0.44999999999999996,-0.0
primary,relaxed,frontier_5,FISV,-0.08420090726199679,-0.44999999999999996,-0.0
primary,relaxed,frontier_5,GDDY,-7.31324011106899e-18,-0.44999999999999996,-0.0
primary,relaxed,frontier_5,INTC,1.0095081047013436e-17,0.0,1.049999999999999
primary,relaxed,frontier_5,IT,-0.19662992627758977,-0.44999999999999996,-0.0
primary,relaxed,frontier_5,LRCX,0.19892643258762296,0.0,1.049999999999999
primary,relaxed,frontier_5,MU,0.005891257013194943,0.0,1.049999999999999
primary,relaxed,frontier_5,NOW,0.0,-0.44999999999999996,-0.0
primary,relaxed,frontier_5,PAYC,0.0,-0.44999999999999996,-0.0
primary,relaxed,frontier_5,SMCI,-0.1691691664604135,-0.44999999999999996,-0.0
primary,relaxed,frontier_5,SNDK,0.0,0.0,1.049999999999999
primary,relaxed,frontier_5,STX,0.1446927863303706,0.0,1.049999999999999
primary,relaxed,frontier_5,TER,0.058059439729294636,0.0,1.049999999999999
primary,relaxed,frontier_5,TTD,-2.269296031991436e-17,-0.44999999999999996,-0.0
primary,relaxed,frontier_5,TYL,0.0,-0.44999999999999996,-0.0
primary,relaxed,frontier_5,WBD,0.1060741537994765,0.0,1.049999999999999
primary,relaxed,frontier_5,WDC,0.08802251866676199,0.0,1.049999999999999
primary,relaxed,frontier_6,ALB,0.25603470412139695,0.0,1.049999999999999
primary,relaxed,frontier_6,CIEN,0.1994930416033926,0.0,1.049999999999999
primary,relaxed,frontier_6,COIN,0.0,-0.44999999999999996,-0.0
primary,relaxed,frontier_6,FDS,-8.711523110548001e-18,-0.44999999999999996,-0.0
primary,relaxed,frontier_6,FISV,-0.08574024352622432,-0.44999999999999996,-0.0
primary,relaxed,frontier_6,GDDY,-8.37395401128756e-18,-0.44999999999999996,-0.0
primary,relaxed,frontier_6,INTC,1.652207402133287e-17,0.0,1.049999999999999
primary,relaxed,frontier_6,IT,-0.20442730262359024,-0.44999999999999996,-0.0
primary,relaxed,frontier_6,LRCX,0.1897198861041458,0.0,1.049999999999999
primary,relaxed,frontier_6,MU,0.015994485396217006,0.0,1.049999999999999
primary,relaxed,frontier_6,NOW,-6.989089067999255e-18,-0.44999999999999996,-0.0
primary,relaxed,frontier_6,PAYC,0.0,-0.44999999999999996,-0.0
primary,relaxed,frontier_6,SMCI,-0.15983245385018535,-0.44999999999999996,-0.0
primary,relaxed,frontier_6,SNDK,1.5220982525432037e-17,0.0,1.049999999999999
primary,relaxed,frontier_6,STX,0.1433432465305896,0.0,1.049999999999999
primary,relaxed,frontier_6,TER,0.0470204480351532,0.0,1.049999999999999
primary,relaxed,frontier_6,TTD,0.0,-0.44999999999999996,-0.0
primary,relaxed,frontier_6,TYL,-4.957658376774154e-18,-0.44999999999999996,-0.0
primary,relaxed,frontier_6,WBD,0.09719079328110457,0.0,1.049999999999999
primary,relaxed,frontier_6,WDC,0.1012033949279992,0.0,1.049999999999999
primary,relaxed,frontier_7,ALB,0.2552909864737703,0.0,1.049999999999999
primary,relaxed,frontier_7,CIEN,0.20743074395161176,0.0,1.049999999999999
primary,relaxed,frontier_7,COIN,-3.481712816400535e-18,-0.44999999999999996,-0.0
primary,relaxed,frontier_7,FDS,0.0,-0.44999999999999996,-0.0
primary,relaxed,frontier_7,FISV,-0.08727976199099957,-0.44999999999999996,-0.0
primary,relaxed,frontier_7,GDDY,0.0,-0.44999999999999996,-0.0
primary,relaxed,frontier_7,INTC,2.5895440867999962e-17,0.0,1.049999999999999
primary,relaxed,frontier_7,IT,-0.21222470775510063,-0.44999999999999996,-0.0
primary,relaxed,frontier_7,LRCX,0.18051387581921943,0.0,1.049999999999999
primary,relaxed,frontier_7,MU,0.026097617614540897,0.0,1.049999999999999
primary,relaxed,frontier_7,NOW,-1.4245760552238902e-17,-0.44999999999999996,-0.0
primary,relaxed,frontier_7,PAYC,-1.2381998367752163e-18,-0.44999999999999996,-0.0
primary,relaxed,frontier_7,SMCI,-0.15049553025389975,-0.44999999999999996,-0.0
primary,relaxed,frontier_7,SNDK,0.0,0.0,1.049999999999999
primary,relaxed,frontier_7,STX,0.14199339857513474,0.0,1.049999999999999
primary,relaxed,frontier_7,TER,0.035981506742819816,0.0,1.049999999999999
primary,relaxed,frontier_7,TTD,0.0,-0.44999999999999996,-0.0
primary,relaxed,frontier_7,TYL,-2.595014269378597e-18,-0.44999999999999996,-0.0
primary,relaxed,frontier_7,WBD,0.08830763153235881,0.0,1.049999999999999
primary,relaxed,frontier_7,WDC,0.11438423929054316,0.0,1.049999999999999
primary,relaxed,frontier_8,ALB,0.25454726875590006,0.0,1.049999999999999
primary,relaxed,frontier_8,CIEN,0.21536844623404638,0.0,1.049999999999999
primary,relaxed,frontier_8,COIN,0.0,-0.44999999999999996,-0.0
primary,relaxed,frontier_8,FDS,0.0,-0.44999999999999996,-0.0
primary,relaxed,frontier_8,FISV,-0.0888192804620476,-0.44999999999999996,-0.0
primary,relaxed,frontier_8,GDDY,-2.882799962747972e-18,-0.44999999999999996,-0.0
primary,relaxed,frontier_8,INTC,5.4192458902339196e-18,0.0,1.049999999999999
primary,relaxed,frontier_8,IT,-0.2200221128697229,-0.44999999999999996,-0.0
primary,relaxed,frontier_8,LRCX,0.17130786541817303,0.0,1.049999999999999
primary,relaxed,frontier_8,MU,0.036200749950767934,0.0,1.049999999999999
primary,relaxed,frontier_8,NOW,0.0,-0.44999999999999996,-0.0
primary,relaxed,frontier_8,PAYC,-2.337348091820596e-19,-0.44999999999999996,-0.0
primary,relaxed,frontier_8,SMCI,-0.14115860666822938,-0.44999999999999996,-0.0
primary,relaxed,frontier_8,SNDK,0.0,0.0,1.049999999999999
primary,relaxed,frontier_8,STX,0.1406435506231213,0.0,1.049999999999999
primary,relaxed,frontier_8,TER,0.024942565589683063,0.0,1.049999999999999
primary,relaxed,frontier_8,TTD,-3.332368569860214e-17,-0.44999999999999996,-0.0
primary,relaxed,frontier_8,TYL,-8.2319757625288e-18,-0.44999999999999996,-0.0
primary,relaxed,frontier_8,WBD,0.0794244698178467,0.0,1.049999999999999
primary,relaxed,frontier_8,WDC,0.12756508361046048,0.0,1.049999999999999
primary,relaxed,frontier_9,ALB,0.2538035510380515,0.0,1.049999999999999
primary,relaxed,frontier_9,CIEN,0.22330614851649064,0.0,1.049999999999999
primary,relaxed,frontier_9,COIN,-5.758923961384104e-18,-0.44999999999999996,-0.0
primary,relaxed,frontier_9,FDS,-2.7443655625363834e-17,-0.44999999999999996,-0.0
primary,relaxed,frontier_9,FISV,-0.09035879893309558,-0.44999999999999996,-0.0
primary,relaxed,frontier_9,GDDY,0.0,-0.44999999999999996,-0.0
primary,relaxed,frontier_9,INTC,3.4042703270310583e-17,0.0,1.049999999999999
primary,relaxed,frontier_9,IT,-0.22781951798436806,-0.44999999999999996,-0.0
primary,relaxed,frontier_9,LRCX,0.16210185501716354,0.0,1.049999999999999
primary,relaxed,frontier_9,MU,0.04630388228692608,0.0,1.049999999999999
primary,relaxed,frontier_9,NOW,-2.871808991037849e-17,-0.44999999999999996,-0.0
primary,relaxed,frontier_9,PAYC,-1.7873897663596106e-17,-0.44999999999999996,-0.0
primary,relaxed,frontier_9,SMCI,-0.13182168308253633,-0.44999999999999996,-0.0
primary,relaxed,frontier_9,SNDK,0.0,0.0,1.049999999999999
primary,relaxed,frontier_9,STX,0.13929370267112495,0.0,1.049999999999999
primary,relaxed,frontier_9,TER,0.01390362443650171,0.0,1.049999999999999
primary,relaxed,frontier_9,TTD,0.0,-0.44999999999999996,-0.0
primary,relaxed,frontier_9,TYL,-1.8628651958573726e-17,-0.44999999999999996,-0.0
primary,relaxed,frontier_9,WBD,0.07054130810335194,0.0,1.049999999999999
primary,relaxed,frontier_9,WDC,0.14074592793038868,0.0,1.049999999999999
primary,relaxed,frontier_10,ALB,0.2530598333202032,0.0,1.049999999999999
primary,relaxed,frontier_10,CIEN,0.23124385079893492,0.0,1.049999999999999
primary,relaxed,frontier_10,COIN,-1.3348914950841438e-17,-0.44999999999999996,-0.0
primary,relaxed,frontier_10,FDS,0.0,-0.44999999999999996,-0.0
primary,relaxed,frontier_10,FISV,-0.0918983174041435,-0.44999999999999996,-0.0
primary,relaxed,frontier_10,GDDY,-9.776772068004605e-18,-0.44999999999999996,-0.0
primary,relaxed,frontier_10,INTC,2.4930797258892824e-17,0.0,1.049999999999999
primary,relaxed,frontier_10,IT,-0.23561692309901353,-0.44999999999999996,-0.0
primary,relaxed,frontier_10,LRCX,0.15289584461615377,0.0,1.049999999999999
primary,relaxed,frontier_10,MU,0.05640701462308398,0.0,1.049999999999999
primary,relaxed,frontier_10,NOW,0.0,-0.44999999999999996,-0.0
primary,relaxed,frontier_10,PAYC,0.0,-0.44999999999999996,-0.0
primary,relaxed,frontier_10,SMCI,-0.12248475949684297,-0.44999999999999996,-0.0
primary,relaxed,frontier_10,SNDK,1.6687786548890154e-19,0.0,1.049999999999999
primary,relaxed,frontier_10,STX,0.13794385471912887,0.0,1.049999999999999
primary,relaxed,frontier_10,TER,0.0028646832833197655,0.0,1.049999999999999
primary,relaxed,frontier_10,TTD,0.0,-0.44999999999999996,-0.0
primary,relaxed,frontier_10,TYL,-8.546175622554382e-18,-0.44999999999999996,-0.0
primary,relaxed,frontier_10,WBD,0.0616581463888574,0.0,1.049999999999999
primary,relaxed,frontier_10,WDC,0.15392677225031703,0.0,1.049999999999999
primary,relaxed,frontier_11,ALB,0.248546068817887,0.0,1.049999999999999
primary,relaxed,frontier_11,CIEN,0.23701002906335814,0.0,1.049999999999999
primary,relaxed,frontier_11,COIN,0.0,-0.44999999999999996,-0.0
primary,relaxed,frontier_11,FDS,-3.230197227288369e-17,-0.44999999999999996,-0.0
primary,relaxed,frontier_11,FISV,-0.09346070003502467,-0.44999999999999996,-0.0
primary,relaxed,frontier_11,GDDY,-1.1068022284670112e-17,-0.44999999999999996,-0.0
primary,relaxed,frontier_11,INTC,0.0,0.0,1.049999999999999
primary,relaxed,frontier_11,IT,-0.24282544050486152,-0.44999999999999996,-0.0
primary,relaxed,frontier_11,LRCX,0.14142241585427315,0.0,1.049999999999999
primary,relaxed,frontier_11,MU,0.06720729978778697,0.0,1.049999999999999
primary,relaxed,frontier_11,NOW,0.0,-0.44999999999999996,-0.0
primary,relaxed,frontier_11,PAYC,0.0,-0.44999999999999996,-0.0
primary,relaxed,frontier_11,SMCI,-0.1137138594601138,-0.44999999999999996,-0.0
primary,relaxed,frontier_11,SNDK,1.1640563917843001e-18,0.0,1.049999999999999
primary,relaxed,frontier_11,STX,0.13645292081133711,0.0,1.049999999999999
primary,relaxed,frontier_11,TER,0.0,0.0,1.049999999999999
primary,relaxed,frontier_11,TTD,0.0,-0.44999999999999996,-0.0
primary,relaxed,frontier_11,TYL,0.0,-0.44999999999999996,-0.0
primary,relaxed,frontier_11,WBD,0.05193672270751652,0.0,1.049999999999999
primary,relaxed,frontier_11,WDC,0.1674245429578401,0.0,1.049999999999999
primary,relaxed,frontier_12,ALB,0.24270846665496665,0.0,1.049999999999999
primary,relaxed,frontier_12,CIEN,0.24201645417958711,0.0,1.049999999999999
primary,relaxed,frontier_12,COIN,0.0,-0.44999999999999996,-0.0
primary,relaxed,frontier_12,FDS,-1.4173047504472537e-17,-0.44999999999999996,-0.0
primary,relaxed,frontier_12,FISV,-0.09502915147273869,-0.44999999999999996,-0.0
primary,relaxed,frontier_12,GDDY,-4.880356603649098e-17,-0.44999999999999996,-0.0
primary,relaxed,frontier_12,INTC,0.0,0.0,1.049999999999999
primary,relaxed,frontier_12,IT,-0.2498277702467963,-0.44999999999999996,-0.0
primary,relaxed,frontier_12,LRCX,0.12915182682524476,0.0,1.049999999999999
primary,relaxed,frontier_12,MU,0.07824944181744586,0.0,1.049999999999999
primary,relaxed,frontier_12,NOW,-7.066070500094533e-18,-0.44999999999999996,-0.0
primary,relaxed,frontier_12,PAYC,0.0,-0.44999999999999996,-0.0
primary,relaxed,frontier_12,SMCI,-0.10514307828046493,-0.44999999999999996,-0.0
primary,relaxed,frontier_12,SNDK,7.947032172756851e-17,0.0,1.049999999999999
primary,relaxed,frontier_12,STX,0.13491758260934275,0.0,1.049999999999999
primary,relaxed,frontier_12,TER,0.0,0.0,1.049999999999999
primary,relaxed,frontier_12,TTD,-1.9692578886577575e-17,-0.44999999999999996,-0.0
primary,relaxed,frontier_12,TYL,0.0,-0.44999999999999996,-0.0
primary,relaxed,frontier_12,WBD,0.04192269166591478,0.0,1.049999999999999
primary,relaxed,frontier_12,WDC,0.18103353624749705,0.0,1.049999999999999
primary,relaxed,frontier_13,ALB,0.23727546935647267,0.0,1.049999999999999
primary,relaxed,frontier_13,CIEN,0.24685955025209952,0.0,1.049999999999999
primary,relaxed,frontier_13,COIN,-3.4914710615382034e-17,-0.44999999999999996,-0.0
primary,relaxed,frontier_13,FDS,0.0,-0.44999999999999996,-0.0
primary,relaxed,frontier_13,FISV,-0.0967548276440321,-0.44999999999999996,-0.0
primary,relaxed,frontier_13,GDDY,0.0,-0.44999999999999996,-0.0
primary,relaxed,frontier_13,INTC,9.972469581065336e-18,0.0,1.049999999999999
primary,relaxed,frontier_13,IT,-0.255167089665752,-0.44999999999999996,-0.0
primary,relaxed,frontier_13,LRCX,0.11700126547779212,0.0,1.049999999999999
primary,relaxed,frontier_13,MU,0.08864541741809782,0.0,1.049999999999999
primary,relaxed,frontier_13,NOW,0.0,-0.44999999999999996,-0.0
primary,relaxed,frontier_13,PAYC,-6.427517178481752e-19,-0.44999999999999996,-0.0
primary,relaxed,frontier_13,SMCI,-0.09521667494681042,-0.44999999999999996,-0.0
primary,relaxed,frontier_13,SNDK,0.0,0.0,1.049999999999999
primary,relaxed,frontier_13,STX,0.1337654010739696,0.0,1.049999999999999
primary,relaxed,frontier_13,TER,4.2624001510942514e-17,0.0,1.049999999999999
primary,relaxed,frontier_13,TTD,-0.002861407743405399,-0.44999999999999996,-0.0
primary,relaxed,frontier_13,TYL,-1.6038846083615965e-17,-0.44999999999999996,-0.0
primary,relaxed,frontier_13,WBD,0.03225435531474714,0.0,1.049999999999999
primary,relaxed,frontier_13,WDC,0.19419854110682017,0.0,1.049999999999999
primary,relaxed,frontier_14,ALB,0.23221144983020725,0.0,1.049999999999999
primary,relaxed,frontier_14,CIEN,0.25155136566862973,0.0,1.049999999999999
primary,relaxed,frontier_14,COIN,-1.307678045443058e-17,-0.44999999999999996,-0.0
primary,relaxed,frontier_14,FDS,-4.132841143271855e-17,-0.44999999999999996,-0.0
primary,relaxed,frontier_14,FISV,-0.09862320436474435,-0.44999999999999996,-0.0
primary,relaxed,frontier_14,GDDY,-6.281033834772039e-19,-0.44999999999999996,-0.0
primary,relaxed,frontier_14,INTC,5.936872591758347e-17,0.0,1.049999999999999
primary,relaxed,frontier_14,IT,-0.2589871630956703,-0.44999999999999996,-0.0
primary,relaxed,frontier_14,LRCX,0.10496327956930719,0.0,1.049999999999999
primary,relaxed,frontier_14,MU,0.09845201296574503,0.0,1.049999999999999
primary,relaxed,frontier_14,NOW,0.0,-0.44999999999999996,-0.0
primary,relaxed,frontier_14,PAYC,-2.001595962718909e-17,-0.44999999999999996,-0.0
primary,relaxed,frontier_14,SMCI,-0.08405089355944088,-0.44999999999999996,-0.0
primary,relaxed,frontier_14,SNDK,0.0,0.0,1.049999999999999
primary,relaxed,frontier_14,STX,0.13295805711875033,0.0,1.049999999999999
primary,relaxed,frontier_14,TER,3.258995222830885e-17,0.0,1.049999999999999
primary,relaxed,frontier_14,TTD,-0.008338738980144297,-0.44999999999999996,-0.0
primary,relaxed,frontier_14,TYL,-2.1855847162764972e-17,-0.44999999999999996,-0.0
primary,relaxed,frontier_14,WBD,0.022903234972656814,0.0,1.049999999999999
primary,relaxed,frontier_14,WDC,0.20696059987470247,0.0,1.049999999999999
primary,relaxed,frontier_15,ALB,0.22714719665003255,0.0,1.049999999999999
primary,relaxed,frontier_15,CIEN,0.2562435376909941,0.0,1.049999999999999
primary,relaxed,frontier_15,COIN,0.0,-0.44999999999999996,-0.0
primary,relaxed,frontier_15,FDS,0.0,-0.44999999999999996,-0.0
primary,relaxed,frontier_15,FISV,-0.1004916144838263,-0.44999999999999996,-0.0
primary,relaxed,frontier_15,GDDY,-8.163962064501947e-17,-0.44999999999999996,-0.0
primary,relaxed,frontier_15,INTC,4.656995536226636e-17,0.0,1.049999999999999
primary,relaxed,frontier_15,IT,-0.2628077614428095,-0.44999999999999996,-0.0
primary,relaxed,frontier_15,LRCX,0.0929251709166806,0.0,1.049999999999999
primary,relaxed,frontier_15,MU,0.10825912573595119,0.0,1.049999999999999
primary,relaxed,frontier_15,NOW,-1.205063159341855e-17,-0.44999999999999996,-0.0
primary,relaxed,frontier_15,PAYC,0.0,-0.44999999999999996,-0.0
primary,relaxed,frontier_15,SMCI,-0.07288537638788906,-0.44999999999999996,-0.0
primary,relaxed,frontier_15,SNDK,0.0,0.0,1.049999999999999
primary,relaxed,frontier_15,STX,0.13215070473598042,0.0,1.049999999999999
primary,relaxed,frontier_15,TER,1.7540336314848574e-17,0.0,1.049999999999999
primary,relaxed,frontier_15,TTD,-0.013815247685475046,-0.44999999999999996,-0.0
primary,relaxed,frontier_15,TYL,-1.2886618060877945e-17,-0.44999999999999996,-0.0
primary,relaxed,frontier_15,WBD,0.013552141747449571,0.0,1.049999999999999
primary,relaxed,frontier_15,WDC,0.21972212252291048,0.0,1.049999999999999
primary,relaxed,frontier_16,ALB,0.22208294348591653,0.0,1.049999999999999
primary,relaxed,frontier_16,CIEN,0.26093570966696483,0.0,1.049999999999999
primary,relaxed,frontier_16,COIN,-3.234947978136797e-17,-0.44999999999999996,-0.0
primary,relaxed,frontier_16,FDS,0.0,-0.44999999999999996,-0.0
primary,relaxed,frontier_16,FISV,-0.10236002459264645,-0.44999999999999996,-0.0
primary,relaxed,frontier_16,GDDY,0.0,-0.44999999999999996,-0.0
primary,relaxed,frontier_16,INTC,0.0,0.0,1.049999999999999
primary,relaxed,frontier_16,IT,-0.26662835974574656,-0.44999999999999996,-0.0
primary,relaxed,frontier_16,LRCX,0.08088706235267144,0.0,1.049999999999999
primary,relaxed,frontier_16,MU,0.11806623838594131,0.0,1.049999999999999
primary,relaxed,frontier_16,NOW,0.0,-0.44999999999999996,-0.0
primary,relaxed,frontier_16,PAYC,-6.709173926450703e-19,-0.44999999999999996,-0.0
primary,relaxed,frontier_16,SMCI,-0.0617198591835883,-0.44999999999999996,-0.0
primary,relaxed,frontier_16,SNDK,1.29970853155951e-16,0.0,1.049999999999999
primary,relaxed,frontier_16,STX,0.13134335229852495,0.0,1.049999999999999
primary,relaxed,frontier_16,TER,0.0,0.0,1.049999999999999
primary,relaxed,frontier_16,TTD,-0.019291756478018732,-0.44999999999999996,-0.0
primary,relaxed,frontier_16,TYL,-2.977662955222302e-17,-0.44999999999999996,-0.0
primary,relaxed,frontier_16,WBD,0.00420104851527417,0.0,1.049999999999999
primary,relaxed,frontier_16,WDC,0.23248364529470555,0.0,1.049999999999999
primary,relaxed,frontier_17,ALB,0.21640039803958092,0.0,1.049999999999999
primary,relaxed,frontier_17,CIEN,0.26344522344083765,0.0,1.049999999999999
primary,relaxed,frontier_17,COIN,-4.114107934234453e-17,-0.44999999999999996,-0.0
primary,relaxed,frontier_17,FDS,-2.998934058833301e-17,-0.44999999999999996,-0.0
primary,relaxed,frontier_17,FISV,-0.10420316459896042,-0.44999999999999996,-0.0
primary,relaxed,frontier_17,GDDY,0.0,-0.44999999999999996,-0.0
primary,relaxed,frontier_17,INTC,1.661382161457633e-17,0.0,1.049999999999999
primary,relaxed,frontier_17,IT,-0.27122327374430055,-0.44999999999999996,-0.0
primary,relaxed,frontier_17,LRCX,0.06644102876810569,0.0,1.049999999999999
primary,relaxed,frontier_17,MU,0.12778912831819147,0.0,1.049999999999999
primary,relaxed,frontier_17,NOW,0.0,-0.44999999999999996,-0.0
primary,relaxed,frontier_17,PAYC,0.0,-0.44999999999999996,-0.0
primary,relaxed,frontier_17,SMCI,-0.049046094617820064,-0.44999999999999996,-0.0
primary,relaxed,frontier_17,SNDK,0.0,0.0,1.049999999999999
primary,relaxed,frontier_17,STX,0.13028134292077329,0.0,1.049999999999999
primary,relaxed,frontier_17,TER,2.798052520955253e-17,0.0,1.049999999999999
primary,relaxed,frontier_17,TTD,-0.025527467038918894,-0.44999999999999996,-0.0
primary,relaxed,frontier_17,TYL,-2.973801555410672e-18,-0.44999999999999996,-0.0
primary,relaxed,frontier_17,WBD,0.0,0.0,1.049999999999999
primary,relaxed,frontier_17,WDC,0.24564287851251007,0.0,1.049999999999999
primary,relaxed,frontier_18,ALB,0.21021396680617788,0.0,1.049999999999999
primary,relaxed,frontier_18,CIEN,0.2641744648402063,0.0,1.049999999999999
primary,relaxed,frontier_18,COIN,0.0,-0.44999999999999996,-0.0
primary,relaxed,frontier_18,FDS,-3.706729282691423e-17,-0.44999999999999996,-0.0
primary,relaxed,frontier_18,FISV,-0.10602523639604525,-0.44999999999999996,-0.0
primary,relaxed,frontier_18,GDDY,0.0,-0.44999999999999996,-0.0
primary,relaxed,frontier_18,INTC,0.0,0.0,1.049999999999999
primary,relaxed,frontier_18,IT,-0.2764494418370482,-0.44999999999999996,-0.0
primary,relaxed,frontier_18,LRCX,0.05003058025392785,0.0,1.049999999999999
primary,relaxed,frontier_18,MU,0.13744310790918596,0.0,1.049999999999999
primary,relaxed,frontier_18,NOW,0.0,-0.44999999999999996,-0.0
primary,relaxed,frontier_18,PAYC,0.0,-0.44999999999999996,-0.0
primary,relaxed,frontier_18,SMCI,-0.035141916624894194,-0.44999999999999996,-0.0
primary,relaxed,frontier_18,SNDK,9.270791664683671e-17,0.0,1.049999999999999
primary,relaxed,frontier_18,STX,0.12901035904388616,0.0,1.049999999999999
primary,relaxed,frontier_18,TER,0.0,0.0,1.049999999999999
primary,relaxed,frontier_18,TTD,-0.03238340514201234,-0.44999999999999996,-0.0
primary,relaxed,frontier_18,TYL,-2.3359864520616295e-17,-0.44999999999999996,-0.0
primary,relaxed,frontier_18,WBD,0.0,0.0,1.049999999999999
primary,relaxed,frontier_18,WDC,0.2591275211466149,0.0,1.049999999999999
primary,relaxed,frontier_19,ALB,0.20402770545819066,0.0,1.049999999999999
primary,relaxed,frontier_19,CIEN,0.2649038205394138,0.0,1.049999999999999
primary,relaxed,frontier_19,COIN,-2.4286320672454673e-18,-0.44999999999999996,-0.0
primary,relaxed,frontier_19,FDS,-2.5142461767053587e-17,-0.44999999999999996,-0.0
primary,relaxed,frontier_19,FISV,-0.10784726804009803,-0.44999999999999996,-0.0
primary,relaxed,frontier_19,GDDY,0.0,-0.44999999999999996,-0.0
primary,relaxed,frontier_19,INTC,0.0,0.0,1.049999999999999
primary,relaxed,frontier_19,IT,-0.2816758244056963,-0.44999999999999996,-0.0
primary,relaxed,frontier_19,LRCX,0.03361993371878319,0.0,1.049999999999999
primary,relaxed,frontier_19,MU,0.1470972429959166,0.0,1.049999999999999
primary,relaxed,frontier_19,NOW,-3.0836442866323183e-17,-0.44999999999999996,-0.0
primary,relaxed,frontier_19,PAYC,-8.425142222056471e-18,-0.44999999999999996,-0.0
primary,relaxed,frontier_19,SMCI,-0.021237646268154733,-0.44999999999999996,-0.0
primary,relaxed,frontier_19,SNDK,5.051873113977386e-17,0.0,1.049999999999999
primary,relaxed,frontier_19,STX,0.12773941492777294,0.0,1.049999999999999
primary,relaxed,frontier_19,TER,4.9576222129797406e-17,0.0,1.049999999999999
primary,relaxed,frontier_19,TTD,-0.03923926128605089,-0.44999999999999996,-0.0
primary,relaxed,frontier_19,TYL,0.0,-0.44999999999999996,-0.0
primary,relaxed,frontier_19,WBD,1.6059613502164136e-16,0.0,1.049999999999999
primary,relaxed,frontier_19,WDC,0.2726118823599216,0.0,1.049999999999999
primary,relaxed,frontier_20,ALB,0.19784144413099258,0.0,1.049999999999999
primary,relaxed,frontier_20,CIEN,0.26563317630164834,0.0,1.049999999999999
primary,relaxed,frontier_20,COIN,0.0,-0.44999999999999996,-0.0
primary,relaxed,frontier_20,FDS,0.0,-0.44999999999999996,-0.0
primary,relaxed,frontier_20,FISV,-0.10966929969175904,-0.44999999999999996,-0.0
primary,relaxed,frontier_20,GDDY,-4.736821755914511e-19,-0.44999999999999996,-0.0
primary,relaxed,frontier_20,INTC,0.0,0.0,1.049999999999999
primary,relaxed,frontier_20,IT,-0.28690220702619545,-0.44999999999999996,-0.0
primary,relaxed,frontier_20,LRCX,0.01720928710022286,0.0,1.049999999999999
primary,relaxed,frontier_20,MU,0.15675137811186296,0.0,1.049999999999999
primary,relaxed,frontier_20,NOW,-1.0997063460981721e-17,-0.44999999999999996,-0.0
primary,relaxed,frontier_20,PAYC,-2.7112815427179994e-17,-0.44999999999999996,-0.0
primary,relaxed,frontier_20,SMCI,-0.007333375900126286,-0.44999999999999996,-0.0
primary,relaxed,frontier_20,SNDK,7.237969734634733e-17,0.0,1.049999999999999
primary,relaxed,frontier_20,STX,0.1264684709163974,0.0,1.049999999999999
primary,relaxed,frontier_20,TER,0.0,0.0,1.049999999999999
primary,relaxed,frontier_20,TTD,-0.04609511738191925,-0.44999999999999996,-0.0
primary,relaxed,frontier_20,TYL,-6.042262059298433e-18,-0.44999999999999996,-0.0
primary,relaxed,frontier_20,WBD,0.0,0.0,1.049999999999999
primary,relaxed,frontier_20,WDC,0.28609624343887485,0.0,1.049999999999999
primary,relaxed,frontier_21,ALB,0.1866198735649011,0.0,1.049999999999999
primary,relaxed,frontier_21,CIEN,0.26689212268601087,0.0,1.049999999999999
primary,relaxed,frontier_21,COIN,-7.039881207428674e-17,-0.44999999999999996,-0.0
primary,relaxed,frontier_21,FDS,0.0,-0.44999999999999996,-0.0
primary,relaxed,frontier_21,FISV,-0.10913637863413374,-0.44999999999999996,-0.0
primary,relaxed,frontier_21,GDDY,-3.3906817982707444e-17,-0.44999999999999996,-0.0
primary,relaxed,frontier_21,INTC,3.0678977108551546e-17,0.0,1.049999999999999
primary,relaxed,frontier_21,IT,-0.29228517625162614,-0.44999999999999996,-0.0
primary,relaxed,frontier_21,LRCX,0.0,0.0,1.049999999999999
primary,relaxed,frontier_21,MU,0.1682079265558692,0.0,1.049999999999999
primary,relaxed,frontier_21,NOW,0.0,-0.44999999999999996,-0.0
primary,relaxed,frontier_21,PAYC,0.0,-0.44999999999999996,-0.0
primary,relaxed,frontier_21,SMCI,-2.6804362301640725e-17,-0.44999999999999996,-0.0
primary,relaxed,frontier_21,SNDK,0.0,0.0,1.049999999999999
primary,relaxed,frontier_21,STX,0.1233157378115689,0.0,1.049999999999999
primary,relaxed,frontier_21,TER,0.0,0.0,1.049999999999999
primary,relaxed,frontier_21,TTD,-0.048578445114239976,-0.44999999999999996,-0.0
primary,relaxed,frontier_21,TYL,0.0,-0.44999999999999996,-0.0
primary,relaxed,frontier_21,WBD,5.638407317655148e-18,0.0,1.049999999999999
primary,relaxed,frontier_21,WDC,0.304964339381649,0.0,1.049999999999999
primary,relaxed,frontier_22,ALB,0.1651704318111364,0.0,1.049999999999999
primary,relaxed,frontier_22,CIEN,0.2674380238792463,0.0,1.049999999999999
primary,relaxed,frontier_22,COIN,-3.433848436890805e-17,-0.44999999999999996,-0.0
primary,relaxed,frontier_22,FDS,-7.696545320681726e-18,-0.44999999999999996,-0.0
primary,relaxed,frontier_22,FISV,-0.10623995002966012,-0.44999999999999996,-0.0
primary,relaxed,frontier_22,GDDY,-7.825356490609456e-18,-0.44999999999999996,-0.0
primary,relaxed,frontier_22,INTC,2.819973512153744e-17,0.0,1.049999999999999
primary,relaxed,frontier_22,IT,-0.29954256657977374,-0.44999999999999996,-0.0
primary,relaxed,frontier_22,LRCX,1.3608136069909826e-17,0.0,1.049999999999999
primary,relaxed,frontier_22,MU,0.17515923875275152,0.0,1.049999999999999
primary,relaxed,frontier_22,NOW,0.0,-0.44999999999999996,-0.0
primary,relaxed,frontier_22,PAYC,0.0,-0.44999999999999996,-0.0
primary,relaxed,frontier_22,SMCI,0.0,-0.44999999999999996,-0.0
primary,relaxed,frontier_22,SNDK,0.0022711780633248,0.0,1.049999999999999
primary,relaxed,frontier_22,STX,0.11166999835714923,0.0,1.049999999999999
primary,relaxed,frontier_22,TER,1.1011688170581638e-17,0.0,1.049999999999999
primary,relaxed,frontier_22,TTD,-0.04421748339056609,-0.44999999999999996,-0.0
primary,relaxed,frontier_22,TYL,-5.623010383025465e-17,-0.44999999999999996,-0.0
primary,relaxed,frontier_22,WBD,4.574465844039134e-17,0.0,1.049999999999999
primary,relaxed,frontier_22,WDC,0.32829112913639047,0.0,1.049999999999999
primary,relaxed,frontier_23,ALB,0.15838748146595438,0.0,1.049999999999999
primary,relaxed,frontier_23,CIEN,0.2699086693141147,0.0,1.049999999999999
primary,relaxed,frontier_23,COIN,0.0,-0.44999999999999996,-0.0
primary,relaxed,frontier_23,FDS,-1.1777994604904478e-17,-0.44999999999999996,-0.0
primary,relaxed,frontier_23,FISV,-0.10497682757640169,-0.44999999999999996,-0.0
primary,relaxed,frontier_23,GDDY,-3.8462555019458606e-17,-0.44999999999999996,-0.0
primary,relaxed,frontier_23,INTC,0.0,0.0,1.049999999999999
primary,relaxed,frontier_23,IT,-0.3053807533713319,-0.44999999999999996,-0.0
primary,relaxed,frontier_23,LRCX,7.807017424788707e-18,0.0,1.049999999999999
primary,relaxed,frontier_23,MU,0.17091359601007747,0.0,1.049999999999999
primary,relaxed,frontier_23,NOW,-3.6742445723538276e-18,-0.44999999999999996,-0.0
primary,relaxed,frontier_23,PAYC,0.0,-0.44999999999999996,-0.0
primary,relaxed,frontier_23,SMCI,0.0,-0.44999999999999996,-0.0
primary,relaxed,frontier_23,SNDK,0.01233045035092028,0.0,1.049999999999999
primary,relaxed,frontier_23,STX,0.10427612305461624,0.0,1.049999999999999
primary,relaxed,frontier_23,TER,0.0,0.0,1.049999999999999
primary,relaxed,frontier_23,TTD,-0.03964241905226638,-0.44999999999999996,-0.0
primary,relaxed,frontier_23,TYL,-2.298980703368064e-18,-0.44999999999999996,-0.0
primary,relaxed,frontier_23,WBD,0.0,0.0,1.049999999999999
primary,relaxed,frontier_23,WDC,0.33418367980431585,0.0,1.049999999999999
primary,relaxed,frontier_24,ALB,0.15160359920103955,0.0,1.049999999999999
primary,relaxed,frontier_24,CIEN,0.27237913620949294,0.0,1.049999999999999
primary,relaxed,frontier_24,COIN,0.0,-0.44999999999999996,-0.0
primary,relaxed,frontier_24,FDS,0.0,-0.44999999999999996,-0.0
primary,relaxed,frontier_24,FISV,-0.10371403861331029,-0.44999999999999996,-0.0
primary,relaxed,frontier_24,GDDY,-2.0029306424328517e-17,-0.44999999999999996,-0.0
primary,relaxed,frontier_24,INTC,0.0,0.0,1.049999999999999
primary,relaxed,frontier_24,IT,-0.31121845263668535,-0.44999999999999996,-0.0
primary,relaxed,frontier_24,LRCX,1.6791799739796875e-16,0.0,1.049999999999999
primary,relaxed,frontier_24,MU,0.1666683311803977,0.0,1.049999999999999
primary,relaxed,frontier_24,NOW,-6.872415810815777e-18,-0.44999999999999996,-0.0
primary,relaxed,frontier_24,PAYC,-1.9206413916070964e-17,-0.44999999999999996,-0.0
primary,relaxed,frontier_24,SMCI,0.0,-0.44999999999999996,-0.0
primary,relaxed,frontier_24,SNDK,0.02238934911865254,0.0,1.049999999999999
primary,relaxed,frontier_24,STX,0.0968828093320944,0.0,1.049999999999999
primary,relaxed,frontier_24,TER,3.8433665628756367e-17,0.0,1.049999999999999
primary,relaxed,frontier_24,TTD,-0.03506750875000434,-0.44999999999999996,-0.0
primary,relaxed,frontier_24,TYL,0.0,-0.44999999999999996,-0.0
primary,relaxed,frontier_24,WBD,1.1353183533165594e-16,0.0,1.049999999999999
primary,relaxed,frontier_24,WDC,0.3400767749583215,0.0,1.049999999999999
primary,relaxed,frontier_25,ALB,0.14481971700311388,0.0,1.049999999999999
primary,relaxed,frontier_25,CIEN,0.2748496032361875,0.0,1.049999999999999
primary,relaxed,frontier_25,COIN,0.0,-0.44999999999999996,-0.0
primary,relaxed,frontier_25,FDS,0.0,-0.44999999999999996,-0.0
primary,relaxed,frontier_25,FISV,-0.10245124981390845,-0.44999999999999996,-0.0
primary,relaxed,frontier_25,GDDY,-9.426061678973709e-17,-0.44999999999999996,-0.0
primary,relaxed,frontier_25,INTC,0.0,0.0,1.049999999999999
primary,relaxed,frontier_25,IT,-0.3170561517880196,-0.44999999999999996,-0.0
primary,relaxed,frontier_25,LRCX,0.0,0.0,1.049999999999999
primary,relaxed,frontier_25,MU,0.1624230664304121,0.0,1.049999999999999
primary,relaxed,frontier_25,NOW,-2.6266952773029452e-17,-0.44999999999999996,-0.0
primary,relaxed,frontier_25,PAYC,-9.985497219144105e-18,-0.44999999999999996,-0.0
primary,relaxed,frontier_25,SMCI,-2.849909634728135e-17,-0.44999999999999996,-0.0
primary,relaxed,frontier_25,SNDK,0.032448247910376204,0.0,1.049999999999999
primary,relaxed,frontier_25,STX,0.08948949546038404,0.0,1.049999999999999
primary,relaxed,frontier_25,TER,0.0,0.0,1.049999999999999
primary,relaxed,frontier_25,TTD,-0.030492598398072,-0.44999999999999996,-0.0
primary,relaxed,frontier_25,TYL,0.0,-0.44999999999999996,-0.0
primary,relaxed,frontier_25,WBD,0.0,0.0,1.049999999999999
primary,relaxed,frontier_25,WDC,0.3459698699595255,0.0,1.049999999999999
primary,relaxed,frontier_26,ALB,0.1380358348051729,0.0,1.049999999999999
primary,relaxed,frontier_26,CIEN,0.2773200702628473,0.0,1.049999999999999
primary,relaxed,frontier_26,COIN,-4.658863231226398e-17,-0.44999999999999996,-0.0
primary,relaxed,frontier_26,FDS,-1.1159670229373622e-17,-0.44999999999999996,-0.0
primary,relaxed,frontier_26,FISV,-0.10118846101448879,-0.44999999999999996,-0.0
primary,relaxed,frontier_26,GDDY,-3.335671135770552e-17,-0.44999999999999996,-0.0
primary,relaxed,frontier_26,INTC,0.0,0.0,1.049999999999999
primary,relaxed,frontier_26,IT,-0.3228938509393499,-0.44999999999999996,-0.0
primary,relaxed,frontier_26,LRCX,0.0,0.0,1.049999999999999
primary,relaxed,frontier_26,MU,0.15817780168036424,0.0,1.049999999999999
primary,relaxed,frontier_26,NOW,0.0,-0.44999999999999996,-0.0
primary,relaxed,frontier_26,PAYC,0.0,-0.44999999999999996,-0.0
primary,relaxed,frontier_26,SMCI,-2.1901010158070752e-17,-0.44999999999999996,-0.0
primary,relaxed,frontier_26,SNDK,0.04250714670209188,0.0,1.049999999999999
primary,relaxed,frontier_26,STX,0.08209618158872437,0.0,1.049999999999999
primary,relaxed,frontier_26,TER,2.794233975136826e-17,0.0,1.049999999999999
primary,relaxed,frontier_26,TTD,-0.02591768804616124,-0.44999999999999996,-0.0
primary,relaxed,frontier_26,TYL,0.0,-0.44999999999999996,-0.0
primary,relaxed,frontier_26,WBD,3.84268418407028e-17,0.0,1.049999999999999
primary,relaxed,frontier_26,WDC,0.35186296496079833,0.0,1.049999999999999
primary,relaxed,frontier_27,ALB,0.13125195260723227,0.0,1.049999999999999
primary,relaxed,frontier_27,CIEN,0.27979053728950704,0.0,1.049999999999999
primary,relaxed,frontier_27,COIN,0.0,-0.44999999999999996,-0.0
primary,relaxed,frontier_27,FDS,0.0,-0.44999999999999996,-0.0
primary,relaxed,frontier_27,FISV,-0.09992567221506873,-0.44999999999999996,-0.0
primary,relaxed,frontier_27,GDDY,-1.5701057878786366e-17,-0.44999999999999996,-0.0
primary,relaxed,frontier_27,INTC,2.125283085765422e-17,0.0,1.049999999999999
primary,relaxed,frontier_27,IT,-0.3287315500906805,-0.44999999999999996,-0.0
primary,relaxed,frontier_27,LRCX,0.0,0.0,1.049999999999999
primary,relaxed,frontier_27,MU,0.15393253693031672,0.0,1.049999999999999
primary,relaxed,frontier_27,NOW,-5.140497891321282e-17,-0.44999999999999996,-0.0
primary,relaxed,frontier_27,PAYC,-3.010682052352368e-17,-0.44999999999999996,-0.0
primary,relaxed,frontier_27,SMCI,-2.390039836075461e-17,-0.44999999999999996,-0.0
primary,relaxed,frontier_27,SNDK,0.05256604549380726,0.0,1.049999999999999
primary,relaxed,frontier_27,STX,0.0747028677170653,0.0,1.049999999999999
primary,relaxed,frontier_27,TER,0.0,0.0,1.049999999999999
primary,relaxed,frontier_27,TTD,-0.021342777694250702,-0.44999999999999996,-0.0
primary,relaxed,frontier_27,TYL,0.0,-0.44999999999999996,-0.0
primary,relaxed,frontier_27,WBD,0.0,0.0,1.049999999999999
primary,relaxed,frontier_27,WDC,0.3577560599620706,0.0,1.049999999999999
primary,relaxed,frontier_28,ALB,0.12446807040929123,0.0,1.049999999999999
primary,relaxed,frontier_28,CIEN,0.2822610043161673,0.0,1.049999999999999
primary,relaxed,frontier_28,COIN,-1.3326152656326657e-17,-0.44999999999999996,-0.0
primary,relaxed,frontier_28,FDS,0.0,-0.44999999999999996,-0.0
primary,relaxed,frontier_28,FISV,-0.09866288341564856,-0.44999999999999996,-0.0
primary,relaxed,frontier_28,GDDY,-3.804287676454813e-17,-0.44999999999999996,-0.0
primary,relaxed,frontier_28,INTC,0.0,0.0,1.049999999999999
primary,relaxed,frontier_28,IT,-0.33456924924201137,-0.44999999999999996,-0.0
primary,relaxed,frontier_28,LRCX,1.5504854128267192e-17,0.0,1.049999999999999
primary,relaxed,frontier_28,MU,0.1496872721802693,0.0,1.049999999999999
primary,relaxed,frontier_28,NOW,0.0,-0.44999999999999996,-0.0
primary,relaxed,frontier_28,PAYC,0.0,-0.44999999999999996,-0.0
primary,relaxed,frontier_28,SMCI,-5.607039979009404e-17,-0.44999999999999996,-0.0
primary,relaxed,frontier_28,SNDK,0.06262494428552287,0.0,1.049999999999999
primary,relaxed,frontier_28,STX,0.06730955384540567,0.0,1.049999999999999
primary,relaxed,frontier_28,TER,0.0,0.0,1.049999999999999
primary,relaxed,frontier_28,TTD,-0.016767867342339964,-0.44999999999999996,-0.0
primary,relaxed,frontier_28,TYL,0.0,-0.44999999999999996,-0.0
primary,relaxed,frontier_28,WBD,2.0741923145894883e-17,0.0,1.049999999999999
primary,relaxed,frontier_28,WDC,0.36364915496334266,0.0,1.049999999999999
primary,relaxed,frontier_29,ALB,0.11768418821135052,0.0,1.049999999999999
primary,relaxed,frontier_29,CIEN,0.28473147134282667,0.0,1.049999999999999
primary,relaxed,frontier_29,COIN,0.0,-0.44999999999999996,-0.0
primary,relaxed,frontier_29,FDS,-7.018255177574922e-17,-0.44999999999999996,-0.0
primary,relaxed,frontier_29,FISV,-0.09740009461622867,-0.44999999999999996,-0.0
primary,relaxed,frontier_29,GDDY,0.0,-0.44999999999999996,-0.0
primary,relaxed,frontier_29,INTC,0.0,0.0,1.049999999999999
primary,relaxed,frontier_29,IT,-0.3404069483933419,-0.44999999999999996,-0.0
primary,relaxed,frontier_29,LRCX,0.0,0.0,1.049999999999999
primary,relaxed,frontier_29,MU,0.14544200743022154,0.0,1.049999999999999
primary,relaxed,frontier_29,NOW,-3.141992609097255e-17,-0.44999999999999996,-0.0
primary,relaxed,frontier_29,PAYC,0.0,-0.44999999999999996,-0.0
primary,relaxed,frontier_29,SMCI,-1.8040543649363794e-18,-0.44999999999999996,-0.0
primary,relaxed,frontier_29,SNDK,0.07268384307723856,0.0,1.049999999999999
primary,relaxed,frontier_29,STX,0.05991623997374591,0.0,1.049999999999999
primary,relaxed,frontier_29,TER,0.0,0.0,1.049999999999999
primary,relaxed,frontier_29,TTD,-0.012192956990429368,-0.44999999999999996,-0.0
primary,relaxed,frontier_29,TYL,0.0,-0.44999999999999996,-0.0
primary,relaxed,frontier_29,WBD,0.0,0.0,1.049999999999999
primary,relaxed,frontier_29,WDC,0.3695422499646159,0.0,1.049999999999999
primary,relaxed,frontier_30,ALB,0.11090030601340967,0.0,1.049999999999999
primary,relaxed,frontier_30,CIEN,0.28720193836948704,0.0,1.049999999999999
primary,relaxed,frontier_30,COIN,0.0,-0.44999999999999996,-0.0
primary,relaxed,frontier_30,FDS,-6.252134944237669e-17,-0.44999999999999996,-0.0
primary,relaxed,frontier_30,FISV,-0.09613730581680868,-0.44999999999999996,-0.0
primary,relaxed,frontier_30,GDDY,-1.770165982959945e-17,-0.44999999999999996,-0.0
primary,relaxed,frontier_30,INTC,0.0,0.0,1.049999999999999
primary,relaxed,frontier_30,IT,-0.34624464754467255,-0.44999999999999996,-0.0
primary,relaxed,frontier_30,LRCX,0.0,0.0,1.049999999999999
primary,relaxed,frontier_30,MU,0.14119674268017401,0.0,1.049999999999999
primary,relaxed,frontier_30,NOW,0.0,-0.44999999999999996,-0.0
primary,relaxed,frontier_30,PAYC,-1.6983693527683024e-17,-0.44999999999999996,-0.0
primary,relaxed,frontier_30,SMCI,-1.7496457492746724e-17,-0.44999999999999996,-0.0
primary,relaxed,frontier_30,SNDK,0.08274274186895442,0.0,1.049999999999999
primary,relaxed,frontier_30,STX,0.052522926102086566,0.0,1.049999999999999
primary,relaxed,frontier_30,TER,0.0,0.0,1.049999999999999
primary,relaxed,frontier_30,TTD,-0.007618046638518677,-0.44999999999999996,-0.0
primary,relaxed,frontier_30,TYL,0.0,-0.44999999999999996,-0.0
primary,relaxed,frontier_30,WBD,0.0,0.0,1.049999999999999
primary,relaxed,frontier_30,WDC,0.37543534496588765,0.0,1.049999999999999
primary,relaxed,frontier_31,ALB,0.10411642381546873,0.0,1.049999999999999
primary,relaxed,frontier_31,CIEN,0.2896724053961469,0.0,1.049999999999999
primary,relaxed,frontier_31,COIN,0.0,-0.44999999999999996,-0.0
primary,relaxed,frontier_31,FDS,-9.764545817601784e-17,-0.44999999999999996,-0.0
primary,relaxed,frontier_31,FISV,-0.09487451701738883,-0.44999999999999996,-0.0
primary,relaxed,frontier_31,GDDY,-3.324440751064519e-17,-0.44999999999999996,-0.0
primary,relaxed,frontier_31,INTC,0.0,0.0,1.049999999999999
primary,relaxed,frontier_31,IT,-0.3520823466960032,-0.44999999999999996,-0.0
primary,relaxed,frontier_31,LRCX,0.0,0.0,1.049999999999999
primary,relaxed,frontier_31,MU,0.13695147793012555,0.0,1.049999999999999
primary,relaxed,frontier_31,NOW,0.0,-0.44999999999999996,-0.0
primary,relaxed,frontier_31,PAYC,-1.927934632458926e-17,-0.44999999999999996,-0.0
primary,relaxed,frontier_31,SMCI,-3.63952352106385e-17,-0.44999999999999996,-0.0
primary,relaxed,frontier_31,SNDK,0.09280164066067004,0.0,1.049999999999999
primary,relaxed,frontier_31,STX,0.04512961223042664,0.0,1.049999999999999
primary,relaxed,frontier_31,TER,0.0,0.0,1.049999999999999
primary,relaxed,frontier_31,TTD,-0.003043136286607932,-0.44999999999999996,-0.0
primary,relaxed,frontier_31,TYL,0.0,-0.44999999999999996,-0.0
primary,relaxed,frontier_31,WBD,0.0,0.0,1.049999999999999
primary,relaxed,frontier_31,WDC,0.38132843996716126,0.0,1.049999999999999
primary,relaxed,frontier_32,ALB,0.09697048171843231,0.0,1.049999999999999
primary,relaxed,frontier_32,CIEN,0.2922165906017702,0.0,1.049999999999999
primary,relaxed,frontier_32,COIN,-2.412407579456191e-17,-0.44999999999999996,-0.0
primary,relaxed,frontier_32,FDS,0.0,-0.44999999999999996,-0.0
primary,relaxed,frontier_32,FISV,-0.09338733750510875,-0.44999999999999996,-0.0
primary,relaxed,frontier_32,GDDY,-7.29330366664913e-18,-0.44999999999999996,-0.0
primary,relaxed,frontier_32,INTC,0.0,0.0,1.049999999999999
primary,relaxed,frontier_32,IT,-0.3566126624948914,-0.44999999999999996,-0.0
primary,relaxed,frontier_32,LRCX,0.0,0.0,1.049999999999999
primary,relaxed,frontier_32,MU,0.1325053995400033,0.0,1.049999999999999
primary,relaxed,frontier_32,NOW,0.0,-0.44999999999999996,-0.0
primary,relaxed,frontier_32,PAYC,0.0,-0.44999999999999996,-0.0
primary,relaxed,frontier_32,SMCI,-5.579357890121613e-17,-0.44999999999999996,-0.0
primary,relaxed,frontier_32,SNDK,0.10285277753352565,0.0,1.049999999999999
primary,relaxed,frontier_32,STX,0.03780542567967737,0.0,1.049999999999999
primary,relaxed,frontier_32,TER,0.0,0.0,1.049999999999999
primary,relaxed,frontier_32,TTD,0.0,-0.44999999999999996,-0.0
primary,relaxed,frontier_32,TYL,-3.674920775250567e-17,-0.44999999999999996,-0.0
primary,relaxed,frontier_32,WBD,0.0,0.0,1.049999999999999
primary,relaxed,frontier_32,WDC,0.3876493249265904,0.0,1.049999999999999
primary,relaxed,frontier_33,ALB,0.08910700397369668,0.0,1.049999999999999
primary,relaxed,frontier_33,CIEN,0.29490605768388045,0.0,1.049999999999999
primary,relaxed,frontier_33,COIN,0.0,-0.44999999999999996,-0.0
primary,relaxed,frontier_33,FDS,-2.6090892437781202e-17,-0.44999999999999996,-0.0
primary,relaxed,frontier_33,FISV,-0.09145570142665649,-0.44999999999999996,-0.0
primary,relaxed,frontier_33,GDDY,0.0,-0.44999999999999996,-0.0
primary,relaxed,frontier_33,INTC,0.0,0.0,1.049999999999999
primary,relaxed,frontier_33,IT,-0.3585442985733435,-0.44999999999999996,-0.0
primary,relaxed,frontier_33,LRCX,0.0,0.0,1.049999999999999
primary,relaxed,frontier_33,MU,0.12766714179349753,0.0,1.049999999999999
primary,relaxed,frontier_33,NOW,-3.059925176932182e-17,-0.44999999999999996,-0.0
primary,relaxed,frontier_33,PAYC,-4.826798067620097e-17,-0.44999999999999996,-0.0
primary,relaxed,frontier_33,SMCI,-9.658285910747192e-18,-0.44999999999999996,-0.0
primary,relaxed,frontier_33,SNDK,0.11288945437575745,0.0,1.049999999999999
primary,relaxed,frontier_33,STX,0.030614961523315307,0.0,1.049999999999999
primary,relaxed,frontier_33,TER,1.681831187661724e-17,0.0,1.049999999999999
primary,relaxed,frontier_33,TTD,-6.316744830138988e-17,-0.44999999999999996,-0.0
primary,relaxed,frontier_33,TYL,-6.6170226452536e-18,-0.44999999999999996,-0.0
primary,relaxed,frontier_33,WBD,0.0,0.0,1.049999999999999
primary,relaxed,frontier_33,WDC,0.394815380649852,0.0,1.049999999999999
primary,relaxed,frontier_34,ALB,0.08124290047741277,0.0,1.049999999999999
primary,relaxed,frontier_34,CIEN,0.2975948036350242,0.0,1.049999999999999
primary,relaxed,frontier_34,COIN,0.0,-0.44999999999999996,-0.0
primary,relaxed,frontier_34,FDS,-1.0393079245158552e-16,-0.44999999999999996,-0.0
primary,relaxed,frontier_34,FISV,-0.08952278959804003,-0.44999999999999996,-0.0
primary,relaxed,frontier_34,GDDY,0.0,-0.44999999999999996,-0.0
primary,relaxed,frontier_34,INTC,0.0,0.0,1.049999999999999
primary,relaxed,frontier_34,IT,-0.3604772104019597,-0.44999999999999996,-0.0
primary,relaxed,frontier_34,LRCX,4.618336130688366e-17,0.0,1.049999999999999
primary,relaxed,frontier_34,MU,0.12282850324772217,0.0,1.049999999999999
primary,relaxed,frontier_34,NOW,-7.235258448362791e-17,-0.44999999999999996,-0.0
primary,relaxed,frontier_34,PAYC,-3.482396832350812e-17,-0.44999999999999996,-0.0
primary,relaxed,frontier_34,SMCI,-4.7338059556022753e-17,-0.44999999999999996,-0.0
primary,relaxed,frontier_34,SNDK,0.12292589831895746,0.0,1.049999999999999
primary,relaxed,frontier_34,STX,0.02342557197474177,0.0,1.049999999999999
primary,relaxed,frontier_34,TER,0.0,0.0,1.049999999999999
primary,relaxed,frontier_34,TTD,0.0,-0.44999999999999996,-0.0
primary,relaxed,frontier_34,TYL,-2.666391760745621e-17,-0.44999999999999996,-0.0
primary,relaxed,frontier_34,WBD,3.0381344120662855e-17,0.0,1.049999999999999
primary,relaxed,frontier_34,WDC,0.40198232234614056,0.0,1.049999999999999
primary,relaxed,frontier_35,ALB,0.07337879717794764,0.0,1.049999999999999
primary,relaxed,frontier_35,CIEN,0.30028354915521077,0.0,1.049999999999999
primary,relaxed,frontier_35,COIN,-6.728239406456856e-17,-0.44999999999999996,-0.0
primary,relaxed,frontier_35,FDS,0.0,-0.44999999999999996,-0.0
primary,relaxed,frontier_35,FISV,-0.08758987833209993,-0.44999999999999996,-0.0
primary,relaxed,frontier_35,GDDY,-4.818998464902527e-18,-0.44999999999999996,-0.0
primary,relaxed,frontier_35,INTC,4.954033231483781e-17,0.0,1.049999999999999
primary,relaxed,frontier_35,IT,-0.3624101216679001,-0.44999999999999996,-0.0
primary,relaxed,frontier_35,LRCX,0.0,0.0,1.049999999999999
primary,relaxed,frontier_35,MU,0.11798986470210995,0.0,1.049999999999999
primary,relaxed,frontier_35,NOW,-1.8986713413804432e-16,-0.44999999999999996,-0.0
primary,relaxed,frontier_35,PAYC,-2.1435390218814126e-18,-0.44999999999999996,-0.0
primary,relaxed,frontier_35,SMCI,0.0,-0.44999999999999996,-0.0
primary,relaxed,frontier_35,SNDK,0.13296234229865928,0.0,1.049999999999999
primary,relaxed,frontier_35,STX,0.016236182487246818,0.0,1.049999999999999
primary,relaxed,frontier_35,TER,0.0,0.0,1.049999999999999
primary,relaxed,frontier_35,TTD,0.0,-0.44999999999999996,-0.0
primary,relaxed,frontier_35,TYL,-5.934021156426135e-18,-0.44999999999999996,-0.0
primary,relaxed,frontier_35,WBD,0.0,0.0,1.049999999999999
primary,relaxed,frontier_35,WDC,0.40914926417882463,0.0,1.049999999999999
primary,relaxed,frontier_36,ALB,0.06551469387857344,0.0,1.049999999999999
primary,relaxed,frontier_36,CIEN,0.3029722946751399,0.0,1.049999999999999
primary,relaxed,frontier_36,COIN,0.0,-0.44999999999999996,-0.0
primary,relaxed,frontier_36,FDS,-4.0606500700159164e-17,-0.44999999999999996,-0.0
primary,relaxed,frontier_36,FISV,-0.08565696706610834,-0.44999999999999996,-0.0
primary,relaxed,frontier_36,GDDY,0.0,-0.44999999999999996,-0.0
primary,relaxed,frontier_36,INTC,0.0,0.0,1.049999999999999
primary,relaxed,frontier_36,IT,-0.36434303293389186,-0.44999999999999996,-0.0
primary,relaxed,frontier_36,LRCX,0.0,0.0,1.049999999999999
primary,relaxed,frontier_36,MU,0.1131512261563336,0.0,1.049999999999999
primary,relaxed,frontier_36,NOW,0.0,-0.44999999999999996,-0.0
primary,relaxed,frontier_36,PAYC,0.0,-0.44999999999999996,-0.0
primary,relaxed,frontier_36,SMCI,0.0,-0.44999999999999996,-0.0
primary,relaxed,frontier_36,SNDK,0.14299878627838322,0.0,1.049999999999999
primary,relaxed,frontier_36,STX,0.009046792999893262,0.0,1.049999999999999
primary,relaxed,frontier_36,TER,0.0,0.0,1.049999999999999
primary,relaxed,frontier_36,TTD,-7.820412468956639e-17,-0.44999999999999996,-0.0
primary,relaxed,frontier_36,TYL,0.0,-0.44999999999999996,-0.0
primary,relaxed,frontier_36,WBD,0.0,0.0,1.049999999999999
primary,relaxed,frontier_36,WDC,0.41631620601167585,0.0,1.049999999999999
primary,relaxed,frontier_37,ALB,0.057650590579199565,0.0,1.049999999999999
primary,relaxed,frontier_37,CIEN,0.3056610401950696,0.0,1.049999999999999
primary,relaxed,frontier_37,COIN,0.0,-0.44999999999999996,-0.0
primary,relaxed,frontier_37,FDS,0.0,-0.44999999999999996,-0.0
primary,relaxed,frontier_37,FISV,-0.08372405580011723,-0.44999999999999996,-0.0
primary,relaxed,frontier_37,GDDY,0.0,-0.44999999999999996,-0.0
primary,relaxed,frontier_37,INTC,0.0,0.0,1.049999999999999
primary,relaxed,frontier_37,IT,-0.3662759441998831,-0.44999999999999996,-0.0
primary,relaxed,frontier_37,LRCX,0.0,0.0,1.049999999999999
primary,relaxed,frontier_37,MU,0.10831258761055781,0.0,1.049999999999999
primary,relaxed,frontier_37,NOW,0.0,-0.44999999999999996,-0.0
primary,relaxed,frontier_37,PAYC,-2.835742799387433e-17,-0.44999999999999996,-0.0
primary,relaxed,frontier_37,SMCI,0.0,-0.44999999999999996,-0.0
primary,relaxed,frontier_37,SNDK,0.15303523025810653,0.0,1.049999999999999
primary,relaxed,frontier_37,STX,0.001857403512540553,0.0,1.049999999999999
primary,relaxed,frontier_37,TER,0.0,0.0,1.049999999999999
primary,relaxed,frontier_37,TTD,-2.4096964857961034e-17,-0.44999999999999996,-0.0
primary,relaxed,frontier_37,TYL,0.0,-0.44999999999999996,-0.0
primary,relaxed,frontier_37,WBD,0.0,0.0,1.049999999999999
primary,relaxed,frontier_37,WDC,0.42348314784452507,0.0,1.049999999999999
primary,relaxed,frontier_38,ALB,0.04885531548169963,0.0,1.049999999999999
primary,relaxed,frontier_38,CIEN,0.30786539809722724,0.0,1.049999999999999
primary,relaxed,frontier_38,COIN,0.0,-0.44999999999999996,-0.0
primary,relaxed,frontier_38,FDS,-1.172136394062029e-16,-0.44999999999999996,-0.0
primary,relaxed,frontier_38,FISV,-0.0819925181027957,-0.44999999999999996,-0.0
primary,relaxed,frontier_38,GDDY,0.0,-0.44999999999999996,-0.0
primary,relaxed,frontier_38,INTC,0.0,0.0,1.049999999999999
primary,relaxed,frontier_38,IT,-0.3680074818972042,-0.44999999999999996,-0.0
primary,relaxed,frontier_38,LRCX,0.0,0.0,1.049999999999999
primary,relaxed,frontier_38,MU,0.10161661417676746,0.0,1.049999999999999
primary,relaxed,frontier_38,NOW,0.0,-0.44999999999999996,-0.0
primary,relaxed,frontier_38,PAYC,0.0,-0.44999999999999996,-0.0
primary,relaxed,frontier_38,SMCI,-7.26191204608408e-17,-0.44999999999999996,-0.0
primary,relaxed,frontier_38,SNDK,0.1633410566366868,0.0,1.049999999999999
primary,relaxed,frontier_38,STX,0.0,0.0,1.049999999999999
primary,relaxed,frontier_38,TER,0.0,0.0,1.049999999999999
primary,relaxed,frontier_38,TTD,-3.1662808807706136e-17,-0.44999999999999996,-0.0
primary,relaxed,frontier_38,TYL,-6.32302409720569e-18,-0.44999999999999996,-0.0
primary,relaxed,frontier_38,WBD,0.0,0.0,1.049999999999999
primary,relaxed,frontier_38,WDC,0.42832161560761844,0.0,1.049999999999999
primary,relaxed,frontier_39,ALB,0.03973619026947262,0.0,1.049999999999999
primary,relaxed,frontier_39,CIEN,0.30990342813338223,0.0,1.049999999999999
primary,relaxed,frontier_39,COIN,-7.552848260203242e-17,-0.44999999999999996,-0.0
primary,relaxed,frontier_39,FDS,0.0,-0.44999999999999996,-0.0
primary,relaxed,frontier_39,FISV,-0.08033218570349408,-0.44999999999999996,-0.0
primary,relaxed,frontier_39,GDDY,0.0,-0.44999999999999996,-0.0
primary,relaxed,frontier_39,INTC,5.648174927165366e-17,0.0,1.049999999999999
primary,relaxed,frontier_39,IT,-0.3696678142965058,-0.44999999999999996,-0.0
primary,relaxed,frontier_39,LRCX,6.349686364403926e-17,0.0,1.049999999999999
primary,relaxed,frontier_39,MU,0.09427210763465586,0.0,1.049999999999999
primary,relaxed,frontier_39,NOW,-6.451933497556334e-18,-0.44999999999999996,-0.0
primary,relaxed,frontier_39,PAYC,-3.099773710338731e-17,-0.44999999999999996,-0.0
primary,relaxed,frontier_39,SMCI,-1.0886192014317482e-16,-0.44999999999999996,-0.0
primary,relaxed,frontier_39,SNDK,0.17374111678813162,0.0,1.049999999999999
primary,relaxed,frontier_39,STX,1.7214508484858145e-17,0.0,1.049999999999999
primary,relaxed,frontier_39,TER,0.0,0.0,1.049999999999999
primary,relaxed,frontier_39,TTD,0.0,-0.44999999999999996,-0.0
primary,relaxed,frontier_39,TYL,-3.6411171204585717e-17,-0.44999999999999996,-0.0
primary,relaxed,frontier_39,WBD,1.488171979411388e-16,0.0,1.049999999999999
primary,relaxed,frontier_39,WDC,0.4323471571743565,0.0,1.049999999999999
primary,relaxed,frontier_40,ALB,0.03061619388082521,0.0,1.049999999999999
primary,relaxed,frontier_40,CIEN,0.3119407398630975,0.0,1.049999999999999
primary,relaxed,frontier_40,COIN,-7.672990808040797e-17,-0.44999999999999996,-0.0
primary,relaxed,frontier_40,FDS,-6.6664482986899e-18,-0.44999999999999996,-0.0
primary,relaxed,frontier_40,FISV,-0.07867132643005977,-0.44999999999999996,-0.0
primary,relaxed,frontier_40,GDDY,-1.5193970314007908e-17,-0.44999999999999996,-0.0
primary,relaxed,frontier_40,INTC,1.0241258942780984e-16,0.0,1.049999999999999
primary,relaxed,frontier_40,IT,-0.37132867356994015,-0.44999999999999996,-0.0
primary,relaxed,frontier_40,LRCX,1.5205890299158173e-17,0.0,1.049999999999999
primary,relaxed,frontier_40,MU,0.08692859093145956,0.0,1.049999999999999
primary,relaxed,frontier_40,NOW,0.0,-0.44999999999999996,-0.0
primary,relaxed,frontier_40,PAYC,0.0,-0.44999999999999996,-0.0
primary,relaxed,frontier_40,SMCI,0.0,-0.44999999999999996,-0.0
primary,relaxed,frontier_40,SNDK,0.18414074087843874,0.0,1.049999999999999
primary,relaxed,frontier_40,STX,0.0,0.0,1.049999999999999
primary,relaxed,frontier_40,TER,0.0,0.0,1.049999999999999
primary,relaxed,frontier_40,TTD,-1.539477006206638e-17,-0.44999999999999996,-0.0
primary,relaxed,frontier_40,TYL,-6.977904983612077e-17,-0.44999999999999996,-0.0
primary,relaxed,frontier_40,WBD,0.0,0.0,1.049999999999999
primary,relaxed,frontier_40,WDC,0.43637373444617783,0.0,1.049999999999999
primary,relaxed,frontier_41,ALB,0.021496199618145116,0.0,1.049999999999999
primary,relaxed,frontier_41,CIEN,0.31397805373035925,0.0,1.049999999999999
primary,relaxed,frontier_41,COIN,0.0,-0.44999999999999996,-0.0
primary,relaxed,frontier_41,FDS,-2.686835008349171e-17,-0.44999999999999996,-0.0
primary,relaxed,frontier_41,FISV,-0.07701046857869691,-0.44999999999999996,-0.0
primary,relaxed,frontier_41,GDDY,-1.0424945978332801e-17,-0.44999999999999996,-0.0
primary,relaxed,frontier_41,INTC,8.598626906895578e-17,0.0,1.049999999999999
primary,relaxed,frontier_41,IT,-0.3729895314213031,-0.44999999999999996,-0.0
primary,relaxed,frontier_41,LRCX,5.2371109754543413e-17,0.0,1.049999999999999
primary,relaxed,frontier_41,MU,0.07958507204013623,0.0,1.049999999999999
primary,relaxed,frontier_41,NOW,0.0,-0.44999999999999996,-0.0
primary,relaxed,frontier_41,PAYC,0.0,-0.44999999999999996,-0.0
primary,relaxed,frontier_41,SMCI,0.0,-0.44999999999999996,-0.0
primary,relaxed,frontier_41,SNDK,0.19454036611738834,0.0,1.049999999999999
primary,relaxed,frontier_41,STX,0.0,0.0,1.049999999999999
primary,relaxed,frontier_41,TER,0.0,0.0,1.049999999999999
primary,relaxed,frontier_41,TTD,-2.556862452581881e-17,-0.44999999999999996,-0.0
primary,relaxed,frontier_41,TYL,-7.015284541892973e-17,-0.44999999999999996,-0.0
primary,relaxed,frontier_41,WBD,1.4557914153770206e-16,0.0,1.049999999999999
primary,relaxed,frontier_41,WDC,0.44040030849396977,0.0,1.049999999999999
primary,relaxed,frontier_42,ALB,0.012376205350027055,0.0,1.049999999999999
primary,relaxed,frontier_42,CIEN,0.3160153675920899,0.0,1.049999999999999
primary,relaxed,frontier_42,COIN,-1.2713670300957896e-16,-0.44999999999999996,-0.0
primary,relaxed,frontier_42,FDS,-7.243578663003583e-17,-0.44999999999999996,-0.0
primary,relaxed,frontier_42,FISV,-0.07534961072373941,-0.44999999999999996,-0.0
primary,relaxed,frontier_42,GDDY,-3.4481729151550555e-17,-0.44999999999999996,-0.0
primary,relaxed,frontier_42,INTC,3.029240264689803e-16,0.0,1.049999999999999
primary,relaxed,frontier_42,IT,-0.3746503892762602,-0.44999999999999996,-0.0
primary,relaxed,frontier_42,LRCX,1.5276997356658789e-16,0.0,1.049999999999999
primary,relaxed,frontier_42,MU,0.07224155315438403,0.0,1.049999999999999
primary,relaxed,frontier_42,NOW,-4.62709918289097e-17,-0.44999999999999996,-0.0
primary,relaxed,frontier_42,PAYC,0.0,-0.44999999999999996,-0.0
primary,relaxed,frontier_42,SMCI,-1.1791854932372881e-16,-0.44999999999999996,-0.0
primary,relaxed,frontier_42,SNDK,0.20493999135338337,0.0,1.049999999999999
primary,relaxed,frontier_42,STX,0.0,0.0,1.049999999999999
primary,relaxed,frontier_42,TER,0.0,0.0,1.049999999999999
primary,relaxed,frontier_42,TTD,0.0,-0.44999999999999996,-0.0
primary,relaxed,frontier_42,TYL,-2.0824269208818402e-17,-0.44999999999999996,-0.0
primary,relaxed,frontier_42,WBD,1.4044067049472704e-16,0.0,1.049999999999999
primary,relaxed,frontier_42,WDC,0.4444268825501141,0.0,1.049999999999999
primary,relaxed,frontier_43,ALB,0.003256211081922116,0.0,1.049999999999999
primary,relaxed,frontier_43,CIEN,0.318052681453835,0.0,1.049999999999999
primary,relaxed,frontier_43,COIN,-1.0245230736462112e-16,-0.44999999999999996,-0.0
primary,relaxed,frontier_43,FDS,-6.44280876230934e-17,-0.44999999999999996,-0.0
primary,relaxed,frontier_43,FISV,-0.0736887528687909,-0.44999999999999996,-0.0
primary,relaxed,frontier_43,GDDY,0.0,-0.44999999999999996,-0.0
primary,relaxed,frontier_43,INTC,1.7225148113969123e-16,0.0,1.049999999999999
primary,relaxed,frontier_43,IT,-0.376311247131209,-0.44999999999999996,-0.0
primary,relaxed,frontier_43,LRCX,9.1659041596049e-17,0.0,1.049999999999999
primary,relaxed,frontier_43,MU,0.06489803426861712,0.0,1.049999999999999
primary,relaxed,frontier_43,NOW,-5.4825963314341046e-17,-0.44999999999999996,-0.0
primary,relaxed,frontier_43,PAYC,-3.6038359794542757e-17,-0.44999999999999996,-0.0
primary,relaxed,frontier_43,SMCI,0.0,-0.44999999999999996,-0.0
primary,relaxed,frontier_43,SNDK,0.215339616589387,0.0,1.049999999999999
primary,relaxed,frontier_43,STX,1.3295923804351662e-16,0.0,1.049999999999999
primary,relaxed,frontier_43,TER,7.735582206489992e-18,0.0,1.049999999999999
primary,relaxed,frontier_43,TTD,0.0,-0.44999999999999996,-0.0
primary,relaxed,frontier_43,TYL,0.0,-0.44999999999999996,-0.0
primary,relaxed,frontier_43,WBD,1.889380489434198e-16,0.0,1.049999999999999
primary,relaxed,frontier_43,WDC,0.4484534566062372,0.0,1.049999999999999
primary,relaxed,frontier_44,ALB,5.953535906883826e-16,0.0,1.049999999999999
primary,relaxed,frontier_44,CIEN,0.3189372696392548,0.0,1.049999999999999
primary,relaxed,frontier_44,COIN,0.0,-0.44999999999999996,-0.0
primary,relaxed,frontier_44,FDS,0.0,-0.44999999999999996,-0.0
primary,relaxed,frontier_44,FISV,-0.07325245744568396,-0.44999999999999996,-0.0
primary,relaxed,frontier_44,GDDY,-4.9722811056681e-18,-0.44999999999999996,-0.0
primary,relaxed,frontier_44,INTC,3.376906997294257e-18,0.0,1.049999999999999
primary,relaxed,frontier_44,IT,-0.3767475425543159,-0.44999999999999996,-0.0
primary,relaxed,frontier_44,LRCX,7.104937723239595e-17,0.0,1.049999999999999
primary,relaxed,frontier_44,MU,0.05240628347097308,0.0,1.049999999999999
primary,relaxed,frontier_44,NOW,-5.574321285351168e-17,-0.44999999999999996,-0.0
primary,relaxed,frontier_44,PAYC,-2.4223301823729017e-17,-0.44999999999999996,-0.0
primary,relaxed,frontier_44,SMCI,-1.687481455026513e-17,-0.44999999999999996,-0.0
primary,relaxed,frontier_44,SNDK,0.22809167360816707,0.0,1.049999999999999
primary,relaxed,frontier_44,STX,0.0,0.0,1.049999999999999
primary,relaxed,frontier_44,TER,4.1840237241843426e-17,0.0,1.049999999999999
primary,relaxed,frontier_44,TTD,-1.6819947582703552e-18,-0.44999999999999996,-0.0
primary,relaxed,frontier_44,TYL,-7.300257929734449e-17,-0.44999999999999996,-0.0
primary,relaxed,frontier_44,WBD,1.072524531573413e-16,0.0,1.049999999999999
primary,relaxed,frontier_44,WDC,0.4505647732816031,0.0,1.049999999999999
primary,relaxed,frontier_45,ALB,9.96371332905526e-17,0.0,1.049999999999999
primary,relaxed,frontier_45,CIEN,0.3191834806461465,0.0,1.049999999999999
primary,relaxed,frontier_45,COIN,0.0,-0.44999999999999996,-0.0
primary,relaxed,frontier_45,FDS,-1.2648791989465854e-16,-0.44999999999999996,-0.0
primary,relaxed,frontier_45,FISV,-0.07349763282956924,-0.44999999999999996,-0.0
primary,relaxed,frontier_45,GDDY,-1.3818939900123715e-16,-0.44999999999999996,-0.0
primary,relaxed,frontier_45,INTC,0.0,0.0,1.049999999999999
primary,relaxed,frontier_45,IT,-0.37650236717043073,-0.44999999999999996,-0.0
primary,relaxed,frontier_45,LRCX,0.0,0.0,1.049999999999999
primary,relaxed,frontier_45,MU,0.037054875057374224,0.0,1.049999999999999
primary,relaxed,frontier_45,NOW,-1.3552006445406518e-17,-0.44999999999999996,-0.0
primary,relaxed,frontier_45,PAYC,0.0,-0.44999999999999996,-0.0
primary,relaxed,frontier_45,SMCI,0.0,-0.44999999999999996,-0.0
primary,relaxed,frontier_45,SNDK,0.24215014255186973,0.0,1.049999999999999
primary,relaxed,frontier_45,STX,0.0,0.0,1.049999999999999
primary,relaxed,frontier_45,TER,8.060860320438462e-18,0.0,1.049999999999999
primary,relaxed,frontier_45,TTD,0.0,-0.44999999999999996,-0.0
primary,relaxed,frontier_45,TYL,-5.258892147296878e-18,-0.44999999999999996,-0.0
primary,relaxed,frontier_45,WBD,0.0,0.0,1.049999999999999
primary,relaxed,frontier_45,WDC,0.4516115017446088,0.0,1.049999999999999
primary,relaxed,frontier_46,ALB,0.0,0.0,1.049999999999999
primary,relaxed,frontier_46,CIEN,0.31942964407616375,0.0,1.049999999999999
primary,relaxed,frontier_46,COIN,0.0,-0.44999999999999996,-0.0
primary,relaxed,frontier_46,FDS,0.0,-0.44999999999999996,-0.0
primary,relaxed,frontier_46,FISV,-0.07374278805080646,-0.44999999999999996,-0.0
primary,relaxed,frontier_46,GDDY,-3.1859031032140645e-17,-0.44999999999999996,-0.0
primary,relaxed,frontier_46,INTC,0.0,0.0,1.049999999999999
primary,relaxed,frontier_46,IT,-0.3762572119491936,-0.44999999999999996,-0.0
primary,relaxed,frontier_46,LRCX,0.0,0.0,1.049999999999999
primary,relaxed,frontier_46,MU,0.02170350451077365,0.0,1.049999999999999
primary,relaxed,frontier_46,NOW,-6.0216133776593015e-18,-0.44999999999999996,-0.0
primary,relaxed,frontier_46,PAYC,-9.376408095206756e-17,-0.44999999999999996,-0.0
primary,relaxed,frontier_46,SMCI,-1.3755156534989073e-17,-0.44999999999999996,-0.0
primary,relaxed,frontier_46,SNDK,0.2562086106403519,0.0,1.049999999999999
primary,relaxed,frontier_46,STX,0.0,0.0,1.049999999999999
primary,relaxed,frontier_46,TER,0.0,0.0,1.049999999999999
primary,relaxed,frontier_46,TTD,-2.5369064590278202e-17,-0.44999999999999996,-0.0
primary,relaxed,frontier_46,TYL,-1.8888856574069964e-17,-0.44999999999999996,-0.0
primary,relaxed,frontier_46,WBD,0.0,0.0,1.049999999999999
primary,relaxed,frontier_46,WDC,0.45265824077270994,0.0,1.049999999999999
primary,relaxed,frontier_47,ALB,0.0,0.0,1.049999999999999
primary,relaxed,frontier_47,CIEN,0.3196758075076183,0.0,1.049999999999999
primary,relaxed,frontier_47,COIN,-1.8672793902382458e-17,-0.44999999999999996,-0.0
primary,relaxed,frontier_47,FDS,-5.493293994520974e-17,-0.44999999999999996,-0.0
primary,relaxed,frontier_47,FISV,-0.07398794327260433,-0.44999999999999996,-0.0
primary,relaxed,frontier_47,GDDY,-1.2934986655918355e-16,-0.44999999999999996,-0.0
primary,relaxed,frontier_47,INTC,1.6953616620081634e-16,0.0,1.049999999999999
primary,relaxed,frontier_47,IT,-0.3760120567273955,-0.44999999999999996,-0.0
primary,relaxed,frontier_47,LRCX,0.0,0.0,1.049999999999999
primary,relaxed,frontier_47,MU,0.00635213396328799,0.0,1.049999999999999
primary,relaxed,frontier_47,NOW,0.0,-0.44999999999999996,-0.0
primary,relaxed,frontier_47,PAYC,0.0,-0.44999999999999996,-0.0
primary,relaxed,frontier_47,SMCI,-1.497574048876018e-16,-0.44999999999999996,-0.0
primary,relaxed,frontier_47,SNDK,0.2702670787288998,0.0,1.049999999999999
primary,relaxed,frontier_47,STX,0.0,0.0,1.049999999999999
primary,relaxed,frontier_47,TER,0.0,0.0,1.049999999999999
primary,relaxed,frontier_47,TTD,0.0,-0.44999999999999996,-0.0
primary,relaxed,frontier_47,TYL,-1.0525502722619834e-16,-0.44999999999999996,-0.0
primary,relaxed,frontier_47,WBD,0.0,0.0,1.049999999999999
primary,relaxed,frontier_47,WDC,0.45370497980019275,0.0,1.049999999999999
primary,relaxed,frontier_48,ALB,0.0,0.0,1.049999999999999
primary,relaxed,frontier_48,CIEN,0.3163943285388805,0.0,1.049999999999999
primary,relaxed,frontier_48,COIN,0.0,-0.44999999999999996,-0.0
primary,relaxed,frontier_48,FDS,-3.023158966098356e-17,-0.44999999999999996,-0.0
primary,relaxed,frontier_48,FISV,-0.07494871474701674,-0.44999999999999996,-0.0
primary,relaxed,frontier_48,GDDY,0.0,-0.44999999999999996,-0.0
primary,relaxed,frontier_48,INTC,0.0,0.0,1.049999999999999
primary,relaxed,frontier_48,IT,-0.37505128525298337,-0.44999999999999996,-0.0
primary,relaxed,frontier_48,LRCX,3.302328895234095e-18,0.0,1.049999999999999
primary,relaxed,frontier_48,MU,0.0,0.0,1.049999999999999
primary,relaxed,frontier_48,NOW,0.0,-0.44999999999999996,-0.0
primary,relaxed,frontier_48,PAYC,-1.5813599991610627e-16,-0.44999999999999996,-0.0
primary,relaxed,frontier_48,SMCI,0.0,-0.44999999999999996,-0.0
primary,relaxed,frontier_48,SNDK,0.2850579555461864,0.0,1.049999999999999
primary,relaxed,frontier_48,STX,0.0,0.0,1.049999999999999
primary,relaxed,frontier_48,TER,2.551011025141165e-17,0.0,1.049999999999999
primary,relaxed,frontier_48,TTD,0.0,-0.44999999999999996,-0.0
primary,relaxed,frontier_48,TYL,0.0,-0.44999999999999996,-0.0
primary,relaxed,frontier_48,WBD,8.812963403789686e-17,0.0,1.049999999999999
primary,relaxed,frontier_48,WDC,0.4485477159149323,0.0,1.049999999999999
primary,relaxed,frontier_49,ALB,8.729247269211949e-17,0.0,1.049999999999999
primary,relaxed,frontier_49,CIEN,0.3106226539673114,0.0,1.049999999999999
primary,relaxed,frontier_49,COIN,-5.999860046539702e-17,-0.44999999999999996,-0.0
primary,relaxed,frontier_49,FDS,-1.937872174915043e-16,-0.44999999999999996,-0.0
primary,relaxed,frontier_49,FISV,-0.07641449217379645,-0.44999999999999996,-0.0
primary,relaxed,frontier_49,GDDY,0.0,-0.44999999999999996,-0.0
primary,relaxed,frontier_49,INTC,1.0894405825607459e-16,0.0,1.049999999999999
primary,relaxed,frontier_49,IT,-0.3735855078262034,-0.44999999999999996,-0.0
primary,relaxed,frontier_49,LRCX,0.0,0.0,1.049999999999999
primary,relaxed,frontier_49,MU,2.3696480592809977e-17,0.0,1.049999999999999
primary,relaxed,frontier_49,NOW,-1.1135865057579645e-16,-0.44999999999999996,-0.0
primary,relaxed,frontier_49,PAYC,0.0,-0.44999999999999996,-0.0
primary,relaxed,frontier_49,SMCI,0.0,-0.44999999999999996,-0.0
primary,relaxed,frontier_49,SNDK,0.30036577966466993,0.0,1.049999999999999
primary,relaxed,frontier_49,STX,2.9094300763142035e-17,0.0,1.049999999999999
primary,relaxed,frontier_49,TER,0.0,0.0,1.049999999999999
primary,relaxed,frontier_49,TTD,-9.354390265342116e-18,-0.44999999999999996,-0.0
primary,relaxed,frontier_49,TYL,0.0,-0.44999999999999996,-0.0
primary,relaxed,frontier_49,WBD,1.078120397083047e-16,0.0,1.049999999999999
primary,relaxed,frontier_49,WDC,0.4390115663680172,0.0,1.049999999999999
primary,relaxed,frontier_50,ALB,3.934717277585431e-16,0.0,1.049999999999999
primary,relaxed,frontier_50,CIEN,0.3048509658161269,0.0,1.049999999999999
primary,relaxed,frontier_50,COIN,0.0,-0.44999999999999996,-0.0
primary,relaxed,frontier_50,FDS,-3.2476030921221645e-17,-0.44999999999999996,-0.0
primary,relaxed,frontier_50,FISV,-0.0778802562966612,-0.44999999999999996,-0.0
primary,relaxed,frontier_50,GDDY,-2.0144978248674762e-18,-0.44999999999999996,-0.0
primary,relaxed,frontier_50,INTC,0.0,0.0,1.049999999999999
primary,relaxed,frontier_50,IT,-0.3721197437033389,-0.44999999999999996,-0.0
primary,relaxed,frontier_50,LRCX,0.0,0.0,1.049999999999999
primary,relaxed,frontier_50,MU,0.0,0.0,1.049999999999999
primary,relaxed,frontier_50,NOW,0.0,-0.44999999999999996,-0.0
primary,relaxed,frontier_50,PAYC,0.0,-0.44999999999999996,-0.0
primary,relaxed,frontier_50,SMCI,0.0,-0.44999999999999996,-0.0
primary,relaxed,frontier_50,SNDK,0.31567360230293845,0.0,1.049999999999999
primary,relaxed,frontier_50,STX,0.0,0.0,1.049999999999999
primary,relaxed,frontier_50,TER,0.0,0.0,1.049999999999999
primary,relaxed,frontier_50,TTD,-7.247154541042743e-17,-0.44999999999999996,-0.0
primary,relaxed,frontier_50,TYL,0.0,-0.44999999999999996,-0.0
primary,relaxed,frontier_50,WBD,0.0,0.0,1.049999999999999
primary,relaxed,frontier_50,WDC,0.4294754318809342,0.0,1.049999999999999
primary,relaxed,frontier_51,ALB,8.840821951294473e-17,0.0,1.049999999999999
primary,relaxed,frontier_51,CIEN,0.2990792776654673,0.0,1.049999999999999
primary,relaxed,frontier_51,COIN,0.0,-0.44999999999999996,-0.0
primary,relaxed,frontier_51,FDS,-8.100627195759209e-17,-0.44999999999999996,-0.0
primary,relaxed,frontier_51,FISV,-0.07934602041994188,-0.44999999999999996,-0.0
primary,relaxed,frontier_51,GDDY,0.0,-0.44999999999999996,-0.0
primary,relaxed,frontier_51,INTC,0.0,0.0,1.049999999999999
primary,relaxed,frontier_51,IT,-0.370653979580058,-0.44999999999999996,-0.0
primary,relaxed,frontier_51,LRCX,0.0,0.0,1.049999999999999
primary,relaxed,frontier_51,MU,2.0818017010935548e-17,0.0,1.049999999999999
primary,relaxed,frontier_51,NOW,-7.255542424283593e-17,-0.44999999999999996,-0.0
primary,relaxed,frontier_51,PAYC,0.0,-0.44999999999999996,-0.0
primary,relaxed,frontier_51,SMCI,0.0,-0.44999999999999996,-0.0
primary,relaxed,frontier_51,SNDK,0.3309814249412692,0.0,1.049999999999999
primary,relaxed,frontier_51,STX,0.0,0.0,1.049999999999999
primary,relaxed,frontier_51,TER,0.0,0.0,1.049999999999999
primary,relaxed,frontier_51,TTD,-8.699290358952183e-17,-0.44999999999999996,-0.0
primary,relaxed,frontier_51,TYL,-1.3084166716753567e-16,-0.44999999999999996,-0.0
primary,relaxed,frontier_51,WBD,0.0,0.0,1.049999999999999
primary,relaxed,frontier_51,WDC,0.4199392973932628,0.0,1.049999999999999
primary,relaxed,frontier_52,ALB,0.0,0.0,1.049999999999999
primary,relaxed,frontier_52,CIEN,0.2933075895148085,0.0,1.049999999999999
primary,relaxed,frontier_52,COIN,0.0,-0.44999999999999996,-0.0
primary,relaxed,frontier_52,FDS,-1.1026830842612368e-16,-0.44999999999999996,-0.0
primary,relaxed,frontier_52,FISV,-0.08081178454322273,-0.44999999999999996,-0.0
primary,relaxed,frontier_52,GDDY,0.0,-0.44999999999999996,-0.0
primary,relaxed,frontier_52,INTC,1.544028853636612e-17,0.0,1.049999999999999
primary,relaxed,frontier_52,IT,-0.3691882154567774,-0.44999999999999996,-0.0
primary,relaxed,frontier_52,LRCX,0.0,0.0,1.049999999999999
primary,relaxed,frontier_52,MU,1.963546339937262e-17,0.0,1.049999999999999
primary,relaxed,frontier_52,NOW,0.0,-0.44999999999999996,-0.0
primary,relaxed,frontier_52,PAYC,-3.0074220219331896e-18,-0.44999999999999996,-0.0
primary,relaxed,frontier_52,SMCI,-5.764408984105825e-17,-0.44999999999999996,-0.0
primary,relaxed,frontier_52,SNDK,0.3462892475795991,0.0,1.049999999999999
primary,relaxed,frontier_52,STX,0.0,0.0,1.049999999999999
primary,relaxed,frontier_52,TER,8.779141426035821e-17,0.0,1.049999999999999
primary,relaxed,frontier_52,TTD,-4.6782903995771575e-17,-0.44999999999999996,-0.0
primary,relaxed,frontier_52,TYL,0.0,-0.44999999999999996,-0.0
primary,relaxed,frontier_52,WBD,0.0,0.0,1.049999999999999
primary,relaxed,frontier_52,WDC,0.41040316290559153,0.0,1.049999999999999
primary,relaxed,frontier_53,ALB,0.0,0.0,1.049999999999999
primary,relaxed,frontier_53,CIEN,0.2875359013641485,0.0,1.049999999999999
primary,relaxed,frontier_53,COIN,-1.0712612587097467e-16,-0.44999999999999996,-0.0
primary,relaxed,frontier_53,FDS,-6.821893798826926e-17,-0.44999999999999996,-0.0
primary,relaxed,frontier_53,FISV,-0.08227754866650343,-0.44999999999999996,-0.0
primary,relaxed,frontier_53,GDDY,0.0,-0.44999999999999996,-0.0
primary,relaxed,frontier_53,INTC,5.517973865545338e-17,0.0,1.049999999999999
primary,relaxed,frontier_53,IT,-0.36772245133349646,-0.44999999999999996,-0.0
primary,relaxed,frontier_53,LRCX,1.5316653892188906e-16,0.0,1.049999999999999
primary,relaxed,frontier_53,MU,5.503994762670751e-17,0.0,1.049999999999999
primary,relaxed,frontier_53,NOW,-7.634685268367956e-18,-0.44999999999999996,-0.0
primary,relaxed,frontier_53,PAYC,0.0,-0.44999999999999996,-0.0
primary,relaxed,frontier_53,SMCI,-4.108900208330605e-17,-0.44999999999999996,-0.0
primary,relaxed,frontier_53,SNDK,0.361597070217929,0.0,1.049999999999999
primary,relaxed,frontier_53,STX,1.4498871447020782e-16,0.0,1.049999999999999
primary,relaxed,frontier_53,TER,0.0,0.0,1.049999999999999
primary,relaxed,frontier_53,TTD,0.0,-0.44999999999999996,-0.0
primary,relaxed,frontier_53,TYL,-4.018299446709917e-17,-0.44999999999999996,-0.0
primary,relaxed,frontier_53,WBD,1.3564213517380554e-16,0.0,1.049999999999999
primary,relaxed,frontier_53,WDC,0.40086702841792127,0.0,1.049999999999999
primary,relaxed,frontier_54,ALB,0.0,0.0,1.049999999999999
primary,relaxed,frontier_54,CIEN,0.2817642132134892,0.0,1.049999999999999
primary,relaxed,frontier_54,COIN,0.0,-0.44999999999999996,-0.0
primary,relaxed,frontier_54,FDS,-8.548878847076348e-17,-0.44999999999999996,-0.0
primary,relaxed,frontier_54,FISV,-0.08374331278978396,-0.44999999999999996,-0.0
primary,relaxed,frontier_54,GDDY,-9.68971025104393e-17,-0.44999999999999996,-0.0
primary,relaxed,frontier_54,INTC,1.6842865499704777e-16,0.0,1.049999999999999
primary,relaxed,frontier_54,IT,-0.36625668721021565,-0.44999999999999996,-0.0
primary,relaxed,frontier_54,LRCX,6.025636814972373e-17,0.0,1.049999999999999
primary,relaxed,frontier_54,MU,0.0,0.0,1.049999999999999
primary,relaxed,frontier_54,NOW,0.0,-0.44999999999999996,-0.0
primary,relaxed,frontier_54,PAYC,-8.816763604557362e-17,-0.44999999999999996,-0.0
primary,relaxed,frontier_54,SMCI,-6.903236552373299e-17,-0.44999999999999996,-0.0
primary,relaxed,frontier_54,SNDK,0.376904892856259,0.0,1.049999999999999
primary,relaxed,frontier_54,STX,3.9962426728830373e-17,0.0,1.049999999999999
primary,relaxed,frontier_54,TER,0.0,0.0,1.049999999999999
primary,relaxed,frontier_54,TTD,-6.732300224659254e-17,-0.44999999999999996,-0.0
primary,relaxed,frontier_54,TYL,-4.2061938660627546e-17,-0.44999999999999996,-0.0
primary,relaxed,frontier_54,WBD,0.0,0.0,1.049999999999999
primary,relaxed,frontier_54,WDC,0.39133089393025067,0.0,1.049999999999999
primary,relaxed,frontier_55,ALB,4.307183623654121e-16,0.0,1.049999999999999
primary,relaxed,frontier_55,CIEN,0.27599252506282995,0.0,1.049999999999999
primary,relaxed,frontier_55,COIN,-6.20771941204477e-18,-0.44999999999999996,-0.0
primary,relaxed,frontier_55,FDS,-6.627557121998469e-17,-0.44999999999999996,-0.0
primary,relaxed,frontier_55,FISV,-0.08520907691306473,-0.44999999999999996,-0.0
primary,relaxed,frontier_55,GDDY,-6.908157961600137e-17,-0.44999999999999996,-0.0
primary,relaxed,frontier_55,INTC,0.0,0.0,1.049999999999999
primary,relaxed,frontier_55,IT,-0.3647909230869351,-0.44999999999999996,-0.0
primary,relaxed,frontier_55,LRCX,0.0,0.0,1.049999999999999
primary,relaxed,frontier_55,MU,9.666782971784428e-17,0.0,1.049999999999999
primary,relaxed,frontier_55,NOW,-1.42329829661822e-17,-0.44999999999999996,-0.0
primary,relaxed,frontier_55,PAYC,0.0,-0.44999999999999996,-0.0
primary,relaxed,frontier_55,SMCI,-1.7312427229667042e-17,-0.44999999999999996,-0.0
primary,relaxed,frontier_55,SNDK,0.39221271549458847,0.0,1.049999999999999
primary,relaxed,frontier_55,STX,3.015153582207072e-17,0.0,1.049999999999999
primary,relaxed,frontier_55,TER,4.0070839470473574e-17,0.0,1.049999999999999
primary,relaxed,frontier_55,TTD,0.0,-0.44999999999999996,-0.0
primary,relaxed,frontier_55,TYL,0.0,-0.44999999999999996,-0.0
primary,relaxed,frontier_55,WBD,0.0,0.0,1.049999999999999
primary,relaxed,frontier_55,WDC,0.3817947594425803,0.0,1.049999999999999
primary,relaxed,frontier_56,ALB,0.0,0.0,1.049999999999999
primary,relaxed,frontier_56,CIEN,0.27022083691217097,0.0,1.049999999999999
primary,relaxed,frontier_56,COIN,-6.883370265503671e-17,-0.44999999999999996,-0.0
primary,relaxed,frontier_56,FDS,0.0,-0.44999999999999996,-0.0
primary,relaxed,frontier_56,FISV,-0.08667484103634546,-0.44999999999999996,-0.0
primary,relaxed,frontier_56,GDDY,0.0,-0.44999999999999996,-0.0
primary,relaxed,frontier_56,INTC,2.9664584274464845e-16,0.0,1.049999999999999
primary,relaxed,frontier_56,IT,-0.3633251589636546,-0.44999999999999996,-0.0
primary,relaxed,frontier_56,LRCX,0.0,0.0,1.049999999999999
primary,relaxed,frontier_56,MU,2.588500459451421e-16,0.0,1.049999999999999
primary,relaxed,frontier_56,NOW,-4.888246557630287e-17,-0.44999999999999996,-0.0
primary,relaxed,frontier_56,PAYC,0.0,-0.44999999999999996,-0.0
primary,relaxed,frontier_56,SMCI,-7.075276167615973e-17,-0.44999999999999996,-0.0
primary,relaxed,frontier_56,SNDK,0.4075205381329185,0.0,1.049999999999999
primary,relaxed,frontier_56,STX,4.816897695899155e-17,0.0,1.049999999999999
primary,relaxed,frontier_56,TER,0.0,0.0,1.049999999999999
primary,relaxed,frontier_56,TTD,-1.3524549977193442e-17,-0.44999999999999996,-0.0
primary,relaxed,frontier_56,TYL,-4.124912552768702e-17,-0.44999999999999996,-0.0
primary,relaxed,frontier_56,WBD,4.134402183185929e-17,0.0,1.049999999999999
primary,relaxed,frontier_56,WDC,0.3722586249549093,0.0,1.049999999999999
primary,relaxed,frontier_57,ALB,0.0,0.0,1.049999999999999
primary,relaxed,frontier_57,CIEN,0.26444914876151143,0.0,1.049999999999999
primary,relaxed,frontier_57,COIN,-9.176624220893077e-17,-0.44999999999999996,-0.0
primary,relaxed,frontier_57,FDS,0.0,-0.44999999999999996,-0.0
primary,relaxed,frontier_57,FISV,-0.08814060515962614,-0.44999999999999996,-0.0
primary,relaxed,frontier_57,GDDY,-1.957246853936242e-17,-0.44999999999999996,-0.0
primary,relaxed,frontier_57,INTC,1.7115355725948853e-17,0.0,1.049999999999999
primary,relaxed,frontier_57,IT,-0.3618593948403736,-0.44999999999999996,-0.0
primary,relaxed,frontier_57,LRCX,1.5943700364094376e-16,0.0,1.049999999999999
primary,relaxed,frontier_57,MU,2.743468870595716e-17,0.0,1.049999999999999
primary,relaxed,frontier_57,NOW,-4.754127560424446e-17,-0.44999999999999996,-0.0
primary,relaxed,frontier_57,PAYC,0.0,-0.44999999999999996,-0.0
primary,relaxed,frontier_57,SMCI,-1.2395836464404088e-16,-0.44999999999999996,-0.0
primary,relaxed,frontier_57,SNDK,0.42282836077124913,0.0,1.049999999999999
primary,relaxed,frontier_57,STX,4.4362181582492875e-17,0.0,1.049999999999999
primary,relaxed,frontier_57,TER,0.0,0.0,1.049999999999999
primary,relaxed,frontier_57,TTD,-5.3747684969891727e-17,-0.44999999999999996,-0.0
primary,relaxed,frontier_57,TYL,0.0,-0.44999999999999996,-0.0
primary,relaxed,frontier_57,WBD,3.6144945526857473e-16,0.0,1.049999999999999
primary,relaxed,frontier_57,WDC,0.36272249046723815,0.0,1.049999999999999
primary,relaxed,frontier_58,ALB,3.3301843032170864e-16,0.0,1.049999999999999
primary,relaxed,frontier_58,CIEN,0.25867746061085145,0.0,1.049999999999999
primary,relaxed,frontier_58,COIN,-9.415372624280075e-17,-0.44999999999999996,-0.0
primary,relaxed,frontier_58,FDS,0.0,-0.44999999999999996,-0.0
primary,relaxed,frontier_58,FISV,-0.0896063692829073,-0.44999999999999996,-0.0
primary,relaxed,frontier_58,GDDY,-1.2157959603268644e-16,-0.44999999999999996,-0.0
primary,relaxed,frontier_58,INTC,0.0,0.0,1.049999999999999
primary,relaxed,frontier_58,IT,-0.3603936307170927,-0.44999999999999996,-0.0
primary,relaxed,frontier_58,LRCX,0.0,0.0,1.049999999999999
primary,relaxed,frontier_58,MU,0.0,0.0,1.049999999999999
primary,relaxed,frontier_58,NOW,0.0,-0.44999999999999996,-0.0
primary,relaxed,frontier_58,PAYC,-5.006910018780713e-17,-0.44999999999999996,-0.0
primary,relaxed,frontier_58,SMCI,0.0,-0.44999999999999996,-0.0
primary,relaxed,frontier_58,SNDK,0.438136183409579,0.0,1.049999999999999
primary,relaxed,frontier_58,STX,2.013851406602342e-16,0.0,1.049999999999999
primary,relaxed,frontier_58,TER,4.6614941513963415e-17,0.0,1.049999999999999
primary,relaxed,frontier_58,TTD,-1.566394933004857e-17,-0.44999999999999996,-0.0
primary,relaxed,frontier_58,TYL,0.0,-0.44999999999999996,-0.0
primary,relaxed,frontier_58,WBD,7.790806876033925e-17,0.0,1.049999999999999
primary,relaxed,frontier_58,WDC,0.3531863559795679,0.0,1.049999999999999
primary,relaxed,frontier_59,ALB,0.0,0.0,1.049999999999999
primary,relaxed,frontier_59,CIEN,0.2529057724601931,0.0,1.049999999999999
primary,relaxed,frontier_59,COIN,0.0,-0.44999999999999996,-0.0
primary,relaxed,frontier_59,FDS,-6.068549890268276e-17,-0.44999999999999996,-0.0
primary,relaxed,frontier_59,FISV,-0.09107213340618787,-0.44999999999999996,-0.0
primary,relaxed,frontier_59,GDDY,-9.003656363418047e-17,-0.44999999999999996,-0.0
primary,relaxed,frontier_59,INTC,0.0,0.0,1.049999999999999
primary,relaxed,frontier_59,IT,-0.3589278665938121,-0.44999999999999996,-0.0
primary,relaxed,frontier_59,LRCX,0.0,0.0,1.049999999999999
primary,relaxed,frontier_59,MU,0.0,0.0,1.049999999999999
primary,relaxed,frontier_59,NOW,0.0,-0.44999999999999996,-0.0
primary,relaxed,frontier_59,PAYC,-1.2916673625965367e-16,-0.44999999999999996,-0.0
primary,relaxed,frontier_59,SMCI,0.0,-0.44999999999999996,-0.0
primary,relaxed,frontier_59,SNDK,0.45344400604790985,0.0,1.049999999999999
primary,relaxed,frontier_59,STX,2.4917688154018417e-16,0.0,1.049999999999999
primary,relaxed,frontier_59,TER,2.826373792267111e-16,0.0,1.049999999999999
primary,relaxed,frontier_59,TTD,0.0,-0.44999999999999996,-0.0
primary,relaxed,frontier_59,TYL,-4.862819665675461e-17,-0.44999999999999996,-0.0
primary,relaxed,frontier_59,WBD,2.078720819234631e-16,0.0,1.049999999999999
primary,relaxed,frontier_59,WDC,0.34365022149189633,0.0,1.049999999999999
primary,relaxed,frontier_60,ALB,1.0967575007609429e-16,0.0,1.049999999999999
primary,relaxed,frontier_60,CIEN,0.24713408430953374,0.0,1.049999999999999
primary,relaxed,frontier_60,COIN,-7.054480141061864e-17,-0.44999999999999996,-0.0
primary,relaxed,frontier_60,FDS,0.0,-0.44999999999999996,-0.0
primary,relaxed,frontier_60,FISV,-0.09253789752946832,-0.44999999999999996,-0.0
primary,relaxed,frontier_60,GDDY,-2.1269229897289076e-17,-0.44999999999999996,-0.0
primary,relaxed,frontier_60,INTC,3.383253098977465e-16,0.0,1.049999999999999
primary,relaxed,frontier_60,IT,-0.3574621024705317,-0.44999999999999996,-0.0
primary,relaxed,frontier_60,LRCX,1.1288485888907986e-16,0.0,1.049999999999999
primary,relaxed,frontier_60,MU,0.0,0.0,1.049999999999999
primary,relaxed,frontier_60,NOW,-6.265733648490501e-17,-0.44999999999999996,-0.0
primary,relaxed,frontier_60,PAYC,0.0,-0.44999999999999996,-0.0
primary,relaxed,frontier_60,SMCI,-1.9965660002452755e-16,-0.44999999999999996,-0.0
primary,relaxed,frontier_60,SNDK,0.4687518286862388,0.0,1.049999999999999
primary,relaxed,frontier_60,STX,2.6795558774031622e-17,0.0,1.049999999999999
primary,relaxed,frontier_60,TER,8.3406679546625e-17,0.0,1.049999999999999
primary,relaxed,frontier_60,TTD,0.0,-0.44999999999999996,-0.0
primary,relaxed,frontier_60,TYL,-8.737644566134298e-17,-0.44999999999999996,-0.0
primary,relaxed,frontier_60,WBD,6.550642223568947e-17,0.0,1.049999999999999
primary,relaxed,frontier_60,WDC,0.3341140870042258,0.0,1.049999999999999
primary,relaxed,frontier_61,ALB,2.360257601182653e-17,0.0,1.049999999999999
primary,relaxed,frontier_61,CIEN,0.2413623961588738,0.0,1.049999999999999
primary,relaxed,frontier_61,COIN,0.0,-0.44999999999999996,-0.0
primary,relaxed,frontier_61,FDS,-2.482881557886843e-17,-0.44999999999999996,-0.0
primary,relaxed,frontier_61,FISV,-0.09400366165274916,-0.44999999999999996,-0.0
primary,relaxed,frontier_61,GDDY,0.0,-0.44999999999999996,-0.0
primary,relaxed,frontier_61,INTC,1.0826576924982961e-16,0.0,1.049999999999999
primary,relaxed,frontier_61,IT,-0.3559963383472507,-0.44999999999999996,-0.0
primary,relaxed,frontier_61,LRCX,0.0,0.0,1.049999999999999
primary,relaxed,frontier_61,MU,1.7693214841033982e-16,0.0,1.049999999999999
primary,relaxed,frontier_61,NOW,-2.26917393738032e-17,-0.44999999999999996,-0.0
primary,relaxed,frontier_61,PAYC,0.0,-0.44999999999999996,-0.0
primary,relaxed,frontier_61,SMCI,-1.3029435807001642e-16,-0.44999999999999996,-0.0
primary,relaxed,frontier_61,SNDK,0.4840596513245689,0.0,1.049999999999999
primary,relaxed,frontier_61,STX,0.0,0.0,1.049999999999999
primary,relaxed,frontier_61,TER,5.4688552948698064e-17,0.0,1.049999999999999
primary,relaxed,frontier_61,TTD,-1.310924869437094e-16,-0.44999999999999996,-0.0
primary,relaxed,frontier_61,TYL,-4.5272281535288406e-17,-0.44999999999999996,-0.0
primary,relaxed,frontier_61,WBD,3.1510215469405424e-16,0.0,1.049999999999999
primary,relaxed,frontier_61,WDC,0.3245779525165557,0.0,1.049999999999999
primary,relaxed,frontier_62,ALB,6.590572100481946e-16,0.0,1.049999999999999
primary,relaxed,frontier_62,CIEN,0.23559070800821472,0.0,1.049999999999999
primary,relaxed,frontier_62,COIN,-1.718890470069364e-16,-0.44999999999999996,-0.0
primary,relaxed,frontier_62,FDS,0.0,-0.44999999999999996,-0.0
primary,relaxed,frontier_62,FISV,-0.09546942577602975,-0.44999999999999996,-0.0
primary,relaxed,frontier_62,GDDY,0.0,-0.44999999999999996,-0.0
primary,relaxed,frontier_62,INTC,1.0149242305407711e-16,0.0,1.049999999999999
primary,relaxed,frontier_62,IT,-0.3545305742239699,-0.44999999999999996,-0.0
primary,relaxed,frontier_62,LRCX,0.0,0.0,1.049999999999999
primary,relaxed,frontier_62,MU,0.0,0.0,1.049999999999999
primary,relaxed,frontier_62,NOW,0.0,-0.44999999999999996,-0.0
primary,relaxed,frontier_62,PAYC,-2.1403307183627894e-17,-0.44999999999999996,-0.0
primary,relaxed,frontier_62,SMCI,-1.2726770839295688e-16,-0.44999999999999996,-0.0
primary,relaxed,frontier_62,SNDK,0.4993674739628987,0.0,1.049999999999999
primary,relaxed,frontier_62,STX,4.6887010634552124e-17,0.0,1.049999999999999
primary,relaxed,frontier_62,TER,3.607679152901105e-17,0.0,1.049999999999999
primary,relaxed,frontier_62,TTD,-2.781393075578187e-17,-0.44999999999999996,-0.0
primary,relaxed,frontier_62,TYL,-1.405389812005155e-16,-0.44999999999999996,-0.0
primary,relaxed,frontier_62,WBD,0.0,0.0,1.049999999999999
primary,relaxed,frontier_62,WDC,0.3150418180288852,0.0,1.049999999999999
primary,relaxed,frontier_63,ALB,0.0,0.0,1.049999999999999
primary,relaxed,frontier_63,CIEN,0.22981901985755496,0.0,1.049999999999999
primary,relaxed,frontier_63,COIN,-1.5700572707043274e-16,-0.44999999999999996,-0.0
primary,relaxed,frontier_63,FDS,-3.854520478160346e-17,-0.44999999999999996,-0.0
primary,relaxed,frontier_63,FISV,-0.09693518989931074,-0.44999999999999996,-0.0
primary,relaxed,frontier_63,GDDY,-2.3853524190596012e-17,-0.44999999999999996,-0.0
primary,relaxed,frontier_63,INTC,5.439836551803689e-17,0.0,1.049999999999999
primary,relaxed,frontier_63,IT,-0.3530648101006892,-0.44999999999999996,-0.0
primary,relaxed,frontier_63,LRCX,2.9542248380881813e-16,0.0,1.049999999999999
primary,relaxed,frontier_63,MU,0.0,0.0,1.049999999999999
primary,relaxed,frontier_63,NOW,0.0,-0.44999999999999996,-0.0
primary,relaxed,frontier_63,PAYC,0.0,-0.44999999999999996,-0.0
primary,relaxed,frontier_63,SMCI,-3.597011874283196e-17,-0.44999999999999996,-0.0
primary,relaxed,frontier_63,SNDK,0.5146752966012288,0.0,1.049999999999999
primary,relaxed,frontier_63,STX,0.0,0.0,1.049999999999999
primary,relaxed,frontier_63,TER,1.6370952193580176e-17,0.0,1.049999999999999
primary,relaxed,frontier_63,TTD,0.0,-0.44999999999999996,-0.0
primary,relaxed,frontier_63,TYL,0.0,-0.44999999999999996,-0.0
primary,relaxed,frontier_63,WBD,1.6245938731749998e-16,0.0,1.049999999999999
primary,relaxed,frontier_63,WDC,0.3055056835412149,0.0,1.049999999999999
primary,relaxed,frontier_64,ALB,0.0,0.0,1.049999999999999
primary,relaxed,frontier_64,CIEN,0.22404733170689656,0.0,1.049999999999999
primary,relaxed,frontier_64,COIN,0.0,-0.44999999999999996,-0.0
primary,relaxed,frontier_64,FDS,0.0,-0.44999999999999996,-0.0
primary,relaxed,frontier_64,FISV,-0.09840095402259134,-0.44999999999999996,-0.0
primary,relaxed,frontier_64,GDDY,-4.1085821508835194e-16,-0.44999999999999996,-0.0
primary,relaxed,frontier_64,INTC,3.212832203534125e-17,0.0,1.049999999999999
primary,relaxed,frontier_64,IT,-0.3515990459774087,-0.44999999999999996,-0.0
primary,relaxed,frontier_64,LRCX,0.0,0.0,1.049999999999999
primary,relaxed,frontier_64,MU,0.0,0.0,1.049999999999999
primary,relaxed,frontier_64,NOW,0.0,-0.44999999999999996,-0.0
primary,relaxed,frontier_64,PAYC,0.0,-0.44999999999999996,-0.0
primary,relaxed,frontier_64,SMCI,-3.528969080158546e-17,-0.44999999999999996,-0.0
primary,relaxed,frontier_64,SNDK,0.5299831192395595,0.0,1.049999999999999
primary,relaxed,frontier_64,STX,2.6960215425927434e-16,0.0,1.049999999999999
primary,relaxed,frontier_64,TER,1.1960210999383375e-16,0.0,1.049999999999999
primary,relaxed,frontier_64,TTD,0.0,-0.44999999999999996,-0.0
primary,relaxed,frontier_64,TYL,-4.223694915584683e-17,-0.44999999999999996,-0.0
primary,relaxed,frontier_64,WBD,4.607197910913703e-19,0.0,1.049999999999999
primary,relaxed,frontier_64,WDC,0.2959695490535429,0.0,1.049999999999999
primary,relaxed,frontier_65,ALB,8.12377627854849e-16,0.0,1.049999999999999
primary,relaxed,frontier_65,CIEN,0.21827564355623688,0.0,1.049999999999999
primary,relaxed,frontier_65,COIN,0.0,-0.44999999999999996,-0.0
primary,relaxed,frontier_65,FDS,0.0,-0.44999999999999996,-0.0
primary,relaxed,frontier_65,FISV,-0.0998667181458725,-0.44999999999999996,-0.0
primary,relaxed,frontier_65,GDDY,0.0,-0.44999999999999996,-0.0
primary,relaxed,frontier_65,INTC,0.0,0.0,1.049999999999999
primary,relaxed,frontier_65,IT,-0.3501332818541285,-0.44999999999999996,-0.0
primary,relaxed,frontier_65,LRCX,0.0,0.0,1.049999999999999
primary,relaxed,frontier_65,MU,0.0,0.0,1.049999999999999
primary,relaxed,frontier_65,NOW,0.0,-0.44999999999999996,-0.0
primary,relaxed,frontier_65,PAYC,0.0,-0.44999999999999996,-0.0
primary,relaxed,frontier_65,SMCI,0.0,-0.44999999999999996,-0.0
primary,relaxed,frontier_65,SNDK,0.5452909418778893,0.0,1.049999999999999
primary,relaxed,frontier_65,STX,0.0,0.0,1.049999999999999
primary,relaxed,frontier_65,TER,4.963246529662573e-18,0.0,1.049999999999999
primary,relaxed,frontier_65,TTD,0.0,-0.44999999999999996,-0.0
primary,relaxed,frontier_65,TYL,0.0,-0.44999999999999996,-0.0
primary,relaxed,frontier_65,WBD,0.0,0.0,1.049999999999999
primary,relaxed,frontier_65,WDC,0.2864334145658733,0.0,1.049999999999999
primary,relaxed,frontier_66,ALB,1.9828680093142806e-16,0.0,1.049999999999999
primary,relaxed,frontier_66,CIEN,0.21250395540557676,0.0,1.049999999999999
primary,relaxed,frontier_66,COIN,-1.2403086043119754e-16,-0.44999999999999996,-0.0
primary,relaxed,frontier_66,FDS,0.0,-0.44999999999999996,-0.0
primary,relaxed,frontier_66,FISV,-0.10133248226915294,-0.44999999999999996,-0.0
primary,relaxed,frontier_66,GDDY,-1.8453901824612049e-16,-0.44999999999999996,-0.0
primary,relaxed,frontier_66,INTC,0.0,0.0,1.049999999999999
primary,relaxed,frontier_66,IT,-0.3486675177308472,-0.44999999999999996,-0.0
primary,relaxed,frontier_66,LRCX,8.202328053696078e-17,0.0,1.049999999999999
primary,relaxed,frontier_66,MU,2.7847321250586373e-16,0.0,1.049999999999999
primary,relaxed,frontier_66,NOW,0.0,-0.44999999999999996,-0.0
primary,relaxed,frontier_66,PAYC,0.0,-0.44999999999999996,-0.0
primary,relaxed,frontier_66,SMCI,-1.5320754557408236e-16,-0.44999999999999996,-0.0
primary,relaxed,frontier_66,SNDK,0.5605987645162187,0.0,1.049999999999999
primary,relaxed,frontier_66,STX,1.0107341292849136e-16,0.0,1.049999999999999
primary,relaxed,frontier_66,TER,1.819797612613428e-16,0.0,1.049999999999999
primary,relaxed,frontier_66,TTD,0.0,-0.44999999999999996,-0.0
primary,relaxed,frontier_66,TYL,-1.7040434797612346e-17,-0.44999999999999996,-0.0
primary,relaxed,frontier_66,WBD,6.007559839587216e-16,0.0,1.049999999999999
primary,relaxed,frontier_66,WDC,0.27689728007820213,0.0,1.049999999999999
primary,relaxed,frontier_67,ALB,0.0,0.0,1.049999999999999
primary,relaxed,frontier_67,CIEN,0.20673226725491786,0.0,1.049999999999999
primary,relaxed,frontier_67,COIN,-4.888390238933292e-16,-0.44999999999999996,-0.0
primary,relaxed,frontier_67,FDS,0.0,-0.44999999999999996,-0.0
primary,relaxed,frontier_67,FISV,-0.10279824639243348,-0.44999999999999996,-0.0
primary,relaxed,frontier_67,GDDY,0.0,-0.44999999999999996,-0.0
primary,relaxed,frontier_67,INTC,2.6340686668418648e-16,0.0,1.049999999999999
primary,relaxed,frontier_67,IT,-0.34720175360756605,-0.44999999999999996,-0.0
primary,relaxed,frontier_67,LRCX,6.378038223649526e-16,0.0,1.049999999999999
primary,relaxed,frontier_67,MU,1.6556303460333122e-16,0.0,1.049999999999999
primary,relaxed,frontier_67,NOW,-1.786154304229282e-16,-0.44999999999999996,-0.0
primary,relaxed,frontier_67,PAYC,0.0,-0.44999999999999996,-0.0
primary,relaxed,frontier_67,SMCI,-5.541166767646659e-16,-0.44999999999999996,-0.0
primary,relaxed,frontier_67,SNDK,0.5759065871545478,0.0,1.049999999999999
primary,relaxed,frontier_67,STX,1.8734980367467417e-16,0.0,1.049999999999999
primary,relaxed,frontier_67,TER,2.337892945898081e-16,0.0,1.049999999999999
primary,relaxed,frontier_67,TTD,0.0,-0.44999999999999996,-0.0
primary,relaxed,frontier_67,TYL,0.0,-0.44999999999999996,-0.0
primary,relaxed,frontier_67,WBD,8.24984918176132e-16,0.0,1.049999999999999
primary,relaxed,frontier_67,WDC,0.2673611455905316,0.0,1.049999999999999
primary,relaxed,frontier_68,ALB,0.0,0.0,1.049999999999999
primary,relaxed,frontier_68,CIEN,0.20096057910425902,0.0,1.049999999999999
primary,relaxed,frontier_68,COIN,-1.0022409815284307e-17,-0.44999999999999996,-0.0
primary,relaxed,frontier_68,FDS,0.0,-0.44999999999999996,-0.0
primary,relaxed,frontier_68,FISV,-0.1042640105157143,-0.44999999999999996,-0.0
primary,relaxed,frontier_68,GDDY,0.0,-0.44999999999999996,-0.0
primary,relaxed,frontier_68,INTC,1.5386734968726394e-16,0.0,1.049999999999999
primary,relaxed,frontier_68,IT,-0.3457359894842857,-0.44999999999999996,-0.0
primary,relaxed,frontier_68,LRCX,1.3752952049529672e-16,0.0,1.049999999999999
primary,relaxed,frontier_68,MU,0.0,0.0,1.049999999999999
primary,relaxed,frontier_68,NOW,-1.2827337247524608e-16,-0.44999999999999996,-0.0
primary,relaxed,frontier_68,PAYC,-4.218276851487239e-17,-0.44999999999999996,-0.0
primary,relaxed,frontier_68,SMCI,0.0,-0.44999999999999996,-0.0
primary,relaxed,frontier_68,SNDK,0.5912144097928788,0.0,1.049999999999999
primary,relaxed,frontier_68,STX,1.0083844536386438e-16,0.0,1.049999999999999
primary,relaxed,frontier_68,TER,0.0,0.0,1.049999999999999
primary,relaxed,frontier_68,TTD,-5.4075216973441176e-17,-0.44999999999999996,-0.0
primary,relaxed,frontier_68,TYL,0.0,-0.44999999999999996,-0.0
primary,relaxed,frontier_68,WBD,6.006554625832243e-17,0.0,1.049999999999999
primary,relaxed,frontier_68,WDC,0.2578250111028612,0.0,1.049999999999999
primary,relaxed,frontier_69,ALB,0.0,0.0,1.049999999999999
primary,relaxed,frontier_69,CIEN,0.19518889095359965,0.0,1.049999999999999
primary,relaxed,frontier_69,COIN,0.0,-0.44999999999999996,-0.0
primary,relaxed,frontier_69,FDS,-3.66372186717524e-16,-0.44999999999999996,-0.0
primary,relaxed,frontier_69,FISV,-0.10572977463899479,-0.44999999999999996,-0.0
primary,relaxed,frontier_69,GDDY,-5.785990445091675e-16,-0.44999999999999996,-0.0
primary,relaxed,frontier_69,INTC,0.0,0.0,1.049999999999999
primary,relaxed,frontier_69,IT,-0.34427022536100443,-0.44999999999999996,-0.0
primary,relaxed,frontier_69,LRCX,0.0,0.0,1.049999999999999
primary,relaxed,frontier_69,MU,3.7896819620723827e-16,0.0,1.049999999999999
primary,relaxed,frontier_69,NOW,0.0,-0.44999999999999996,-0.0
primary,relaxed,frontier_69,PAYC,0.0,-0.44999999999999996,-0.0
primary,relaxed,frontier_69,SMCI,-8.973027323220385e-17,-0.44999999999999996,-0.0
primary,relaxed,frontier_69,SNDK,0.6065222324312086,0.0,1.049999999999999
primary,relaxed,frontier_69,STX,1.0670652672144709e-16,0.0,1.049999999999999
primary,relaxed,frontier_69,TER,4.9775255466247723e-17,0.0,1.049999999999999
primary,relaxed,frontier_69,TTD,-2.862630203373409e-16,-0.44999999999999996,-0.0
primary,relaxed,frontier_69,TYL,0.0,-0.44999999999999996,-0.0
primary,relaxed,frontier_69,WBD,1.9873989852009336e-17,0.0,1.049999999999999
primary,relaxed,frontier_69,WDC,0.2482888766151906,0.0,1.049999999999999
primary,relaxed,frontier_70,ALB,0.0,0.0,1.049999999999999
primary,relaxed,frontier_70,CIEN,0.1894172028029395,0.0,1.049999999999999
primary,relaxed,frontier_70,COIN,-3.7296131859300924e-16,-0.44999999999999996,-0.0
primary,relaxed,frontier_70,FDS,0.0,-0.44999999999999996,-0.0
primary,relaxed,frontier_70,FISV,-0.10719553876227554,-0.44999999999999996,-0.0
primary,relaxed,frontier_70,GDDY,-2.947839688518073e-16,-0.44999999999999996,-0.0
primary,relaxed,frontier_70,INTC,6.232639827596106e-16,0.0,1.049999999999999
primary,relaxed,frontier_70,IT,-0.3428044612377233,-0.44999999999999996,-0.0
primary,relaxed,frontier_70,LRCX,1.3698677636298083e-16,0.0,1.049999999999999
primary,relaxed,frontier_70,MU,2.793310160623607e-16,0.0,1.049999999999999
primary,relaxed,frontier_70,NOW,0.0,-0.44999999999999996,-0.0
primary,relaxed,frontier_70,PAYC,0.0,-0.44999999999999996,-0.0
primary,relaxed,frontier_70,SMCI,-8.099332980544372e-16,-0.44999999999999996,-0.0
primary,relaxed,frontier_70,SNDK,0.6218300550695379,0.0,1.049999999999999
primary,relaxed,frontier_70,STX,2.5572752228158943e-16,0.0,1.049999999999999
primary,relaxed,frontier_70,TER,2.9066264699807314e-16,0.0,1.049999999999999
primary,relaxed,frontier_70,TTD,0.0,-0.44999999999999996,-0.0
primary,relaxed,frontier_70,TYL,-2.0030844263558594e-18,-0.44999999999999996,-0.0
primary,relaxed,frontier_70,WBD,5.20386355384094e-16,0.0,1.049999999999999
primary,relaxed,frontier_70,WDC,0.23875274212752007,0.0,1.049999999999999
primary,relaxed,frontier_71,ALB,1.2633737981011946e-16,0.0,1.049999999999999
primary,relaxed,frontier_71,CIEN,0.18364551465228093,0.0,1.049999999999999
primary,relaxed,frontier_71,COIN,0.0,-0.44999999999999996,-0.0
primary,relaxed,frontier_71,FDS,-1.6660875828778558e-16,-0.44999999999999996,-0.0
primary,relaxed,frontier_71,FISV,-0.10866130288555678,-0.44999999999999996,-0.0
primary,relaxed,frontier_71,GDDY,0.0,-0.44999999999999996,-0.0
primary,relaxed,frontier_71,INTC,0.0,0.0,1.049999999999999
primary,relaxed,frontier_71,IT,-0.34133869711444353,-0.44999999999999996,-0.0
primary,relaxed,frontier_71,LRCX,0.0,0.0,1.049999999999999
primary,relaxed,frontier_71,MU,0.0,0.0,1.049999999999999
primary,relaxed,frontier_71,NOW,0.0,-0.44999999999999996,-0.0
primary,relaxed,frontier_71,PAYC,0.0,-0.44999999999999996,-0.0
primary,relaxed,frontier_71,SMCI,0.0,-0.44999999999999996,-0.0
primary,relaxed,frontier_71,SNDK,0.6371378777078698,0.0,1.049999999999999
primary,relaxed,frontier_71,STX,0.0,0.0,1.049999999999999
primary,relaxed,frontier_71,TER,3.5176987359279275e-18,0.0,1.049999999999999
primary,relaxed,frontier_71,TTD,-3.0037518948339945e-17,-0.44999999999999996,-0.0
primary,relaxed,frontier_71,TYL,-5.095012714133818e-17,-0.44999999999999996,-0.0
primary,relaxed,frontier_71,WBD,0.0,0.0,1.049999999999999
primary,relaxed,frontier_71,WDC,0.22921660763984905,0.0,1.049999999999999
primary,relaxed,frontier_72,ALB,1.7688009890377163e-16,0.0,1.049999999999999
primary,relaxed,frontier_72,CIEN,0.1778738265016216,0.0,1.049999999999999
primary,relaxed,frontier_72,COIN,0.0,-0.44999999999999996,-0.0
primary,relaxed,frontier_72,FDS,0.0,-0.44999999999999996,-0.0
primary,relaxed,frontier_72,FISV,-0.11012706700883729,-0.44999999999999996,-0.0
primary,relaxed,frontier_72,GDDY,-1.884298765302493e-16,-0.44999999999999996,-0.0
primary,relaxed,frontier_72,INTC,0.0,0.0,1.049999999999999
primary,relaxed,frontier_72,IT,-0.3398729329911629,-0.44999999999999996,-0.0
primary,relaxed,frontier_72,LRCX,0.0,0.0,1.049999999999999
primary,relaxed,frontier_72,MU,0.0,0.0,1.049999999999999
primary,relaxed,frontier_72,NOW,-8.785633403099201e-17,-0.44999999999999996,-0.0
primary,relaxed,frontier_72,PAYC,0.0,-0.44999999999999996,-0.0
primary,relaxed,frontier_72,SMCI,0.0,-0.44999999999999996,-0.0
primary,relaxed,frontier_72,SNDK,0.652445700346199,0.0,1.049999999999999
primary,relaxed,frontier_72,STX,0.0,0.0,1.049999999999999
primary,relaxed,frontier_72,TER,0.0,0.0,1.049999999999999
primary,relaxed,frontier_72,TTD,0.0,-0.44999999999999996,-0.0
primary,relaxed,frontier_72,TYL,0.0,-0.44999999999999996,-0.0
primary,relaxed,frontier_72,WBD,0.0,0.0,1.049999999999999
primary,relaxed,frontier_72,WDC,0.21968047315217848,0.0,1.049999999999999
primary,relaxed,frontier_73,ALB,0.0,0.0,1.049999999999999
primary,relaxed,frontier_73,CIEN,0.17210213835096222,0.0,1.049999999999999
primary,relaxed,frontier_73,COIN,-7.027746222451313e-17,-0.44999999999999996,-0.0
primary,relaxed,frontier_73,FDS,-3.3543943229657736e-16,-0.44999999999999996,-0.0
primary,relaxed,frontier_73,FISV,-0.11159283113211793,-0.44999999999999996,-0.0
primary,relaxed,frontier_73,GDDY,-6.764493413630726e-17,-0.44999999999999996,-0.0
primary,relaxed,frontier_73,INTC,1.7378899191810683e-16,0.0,1.049999999999999
primary,relaxed,frontier_73,IT,-0.3384071688678817,-0.44999999999999996,-0.0
primary,relaxed,frontier_73,LRCX,2.828625039624658e-16,0.0,1.049999999999999
primary,relaxed,frontier_73,MU,5.1154679431874583e-17,0.0,1.049999999999999
primary,relaxed,frontier_73,NOW,-2.6067836253766465e-17,-0.44999999999999996,-0.0
primary,relaxed,frontier_73,PAYC,0.0,-0.44999999999999996,-0.0
primary,relaxed,frontier_73,SMCI,-1.8829366250654533e-16,-0.44999999999999996,-0.0
primary,relaxed,frontier_73,SNDK,0.6677535229845284,0.0,1.049999999999999
primary,relaxed,frontier_73,STX,2.474946681763609e-17,0.0,1.049999999999999
primary,relaxed,frontier_73,TER,0.0,0.0,1.049999999999999
primary,relaxed,frontier_73,TTD,0.0,-0.44999999999999996,-0.0
primary,relaxed,frontier_73,TYL,0.0,-0.44999999999999996,-0.0
primary,relaxed,frontier_73,WBD,2.540615268567059e-16,0.0,1.049999999999999
primary,relaxed,frontier_73,WDC,0.21014433866450782,0.0,1.049999999999999
primary,relaxed,frontier_74,ALB,3.9025145721670236e-16,0.0,1.049999999999999
primary,relaxed,frontier_74,CIEN,0.16633045020030265,0.0,1.049999999999999
primary,relaxed,frontier_74,COIN,0.0,-0.44999999999999996,-0.0
primary,relaxed,frontier_74,FDS,0.0,-0.44999999999999996,-0.0
primary,relaxed,frontier_74,FISV,-0.1130585952553988,-0.44999999999999996,-0.0
primary,relaxed,frontier_74,GDDY,0.0,-0.44999999999999996,-0.0
primary,relaxed,frontier_74,INTC,0.0,0.0,1.049999999999999
primary,relaxed,frontier_74,IT,-0.3369414047446012,-0.44999999999999996,-0.0
primary,relaxed,frontier_74,LRCX,6.209743429384696e-17,0.0,1.049999999999999
primary,relaxed,frontier_74,MU,9.313325766196004e-17,0.0,1.049999999999999
primary,relaxed,frontier_74,NOW,-2.2073076586294076e-16,-0.44999999999999996,-0.0
primary,relaxed,frontier_74,PAYC,-4.328234739777751e-16,-0.44999999999999996,-0.0
primary,relaxed,frontier_74,SMCI,0.0,-0.44999999999999996,-0.0
primary,relaxed,frontier_74,SNDK,0.6830613456228593,0.0,1.049999999999999
primary,relaxed,frontier_74,STX,0.0,0.0,1.049999999999999
primary,relaxed,frontier_74,TER,8.748029454875823e-17,0.0,1.049999999999999
primary,relaxed,frontier_74,TTD,-1.2164591048431678e-16,-0.44999999999999996,-0.0
primary,relaxed,frontier_74,TYL,-5.371895031220542e-17,-0.44999999999999996,-0.0
primary,relaxed,frontier_74,WBD,1.2063320279358786e-16,0.0,1.049999999999999
primary,relaxed,frontier_74,WDC,0.2006082041768364,0.0,1.049999999999999
primary,relaxed,frontier_75,ALB,7.869729838700728e-16,0.0,1.049999999999999
primary,relaxed,frontier_75,CIEN,0.16055876204964317,0.0,1.049999999999999
primary,relaxed,frontier_75,COIN,-3.5226858720032585e-17,-0.44999999999999996,-0.0
primary,relaxed,frontier_75,FDS,0.0,-0.44999999999999996,-0.0
primary,relaxed,frontier_75,FISV,-0.11452435937867958,-0.44999999999999996,-0.0
primary,relaxed,frontier_75,GDDY,0.0,-0.44999999999999996,-0.0
primary,relaxed,frontier_75,INTC,0.0,0.0,1.049999999999999
primary,relaxed,frontier_75,IT,-0.33547564062132035,-0.44999999999999996,-0.0
primary,relaxed,frontier_75,LRCX,0.0,0.0,1.049999999999999
primary,relaxed,frontier_75,MU,0.0,0.0,1.049999999999999
primary,relaxed,frontier_75,NOW,0.0,-0.44999999999999996,-0.0
primary,relaxed,frontier_75,PAYC,0.0,-0.44999999999999996,-0.0
primary,relaxed,frontier_75,SMCI,-1.5755391064889514e-16,-0.44999999999999996,-0.0
primary,relaxed,frontier_75,SNDK,0.6983691682611892,0.0,1.049999999999999
primary,relaxed,frontier_75,STX,4.0630945014510723e-17,0.0,1.049999999999999
primary,relaxed,frontier_75,TER,0.0,0.0,1.049999999999999
primary,relaxed,frontier_75,TTD,-3.8969803420004846e-17,-0.44999999999999996,-0.0
primary,relaxed,frontier_75,TYL,-1.5111569508705333e-16,-0.44999999999999996,-0.0
primary,relaxed,frontier_75,WBD,0.0,0.0,1.049999999999999
primary,relaxed,frontier_75,WDC,0.1910720696891662,0.0,1.049999999999999
primary,relaxed,frontier_76,ALB,5.314861708223374e-16,0.0,1.049999999999999
primary,relaxed,frontier_76,CIEN,0.1547870738989833,0.0,1.049999999999999
primary,relaxed,frontier_76,COIN,0.0,-0.44999999999999996,-0.0
primary,relaxed,frontier_76,FDS,0.0,-0.44999999999999996,-0.0
primary,relaxed,frontier_76,FISV,-0.11599012350196036,-0.44999999999999996,-0.0
primary,relaxed,frontier_76,GDDY,0.0,-0.44999999999999996,-0.0
primary,relaxed,frontier_76,INTC,0.0,0.0,1.049999999999999
primary,relaxed,frontier_76,IT,-0.3340098764980402,-0.44999999999999996,-0.0
primary,relaxed,frontier_76,LRCX,0.0,0.0,1.049999999999999
primary,relaxed,frontier_76,MU,0.0,0.0,1.049999999999999
primary,relaxed,frontier_76,NOW,0.0,-0.44999999999999996,-0.0
primary,relaxed,frontier_76,PAYC,-4.2976288112778723e-16,-0.44999999999999996,-0.0
primary,relaxed,frontier_76,SMCI,0.0,-0.44999999999999996,-0.0
primary,relaxed,frontier_76,SNDK,0.7136769908995195,0.0,1.049999999999999
primary,relaxed,frontier_76,STX,0.0,0.0,1.049999999999999
primary,relaxed,frontier_76,TER,2.170441172629973e-16,0.0,1.049999999999999
primary,relaxed,frontier_76,TTD,0.0,-0.44999999999999996,-0.0
primary,relaxed,frontier_76,TYL,-6.63396779504699e-17,-0.44999999999999996,-0.0
primary,relaxed,frontier_76,WBD,3.0616694876312325e-16,0.0,1.049999999999999
primary,relaxed,frontier_76,WDC,0.1815359352014959,0.0,1.049999999999999
primary,relaxed,frontier_77,ALB,4.948504009024335e-16,0.0,1.049999999999999
primary,relaxed,frontier_77,CIEN,0.14901538574832482,0.0,1.049999999999999
primary,relaxed,frontier_77,COIN,0.0,-0.44999999999999996,-0.0
primary,relaxed,frontier_77,FDS,-1.4350612217735658e-16,-0.44999999999999996,-0.0
primary,relaxed,frontier_77,FISV,-0.11745588762524094,-0.44999999999999996,-0.0
primary,relaxed,frontier_77,GDDY,-3.41330031733888e-16,-0.44999999999999996,-0.0
primary,relaxed,frontier_77,INTC,0.0,0.0,1.049999999999999
primary,relaxed,frontier_77,IT,-0.332544112374759,-0.44999999999999996,-0.0
primary,relaxed,frontier_77,LRCX,0.0,0.0,1.049999999999999
primary,relaxed,frontier_77,MU,0.0,0.0,1.049999999999999
primary,relaxed,frontier_77,NOW,-2.831225315184296e-17,-0.44999999999999996,-0.0
primary,relaxed,frontier_77,PAYC,-7.936472882787256e-17,-0.44999999999999996,-0.0
primary,relaxed,frontier_77,SMCI,0.0,-0.44999999999999996,-0.0
primary,relaxed,frontier_77,SNDK,0.7289848135378498,0.0,1.049999999999999
primary,relaxed,frontier_77,STX,0.0,0.0,1.049999999999999
primary,relaxed,frontier_77,TER,1.640416767532798e-16,0.0,1.049999999999999
primary,relaxed,frontier_77,TTD,-2.0870370714044803e-17,-0.44999999999999996,-0.0
primary,relaxed,frontier_77,TYL,0.0,-0.44999999999999996,-0.0
primary,relaxed,frontier_77,WBD,0.0,0.0,1.049999999999999
primary,relaxed,frontier_77,WDC,0.17199980071382465,0.0,1.049999999999999
primary,relaxed,frontier_78,ALB,4.881911417061712e-16,0.0,1.049999999999999
primary,relaxed,frontier_78,CIEN,0.14324369759766578,0.0,1.049999999999999
primary,relaxed,frontier_78,COIN,0.0,-0.44999999999999996,-0.0
primary,relaxed,frontier_78,FDS,0.0,-0.44999999999999996,-0.0
primary,relaxed,frontier_78,FISV,-0.1189216517485217,-0.44999999999999996,-0.0
primary,relaxed,frontier_78,GDDY,-2.0559043856757485e-16,-0.44999999999999996,-0.0
primary,relaxed,frontier_78,INTC,0.0,0.0,1.049999999999999
primary,relaxed,frontier_78,IT,-0.3310783482514783,-0.44999999999999996,-0.0
primary,relaxed,frontier_78,LRCX,0.0,0.0,1.049999999999999
primary,relaxed,frontier_78,MU,0.0,0.0,1.049999999999999
primary,relaxed,frontier_78,NOW,-1.342297824971355e-16,-0.44999999999999996,-0.0
primary,relaxed,frontier_78,PAYC,0.0,-0.44999999999999996,-0.0
primary,relaxed,frontier_78,SMCI,-1.1510643400907921e-16,-0.44999999999999996,-0.0
primary,relaxed,frontier_78,SNDK,0.7442926361761799,0.0,1.049999999999999
primary,relaxed,frontier_78,STX,0.0,0.0,1.049999999999999
primary,relaxed,frontier_78,TER,0.0,0.0,1.049999999999999
primary,relaxed,frontier_78,TTD,0.0,-0.44999999999999996,-0.0
primary,relaxed,frontier_78,TYL,0.0,-0.44999999999999996,-0.0
primary,relaxed,frontier_78,WBD,0.0,0.0,1.049999999999999
primary,relaxed,frontier_78,WDC,0.1624636662261545,0.0,1.049999999999999
primary,relaxed,frontier_79,ALB,2.1871684889689597e-16,0.0,1.049999999999999
primary,relaxed,frontier_79,CIEN,0.13747200944700624,0.0,1.049999999999999
primary,relaxed,frontier_79,COIN,0.0,-0.44999999999999996,-0.0
primary,relaxed,frontier_79,FDS,0.0,-0.44999999999999996,-0.0
primary,relaxed,frontier_79,FISV,-0.1203874158718027,-0.44999999999999996,-0.0
primary,relaxed,frontier_79,GDDY,0.0,-0.44999999999999996,-0.0
primary,relaxed,frontier_79,INTC,0.0,0.0,1.049999999999999
primary,relaxed,frontier_79,IT,-0.32961258412819777,-0.44999999999999996,-0.0
primary,relaxed,frontier_79,LRCX,0.0,0.0,1.049999999999999
primary,relaxed,frontier_79,MU,3.5492709059022027e-17,0.0,1.049999999999999
primary,relaxed,frontier_79,NOW,0.0,-0.44999999999999996,-0.0
primary,relaxed,frontier_79,PAYC,0.0,-0.44999999999999996,-0.0
primary,relaxed,frontier_79,SMCI,-1.4765761537972764e-16,-0.44999999999999996,-0.0
primary,relaxed,frontier_79,SNDK,0.759600458814509,0.0,1.049999999999999
primary,relaxed,frontier_79,STX,0.0,0.0,1.049999999999999
primary,relaxed,frontier_79,TER,0.0,0.0,1.049999999999999
primary,relaxed,frontier_79,TTD,-7.209595068942189e-17,-0.44999999999999996,-0.0
primary,relaxed,frontier_79,TYL,0.0,-0.44999999999999996,-0.0
primary,relaxed,frontier_79,WBD,0.0,0.0,1.049999999999999
primary,relaxed,frontier_79,WDC,0.152927531738484,0.0,1.049999999999999
primary,relaxed,frontier_80,ALB,0.0,0.0,1.049999999999999
primary,relaxed,frontier_80,CIEN,0.13170032129634704,0.0,1.049999999999999
primary,relaxed,frontier_80,COIN,-5.2461100015222124e-17,-0.44999999999999996,-0.0
primary,relaxed,frontier_80,FDS,-9.307125305173277e-17,-0.44999999999999996,-0.0
primary,relaxed,frontier_80,FISV,-0.12185317999508297,-0.44999999999999996,-0.0
primary,relaxed,frontier_80,GDDY,-3.9403351392818704e-17,-0.44999999999999996,-0.0
primary,relaxed,frontier_80,INTC,4.242855342646567e-16,0.0,1.049999999999999
primary,relaxed,frontier_80,IT,-0.32814682000491685,-0.44999999999999996,-0.0
primary,relaxed,frontier_80,LRCX,9.759144215113897e-17,0.0,1.049999999999999
primary,relaxed,frontier_80,MU,0.0,0.0,1.049999999999999
primary,relaxed,frontier_80,NOW,0.0,-0.44999999999999996,-0.0
primary,relaxed,frontier_80,PAYC,0.0,-0.44999999999999996,-0.0
primary,relaxed,frontier_80,SMCI,-1.7596560303918284e-16,-0.44999999999999996,-0.0
primary,relaxed,frontier_80,SNDK,0.7749082814528394,0.0,1.049999999999999
primary,relaxed,frontier_80,STX,0.0,0.0,1.049999999999999
primary,relaxed,frontier_80,TER,1.1268997557215225e-16,0.0,1.049999999999999
primary,relaxed,frontier_80,TTD,0.0,-0.44999999999999996,-0.0
primary,relaxed,frontier_80,TYL,-1.3329430661799773e-16,-0.44999999999999996,-0.0
primary,relaxed,frontier_80,WBD,1.4298807559442312e-16,0.0,1.049999999999999
primary,relaxed,frontier_80,WDC,0.1433913972508128,0.0,1.049999999999999
primary,relaxed,frontier_81,ALB,7.42070060953905e-16,0.0,1.049999999999999
primary,relaxed,frontier_81,CIEN,0.1259286331456878,0.0,1.049999999999999
primary,relaxed,frontier_81,COIN,-2.7490427541341372e-17,-0.44999999999999996,-0.0
primary,relaxed,frontier_81,FDS,0.0,-0.44999999999999996,-0.0
primary,relaxed,frontier_81,FISV,-0.12331894411836368,-0.44999999999999996,-0.0
primary,relaxed,frontier_81,GDDY,-2.1705587174126175e-16,-0.44999999999999996,-0.0
primary,relaxed,frontier_81,INTC,0.0,0.0,1.049999999999999
primary,relaxed,frontier_81,IT,-0.326681055881636,-0.44999999999999996,-0.0
primary,relaxed,frontier_81,LRCX,0.0,0.0,1.049999999999999
primary,relaxed,frontier_81,MU,3.329955764308695e-16,0.0,1.049999999999999
primary,relaxed,frontier_81,NOW,-9.067845013180173e-17,-0.44999999999999996,-0.0
primary,relaxed,frontier_81,PAYC,-1.020808900303839e-16,-0.44999999999999996,-0.0
primary,relaxed,frontier_81,SMCI,-2.4150378369786264e-16,-0.44999999999999996,-0.0
primary,relaxed,frontier_81,SNDK,0.7902161040911682,0.0,1.049999999999999
primary,relaxed,frontier_81,STX,0.0,0.0,1.049999999999999
primary,relaxed,frontier_81,TER,0.0,0.0,1.049999999999999
primary,relaxed,frontier_81,TTD,0.0,-0.44999999999999996,-0.0
primary,relaxed,frontier_81,TYL,0.0,-0.44999999999999996,-0.0
primary,relaxed,frontier_81,WBD,0.0,0.0,1.049999999999999
primary,relaxed,frontier_81,WDC,0.13385526276314247,0.0,1.049999999999999
primary,relaxed,frontier_82,ALB,0.0,0.0,1.049999999999999
primary,relaxed,frontier_82,CIEN,0.12015694499502783,0.0,1.049999999999999
primary,relaxed,frontier_82,COIN,0.0,-0.44999999999999996,-0.0
primary,relaxed,frontier_82,FDS,-3.407890835628462e-16,-0.44999999999999996,-0.0
primary,relaxed,frontier_82,FISV,-0.12478470824164428,-0.44999999999999996,-0.0
primary,relaxed,frontier_82,GDDY,0.0,-0.44999999999999996,-0.0
primary,relaxed,frontier_82,INTC,5.0231336790175843e-17,0.0,1.049999999999999
primary,relaxed,frontier_82,IT,-0.32521529175835556,-0.44999999999999996,-0.0
primary,relaxed,frontier_82,LRCX,7.162405904656541e-17,0.0,1.049999999999999
primary,relaxed,frontier_82,MU,0.0,0.0,1.049999999999999
primary,relaxed,frontier_82,NOW,0.0,-0.44999999999999996,-0.0
primary,relaxed,frontier_82,PAYC,-1.1307568789483814e-16,-0.44999999999999996,-0.0
primary,relaxed,frontier_82,SMCI,-1.19527651808105e-16,-0.44999999999999996,-0.0
primary,relaxed,frontier_82,SNDK,0.8055239267294994,0.0,1.049999999999999
primary,relaxed,frontier_82,STX,8.52673405942511e-17,0.0,1.049999999999999
primary,relaxed,frontier_82,TER,4.8576511950556165e-17,0.0,1.049999999999999
primary,relaxed,frontier_82,TTD,0.0,-0.44999999999999996,-0.0
primary,relaxed,frontier_82,TYL,-1.0425508372505922e-17,-0.44999999999999996,-0.0
primary,relaxed,frontier_82,WBD,6.783849946312864e-17,0.0,1.049999999999999
primary,relaxed,frontier_82,WDC,0.12431912827547209,0.0,1.049999999999999
primary,relaxed,frontier_83,ALB,0.0,0.0,1.049999999999999
primary,relaxed,frontier_83,CIEN,0.11438525684437002,0.0,1.049999999999999
primary,relaxed,frontier_83,COIN,-7.458611960869093e-17,-0.44999999999999996,-0.0
primary,relaxed,frontier_83,FDS,0.0,-0.44999999999999996,-0.0
primary,relaxed,frontier_83,FISV,-0.12625047236492493,-0.44999999999999996,-0.0
primary,relaxed,frontier_83,GDDY,-5.061057317685584e-16,-0.44999999999999996,-0.0
primary,relaxed,frontier_83,INTC,6.303434348836395e-16,0.0,1.049999999999999
primary,relaxed,frontier_83,IT,-0.32374952763507464,-0.44999999999999996,-0.0
primary,relaxed,frontier_83,LRCX,0.0,0.0,1.049999999999999
primary,relaxed,frontier_83,MU,0.0,0.0,1.049999999999999
primary,relaxed,frontier_83,NOW,0.0,-0.44999999999999996,-0.0
primary,relaxed,frontier_83,PAYC,0.0,-0.44999999999999996,-0.0
primary,relaxed,frontier_83,SMCI,-1.9411919736698098e-16,-0.44999999999999996,-0.0
primary,relaxed,frontier_83,SNDK,0.8208317493678275,0.0,1.049999999999999
primary,relaxed,frontier_83,STX,7.690545255220394e-17,0.0,1.049999999999999
primary,relaxed,frontier_83,TER,7.110609584289284e-18,0.0,1.049999999999999
primary,relaxed,frontier_83,TTD,0.0,-0.44999999999999996,-0.0
primary,relaxed,frontier_83,TYL,-1.206886406200848e-16,-0.44999999999999996,-0.0
primary,relaxed,frontier_83,WBD,0.0,0.0,1.049999999999999
primary,relaxed,frontier_83,WDC,0.1147829937878026,0.0,1.049999999999999
primary,relaxed,frontier_84,ALB,8.083168306985719e-16,0.0,1.049999999999999
primary,relaxed,frontier_84,CIEN,0.10861356869370949,0.0,1.049999999999999
primary,relaxed,frontier_84,COIN,0.0,-0.44999999999999996,-0.0
primary,relaxed,frontier_84,FDS,-1.2632231922448672e-16,-0.44999999999999996,-0.0
primary,relaxed,frontier_84,FISV,-0.1277162364882061,-0.44999999999999996,-0.0
primary,relaxed,frontier_84,GDDY,0.0,-0.44999999999999996,-0.0
primary,relaxed,frontier_84,INTC,0.0,0.0,1.049999999999999
primary,relaxed,frontier_84,IT,-0.32228376351179394,-0.44999999999999996,-0.0
primary,relaxed,frontier_84,LRCX,5.507154200004083e-18,0.0,1.049999999999999
primary,relaxed,frontier_84,MU,4.935940176428479e-16,0.0,1.049999999999999
primary,relaxed,frontier_84,NOW,-9.61804830035825e-17,-0.44999999999999996,-0.0
primary,relaxed,frontier_84,PAYC,-1.7399176163504034e-17,-0.44999999999999996,-0.0
primary,relaxed,frontier_84,SMCI,0.0,-0.44999999999999996,-0.0
primary,relaxed,frontier_84,SNDK,0.8361395720061578,0.0,1.049999999999999
primary,relaxed,frontier_84,STX,0.0,0.0,1.049999999999999
primary,relaxed,frontier_84,TER,0.0,0.0,1.049999999999999
primary,relaxed,frontier_84,TTD,-2.176818535730547e-16,-0.44999999999999996,-0.0
primary,relaxed,frontier_84,TYL,0.0,-0.44999999999999996,-0.0
primary,relaxed,frontier_84,WBD,3.140969668367683e-17,0.0,1.049999999999999
primary,relaxed,frontier_84,WDC,0.10524685930013084,0.0,1.049999999999999
primary,relaxed,frontier_85,ALB,0.0,0.0,1.049999999999999
primary,relaxed,frontier_85,CIEN,0.10284188054305037,0.0,1.049999999999999
primary,relaxed,frontier_85,COIN,-2.150670329341174e-16,-0.44999999999999996,-0.0
primary,relaxed,frontier_85,FDS,0.0,-0.44999999999999996,-0.0
primary,relaxed,frontier_85,FISV,-0.12918200061148674,-0.44999999999999996,-0.0
primary,relaxed,frontier_85,GDDY,-2.8490994298888303e-16,-0.44999999999999996,-0.0
primary,relaxed,frontier_85,INTC,6.806254116063226e-16,0.0,1.049999999999999
primary,relaxed,frontier_85,IT,-0.3208179993885131,-0.44999999999999996,-0.0
primary,relaxed,frontier_85,LRCX,1.4548262373519174e-16,0.0,1.049999999999999
primary,relaxed,frontier_85,MU,9.243586539039837e-17,0.0,1.049999999999999
primary,relaxed,frontier_85,NOW,0.0,-0.44999999999999996,-0.0
primary,relaxed,frontier_85,PAYC,0.0,-0.44999999999999996,-0.0
primary,relaxed,frontier_85,SMCI,-1.3023657738748082e-16,-0.44999999999999996,-0.0
primary,relaxed,frontier_85,SNDK,0.8514473946444875,0.0,1.049999999999999
primary,relaxed,frontier_85,STX,0.0,0.0,1.049999999999999
primary,relaxed,frontier_85,TER,1.4441892708703682e-16,0.0,1.049999999999999
primary,relaxed,frontier_85,TTD,0.0,-0.44999999999999996,-0.0
primary,relaxed,frontier_85,TYL,-1.1212214253573717e-16,-0.44999999999999996,-0.0
primary,relaxed,frontier_85,WBD,5.47058082454121e-16,0.0,1.049999999999999
primary,relaxed,frontier_85,WDC,0.09571072481246042,0.0,1.049999999999999
primary,relaxed,frontier_86,ALB,7.042131168500016e-16,0.0,1.049999999999999
primary,relaxed,frontier_86,CIEN,0.09707019239239126,0.0,1.049999999999999
primary,relaxed,frontier_86,COIN,0.0,-0.44999999999999996,-0.0
primary,relaxed,frontier_86,FDS,-3.8240025762658547e-16,-0.44999999999999996,-0.0
primary,relaxed,frontier_86,FISV,-0.1306477647347679,-0.44999999999999996,-0.0
primary,relaxed,frontier_86,GDDY,-4.208294137712213e-16,-0.44999999999999996,-0.0
primary,relaxed,frontier_86,INTC,0.0,0.0,1.049999999999999
primary,relaxed,frontier_86,IT,-0.31935223526523226,-0.44999999999999996,-0.0
primary,relaxed,frontier_86,LRCX,0.0,0.0,1.049999999999999
primary,relaxed,frontier_86,MU,0.0,0.0,1.049999999999999
primary,relaxed,frontier_86,NOW,0.0,-0.44999999999999996,-0.0
primary,relaxed,frontier_86,PAYC,0.0,-0.44999999999999996,-0.0
primary,relaxed,frontier_86,SMCI,0.0,-0.44999999999999996,-0.0
primary,relaxed,frontier_86,SNDK,0.8667552172828195,0.0,1.049999999999999
primary,relaxed,frontier_86,STX,1.06788840614633e-17,0.0,1.049999999999999
primary,relaxed,frontier_86,TER,0.0,0.0,1.049999999999999
primary,relaxed,frontier_86,TTD,0.0,-0.44999999999999996,-0.0
primary,relaxed,frontier_86,TYL,-4.440965359576765e-17,-0.44999999999999996,-0.0
primary,relaxed,frontier_86,WBD,0.0,0.0,1.049999999999999
primary,relaxed,frontier_86,WDC,0.08617459032478929,0.0,1.049999999999999
primary,relaxed,frontier_87,ALB,0.0,0.0,1.049999999999999
primary,relaxed,frontier_87,CIEN,0.09129850424173198,0.0,1.049999999999999
primary,relaxed,frontier_87,COIN,0.0,-0.44999999999999996,-0.0
primary,relaxed,frontier_87,FDS,-1.4100689350235397e-16,-0.44999999999999996,-0.0
primary,relaxed,frontier_87,FISV,-0.1321135288580482,-0.44999999999999996,-0.0
primary,relaxed,frontier_87,GDDY,-5.100565016430924e-16,-0.44999999999999996,-0.0
primary,relaxed,frontier_87,INTC,0.0,0.0,1.049999999999999
primary,relaxed,frontier_87,IT,-0.3178864711419518,-0.44999999999999996,-0.0
primary,relaxed,frontier_87,LRCX,0.0,0.0,1.049999999999999
primary,relaxed,frontier_87,MU,0.0,0.0,1.049999999999999
primary,relaxed,frontier_87,NOW,0.0,-0.44999999999999996,-0.0
primary,relaxed,frontier_87,PAYC,-2.3559675678813617e-16,-0.44999999999999996,-0.0
primary,relaxed,frontier_87,SMCI,0.0,-0.44999999999999996,-0.0
primary,relaxed,frontier_87,SNDK,0.8820630399211491,0.0,1.049999999999999
primary,relaxed,frontier_87,STX,0.0,0.0,1.049999999999999
primary,relaxed,frontier_87,TER,0.0,0.0,1.049999999999999
primary,relaxed,frontier_87,TTD,0.0,-0.44999999999999996,-0.0
primary,relaxed,frontier_87,TYL,0.0,-0.44999999999999996,-0.0
primary,relaxed,frontier_87,WBD,0.0,0.0,1.049999999999999
primary,relaxed,frontier_87,WDC,0.07663845583712015,0.0,1.049999999999999
primary,relaxed,frontier_88,ALB,9.800707611530295e-16,0.0,1.049999999999999
primary,relaxed,frontier_88,CIEN,0.08552681609107357,0.0,1.049999999999999
primary,relaxed,frontier_88,COIN,0.0,-0.44999999999999996,-0.0
primary,relaxed,frontier_88,FDS,-1.6218495474410893e-16,-0.44999999999999996,-0.0
primary,relaxed,frontier_88,FISV,-0.13357929298132867,-0.44999999999999996,-0.0
primary,relaxed,frontier_88,GDDY,-2.2108614402954163e-16,-0.44999999999999996,-0.0
primary,relaxed,frontier_88,INTC,0.0,0.0,1.049999999999999
primary,relaxed,frontier_88,IT,-0.3164207070186711,-0.44999999999999996,-0.0
primary,relaxed,frontier_88,LRCX,0.0,0.0,1.049999999999999
primary,relaxed,frontier_88,MU,0.0,0.0,1.049999999999999
primary,relaxed,frontier_88,NOW,-1.0760204618494976e-16,-0.44999999999999996,-0.0
primary,relaxed,frontier_88,PAYC,-1.4674343867757097e-16,-0.44999999999999996,-0.0
primary,relaxed,frontier_88,SMCI,0.0,-0.44999999999999996,-0.0
primary,relaxed,frontier_88,SNDK,0.8973708625594791,0.0,1.049999999999999
primary,relaxed,frontier_88,STX,0.0,0.0,1.049999999999999
primary,relaxed,frontier_88,TER,0.0,0.0,1.049999999999999
primary,relaxed,frontier_88,TTD,-9.00336612750492e-17,-0.44999999999999996,-0.0
primary,relaxed,frontier_88,TYL,-1.6582020883651392e-16,-0.44999999999999996,-0.0
primary,relaxed,frontier_88,WBD,0.0,0.0,1.049999999999999
primary,relaxed,frontier_88,WDC,0.06710232134944723,0.0,1.049999999999999
primary,relaxed,frontier_89,ALB,0.0,0.0,1.049999999999999
primary,relaxed,frontier_89,CIEN,0.0797551279404116,0.0,1.049999999999999
primary,relaxed,frontier_89,COIN,0.0,-0.44999999999999996,-0.0
primary,relaxed,frontier_89,FDS,0.0,-0.44999999999999996,-0.0
primary,relaxed,frontier_89,FISV,-0.13504505710460962,-0.44999999999999996,-0.0
primary,relaxed,frontier_89,GDDY,-7.087654587298329e-16,-0.44999999999999996,-0.0
primary,relaxed,frontier_89,INTC,1.2230838186092949e-16,0.0,1.049999999999999
primary,relaxed,frontier_89,IT,-0.3149549428953894,-0.44999999999999996,-0.0
primary,relaxed,frontier_89,LRCX,0.0,0.0,1.049999999999999
primary,relaxed,frontier_89,MU,6.638278271016827e-17,0.0,1.049999999999999
primary,relaxed,frontier_89,NOW,-8.128846696286545e-17,-0.44999999999999996,-0.0
primary,relaxed,frontier_89,PAYC,-2.0215505297703582e-16,-0.44999999999999996,-0.0
primary,relaxed,frontier_89,SMCI,-4.102779408872853e-16,-0.44999999999999996,-0.0
primary,relaxed,frontier_89,SNDK,0.9126786851978085,0.0,1.049999999999999
primary,relaxed,frontier_89,STX,2.9807464915737682e-16,0.0,1.049999999999999
primary,relaxed,frontier_89,TER,2.1374714393189256e-16,0.0,1.049999999999999
primary,relaxed,frontier_89,TTD,0.0,-0.44999999999999996,-0.0
primary,relaxed,frontier_89,TYL,0.0,-0.44999999999999996,-0.0
primary,relaxed,frontier_89,WBD,5.875973768556071e-16,0.0,1.049999999999999
primary,relaxed,frontier_89,WDC,0.057566186861777696,0.0,1.049999999999999
primary,relaxed,frontier_90,ALB,1.1447238012141576e-16,0.0,1.049999999999999
primary,relaxed,frontier_90,CIEN,0.07398343978975279,0.0,1.049999999999999
primary,relaxed,frontier_90,COIN,-1.492350997084587e-16,-0.44999999999999996,-0.0
primary,relaxed,frontier_90,FDS,-1.607156783964251e-16,-0.44999999999999996,-0.0
primary,relaxed,frontier_90,FISV,-0.1365108212278906,-0.44999999999999996,-0.0
primary,relaxed,frontier_90,GDDY,-1.5528240613692607e-16,-0.44999999999999996,-0.0
primary,relaxed,frontier_90,INTC,0.0,0.0,1.049999999999999
primary,relaxed,frontier_90,IT,-0.3134891787721094,-0.44999999999999996,-0.0
primary,relaxed,frontier_90,LRCX,0.0,0.0,1.049999999999999
primary,relaxed,frontier_90,MU,3.2636203803250623e-16,0.0,1.049999999999999
primary,relaxed,frontier_90,NOW,0.0,-0.44999999999999996,-0.0
primary,relaxed,frontier_90,PAYC,0.0,-0.44999999999999996,-0.0
primary,relaxed,frontier_90,SMCI,0.0,-0.44999999999999996,-0.0
primary,relaxed,frontier_90,SNDK,0.9279865078361386,0.0,1.049999999999999
primary,relaxed,frontier_90,STX,2.331598877258608e-16,0.0,1.049999999999999
primary,relaxed,frontier_90,TER,3.4248003326693717e-17,0.0,1.049999999999999
primary,relaxed,frontier_90,TTD,0.0,-0.44999999999999996,-0.0
primary,relaxed,frontier_90,TYL,-7.116086725933515e-17,-0.44999999999999996,-0.0
primary,relaxed,frontier_90,WBD,5.884358390141344e-16,0.0,1.049999999999999
primary,relaxed,frontier_90,WDC,0.048030052374107166,0.0,1.049999999999999
primary,relaxed,frontier_91,ALB,0.0,0.0,1.049999999999999
primary,relaxed,frontier_91,CIEN,0.06821175163909486,0.0,1.049999999999999
primary,relaxed,frontier_91,COIN,-5.5224751991480855e-17,-0.44999999999999996,-0.0
primary,relaxed,frontier_91,FDS,0.0,-0.44999999999999996,-0.0
primary,relaxed,frontier_91,FISV,-0.13797658535117086,-0.44999999999999996,-0.0
primary,relaxed,frontier_91,GDDY,-4.0264029162639726e-16,-0.44999999999999996,-0.0
primary,relaxed,frontier_91,INTC,3.1259671623514766e-16,0.0,1.049999999999999
primary,relaxed,frontier_91,IT,-0.31202341464882916,-0.44999999999999996,-0.0
primary,relaxed,frontier_91,LRCX,2.1721593992010324e-17,0.0,1.049999999999999
primary,relaxed,frontier_91,MU,0.0,0.0,1.049999999999999
primary,relaxed,frontier_91,NOW,-2.0116485239228436e-16,-0.44999999999999996,-0.0
primary,relaxed,frontier_91,PAYC,0.0,-0.44999999999999996,-0.0
primary,relaxed,frontier_91,SMCI,-1.9477002147880245e-16,-0.44999999999999996,-0.0
primary,relaxed,frontier_91,SNDK,0.9432943304744684,0.0,1.049999999999999
primary,relaxed,frontier_91,STX,7.253105805086952e-17,0.0,1.049999999999999
primary,relaxed,frontier_91,TER,1.6570227946828827e-16,0.0,1.049999999999999
primary,relaxed,frontier_91,TTD,0.0,-0.44999999999999996,-0.0
primary,relaxed,frontier_91,TYL,0.0,-0.44999999999999996,-0.0
primary,relaxed,frontier_91,WBD,1.3196337136416835e-17,0.0,1.049999999999999
primary,relaxed,frontier_91,WDC,0.038493917886435344,0.0,1.049999999999999
primary,relaxed,frontier_92,ALB,0.0,0.0,1.049999999999999
primary,relaxed,frontier_92,CIEN,0.06244006348843427,0.0,1.049999999999999
primary,relaxed,frontier_92,COIN,0.0,-0.44999999999999996,-0.0
primary,relaxed,frontier_92,FDS,-5.483518035873526e-16,-0.44999999999999996,-0.0
primary,relaxed,frontier_92,FISV,-0.13944234947445208,-0.44999999999999996,-0.0
primary,relaxed,frontier_92,GDDY,0.0,-0.44999999999999996,-0.0
primary,relaxed,frontier_92,INTC,0.0,0.0,1.049999999999999
primary,relaxed,frontier_92,IT,-0.31055765052554746,-0.44999999999999996,-0.0
primary,relaxed,frontier_92,LRCX,2.5047807541378726e-16,0.0,1.049999999999999
primary,relaxed,frontier_92,MU,4.6933883162224173e-17,0.0,1.049999999999999
primary,relaxed,frontier_92,NOW,-2.051715345678261e-16,-0.44999999999999996,-0.0
primary,relaxed,frontier_92,PAYC,0.0,-0.44999999999999996,-0.0
primary,relaxed,frontier_92,SMCI,-1.962202885741112e-16,-0.44999999999999996,-0.0
primary,relaxed,frontier_92,SNDK,0.9586021531128004,0.0,1.049999999999999
primary,relaxed,frontier_92,STX,7.428289311086057e-17,0.0,1.049999999999999
primary,relaxed,frontier_92,TER,1.9280519872609658e-17,0.0,1.049999999999999
primary,relaxed,frontier_92,TTD,-3.882815790829608e-17,-0.44999999999999996,-0.0
primary,relaxed,frontier_92,TYL,0.0,-0.44999999999999996,-0.0
primary,relaxed,frontier_92,WBD,5.816160972701719e-16,0.0,1.049999999999999
primary,relaxed,frontier_92,WDC,0.02895778339876441,0.0,1.049999999999999
primary,relaxed,frontier_93,ALB,0.0,0.0,1.049999999999999
primary,relaxed,frontier_93,CIEN,0.05666837533777642,0.0,1.049999999999999
primary,relaxed,frontier_93,COIN,0.0,-0.44999999999999996,-0.0
primary,relaxed,frontier_93,FDS,0.0,-0.44999999999999996,-0.0
primary,relaxed,frontier_93,FISV,-0.14090811359773248,-0.44999999999999996,-0.0
primary,relaxed,frontier_93,GDDY,-1.5315238418072175e-16,-0.44999999999999996,-0.0
primary,relaxed,frontier_93,INTC,1.3449980910384452e-16,0.0,1.049999999999999
primary,relaxed,frontier_93,IT,-0.30909188640226753,-0.44999999999999996,-0.0
primary,relaxed,frontier_93,LRCX,0.0,0.0,1.049999999999999
primary,relaxed,frontier_93,MU,0.0,0.0,1.049999999999999
primary,relaxed,frontier_93,NOW,0.0,-0.44999999999999996,-0.0
primary,relaxed,frontier_93,PAYC,-4.963665111799504e-17,-0.44999999999999996,-0.0
primary,relaxed,frontier_93,SMCI,-1.396367029578585e-16,-0.44999999999999996,-0.0
primary,relaxed,frontier_93,SNDK,0.9739099757511298,0.0,1.049999999999999
primary,relaxed,frontier_93,STX,0.0,0.0,1.049999999999999
primary,relaxed,frontier_93,TER,3.2038350983714054e-17,0.0,1.049999999999999
primary,relaxed,frontier_93,TTD,-1.2085211082870281e-16,-0.44999999999999996,-0.0
primary,relaxed,frontier_93,TYL,-9.848186481259836e-17,-0.44999999999999996,-0.0
primary,relaxed,frontier_93,WBD,2.7542538182186397e-16,0.0,1.049999999999999
primary,relaxed,frontier_93,WDC,0.01942164891109409,0.0,1.049999999999999
primary,relaxed,frontier_94,ALB,5.564631483983747e-16,0.0,1.049999999999999
primary,relaxed,frontier_94,CIEN,0.050896687187117075,0.0,1.049999999999999
primary,relaxed,frontier_94,COIN,0.0,-0.44999999999999996,-0.0
primary,relaxed,frontier_94,FDS,-1.1957516939164766e-17,-0.44999999999999996,-0.0
primary,relaxed,frontier_94,FISV,-0.14237387772101373,-0.44999999999999996,-0.0
primary,relaxed,frontier_94,GDDY,0.0,-0.44999999999999996,-0.0
primary,relaxed,frontier_94,INTC,0.0,0.0,1.049999999999999
primary,relaxed,frontier_94,IT,-0.30762612227898745,-0.44999999999999996,-0.0
primary,relaxed,frontier_94,LRCX,0.0,0.0,1.049999999999999
primary,relaxed,frontier_94,MU,0.0,0.0,1.049999999999999
primary,relaxed,frontier_94,NOW,0.0,-0.44999999999999996,-0.0
primary,relaxed,frontier_94,PAYC,0.0,-0.44999999999999996,-0.0
primary,relaxed,frontier_94,SMCI,0.0,-0.44999999999999996,-0.0
primary,relaxed,frontier_94,SNDK,0.9892177983894596,0.0,1.049999999999999
primary,relaxed,frontier_94,STX,0.0,0.0,1.049999999999999
primary,relaxed,frontier_94,TER,0.0,0.0,1.049999999999999
primary,relaxed,frontier_94,TTD,-5.525613444055771e-17,-0.44999999999999996,-0.0
primary,relaxed,frontier_94,TYL,0.0,-0.44999999999999996,-0.0
primary,relaxed,frontier_94,WBD,0.0,0.0,1.049999999999999
primary,relaxed,frontier_94,WDC,0.00988551442342352,0.0,1.049999999999999
primary,relaxed,frontier_95,ALB,1.6429543899675968e-15,0.0,1.049999999999999
primary,relaxed,frontier_95,CIEN,0.04512499903645673,0.0,1.049999999999999
primary,relaxed,frontier_95,COIN,0.0,-0.44999999999999996,-0.0
primary,relaxed,frontier_95,FDS,-8.085365639818986e-16,-0.44999999999999996,-0.0
primary,relaxed,frontier_95,FISV,-0.1438396418442944,-0.44999999999999996,-0.0
primary,relaxed,frontier_95,GDDY,-1.984583904900979e-16,-0.44999999999999996,-0.0
primary,relaxed,frontier_95,INTC,0.0,0.0,1.049999999999999
primary,relaxed,frontier_95,IT,-0.3061603581557065,-0.44999999999999996,-0.0
primary,relaxed,frontier_95,LRCX,0.0,0.0,1.049999999999999
primary,relaxed,frontier_95,MU,0.0,0.0,1.049999999999999
primary,relaxed,frontier_95,NOW,0.0,-0.44999999999999996,-0.0
primary,relaxed,frontier_95,PAYC,-3.4907222856387294e-18,-0.44999999999999996,-0.0
primary,relaxed,frontier_95,SMCI,0.0,-0.44999999999999996,-0.0
primary,relaxed,frontier_95,SNDK,1.004525621027791,0.0,1.049999999999999
primary,relaxed,frontier_95,STX,0.0,0.0,1.049999999999999
primary,relaxed,frontier_95,TER,5.161884471527986e-17,0.0,1.049999999999999
primary,relaxed,frontier_95,TTD,0.0,-0.44999999999999996,-0.0
primary,relaxed,frontier_95,TYL,0.0,-0.44999999999999996,-0.0
primary,relaxed,frontier_95,WBD,0.0,0.0,1.049999999999999
primary,relaxed,frontier_95,WDC,0.0003493799357522949,0.0,1.049999999999999
primary,relaxed,frontier_96,ALB,0.0,0.0,1.049999999999999
primary,relaxed,frontier_96,CIEN,0.03139022367418547,0.0,1.049999999999999
primary,relaxed,frontier_96,COIN,-1.5289285133725185e-16,-0.44999999999999996,-0.0
primary,relaxed,frontier_96,FDS,0.0,-0.44999999999999996,-0.0
primary,relaxed,frontier_96,FISV,-0.14607668290637557,-0.44999999999999996,-0.0
primary,relaxed,frontier_96,GDDY,-8.383437095013839e-17,-0.44999999999999996,-0.0
primary,relaxed,frontier_96,INTC,1.8854804717702223e-16,0.0,1.049999999999999
primary,relaxed,frontier_96,IT,-0.3039233170936245,-0.44999999999999996,-0.0
primary,relaxed,frontier_96,LRCX,0.0,0.0,1.049999999999999
primary,relaxed,frontier_96,MU,0.0,0.0,1.049999999999999
primary,relaxed,frontier_96,NOW,0.0,-0.44999999999999996,-0.0
primary,relaxed,frontier_96,PAYC,-8.46249512048969e-17,-0.44999999999999996,-0.0
primary,relaxed,frontier_96,SMCI,0.0,-0.44999999999999996,-0.0
primary,relaxed,frontier_96,SNDK,1.0186097763258157,0.0,1.049999999999999
primary,relaxed,frontier_96,STX,4.5513952167022455e-17,0.0,1.049999999999999
primary,relaxed,frontier_96,TER,0.0,0.0,1.049999999999999
primary,relaxed,frontier_96,TTD,-8.067708794834035e-17,-0.44999999999999996,-0.0
primary,relaxed,frontier_96,TYL,0.0,-0.44999999999999996,-0.0
primary,relaxed,frontier_96,WBD,0.0,0.0,1.049999999999999
primary,relaxed,frontier_96,WDC,0.0,0.0,1.049999999999999
primary,relaxed,frontier_97,ALB,2.0753204547958337e-16,0.0,1.049999999999999
primary,relaxed,frontier_97,CIEN,0.017352607088070304,0.0,1.049999999999999
primary,relaxed,frontier_97,COIN,0.0,-0.44999999999999996,-0.0
primary,relaxed,frontier_97,FDS,-5.3178140507361726e-17,-0.44999999999999996,-0.0
primary,relaxed,frontier_97,FISV,-0.14834310123675437,-0.44999999999999996,-0.0
primary,relaxed,frontier_97,GDDY,0.0,-0.44999999999999996,-0.0
primary,relaxed,frontier_97,INTC,0.0,0.0,1.049999999999999
primary,relaxed,frontier_97,IT,-0.3016568987632465,-0.44999999999999996,-0.0
primary,relaxed,frontier_97,LRCX,1.230206992886739e-16,0.0,1.049999999999999
primary,relaxed,frontier_97,MU,5.742603465731123e-17,0.0,1.049999999999999
primary,relaxed,frontier_97,NOW,0.0,-0.44999999999999996,-0.0
primary,relaxed,frontier_97,PAYC,-1.793702391564409e-16,-0.44999999999999996,-0.0
primary,relaxed,frontier_97,SMCI,0.0,-0.44999999999999996,-0.0
primary,relaxed,frontier_97,SNDK,1.0326473929119289,0.0,1.049999999999999
primary,relaxed,frontier_97,STX,1.1448970969110107e-16,0.0,1.049999999999999
primary,relaxed,frontier_97,TER,0.0,0.0,1.049999999999999
primary,relaxed,frontier_97,TTD,-3.812899395504213e-16,-0.44999999999999996,-0.0
primary,relaxed,frontier_97,TYL,-3.9321526078733217e-16,-0.44999999999999996,-0.0
primary,relaxed,frontier_97,WBD,9.175142021886463e-17,0.0,1.049999999999999
primary,relaxed,frontier_97,WDC,5.144182277526707e-17,0.0,1.049999999999999
primary,relaxed,frontier_98,ALB,0.0,0.0,1.049999999999999
primary,relaxed,frontier_98,CIEN,0.003314990501955422,0.0,1.049999999999999
primary,relaxed,frontier_98,COIN,0.0,-0.44999999999999996,-0.0
primary,relaxed,frontier_98,FDS,-4.56546911762618e-17,-0.44999999999999996,-0.0
primary,relaxed,frontier_98,FISV,-0.1506095195671336,-0.44999999999999996,-0.0
primary,relaxed,frontier_98,GDDY,0.0,-0.44999999999999996,-0.0
primary,relaxed,frontier_98,INTC,1.275887699690162e-16,0.0,1.049999999999999
primary,relaxed,frontier_98,IT,-0.29939048043286615,-0.44999999999999996,-0.0
primary,relaxed,frontier_98,LRCX,1.851212119817406e-16,0.0,1.049999999999999
primary,relaxed,frontier_98,MU,1.0868697004897998e-16,0.0,1.049999999999999
primary,relaxed,frontier_98,NOW,-2.0617492078092455e-16,-0.44999999999999996,-0.0
primary,relaxed,frontier_98,PAYC,-6.457699020732771e-17,-0.44999999999999996,-0.0
primary,relaxed,frontier_98,SMCI,0.0,-0.44999999999999996,-0.0
primary,relaxed,frontier_98,SNDK,1.0466850094980422,0.0,1.049999999999999
primary,relaxed,frontier_98,STX,2.699971056014656e-16,0.0,1.049999999999999
primary,relaxed,frontier_98,TER,1.3710356952477774e-16,0.0,1.049999999999999
primary,relaxed,frontier_98,TTD,-3.903539491642975e-16,-0.44999999999999996,-0.0
primary,relaxed,frontier_98,TYL,-3.6153839454191005e-16,-0.44999999999999996,-0.0
primary,relaxed,frontier_98,WBD,1.8597071007914046e-16,0.0,1.049999999999999
primary,relaxed,frontier_98,WDC,3.498803407184081e-16,0.0,1.049999999999999
primary,relaxed,frontier_99,ALB,5.884308399756379e-15,0.0,1.049999999999999
primary,relaxed,frontier_99,CIEN,0.0,0.0,1.049999999999999
primary,relaxed,frontier_99,COIN,0.0,-0.44999999999999996,-0.0
primary,relaxed,frontier_99,FDS,-6.817694601327288e-15,-0.44999999999999996,-0.0
primary,relaxed,frontier_99,FISV,-0.44999999999999996,-0.44999999999999996,-0.0
primary,relaxed,frontier_99,GDDY,0.0,-0.44999999999999996,-0.0
primary,relaxed,frontier_99,INTC,0.0,0.0,1.049999999999999
primary,relaxed,frontier_99,IT,-1.1102230246251565e-16,-0.44999999999999996,-0.0
primary,relaxed,frontier_99,LRCX,0.0,0.0,1.049999999999999
primary,relaxed,frontier_99,MU,0.0,0.0,1.049999999999999
primary,relaxed,frontier_99,NOW,0.0,-0.44999999999999996,-0.0
primary,relaxed,frontier_99,PAYC,-1.812799928971459e-15,-0.44999999999999996,-0.0
primary,relaxed,frontier_99,SMCI,0.0,-0.44999999999999996,-0.0
primary,relaxed,frontier_99,SNDK,1.049999999999999,0.0,1.049999999999999
primary,relaxed,frontier_99,STX,0.0,0.0,1.049999999999999
primary,relaxed,frontier_99,TER,0.0,0.0,1.049999999999999
primary,relaxed,frontier_99,TTD,-3.2141599055707955e-15,-0.44999999999999996,-0.0
primary,relaxed,frontier_99,TYL,-1.2493929517582915e-15,-0.44999999999999996,-0.0
primary,relaxed,frontier_99,WBD,0.0,0.0,1.049999999999999
primary,relaxed,frontier_99,WDC,0.0,0.0,1.049999999999999
means_half,bounded,utility,ALB,0.11626213477340938,0.05249999999999995,0.2099999999999998
means_half,bounded,utility,CIEN,0.2099999999999998,0.05249999999999995,0.2099999999999998
means_half,bounded,utility,COIN,-0.0225,-0.09,-0.0225
means_half,bounded,utility,FDS,-0.022500000000000037,-0.09,-0.0225
means_half,bounded,utility,FISV,-0.08999999999999987,-0.09,-0.0225
means_half,bounded,utility,GDDY,-0.02250000000000007,-0.09,-0.0225
means_half,bounded,utility,INTC,0.05250000000000032,0.05249999999999995,0.2099999999999998
means_half,bounded,utility,IT,-0.09,-0.09,-0.0225
means_half,bounded,utility,LRCX,0.05249999999999995,0.05249999999999995,0.2099999999999998
means_half,bounded,utility,MU,0.10723259823635795,0.05249999999999995,0.2099999999999998
means_half,bounded,utility,NOW,-0.0225,-0.09,-0.0225
means_half,bounded,utility,PAYC,-0.0225,-0.09,-0.0225
means_half,bounded,utility,SMCI,-0.045000000000000026,-0.09,-0.0225
means_half,bounded,utility,SNDK,0.05249999999999995,0.05249999999999995,0.2099999999999998
means_half,bounded,utility,STX,0.14400526699023194,0.05249999999999995,0.2099999999999998
means_half,bounded,utility,TER,0.05249999999999997,0.05249999999999995,0.2099999999999998
means_half,bounded,utility,TTD,-0.09,-0.09,-0.0225
means_half,bounded,utility,TYL,-0.022500000000000075,-0.09,-0.0225
means_half,bounded,utility,WBD,0.05249999999999995,0.05249999999999995,0.2099999999999998
means_half,bounded,utility,WDC,0.2099999999999997,0.05249999999999995,0.2099999999999998
means_half,relaxed,utility,ALB,0.13264155297414626,0.0,1.049999999999999
means_half,relaxed,utility,CIEN,0.2792844291182063,0.0,1.049999999999999
means_half,relaxed,utility,COIN,0.0,-0.44999999999999996,-0.0
means_half,relaxed,utility,FDS,0.0,-0.44999999999999996,-0.0
means_half,relaxed,utility,FISV,-0.10018455441075927,-0.44999999999999996,-0.0
means_half,relaxed,utility,GDDY,-2.105647765621249e-17,-0.44999999999999996,-0.0
means_half,relaxed,utility,INTC,0.0,0.0,1.049999999999999
means_half,relaxed,utility,IT,-0.3275352430910284,-0.44999999999999996,-0.0
means_half,relaxed,utility,LRCX,1.5406971782334066e-16,0.0,1.049999999999999
means_half,relaxed,utility,MU,0.15480177790544597,0.0,1.049999999999999
means_half,relaxed,utility,NOW,-1.3737961395972434e-16,-0.44999999999999996,-0.0
means_half,relaxed,utility,PAYC,0.0,-0.44999999999999996,-0.0
means_half,relaxed,utility,SMCI,0.0,-0.44999999999999996,-0.0
means_half,relaxed,utility,SNDK,0.05050444591325972,0.0,1.049999999999999
means_half,relaxed,utility,STX,0.07621834760439997,0.0,1.049999999999999
means_half,relaxed,utility,TER,0.0,0.0,1.049999999999999
means_half,relaxed,utility,TTD,-0.022280202498212272,-0.44999999999999996,-0.0
means_half,relaxed,utility,TYL,0.0,-0.44999999999999996,-0.0
means_half,relaxed,utility,WBD,1.3646121944207598e-16,0.0,1.049999999999999
means_half,relaxed,utility,WDC,0.35654944648454073,0.0,1.049999999999999
covariance_diagonal_20,bounded,utility,ALB,0.0525000000000001,0.05249999999999995,0.2099999999999998
covariance_diagonal_20,bounded,utility,CIEN,0.20999999999999908,0.05249999999999995,0.2099999999999998
covariance_diagonal_20,bounded,utility,COIN,-0.02250000000000022,-0.09,-0.0225
covariance_diagonal_20,bounded,utility,FDS,-0.02250000000000018,-0.09,-0.0225
covariance_diagonal_20,bounded,utility,FISV,-0.08999999999999916,-0.09,-0.0225
covariance_diagonal_20,bounded,utility,GDDY,-0.04500000000000038,-0.09,-0.0225
covariance_diagonal_20,bounded,utility,INTC,0.052500000000000865,0.05249999999999995,0.2099999999999998
covariance_diagonal_20,bounded,utility,IT,-0.09,-0.09,-0.0225
covariance_diagonal_20,bounded,utility,LRCX,0.05250000000000014,0.05249999999999995,0.2099999999999998
covariance_diagonal_20,bounded,utility,MU,0.09481174486083592,0.05249999999999995,0.2099999999999998
covariance_diagonal_20,bounded,utility,NOW,-0.022500000000000304,-0.09,-0.0225
covariance_diagonal_20,bounded,utility,PAYC,-0.022500000000000093,-0.09,-0.0225
covariance_diagonal_20,bounded,utility,SMCI,-0.0225,-0.09,-0.0225
covariance_diagonal_20,bounded,utility,SNDK,0.15131344655581608,0.05249999999999995,0.2099999999999998
covariance_diagonal_20,bounded,utility,STX,0.12137480858334727,0.05249999999999995,0.2099999999999998
covariance_diagonal_20,bounded,utility,TER,0.05250000000000017,0.05249999999999995,0.2099999999999998
covariance_diagonal_20,bounded,utility,TTD,-0.08999999999999957,-0.09,-0.0225
covariance_diagonal_20,bounded,utility,TYL,-0.02250000000000001,-0.09,-0.0225
covariance_diagonal_20,bounded,utility,WBD,0.05249999999999995,0.05249999999999995,0.2099999999999998
covariance_diagonal_20,bounded,utility,WDC,0.20999999999999935,0.05249999999999995,0.2099999999999998
covariance_diagonal_20,relaxed,utility,ALB,0.0,0.0,1.049999999999999
covariance_diagonal_20,relaxed,utility,CIEN,0.27538263847157746,0.0,1.049999999999999
covariance_diagonal_20,relaxed,utility,COIN,-1.0329578059189922e-16,-0.44999999999999996,-0.0
covariance_diagonal_20,relaxed,utility,FDS,-1.7071517374393159e-16,-0.44999999999999996,-0.0
covariance_diagonal_20,relaxed,utility,FISV,-2.559408585660176e-16,-0.44999999999999996,-0.0
covariance_diagonal_20,relaxed,utility,GDDY,-4.0414265908094885e-17,-0.44999999999999996,-0.0
covariance_diagonal_20,relaxed,utility,INTC,8.262597339641796e-16,0.0,1.049999999999999
covariance_diagonal_20,relaxed,utility,IT,-0.4499999999999996,-0.44999999999999996,-0.0
covariance_diagonal_20,relaxed,utility,LRCX,6.55699033617424e-17,0.0,1.049999999999999
covariance_diagonal_20,relaxed,utility,MU,0.04098490025632958,0.0,1.049999999999999
covariance_diagonal_20,relaxed,utility,NOW,0.0,-0.44999999999999996,-0.0
covariance_diagonal_20,relaxed,utility,PAYC,-1.6933832168816972e-16,-0.44999999999999996,-0.0
covariance_diagonal_20,relaxed,utility,SMCI,0.0,-0.44999999999999996,-0.0
covariance_diagonal_20,relaxed,utility,SNDK,0.14725855020470974,0.0,1.049999999999999
covariance_diagonal_20,relaxed,utility,STX,0.0,0.0,1.049999999999999
covariance_diagonal_20,relaxed,utility,TER,0.0,0.0,1.049999999999999
covariance_diagonal_20,relaxed,utility,TTD,0.0,-0.44999999999999996,-0.0
covariance_diagonal_20,relaxed,utility,TYL,-4.642901991422361e-16,-0.44999999999999996,-0.0
covariance_diagonal_20,relaxed,utility,WBD,3.1814444121264124e-16,0.0,1.049999999999999
covariance_diagonal_20,relaxed,utility,WDC,0.5863739110673813,0.0,1.049999999999999
covariance_diagonal_50,bounded,utility,ALB,0.052499999999999956,0.05249999999999995,0.2099999999999998
covariance_diagonal_50,bounded,utility,CIEN,0.2099999999999998,0.05249999999999995,0.2099999999999998
covariance_diagonal_50,bounded,utility,COIN,-0.0225,-0.09,-0.0225
covariance_diagonal_50,bounded,utility,FDS,-0.0225,-0.09,-0.0225
covariance_diagonal_50,bounded,utility,FISV,-0.09,-0.09,-0.0225
covariance_diagonal_50,bounded,utility,GDDY,-0.04499999999999968,-0.09,-0.0225
covariance_diagonal_50,bounded,utility,INTC,0.05249999999999995,0.05249999999999995,0.2099999999999998
covariance_diagonal_50,bounded,utility,IT,-0.09,-0.09,-0.0225
covariance_diagonal_50,bounded,utility,LRCX,0.05249999999999995,0.05249999999999995,0.2099999999999998
covariance_diagonal_50,bounded,utility,MU,0.09932998730610204,0.05249999999999995,0.2099999999999998
covariance_diagonal_50,bounded,utility,NOW,-0.0225,-0.09,-0.0225
covariance_diagonal_50,bounded,utility,PAYC,-0.0225,-0.09,-0.0225
covariance_diagonal_50,bounded,utility,SMCI,-0.0225,-0.09,-0.0225
covariance_diagonal_50,bounded,utility,SNDK,0.1957724586845354,0.05249999999999995,0.2099999999999998
covariance_diagonal_50,bounded,utility,STX,0.07239755400936258,0.05249999999999995,0.2099999999999998
covariance_diagonal_50,bounded,utility,TER,0.05249999999999995,0.05249999999999995,0.2099999999999998
covariance_diagonal_50,bounded,utility,TTD,-0.09,-0.09,-0.0225
covariance_diagonal_50,bounded,utility,TYL,-0.0225,-0.09,-0.0225
covariance_diagonal_50,bounded,utility,WBD,0.05249999999999995,0.05249999999999995,0.2099999999999998
covariance_diagonal_50,bounded,utility,WDC,0.2099999999999998,0.05249999999999995,0.2099999999999998
covariance_diagonal_50,relaxed,utility,ALB,0.0,0.0,1.049999999999999
covariance_diagonal_50,relaxed,utility,CIEN,0.25231838631591935,0.0,1.049999999999999
covariance_diagonal_50,relaxed,utility,COIN,0.0,-0.44999999999999996,-0.0
covariance_diagonal_50,relaxed,utility,FDS,0.0,-0.44999999999999996,-0.0
covariance_diagonal_50,relaxed,utility,FISV,-0.07640826083072495,-0.44999999999999996,-0.0
covariance_diagonal_50,relaxed,utility,GDDY,0.0,-0.44999999999999996,-0.0
covariance_diagonal_50,relaxed,utility,INTC,0.0,0.0,1.049999999999999
covariance_diagonal_50,relaxed,utility,IT,-0.37359173916927496,-0.44999999999999996,-0.0
covariance_diagonal_50,relaxed,utility,LRCX,3.2823629755056964e-16,0.0,1.049999999999999
covariance_diagonal_50,relaxed,utility,MU,0.10557083064004125,0.0,1.049999999999999
covariance_diagonal_50,relaxed,utility,NOW,0.0,-0.44999999999999996,-0.0
covariance_diagonal_50,relaxed,utility,PAYC,-9.437493600846853e-17,-0.44999999999999996,-0.0
covariance_diagonal_50,relaxed,utility,SMCI,-3.1996470608835354e-16,-0.44999999999999996,-0.0
covariance_diagonal_50,relaxed,utility,SNDK,0.19402137376592032,0.0,1.049999999999999
covariance_diagonal_50,relaxed,utility,STX,0.0,0.0,1.049999999999999
covariance_diagonal_50,relaxed,utility,TER,2.863111324687337e-17,0.0,1.049999999999999
covariance_diagonal_50,relaxed,utility,TTD,-1.154841763575874e-16,-0.44999999999999996,-0.0
covariance_diagonal_50,relaxed,utility,TYL,-1.3814188418016631e-16,-0.44999999999999996,-0.0
covariance_diagonal_50,relaxed,utility,WBD,1.443109515230988e-16,0.0,1.049999999999999
covariance_diagonal_50,relaxed,utility,WDC,0.4980894092781183,0.0,1.049999999999999
bounds_0.75_1.5,bounded,utility,ALB,0.07874999999999993,0.07874999999999993,0.15749999999999986
bounds_0.75_1.5,bounded,utility,CIEN,0.15749999999999983,0.07874999999999993,0.15749999999999986
bounds_0.75_1.5,bounded,utility,COIN,-0.03375000000000029,-0.0675,-0.03375
bounds_0.75_1.5,bounded,utility,FDS,-0.033750000000000044,-0.0675,-0.03375
bounds_0.75_1.5,bounded,utility,FISV,-0.0675,-0.0675,-0.03375
bounds_0.75_1.5,bounded,utility,GDDY,-0.04499999999999908,-0.0675,-0.03375
bounds_0.75_1.5,bounded,utility,INTC,0.07875000000000026,0.07874999999999993,0.15749999999999986
bounds_0.75_1.5,bounded,utility,IT,-0.0675,-0.0675,-0.03375
bounds_0.75_1.5,bounded,utility,LRCX,0.07874999999999993,0.07874999999999993,0.15749999999999986
bounds_0.75_1.5,bounded,utility,MU,0.09131376906593905,0.07874999999999993,0.15749999999999986
bounds_0.75_1.5,bounded,utility,NOW,-0.03375000000000006,-0.0675,-0.03375
bounds_0.75_1.5,bounded,utility,PAYC,-0.03375,-0.0675,-0.03375
bounds_0.75_1.5,bounded,utility,SMCI,-0.03375000000000014,-0.0675,-0.03375
bounds_0.75_1.5,bounded,utility,SNDK,0.1574999999999998,0.07874999999999993,0.15749999999999986
bounds_0.75_1.5,bounded,utility,STX,0.09243623093406014,0.07874999999999993,0.15749999999999986
bounds_0.75_1.5,bounded,utility,TER,0.07874999999999993,0.07874999999999993,0.15749999999999986
bounds_0.75_1.5,bounded,utility,TTD,-0.0675,-0.0675,-0.03375
bounds_0.75_1.5,bounded,utility,TYL,-0.03375,-0.0675,-0.03375
bounds_0.75_1.5,bounded,utility,WBD,0.07874999999999993,0.07874999999999993,0.15749999999999986
bounds_0.75_1.5,bounded,utility,WDC,0.15749999999999986,0.07874999999999993,0.15749999999999986
bounds_0.25_3,bounded,utility,ALB,0.02625000000000012,0.026249999999999975,0.3149999999999997
bounds_0.25_3,bounded,utility,CIEN,0.2620055708189895,0.026249999999999975,0.3149999999999997
bounds_0.25_3,bounded,utility,COIN,-0.01125,-0.135,-0.01125
bounds_0.25_3,bounded,utility,FDS,-0.011250000000000064,-0.135,-0.01125
bounds_0.25_3,bounded,utility,FISV,-0.13499999999999945,-0.135,-0.01125
bounds_0.25_3,bounded,utility,GDDY,-0.01125000000000029,-0.135,-0.01125
bounds_0.25_3,bounded,utility,INTC,0.026250000000000395,0.026249999999999975,0.3149999999999997
bounds_0.25_3,bounded,utility,IT,-0.13499999999999931,-0.135,-0.01125
bounds_0.25_3,bounded,utility,LRCX,0.02625,0.026249999999999975,0.3149999999999997
bounds_0.25_3,bounded,utility,MU,0.0262500000000002,0.026249999999999975,0.3149999999999997
bounds_0.25_3,bounded,utility,NOW,-0.011250000000000333,-0.135,-0.01125
bounds_0.25_3,bounded,utility,PAYC,-0.01125000000000018,-0.135,-0.01125
bounds_0.25_3,bounded,utility,SMCI,-0.0112500000000001,-0.135,-0.01125
bounds_0.25_3,bounded,utility,SNDK,0.2892444291810099,0.026249999999999975,0.3149999999999997
bounds_0.25_3,bounded,utility,STX,0.026250000000000315,0.026249999999999975,0.3149999999999997
bounds_0.25_3,bounded,utility,TER,0.026249999999999975,0.026249999999999975,0.3149999999999997
bounds_0.25_3,bounded,utility,TTD,-0.1012500000000003,-0.135,-0.01125
bounds_0.25_3,bounded,utility,TYL,-0.011250000000000055,-0.135,-0.01125
bounds_0.25_3,bounded,utility,WBD,0.026250000000000086,0.026249999999999975,0.3149999999999997
bounds_0.25_3,bounded,utility,WDC,0.3149999999999985,0.026249999999999975,0.3149999999999997
leave_out_2025-03-31,bounded,utility,ALB,0.05250000000000017,0.05249999999999995,0.2099999999999998
leave_out_2025-03-31,bounded,utility,CIEN,0.2099999999999998,0.05249999999999995,0.2099999999999998
leave_out_2025-03-31,bounded,utility,COIN,-0.0225,-0.09,-0.0225
leave_out_2025-03-31,bounded,utility,FDS,-0.04500000000000099,-0.09,-0.0225
leave_out_2025-03-31,bounded,utility,FISV,-0.09,-0.09,-0.0225
leave_out_2025-03-31,bounded,utility,GDDY,-0.09,-0.09,-0.0225
leave_out_2025-03-31,bounded,utility,INTC,0.05249999999999995,0.05249999999999995,0.2099999999999998
leave_out_2025-03-31,bounded,utility,IT,-0.09,-0.09,-0.0225
leave_out_2025-03-31,bounded,utility,LRCX,0.05249999999999995,0.05249999999999995,0.2099999999999998
leave_out_2025-03-31,bounded,utility,MU,0.05249999999999995,0.05249999999999995,0.2099999999999998
leave_out_2025-03-31,bounded,utility,NOW,-0.0225,-0.09,-0.0225
leave_out_2025-03-31,bounded,utility,PAYC,-0.02250000000000003,-0.09,-0.0225
leave_out_2025-03-31,bounded,utility,SMCI,-0.0225,-0.09,-0.0225
leave_out_2025-03-31,bounded,utility,SNDK,0.2099999999999998,0.05249999999999995,0.2099999999999998
leave_out_2025-03-31,bounded,utility,STX,0.10500000000000159,0.05249999999999995,0.2099999999999998
leave_out_2025-03-31,bounded,utility,TER,0.052500000000000116,0.05249999999999995,0.2099999999999998
leave_out_2025-03-31,bounded,utility,TTD,-0.0225,-0.09,-0.0225
leave_out_2025-03-31,bounded,utility,TYL,-0.022500000000000023,-0.09,-0.0225
leave_out_2025-03-31,bounded,utility,WBD,0.05249999999999995,0.05249999999999995,0.2099999999999998
leave_out_2025-03-31,bounded,utility,WDC,0.2099999999999998,0.05249999999999995,0.2099999999999998
leave_out_2025-03-31,relaxed,utility,ALB,2.7697893193044405e-17,0.0,1.049999999999999
leave_out_2025-03-31,relaxed,utility,CIEN,0.3641800050953927,0.0,1.049999999999999
leave_out_2025-03-31,relaxed,utility,COIN,-1.4561158087939974e-15,-0.44999999999999996,-0.0
leave_out_2025-03-31,relaxed,utility,FDS,-8.976993917953613e-16,-0.44999999999999996,-0.0
leave_out_2025-03-31,relaxed,utility,FISV,-0.1870995412617606,-0.44999999999999996,-0.0
leave_out_2025-03-31,relaxed,utility,GDDY,0.0,-0.44999999999999996,-0.0
leave_out_2025-03-31,relaxed,utility,INTC,1.2727650006098081e-15,0.0,1.049999999999999
leave_out_2025-03-31,relaxed,utility,IT,-0.2629004587382379,-0.44999999999999996,-0.0
leave_out_2025-03-31,relaxed,utility,LRCX,0.0,0.0,1.049999999999999
leave_out_2025-03-31,relaxed,utility,MU,3.622542956117377e-16,0.0,1.049999999999999
leave_out_2025-03-31,relaxed,utility,NOW,-2.3766103786694625e-16,-0.44999999999999996,-0.0
leave_out_2025-03-31,relaxed,utility,PAYC,0.0,-0.44999999999999996,-0.0
leave_out_2025-03-31,relaxed,utility,SMCI,0.0,-0.44999999999999996,-0.0
leave_out_2025-03-31,relaxed,utility,SNDK,0.26662170343774944,0.0,1.049999999999999
leave_out_2025-03-31,relaxed,utility,STX,0.0,0.0,1.049999999999999
leave_out_2025-03-31,relaxed,utility,TER,0.0,0.0,1.049999999999999
leave_out_2025-03-31,relaxed,utility,TTD,-8.993352658778355e-17,-0.44999999999999996,-0.0
leave_out_2025-03-31,relaxed,utility,TYL,0.0,-0.44999999999999996,-0.0
leave_out_2025-03-31,relaxed,utility,WBD,9.485890809837128e-16,0.0,1.049999999999999
leave_out_2025-03-31,relaxed,utility,WDC,0.419198291466855,0.0,1.049999999999999
leave_out_2025-04-30,bounded,utility,ALB,0.05250000000000086,0.05249999999999995,0.2099999999999998
leave_out_2025-04-30,bounded,utility,CIEN,0.10903726882573699,0.05249999999999995,0.2099999999999998
leave_out_2025-04-30,bounded,utility,COIN,-0.0225,-0.09,-0.0225
leave_out_2025-04-30,bounded,utility,FDS,-0.0225,-0.09,-0.0225
leave_out_2025-04-30,bounded,utility,FISV,-0.09,-0.09,-0.0225
leave_out_2025-04-30,bounded,utility,GDDY,-0.022500000000000017,-0.09,-0.0225
leave_out_2025-04-30,bounded,utility,INTC,0.05249999999999995,0.05249999999999995,0.2099999999999998
leave_out_2025-04-30,bounded,utility,IT,-0.09,-0.09,-0.0225
leave_out_2025-04-30,bounded,utility,LRCX,0.05249999999999995,0.05249999999999995,0.2099999999999998
leave_out_2025-04-30,bounded,utility,MU,0.2059627311742628,0.05249999999999995,0.2099999999999998
leave_out_2025-04-30,bounded,utility,NOW,-0.04499999999999927,-0.09,-0.0225
leave_out_2025-04-30,bounded,utility,PAYC,-0.0225,-0.09,-0.0225
leave_out_2025-04-30,bounded,utility,SMCI,-0.022500000000000017,-0.09,-0.0225
leave_out_2025-04-30,bounded,utility,SNDK,0.2099999999999998,0.05249999999999995,0.2099999999999998
leave_out_2025-04-30,bounded,utility,STX,0.05249999999999995,0.05249999999999995,0.2099999999999998
leave_out_2025-04-30,bounded,utility,TER,0.05250000000000003,0.05249999999999995,0.2099999999999998
leave_out_2025-04-30,bounded,utility,TTD,-0.09,-0.09,-0.0225
leave_out_2025-04-30,bounded,utility,TYL,-0.0225,-0.09,-0.0225
leave_out_2025-04-30,bounded,utility,WBD,0.05250000000000036,0.05249999999999995,0.2099999999999998
leave_out_2025-04-30,bounded,utility,WDC,0.20999999999999935,0.05249999999999995,0.2099999999999998
leave_out_2025-04-30,relaxed,utility,ALB,0.17087146031955885,0.0,1.049999999999999
leave_out_2025-04-30,relaxed,utility,CIEN,0.20777553715164251,0.0,1.049999999999999
leave_out_2025-04-30,relaxed,utility,COIN,0.0,-0.44999999999999996,-0.0
leave_out_2025-04-30,relaxed,utility,FDS,-1.0573058687192147e-16,-0.44999999999999996,-0.0
leave_out_2025-04-30,relaxed,utility,FISV,-1.1237601555109743e-16,-0.44999999999999996,-0.0
leave_out_2025-04-30,relaxed,utility,GDDY,-1.6527716188257638e-16,-0.44999999999999996,-0.0
leave_out_2025-04-30,relaxed,utility,INTC,0.0,0.0,1.049999999999999
leave_out_2025-04-30,relaxed,utility,IT,-0.44999999999999996,-0.44999999999999996,-0.0
leave_out_2025-04-30,relaxed,utility,LRCX,0.0,0.0,1.049999999999999
leave_out_2025-04-30,relaxed,utility,MU,0.0229819885853703,0.0,1.049999999999999
leave_out_2025-04-30,relaxed,utility,NOW,-2.341034328166554e-16,-0.44999999999999996,-0.0
leave_out_2025-04-30,relaxed,utility,PAYC,0.0,-0.44999999999999996,-0.0
leave_out_2025-04-30,relaxed,utility,SMCI,0.0,-0.44999999999999996,-0.0
leave_out_2025-04-30,relaxed,utility,SNDK,0.5720175200091715,0.0,1.049999999999999
leave_out_2025-04-30,relaxed,utility,STX,0.0,0.0,1.049999999999999
leave_out_2025-04-30,relaxed,utility,TER,0.0,0.0,1.049999999999999
leave_out_2025-04-30,relaxed,utility,TTD,-1.3467277623731484e-16,-0.44999999999999996,-0.0
leave_out_2025-04-30,relaxed,utility,TYL,0.0,-0.44999999999999996,-0.0
leave_out_2025-04-30,relaxed,utility,WBD,2.588597978367186e-16,0.0,1.049999999999999
leave_out_2025-04-30,relaxed,utility,WDC,0.0763534939342576,0.0,1.049999999999999
leave_out_2025-05-31,bounded,utility,ALB,0.10499999999999982,0.05249999999999995,0.2099999999999998
leave_out_2025-05-31,bounded,utility,CIEN,0.20999999999999933,0.05249999999999995,0.2099999999999998
leave_out_2025-05-31,bounded,utility,COIN,-0.0225,-0.09,-0.0225
leave_out_2025-05-31,bounded,utility,FDS,-0.022500000000000048,-0.09,-0.0225
leave_out_2025-05-31,bounded,utility,FISV,-0.09,-0.09,-0.0225
leave_out_2025-05-31,bounded,utility,GDDY,-0.022500000000000932,-0.09,-0.0225
leave_out_2025-05-31,bounded,utility,INTC,0.05250000000000009,0.05249999999999995,0.2099999999999998
leave_out_2025-05-31,bounded,utility,IT,-0.08999999999999929,-0.09,-0.0225
leave_out_2025-05-31,bounded,utility,LRCX,0.05250000000000033,0.05249999999999995,0.2099999999999998
leave_out_2025-05-31,bounded,utility,MU,0.05249999999999995,0.05249999999999995,0.2099999999999998
leave_out_2025-05-31,bounded,utility,NOW,-0.022500000000000308,-0.09,-0.0225
leave_out_2025-05-31,bounded,utility,PAYC,-0.022500000000000228,-0.09,-0.0225
leave_out_2025-05-31,bounded,utility,SMCI,-0.044999999999999096,-0.09,-0.0225
leave_out_2025-05-31,bounded,utility,SNDK,0.2099999999999998,0.05249999999999995,0.2099999999999998
leave_out_2025-05-31,bounded,utility,STX,0.052500000000000054,0.05249999999999995,0.2099999999999998
leave_out_2025-05-31,bounded,utility,TER,0.0525000000000002,0.05249999999999995,0.2099999999999998
leave_out_2025-05-31,bounded,utility,TTD,-0.08999999999999939,-0.09,-0.0225
leave_out_2025-05-31,bounded,utility,TYL,-0.02250000000000036,-0.09,-0.0225
leave_out_2025-05-31,bounded,utility,WBD,0.05250000000000031,0.05249999999999995,0.2099999999999998
leave_out_2025-05-31,bounded,utility,WDC,0.20999999999999927,0.05249999999999995,0.2099999999999998
leave_out_2025-05-31,relaxed,utility,ALB,0.0390237894612678,0.0,1.049999999999999
leave_out_2025-05-31,relaxed,utility,CIEN,0.2629183594402107,0.0,1.049999999999999
leave_out_2025-05-31,relaxed,utility,COIN,0.0,-0.44999999999999996,-0.0
leave_out_2025-05-31,relaxed,utility,FDS,0.0,-0.44999999999999996,-0.0
leave_out_2025-05-31,relaxed,utility,FISV,0.0,-0.44999999999999996,-0.0
leave_out_2025-05-31,relaxed,utility,GDDY,-7.209513549414988e-17,-0.44999999999999996,-0.0
leave_out_2025-05-31,relaxed,utility,INTC,4.835479413773146e-16,0.0,1.049999999999999
leave_out_2025-05-31,relaxed,utility,IT,-0.19725226124329323,-0.44999999999999996,-0.0
leave_out_2025-05-31,relaxed,utility,LRCX,0.0,0.0,1.049999999999999
leave_out_2025-05-31,relaxed,utility,MU,3.0466646970923605e-17,0.0,1.049999999999999
leave_out_2025-05-31,relaxed,utility,NOW,0.0,-0.44999999999999996,-0.0
leave_out_2025-05-31,relaxed,utility,PAYC,-2.96101296510277e-16,-0.44999999999999996,-0.0
leave_out_2025-05-31,relaxed,utility,SMCI,0.0,-0.44999999999999996,-0.0
leave_out_2025-05-31,relaxed,utility,SNDK,0.28884167291326845,0.0,1.049999999999999
leave_out_2025-05-31,relaxed,utility,STX,0.0,0.0,1.049999999999999
leave_out_2025-05-31,relaxed,utility,TER,0.0,0.0,1.049999999999999
leave_out_2025-05-31,relaxed,utility,TTD,-0.2527477387567072,-0.44999999999999996,-0.0
leave_out_2025-05-31,relaxed,utility,TYL,0.0,-0.44999999999999996,-0.0
leave_out_2025-05-31,relaxed,utility,WBD,2.8525012608169655e-16,0.0,1.049999999999999
leave_out_2025-05-31,relaxed,utility,WDC,0.4592161781852519,0.0,1.049999999999999
leave_out_2025-06-30,bounded,utility,ALB,0.0525000000000006,0.05249999999999995,0.2099999999999998
leave_out_2025-06-30,bounded,utility,CIEN,0.2099999999999988,0.05249999999999995,0.2099999999999998
leave_out_2025-06-30,bounded,utility,COIN,-0.0225,-0.09,-0.0225
leave_out_2025-06-30,bounded,utility,FDS,-0.022500000000000017,-0.09,-0.0225
leave_out_2025-06-30,bounded,utility,FISV,-0.09,-0.09,-0.0225
leave_out_2025-06-30,bounded,utility,GDDY,-0.022500000000000155,-0.09,-0.0225
leave_out_2025-06-30,bounded,utility,INTC,0.05249999999999995,0.05249999999999995,0.2099999999999998
leave_out_2025-06-30,bounded,utility,IT,-0.08999999999999979,-0.09,-0.0225
leave_out_2025-06-30,bounded,utility,LRCX,0.05250000000000024,0.05249999999999995,0.2099999999999998
leave_out_2025-06-30,bounded,utility,MU,0.05250000000000045,0.05249999999999995,0.2099999999999998
leave_out_2025-06-30,bounded,utility,NOW,-0.0225,-0.09,-0.0225
leave_out_2025-06-30,bounded,utility,PAYC,-0.022500000000000228,-0.09,-0.0225
leave_out_2025-06-30,bounded,utility,SMCI,-0.045000000000000144,-0.09,-0.0225
leave_out_2025-06-30,bounded,utility,SNDK,0.2099999999999998,0.05249999999999995,0.2099999999999998
leave_out_2025-06-30,bounded,utility,STX,0.10499999999999937,0.05249999999999995,0.2099999999999998
leave_out_2025-06-30,bounded,utility,TER,0.05249999999999995,0.05249999999999995,0.2099999999999998
leave_out_2025-06-30,bounded,utility,TTD,-0.08999999999999987,-0.09,-0.0225
leave_out_2025-06-30,bounded,utility,TYL,-0.0225,-0.09,-0.0225
leave_out_2025-06-30,bounded,utility,WBD,0.05250000000000052,0.05249999999999995,0.2099999999999998
leave_out_2025-06-30,bounded,utility,WDC,0.2099999999999996,0.05249999999999995,0.2099999999999998
leave_out_2025-06-30,relaxed,utility,ALB,4.188383267053694e-16,0.0,1.049999999999999
leave_out_2025-06-30,relaxed,utility,CIEN,0.5252427969149455,0.0,1.049999999999999
leave_out_2025-06-30,relaxed,utility,COIN,-9.440674048252234e-17,-0.44999999999999996,-0.0
leave_out_2025-06-30,relaxed,utility,FDS,0.0,-0.44999999999999996,-0.0
leave_out_2025-06-30,relaxed,utility,FISV,-0.16601259987559677,-0.44999999999999996,-0.0
leave_out_2025-06-30,relaxed,utility,GDDY,0.0,-0.44999999999999996,-0.0
leave_out_2025-06-30,relaxed,utility,INTC,1.0574004747351184e-16,0.0,1.049999999999999
leave_out_2025-06-30,relaxed,utility,IT,-0.28398740012440277,-0.44999999999999996,-0.0
leave_out_2025-06-30,relaxed,utility,LRCX,1.321637270394633e-16,0.0,1.049999999999999
leave_out_2025-06-30,relaxed,utility,MU,0.0,0.0,1.049999999999999
leave_out_2025-06-30,relaxed,utility,NOW,-1.401146187067027e-16,-0.44999999999999996,-0.0
leave_out_2025-06-30,relaxed,utility,PAYC,0.0,-0.44999999999999996,-0.0
leave_out_2025-06-30,relaxed,utility,SMCI,-4.513046005040538e-16,-0.44999999999999996,-0.0
leave_out_2025-06-30,relaxed,utility,SNDK,0.3369867034482298,0.0,1.049999999999999
leave_out_2025-06-30,relaxed,utility,STX,4.607939881591274e-17,0.0,1.049999999999999
leave_out_2025-06-30,relaxed,utility,TER,0.0,0.0,1.049999999999999
leave_out_2025-06-30,relaxed,utility,TTD,0.0,-0.44999999999999996,-0.0
leave_out_2025-06-30,relaxed,utility,TYL,-2.0954445839839142e-16,-0.44999999999999996,-0.0
leave_out_2025-06-30,relaxed,utility,WBD,1.2992075450275576e-16,0.0,1.049999999999999
leave_out_2025-06-30,relaxed,utility,WDC,0.18777049963682296,0.0,1.049999999999999
leave_out_2025-07-31,bounded,utility,ALB,0.05249999999999995,0.05249999999999995,0.2099999999999998
leave_out_2025-07-31,bounded,utility,CIEN,0.20936425731895908,0.05249999999999995,0.2099999999999998
leave_out_2025-07-31,bounded,utility,COIN,-0.022500000000000346,-0.09,-0.0225
leave_out_2025-07-31,bounded,utility,FDS,-0.0225,-0.09,-0.0225
leave_out_2025-07-31,bounded,utility,FISV,-0.09,-0.09,-0.0225
leave_out_2025-07-31,bounded,utility,GDDY,-0.0225,-0.09,-0.0225
leave_out_2025-07-31,bounded,utility,INTC,0.05249999999999995,0.05249999999999995,0.2099999999999998
leave_out_2025-07-31,bounded,utility,IT,-0.09,-0.09,-0.0225
leave_out_2025-07-31,bounded,utility,LRCX,0.05249999999999995,0.05249999999999995,0.2099999999999998
leave_out_2025-07-31,bounded,utility,MU,0.2099999999999998,0.05249999999999995,0.2099999999999998
leave_out_2025-07-31,bounded,utility,NOW,-0.022500000000000197,-0.09,-0.0225
leave_out_2025-07-31,bounded,utility,PAYC,-0.0225,-0.09,-0.0225
leave_out_2025-07-31,bounded,utility,SMCI,-0.04500000000000033,-0.09,-0.0225
leave_out_2025-07-31,bounded,utility,SNDK,0.20999999999999963,0.05249999999999995,0.2099999999999998
leave_out_2025-07-31,bounded,utility,STX,0.05249999999999995,0.05249999999999995,0.2099999999999998
leave_out_2025-07-31,bounded,utility,TER,0.05249999999999995,0.05249999999999995,0.2099999999999998
leave_out_2025-07-31,bounded,utility,TTD,-0.09,-0.09,-0.0225
leave_out_2025-07-31,bounded,utility,TYL,-0.02250000000000001,-0.09,-0.0225
leave_out_2025-07-31,bounded,utility,WBD,0.05249999999999995,0.05249999999999995,0.2099999999999998
leave_out_2025-07-31,bounded,utility,WDC,0.10563574268104267,0.05249999999999995,0.2099999999999998
leave_out_2025-07-31,relaxed,utility,ALB,0.0,0.0,1.049999999999999
leave_out_2025-07-31,relaxed,utility,CIEN,0.3282711957678879,0.0,1.049999999999999
leave_out_2025-07-31,relaxed,utility,COIN,0.0,-0.44999999999999996,-0.0
leave_out_2025-07-31,relaxed,utility,FDS,-3.9552645480026065e-16,-0.44999999999999996,-0.0
leave_out_2025-07-31,relaxed,utility,FISV,-0.023334559671441202,-0.44999999999999996,-0.0
leave_out_2025-07-31,relaxed,utility,GDDY,-4.208680305182745e-17,-0.44999999999999996,-0.0
leave_out_2025-07-31,relaxed,utility,INTC,0.0,0.0,1.049999999999999
leave_out_2025-07-31,relaxed,utility,IT,-0.1926635325582607,-0.44999999999999996,-0.0
leave_out_2025-07-31,relaxed,utility,LRCX,5.413568456892841e-16,0.0,1.049999999999999
leave_out_2025-07-31,relaxed,utility,MU,0.3328277558894484,0.0,1.049999999999999
leave_out_2025-07-31,relaxed,utility,NOW,0.0,-0.44999999999999996,-0.0
leave_out_2025-07-31,relaxed,utility,PAYC,-1.7814088619226856e-16,-0.44999999999999996,-0.0
leave_out_2025-07-31,relaxed,utility,SMCI,0.0,-0.44999999999999996,-0.0
leave_out_2025-07-31,relaxed,utility,SNDK,0.3436596440776609,0.0,1.049999999999999
leave_out_2025-07-31,relaxed,utility,STX,0.0,0.0,1.049999999999999
leave_out_2025-07-31,relaxed,utility,TER,1.6510670428178182e-16,0.0,1.049999999999999
leave_out_2025-07-31,relaxed,utility,TTD,-0.23400190777029767,-0.44999999999999996,-0.0
leave_out_2025-07-31,relaxed,utility,TYL,-1.1814277942713646e-16,-0.44999999999999996,-0.0
leave_out_2025-07-31,relaxed,utility,WBD,6.158556560678115e-17,0.0,1.049999999999999
leave_out_2025-07-31,relaxed,utility,WDC,0.04524140426500188,0.0,1.049999999999999
leave_out_2025-08-31,bounded,utility,ALB,0.05249999999999995,0.05249999999999995,0.2099999999999998
leave_out_2025-08-31,bounded,utility,CIEN,0.2099999999999998,0.05249999999999995,0.2099999999999998
leave_out_2025-08-31,bounded,utility,COIN,-0.0225,-0.09,-0.0225
leave_out_2025-08-31,bounded,utility,FDS,-0.04500000000000075,-0.09,-0.0225
leave_out_2025-08-31,bounded,utility,FISV,-0.09,-0.09,-0.0225
leave_out_2025-08-31,bounded,utility,GDDY,-0.08999999999999979,-0.09,-0.0225
leave_out_2025-08-31,bounded,utility,INTC,0.05249999999999995,0.05249999999999995,0.2099999999999998
leave_out_2025-08-31,bounded,utility,IT,-0.08999999999999998,-0.09,-0.0225
leave_out_2025-08-31,bounded,utility,LRCX,0.05249999999999995,0.05249999999999995,0.2099999999999998
leave_out_2025-08-31,bounded,utility,MU,0.06761976554954229,0.05249999999999995,0.2099999999999998
leave_out_2025-08-31,bounded,utility,NOW,-0.0225,-0.09,-0.0225
leave_out_2025-08-31,bounded,utility,PAYC,-0.0225000000000002,-0.09,-0.0225
leave_out_2025-08-31,bounded,utility,SMCI,-0.022500000000000086,-0.09,-0.0225
leave_out_2025-08-31,bounded,utility,SNDK,0.2099999999999998,0.05249999999999995,0.2099999999999998
leave_out_2025-08-31,bounded,utility,STX,0.08988023445045705,0.05249999999999995,0.2099999999999998
leave_out_2025-08-31,bounded,utility,TER,0.0525000000000001,0.05249999999999995,0.2099999999999998
leave_out_2025-08-31,bounded,utility,TTD,-0.022500000000000343,-0.09,-0.0225
leave_out_2025-08-31,bounded,utility,TYL,-0.0225,-0.09,-0.0225
leave_out_2025-08-31,bounded,utility,WBD,0.05249999999999995,0.05249999999999995,0.2099999999999998
leave_out_2025-08-31,bounded,utility,WDC,0.2099999999999998,0.05249999999999995,0.2099999999999998
leave_out_2025-08-31,relaxed,utility,ALB,0.0,0.0,1.049999999999999
leave_out_2025-08-31,relaxed,utility,CIEN,0.2799570482742446,0.0,1.049999999999999
leave_out_2025-08-31,relaxed,utility,COIN,0.0,-0.44999999999999996,-0.0
leave_out_2025-08-31,relaxed,utility,FDS,0.0,-0.44999999999999996,-0.0
leave_out_2025-08-31,relaxed,utility,FISV,-0.2969859621135913,-0.44999999999999996,-0.0
leave_out_2025-08-31,relaxed,utility,GDDY,0.0,-0.44999999999999996,-0.0
leave_out_2025-08-31,relaxed,utility,INTC,0.0,0.0,1.049999999999999
leave_out_2025-08-31,relaxed,utility,IT,-0.15301403788640858,-0.44999999999999996,-0.0
leave_out_2025-08-31,relaxed,utility,LRCX,0.0,0.0,1.049999999999999
leave_out_2025-08-31,relaxed,utility,MU,3.9826228306239927e-16,0.0,1.049999999999999
leave_out_2025-08-31,relaxed,utility,NOW,-3.8881576226198296e-16,-0.44999999999999996,-0.0
leave_out_2025-08-31,relaxed,utility,PAYC,0.0,-0.44999999999999996,-0.0
leave_out_2025-08-31,relaxed,utility,SMCI,-9.269899389676027e-17,-0.44999999999999996,-0.0
leave_out_2025-08-31,relaxed,utility,SNDK,0.25242430819707384,0.0,1.049999999999999
leave_out_2025-08-31,relaxed,utility,STX,7.08058280435036e-18,0.0,1.049999999999999
leave_out_2025-08-31,relaxed,utility,TER,0.0,0.0,1.049999999999999
leave_out_2025-08-31,relaxed,utility,TTD,-1.457280919140759e-16,-0.44999999999999996,-0.0
leave_out_2025-08-31,relaxed,utility,TYL,0.0,-0.44999999999999996,-0.0
leave_out_2025-08-31,relaxed,utility,WBD,0.0,0.0,1.049999999999999
leave_out_2025-08-31,relaxed,utility,WDC,0.5176186435286815,0.0,1.049999999999999
leave_out_2025-09-30,bounded,utility,ALB,0.052500000000000074,0.05249999999999995,0.2099999999999998
leave_out_2025-09-30,bounded,utility,CIEN,0.20999999999999938,0.05249999999999995,0.2099999999999998
leave_out_2025-09-30,bounded,utility,COIN,-0.02250000000000008,-0.09,-0.0225
leave_out_2025-09-30,bounded,utility,FDS,-0.02250000000000042,-0.09,-0.0225
leave_out_2025-09-30,bounded,utility,FISV,-0.08999999999999955,-0.09,-0.0225
leave_out_2025-09-30,bounded,utility,GDDY,-0.04500000000000021,-0.09,-0.0225
leave_out_2025-09-30,bounded,utility,INTC,0.052500000000001094,0.05249999999999995,0.2099999999999998
leave_out_2025-09-30,bounded,utility,IT,-0.08999999999999891,-0.09,-0.0225
leave_out_2025-09-30,bounded,utility,LRCX,0.05250000000000015,0.05249999999999995,0.2099999999999998
leave_out_2025-09-30,bounded,utility,MU,0.09655539338616867,0.05249999999999995,0.2099999999999998
leave_out_2025-09-30,bounded,utility,NOW,-0.022500000000000367,-0.09,-0.0225
leave_out_2025-09-30,bounded,utility,PAYC,-0.022500000000000728,-0.09,-0.0225
leave_out_2025-09-30,bounded,utility,SMCI,-0.022500000000000023,-0.09,-0.0225
leave_out_2025-09-30,bounded,utility,SNDK,0.20999999999999955,0.05249999999999995,0.2099999999999998
leave_out_2025-09-30,bounded,utility,STX,0.060944606613831165,0.05249999999999995,0.2099999999999998
leave_out_2025-09-30,bounded,utility,TER,0.052500000000000414,0.05249999999999995,0.2099999999999998
leave_out_2025-09-30,bounded,utility,TTD,-0.08999999999999941,-0.09,-0.0225
leave_out_2025-09-30,bounded,utility,TYL,-0.022500000000000256,-0.09,-0.0225
leave_out_2025-09-30,bounded,utility,WBD,0.05249999999999995,0.05249999999999995,0.2099999999999998
leave_out_2025-09-30,bounded,utility,WDC,0.20999999999999858,0.05249999999999995,0.2099999999999998
leave_out_2025-09-30,relaxed,utility,ALB,0.0,0.0,1.049999999999999
leave_out_2025-09-30,relaxed,utility,CIEN,0.28413461095101233,0.0,1.049999999999999
leave_out_2025-09-30,relaxed,utility,COIN,-2.6995833266635465e-16,-0.44999999999999996,-0.0
leave_out_2025-09-30,relaxed,utility,FDS,0.0,-0.44999999999999996,-0.0
leave_out_2025-09-30,relaxed,utility,FISV,-0.09486854741566694,-0.44999999999999996,-0.0
leave_out_2025-09-30,relaxed,utility,GDDY,0.0,-0.44999999999999996,-0.0
leave_out_2025-09-30,relaxed,utility,INTC,1.5162794834441706e-16,0.0,1.049999999999999
leave_out_2025-09-30,relaxed,utility,IT,-0.355131452584333,-0.44999999999999996,-0.0
leave_out_2025-09-30,relaxed,utility,LRCX,0.0,0.0,1.049999999999999
leave_out_2025-09-30,relaxed,utility,MU,7.073448041231449e-16,0.0,1.049999999999999
leave_out_2025-09-30,relaxed,utility,NOW,-1.8591037674430343e-16,-0.44999999999999996,-0.0
leave_out_2025-09-30,relaxed,utility,PAYC,0.0,-0.44999999999999996,-0.0
leave_out_2025-09-30,relaxed,utility,SMCI,0.0,-0.44999999999999996,-0.0
leave_out_2025-09-30,relaxed,utility,SNDK,0.3520774236614917,0.0,1.049999999999999
leave_out_2025-09-30,relaxed,utility,STX,0.0,0.0,1.049999999999999
leave_out_2025-09-30,relaxed,utility,TER,0.0,0.0,1.049999999999999
leave_out_2025-09-30,relaxed,utility,TTD,-4.914077122217203e-16,-0.44999999999999996,-0.0
leave_out_2025-09-30,relaxed,utility,TYL,-9.860939078832205e-17,-0.44999999999999996,-0.0
leave_out_2025-09-30,relaxed,utility,WBD,0.0,0.0,1.049999999999999
leave_out_2025-09-30,relaxed,utility,WDC,0.4137879653874953,0.0,1.049999999999999
leave_out_2025-10-31,bounded,utility,ALB,0.05249999999999995,0.05249999999999995,0.2099999999999998
leave_out_2025-10-31,bounded,utility,CIEN,0.2099999999999998,0.05249999999999995,0.2099999999999998
leave_out_2025-10-31,bounded,utility,COIN,-0.0225,-0.09,-0.0225
leave_out_2025-10-31,bounded,utility,FDS,-0.0225,-0.09,-0.0225
leave_out_2025-10-31,bounded,utility,FISV,-0.09,-0.09,-0.0225
leave_out_2025-10-31,bounded,utility,GDDY,-0.045000000000000207,-0.09,-0.0225
leave_out_2025-10-31,bounded,utility,INTC,0.05249999999999996,0.05249999999999995,0.2099999999999998
leave_out_2025-10-31,bounded,utility,IT,-0.09,-0.09,-0.0225
leave_out_2025-10-31,bounded,utility,LRCX,0.052500000000000095,0.05249999999999995,0.2099999999999998
leave_out_2025-10-31,bounded,utility,MU,0.05249999999999995,0.05249999999999995,0.2099999999999998
leave_out_2025-10-31,bounded,utility,NOW,-0.02250000000000007,-0.09,-0.0225
leave_out_2025-10-31,bounded,utility,PAYC,-0.02250000000000014,-0.09,-0.0225
leave_out_2025-10-31,bounded,utility,SMCI,-0.022500000000000162,-0.09,-0.0225
leave_out_2025-10-31,bounded,utility,SNDK,0.2099999999999996,0.05249999999999995,0.2099999999999998
leave_out_2025-10-31,bounded,utility,STX,0.10499999999999957,0.05249999999999995,0.2099999999999998
leave_out_2025-10-31,bounded,utility,TER,0.05249999999999995,0.05249999999999995,0.2099999999999998
leave_out_2025-10-31,bounded,utility,TTD,-0.09,-0.09,-0.0225
leave_out_2025-10-31,bounded,utility,TYL,-0.022500000000000245,-0.09,-0.0225
leave_out_2025-10-31,bounded,utility,WBD,0.05249999999999995,0.05249999999999995,0.2099999999999998
leave_out_2025-10-31,bounded,utility,WDC,0.2099999999999998,0.05249999999999995,0.2099999999999998
leave_out_2025-10-31,relaxed,utility,ALB,1.0662831182699283e-17,0.0,1.049999999999999
leave_out_2025-10-31,relaxed,utility,CIEN,0.2664214338194594,0.0,1.049999999999999
leave_out_2025-10-31,relaxed,utility,COIN,-1.124466359983309e-16,-0.44999999999999996,-0.0
leave_out_2025-10-31,relaxed,utility,FDS,-3.1832511556773213e-16,-0.44999999999999996,-0.0
leave_out_2025-10-31,relaxed,utility,FISV,0.0,-0.44999999999999996,-0.0
leave_out_2025-10-31,relaxed,utility,GDDY,-3.6359538526128466e-16,-0.44999999999999996,-0.0
leave_out_2025-10-31,relaxed,utility,INTC,0.0,0.0,1.049999999999999
leave_out_2025-10-31,relaxed,utility,IT,-0.4499999999999992,-0.44999999999999996,-0.0
leave_out_2025-10-31,relaxed,utility,LRCX,3.793078574760837e-16,0.0,1.049999999999999
leave_out_2025-10-31,relaxed,utility,MU,0.0,0.0,1.049999999999999
leave_out_2025-10-31,relaxed,utility,NOW,-1.995918737711359e-16,-0.44999999999999996,-0.0
leave_out_2025-10-31,relaxed,utility,PAYC,-2.584029343845291e-16,-0.44999999999999996,-0.0
leave_out_2025-10-31,relaxed,utility,SMCI,-6.952428657854957e-17,-0.44999999999999996,-0.0
leave_out_2025-10-31,relaxed,utility,SNDK,0.24715466453756635,0.0,1.049999999999999
leave_out_2025-10-31,relaxed,utility,STX,0.052164857390747256,0.0,1.049999999999999
leave_out_2025-10-31,relaxed,utility,TER,3.820572796778561e-17,0.0,1.049999999999999
leave_out_2025-10-31,relaxed,utility,TTD,0.0,-0.44999999999999996,-0.0
leave_out_2025-10-31,relaxed,utility,TYL,0.0,-0.44999999999999996,-0.0
leave_out_2025-10-31,relaxed,utility,WBD,4.492707319913335e-16,0.0,1.049999999999999
leave_out_2025-10-31,relaxed,utility,WDC,0.48425904425222543,0.0,1.049999999999999
leave_out_2025-11-30,bounded,utility,ALB,0.05250000000000032,0.05249999999999995,0.2099999999999998
leave_out_2025-11-30,bounded,utility,CIEN,0.2099999999999995,0.05249999999999995,0.2099999999999998
leave_out_2025-11-30,bounded,utility,COIN,-0.0225,-0.09,-0.0225
leave_out_2025-11-30,bounded,utility,FDS,-0.07294985273634841,-0.09,-0.0225
leave_out_2025-11-30,bounded,utility,FISV,-0.08999999999999993,-0.09,-0.0225
leave_out_2025-11-30,bounded,utility,GDDY,-0.03551976245624826,-0.09,-0.0225
leave_out_2025-11-30,bounded,utility,INTC,0.05249999999999995,0.05249999999999995,0.2099999999999998
leave_out_2025-11-30,bounded,utility,IT,-0.09,-0.09,-0.0225
leave_out_2025-11-30,bounded,utility,LRCX,0.05249999999999995,0.05249999999999995,0.2099999999999998
leave_out_2025-11-30,bounded,utility,MU,0.10500000000000125,0.05249999999999995,0.2099999999999998
leave_out_2025-11-30,bounded,utility,NOW,-0.0225,-0.09,-0.0225
leave_out_2025-11-30,bounded,utility,PAYC,-0.0225,-0.09,-0.0225
leave_out_2025-11-30,bounded,utility,SMCI,-0.022500000000000377,-0.09,-0.0225
leave_out_2025-11-30,bounded,utility,SNDK,0.2099999999999998,0.05249999999999995,0.2099999999999998
leave_out_2025-11-30,bounded,utility,STX,0.05249999999999995,0.05249999999999995,0.2099999999999998
leave_out_2025-11-30,bounded,utility,TER,0.05249999999999995,0.05249999999999995,0.2099999999999998
leave_out_2025-11-30,bounded,utility,TTD,-0.04903038480740333,-0.09,-0.0225
leave_out_2025-11-30,bounded,utility,TYL,-0.022500000000000214,-0.09,-0.0225
leave_out_2025-11-30,bounded,utility,WBD,0.052499999999999956,0.05249999999999995,0.2099999999999998
leave_out_2025-11-30,bounded,utility,WDC,0.2099999999999998,0.05249999999999995,0.2099999999999998
leave_out_2025-11-30,relaxed,utility,ALB,6.608207966376251e-16,0.0,1.049999999999999
leave_out_2025-11-30,relaxed,utility,CIEN,0.3127145250139927,0.0,1.049999999999999
leave_out_2025-11-30,relaxed,utility,COIN,0.0,-0.44999999999999996,-0.0
leave_out_2025-11-30,relaxed,utility,FDS,0.0,-0.44999999999999996,-0.0
leave_out_2025-11-30,relaxed,utility,FISV,-0.059460506791936985,-0.44999999999999996,-0.0
leave_out_2025-11-30,relaxed,utility,GDDY,0.0,-0.44999999999999996,-0.0
leave_out_2025-11-30,relaxed,utility,INTC,0.0,0.0,1.049999999999999
leave_out_2025-11-30,relaxed,utility,IT,-0.3905394932080634,-0.44999999999999996,-0.0
leave_out_2025-11-30,relaxed,utility,LRCX,4.0235266012725816e-17,0.0,1.049999999999999
leave_out_2025-11-30,relaxed,utility,MU,3.1101906612739676e-16,0.0,1.049999999999999
leave_out_2025-11-30,relaxed,utility,NOW,0.0,-0.44999999999999996,-0.0
leave_out_2025-11-30,relaxed,utility,PAYC,-1.6216240685875076e-16,-0.44999999999999996,-0.0
leave_out_2025-11-30,relaxed,utility,SMCI,-1.5212500107967737e-16,-0.44999999999999996,-0.0
leave_out_2025-11-30,relaxed,utility,SNDK,0.31055761635105616,0.0,1.049999999999999
leave_out_2025-11-30,relaxed,utility,STX,7.14676296285809e-18,0.0,1.049999999999999
leave_out_2025-11-30,relaxed,utility,TER,3.7187379813924535e-17,0.0,1.049999999999999
leave_out_2025-11-30,relaxed,utility,TTD,0.0,-0.44999999999999996,-0.0
leave_out_2025-11-30,relaxed,utility,TYL,-1.5168520950476296e-17,-0.44999999999999996,-0.0
leave_out_2025-11-30,relaxed,utility,WBD,2.616283379108558e-16,0.0,1.049999999999999
leave_out_2025-11-30,relaxed,utility,WDC,0.42672785863494994,0.0,1.049999999999999
leave_out_2025-12-31,bounded,utility,ALB,0.05249999999999995,0.05249999999999995,0.2099999999999998
leave_out_2025-12-31,bounded,utility,CIEN,0.20999999999999916,0.05249999999999995,0.2099999999999998
leave_out_2025-12-31,bounded,utility,COIN,-0.022500000000001134,-0.09,-0.0225
leave_out_2025-12-31,bounded,utility,FDS,-0.0450000000000002,-0.09,-0.0225
leave_out_2025-12-31,bounded,utility,FISV,-0.08999999999999968,-0.09,-0.0225
leave_out_2025-12-31,bounded,utility,GDDY,-0.022500000000000332,-0.09,-0.0225
leave_out_2025-12-31,bounded,utility,INTC,0.0525000000000001,0.05249999999999995,0.2099999999999998
leave_out_2025-12-31,bounded,utility,IT,-0.08999999999999825,-0.09,-0.0225
leave_out_2025-12-31,bounded,utility,LRCX,0.05250000000000068,0.05249999999999995,0.2099999999999998
leave_out_2025-12-31,bounded,utility,MU,0.05250000000000005,0.05249999999999995,0.2099999999999998
leave_out_2025-12-31,bounded,utility,NOW,-0.022500000000000697,-0.09,-0.0225
leave_out_2025-12-31,bounded,utility,PAYC,-0.02250000000000044,-0.09,-0.0225
leave_out_2025-12-31,bounded,utility,SMCI,-0.022500000000000252,-0.09,-0.0225
leave_out_2025-12-31,bounded,utility,SNDK,0.2099999999999996,0.05249999999999995,0.2099999999999998
leave_out_2025-12-31,bounded,utility,STX,0.1050000000000002,0.05249999999999995,0.2099999999999998
leave_out_2025-12-31,bounded,utility,TER,0.05249999999999995,0.05249999999999995,0.2099999999999998
leave_out_2025-12-31,bounded,utility,TTD,-0.08999999999999934,-0.09,-0.0225
leave_out_2025-12-31,bounded,utility,TYL,-0.0225,-0.09,-0.0225
leave_out_2025-12-31,bounded,utility,WBD,0.05250000000000031,0.05249999999999995,0.2099999999999998
leave_out_2025-12-31,bounded,utility,WDC,0.2099999999999991,0.05249999999999995,0.2099999999999998
leave_out_2025-12-31,relaxed,utility,ALB,1.1623661378733906e-16,0.0,1.049999999999999
leave_out_2025-12-31,relaxed,utility,CIEN,0.19101879097629276,0.0,1.049999999999999
leave_out_2025-12-31,relaxed,utility,COIN,-3.885855491005352e-17,-0.44999999999999996,-0.0
leave_out_2025-12-31,relaxed,utility,FDS,0.0,-0.44999999999999996,-0.0
leave_out_2025-12-31,relaxed,utility,FISV,-0.08988059486543412,-0.44999999999999996,-0.0
leave_out_2025-12-31,relaxed,utility,GDDY,-4.0000799263086954e-16,-0.44999999999999996,-0.0
leave_out_2025-12-31,relaxed,utility,INTC,2.3615705777500264e-16,0.0,1.049999999999999
leave_out_2025-12-31,relaxed,utility,IT,-0.3601194051345654,-0.44999999999999996,-0.0
leave_out_2025-12-31,relaxed,utility,LRCX,2.336177685218481e-17,0.0,1.049999999999999
leave_out_2025-12-31,relaxed,utility,MU,6.540493157778645e-16,0.0,1.049999999999999
leave_out_2025-12-31,relaxed,utility,NOW,-1.353694697874621e-16,-0.44999999999999996,-0.0
leave_out_2025-12-31,relaxed,utility,PAYC,-8.109752775803733e-17,-0.44999999999999996,-0.0
leave_out_2025-12-31,relaxed,utility,SMCI,-6.33404090465783e-16,-0.44999999999999996,-0.0
leave_out_2025-12-31,relaxed,utility,SNDK,0.3167765731645181,0.0,1.049999999999999
leave_out_2025-12-31,relaxed,utility,STX,0.0,0.0,1.049999999999999
leave_out_2025-12-31,relaxed,utility,TER,2.5430994634220423e-16,0.0,1.049999999999999
leave_out_2025-12-31,relaxed,utility,TTD,0.0,-0.44999999999999996,-0.0
leave_out_2025-12-31,relaxed,utility,TYL,0.0,-0.44999999999999996,-0.0
leave_out_2025-12-31,relaxed,utility,WBD,0.0,0.0,1.049999999999999
leave_out_2025-12-31,relaxed,utility,WDC,0.5422046358591875,0.0,1.049999999999999
leave_out_2026-01-31,bounded,utility,ALB,0.05250000000000021,0.05249999999999995,0.2099999999999998
leave_out_2026-01-31,bounded,utility,CIEN,0.20999999999999894,0.05249999999999995,0.2099999999999998
leave_out_2026-01-31,bounded,utility,COIN,-0.022500000000000735,-0.09,-0.0225
leave_out_2026-01-31,bounded,utility,FDS,-0.0225,-0.09,-0.0225
leave_out_2026-01-31,bounded,utility,FISV,-0.08999999999999965,-0.09,-0.0225
leave_out_2026-01-31,bounded,utility,GDDY,-0.044999999999999984,-0.09,-0.0225
leave_out_2026-01-31,bounded,utility,INTC,0.052500000000000706,0.05249999999999995,0.2099999999999998
leave_out_2026-01-31,bounded,utility,IT,-0.08999999999999961,-0.09,-0.0225
leave_out_2026-01-31,bounded,utility,LRCX,0.05250000000000019,0.05249999999999995,0.2099999999999998
leave_out_2026-01-31,bounded,utility,MU,0.09719138543620098,0.05249999999999995,0.2099999999999998
leave_out_2026-01-31,bounded,utility,NOW,-0.0225,-0.09,-0.0225
leave_out_2026-01-31,bounded,utility,PAYC,-0.022500000000000055,-0.09,-0.0225
leave_out_2026-01-31,bounded,utility,SMCI,-0.022500000000000107,-0.09,-0.0225
leave_out_2026-01-31,bounded,utility,SNDK,0.20999999999999963,0.05249999999999995,0.2099999999999998
leave_out_2026-01-31,bounded,utility,STX,0.060308614563798095,0.05249999999999995,0.2099999999999998
leave_out_2026-01-31,bounded,utility,TER,0.05250000000000069,0.05249999999999995,0.2099999999999998
leave_out_2026-01-31,bounded,utility,TTD,-0.08999999999999946,-0.09,-0.0225
leave_out_2026-01-31,bounded,utility,TYL,-0.02250000000000087,-0.09,-0.0225
leave_out_2026-01-31,bounded,utility,WBD,0.052500000000000296,0.05249999999999995,0.2099999999999998
leave_out_2026-01-31,bounded,utility,WDC,0.20999999999999916,0.05249999999999995,0.2099999999999998
leave_out_2026-01-31,relaxed,utility,ALB,0.0,0.0,1.049999999999999
leave_out_2026-01-31,relaxed,utility,CIEN,0.337251070540096,0.0,1.049999999999999
leave_out_2026-01-31,relaxed,utility,COIN,-4.932877464753887e-16,-0.44999999999999996,-0.0
leave_out_2026-01-31,relaxed,utility,FDS,0.0,-0.44999999999999996,-0.0
leave_out_2026-01-31,relaxed,utility,FISV,-0.1042470820700439,-0.44999999999999996,-0.0
leave_out_2026-01-31,relaxed,utility,GDDY,0.0,-0.44999999999999996,-0.0
leave_out_2026-01-31,relaxed,utility,INTC,0.0,0.0,1.049999999999999
leave_out_2026-01-31,relaxed,utility,IT,-0.3457529179299563,-0.44999999999999996,-0.0
leave_out_2026-01-31,relaxed,utility,LRCX,2.0556212238988248e-16,0.0,1.049999999999999
leave_out_2026-01-31,relaxed,utility,MU,6.356772796172361e-16,0.0,1.049999999999999
leave_out_2026-01-31,relaxed,utility,NOW,0.0,-0.44999999999999996,-0.0
leave_out_2026-01-31,relaxed,utility,PAYC,0.0,-0.44999999999999996,-0.0
leave_out_2026-01-31,relaxed,utility,SMCI,-1.695448087872663e-16,-0.44999999999999996,-0.0
leave_out_2026-01-31,relaxed,utility,SNDK,0.3156468071604548,0.0,1.049999999999999
leave_out_2026-01-31,relaxed,utility,STX,1.5767797145834692e-16,0.0,1.049999999999999
leave_out_2026-01-31,relaxed,utility,TER,9.311207859032465e-17,0.0,1.049999999999999
leave_out_2026-01-31,relaxed,utility,TTD,0.0,-0.44999999999999996,-0.0
leave_out_2026-01-31,relaxed,utility,TYL,0.0,-0.44999999999999996,-0.0
leave_out_2026-01-31,relaxed,utility,WBD,0.0,0.0,1.049999999999999
leave_out_2026-01-31,relaxed,utility,WDC,0.39710212229944786,0.0,1.049999999999999
leave_out_2026-02-28,bounded,utility,ALB,0.05249999999999995,0.05249999999999995,0.2099999999999998
leave_out_2026-02-28,bounded,utility,CIEN,0.05249999999999995,0.05249999999999995,0.2099999999999998
leave_out_2026-02-28,bounded,utility,COIN,-0.0225,-0.09,-0.0225
leave_out_2026-02-28,bounded,utility,FDS,-0.02250000000000032,-0.09,-0.0225
leave_out_2026-02-28,bounded,utility,FISV,-0.09,-0.09,-0.0225
leave_out_2026-02-28,bounded,utility,GDDY,-0.0225,-0.09,-0.0225
leave_out_2026-02-28,bounded,utility,INTC,0.05249999999999995,0.05249999999999995,0.2099999999999998
leave_out_2026-02-28,bounded,utility,IT,-0.09,-0.09,-0.0225
leave_out_2026-02-28,bounded,utility,LRCX,0.05249999999999995,0.05249999999999995,0.2099999999999998
leave_out_2026-02-28,bounded,utility,MU,0.14933192417206576,0.05249999999999995,0.2099999999999998
leave_out_2026-02-28,bounded,utility,NOW,-0.0225,-0.09,-0.0225
leave_out_2026-02-28,bounded,utility,PAYC,-0.0225,-0.09,-0.0225
leave_out_2026-02-28,bounded,utility,SMCI,-0.052335561544824744,-0.09,-0.0225
leave_out_2026-02-28,bounded,utility,SNDK,0.20999999999999966,0.05249999999999995,0.2099999999999998
leave_out_2026-02-28,bounded,utility,STX,0.16566807582793464,0.05249999999999995,0.2099999999999998
leave_out_2026-02-28,bounded,utility,TER,0.05249999999999995,0.05249999999999995,0.2099999999999998
leave_out_2026-02-28,bounded,utility,TTD,-0.08266443845517535,-0.09,-0.0225
leave_out_2026-02-28,bounded,utility,TYL,-0.022500000000000013,-0.09,-0.0225
leave_out_2026-02-28,bounded,utility,WBD,0.052499999999999984,0.05249999999999995,0.2099999999999998
leave_out_2026-02-28,bounded,utility,WDC,0.2099999999999998,0.05249999999999995,0.2099999999999998
leave_out_2026-02-28,relaxed,utility,ALB,0.0,0.0,1.049999999999999
leave_out_2026-02-28,relaxed,utility,CIEN,2.081610906492154e-17,0.0,1.049999999999999
leave_out_2026-02-28,relaxed,utility,COIN,-5.714463836360892e-17,-0.44999999999999996,-0.0
leave_out_2026-02-28,relaxed,utility,FDS,0.0,-0.44999999999999996,-0.0
leave_out_2026-02-28,relaxed,utility,FISV,-0.2944007615114624,-0.44999999999999996,-0.0
leave_out_2026-02-28,relaxed,utility,GDDY,0.0,-0.44999999999999996,-0.0
leave_out_2026-02-28,relaxed,utility,INTC,0.0,0.0,1.049999999999999
leave_out_2026-02-28,relaxed,utility,IT,-0.15559923848853774,-0.44999999999999996,-0.0
leave_out_2026-02-28,relaxed,utility,LRCX,1.7407657792936068e-16,0.0,1.049999999999999
leave_out_2026-02-28,relaxed,utility,MU,0.17534390454811913,0.0,1.049999999999999
leave_out_2026-02-28,relaxed,utility,NOW,-8.985938012717495e-17,-0.44999999999999996,-0.0
leave_out_2026-02-28,relaxed,utility,PAYC,-1.1643223305064083e-16,-0.44999999999999996,-0.0
leave_out_2026-02-28,relaxed,utility,SMCI,0.0,-0.44999999999999996,-0.0
leave_out_2026-02-28,relaxed,utility,SNDK,0.25786711403603824,0.0,1.049999999999999
leave_out_2026-02-28,relaxed,utility,STX,0.06670927538567091,0.0,1.049999999999999
leave_out_2026-02-28,relaxed,utility,TER,9.255639855920812e-17,0.0,1.049999999999999
leave_out_2026-02-28,relaxed,utility,TTD,-2.0288481779597492e-16,-0.44999999999999996,-0.0
leave_out_2026-02-28,relaxed,utility,TYL,-2.3055001741889732e-16,-0.44999999999999996,-0.0
leave_out_2026-02-28,relaxed,utility,WBD,0.0,0.0,1.049999999999999
leave_out_2026-02-28,relaxed,utility,WDC,0.550079706030171,0.0,1.049999999999999
