Rebalance_ID,Membership_Effective_Date,Signal_Cutoff,Signal_Source_Max_Date,Sizing_Date,Execution_Date,Valuation_End,Asset_ID,Source_Ticker,Yahoo_Ticker,GICS_Sector_Code,Sector,Sector_As_Of_Date,Sector_Source_Type,Sector_Source_Reference,Strategy_ID,Strategy_Version,Strategy_Score,Strategy_Rank,Strategy_Eligible,Strategy_Exclusion_Reason,Momentum,Sizing_Volatility,Construction_Sector,Prior_Target,Long_Rank,Short_Rank,Buffered_Long,Buffered_Short,Provisional_Long,Provisional_Short,Neutral_Substitution,Signal_Selected_Side,Signal_Raw_Target_Weight,Execution_Eligible,Final_Selected_Side,Final_Target_Weight,Execution_Adjustment,Applied_Rule
R1,2026-02-09,2026-02-27,2026-02-27,2026-02-27,2026-03-02,2026-04-01,A,A,A,35,Health Care,2026-02-27,Wikipedia,1340186477,momentum,2.0.0,0.17026814736992413,144.0,True,,0.17026814736992413,,35,0.0,144.0,359.0,False,False,False,False,,,0.0,True,,0.0,,not_selected_by_strategy_rule
R1,2026-02-09,2026-02-27,2026-02-27,2026-02-27,2026-03-02,2026-04-01,AAPL,AAPL,AAPL,45,Information Technology,2026-02-27,Wikipedia,1340186477,momentum,2.0.0,0.2527162303108019,89.0,True,,0.2527162303108019,,45,0.0,89.0,414.0,False,False,False,False,,,0.0,True,,0.0,,not_selected_by_strategy_rule
R1,2026-02-09,2026-02-27,2026-02-27,2026-02-27,2026-03-02,2026-04-01,ABBV,ABBV,ABBV,35,Health Care,2026-02-27,Wikipedia,1340186477,momentum,2.0.0,0.19788863458383532,127.0,True,,0.19788863458383532,,35,0.0,127.0,376.0,False,False,False,False,,,0.0,True,,0.0,,not_selected_by_strategy_rule
R1,2026-02-09,2026-02-27,2026-02-27,2026-02-27,2026-03-02,2026-04-01,ABNB,ABNB,ABNB,25,Consumer Discretionary,2026-02-27,Wikipedia,1340186477,momentum,2.0.0,-0.022959054911587562,352.0,True,,-0.022959054911587562,,25,0.0,352.0,151.0,False,False,False,False,,,0.0,True,,0.0,,not_selected_by_strategy_rule
R1,2026-02-09,2026-02-27,2026-02-27,2026-02-27,2026-03-02,2026-04-01,ABT,ABT,ABT,35,Health Care,2026-02-27,Wikipedia,1340186477,momentum,2.0.0,-0.125587092812949,433.0,True,,-0.125587092812949,,35,0.0,433.0,70.0,False,False,False,False,,,0.0,True,,0.0,,not_selected_by_strategy_rule
R1,2026-02-09,2026-02-27,2026-02-27,2026-02-27,2026-03-02,2026-04-01,ACGL,ACGL,ACGL,40,Financials,2026-02-27,Wikipedia,1340186477,momentum,2.0.0,0.115965647688274,193.0,True,,0.115965647688274,,40,0.0,193.0,310.0,False,False,False,False,,,0.0,True,,0.0,,not_selected_by_strategy_rule
R1,2026-02-09,2026-02-27,2026-02-27,2026-02-27,2026-03-02,2026-04-01,ACN,ACN,ACN,45,Information Technology,2026-02-27,Wikipedia,1340186477,momentum,2.0.0,-0.012953817094719322,342.0,True,,-0.012953817094719322,,45,0.0,342.0,161.0,False,False,False,False,,,0.0,True,,0.0,,not_selected_by_strategy_rule
R1,2026-02-09,2026-02-27,2026-02-27,2026-02-27,2026-03-02,2026-04-01,ADBE,ADBE,ADBE,45,Information Technology,2026-02-27,Wikipedia,1340186477,momentum,2.0.0,-0.1801560066022876,456.0,True,,-0.1801560066022876,,45,0.0,456.0,47.0,False,False,False,False,,,0.0,True,,0.0,,not_selected_by_strategy_rule
R1,2026-02-09,2026-02-27,2026-02-27,2026-02-27,2026-03-02,2026-04-01,ADI,ADI,ADI,45,Information Technology,2026-02-27,Wikipedia,1340186477,momentum,2.0.0,0.39434552590688554,44.0,True,,0.39434552590688554,,45,0.0,44.0,459.0,False,False,False,False,,,0.0,True,,0.0,,not_selected_by_strategy_rule
R1,2026-02-09,2026-02-27,2026-02-27,2026-02-27,2026-03-02,2026-04-01,ADM,ADM,ADM,30,Consumer Staples,2026-02-27,Wikipedia,1340186477,momentum,2.0.0,0.26355691711125284,82.0,True,,0.26355691711125284,,30,0.0,82.0,421.0,False,False,False,False,,,0.0,True,,0.0,,not_selected_by_strategy_rule
R1,2026-02-09,2026-02-27,2026-02-27,2026-02-27,2026-03-02,2026-04-01,ADP,ADP,ADP,20,Industrials,2026-02-27,Wikipedia,1340186477,momentum,2.0.0,-0.1931961410462093,464.0,True,,-0.1931961410462093,,20,0.0,464.0,39.0,False,False,False,False,,,0.0,True,,0.0,,not_selected_by_strategy_rule
R1,2026-02-09,2026-02-27,2026-02-27,2026-02-27,2026-03-02,2026-04-01,ADSK,ADSK,ADSK,45,Information Technology,2026-02-27,Wikipedia,1340186477,momentum,2.0.0,-0.1657483839607068,446.0,True,,-0.1657483839607068,,45,0.0,446.0,57.0,False,False,False,False,,,0.0,True,,0.0,,not_selected_by_strategy_rule
R1,2026-02-09,2026-02-27,2026-02-27,2026-02-27,2026-03-02,2026-04-01,AEE,AEE,AEE,55,Utilities,2026-02-27,Wikipedia,1340186477,momentum,2.0.0,0.03596913287843573,280.0,True,,0.03596913287843573,,55,0.0,280.0,223.0,False,False,False,False,,,0.0,True,,0.0,,not_selected_by_strategy_rule
R1,2026-02-09,2026-02-27,2026-02-27,2026-02-27,2026-03-02,2026-04-01,AEP,AEP,AEP,55,Utilities,2026-02-27,Wikipedia,1340186477,momentum,2.0.0,0.07583366752726439,235.0,True,,0.07583366752726439,,55,0.0,235.0,268.0,False,False,False,False,,,0.0,True,,0.0,,not_selected_by_strategy_rule
R1,2026-02-09,2026-02-27,2026-02-27,2026-02-27,2026-03-02,2026-04-01,AES,AES,AES,55,Utilities,2026-02-27,Wikipedia,1340186477,momentum,2.0.0,0.15707699062667113,157.0,True,,0.15707699062667113,,55,0.0,157.0,346.0,False,False,False,False,,,0.0,True,,0.0,,not_selected_by_strategy_rule
R1,2026-02-09,2026-02-27,2026-02-27,2026-02-27,2026-03-02,2026-04-01,AFL,AFL,AFL,40,Financials,2026-02-27,Wikipedia,1340186477,momentum,2.0.0,0.12859586113749555,181.0,True,,0.12859586113749555,,40,0.0,181.0,322.0,False,False,False,False,,,0.0,True,,0.0,,not_selected_by_strategy_rule
R1,2026-02-09,2026-02-27,2026-02-27,2026-02-27,2026-03-02,2026-04-01,AIG,AIG,AIG,40,Financials,2026-02-27,Wikipedia,1340186477,momentum,2.0.0,-0.024670792072187697,355.0,True,,-0.024670792072187697,,40,0.0,355.0,148.0,False,False,False,False,,,0.0,True,,0.0,,not_selected_by_strategy_rule
R1,2026-02-09,2026-02-27,2026-02-27,2026-02-27,2026-03-02,2026-04-01,AIZ,AIZ,AIZ,40,Financials,2026-02-27,Wikipedia,1340186477,momentum,2.0.0,0.28105872251465236,75.0,True,,0.28105872251465236,,40,0.0,75.0,428.0,False,False,False,False,,,0.0,True,,0.0,,not_selected_by_strategy_rule
R1,2026-02-09,2026-02-27,2026-02-27,2026-02-27,2026-03-02,2026-04-01,AJG,AJG,AJG,40,Financials,2026-02-27,Wikipedia,1340186477,momentum,2.0.0,-0.12767701309079138,434.0,True,,-0.12767701309079138,,40,0.0,434.0,69.0,False,False,False,False,,,0.0,True,,0.0,,not_selected_by_strategy_rule
R1,2026-02-09,2026-02-27,2026-02-27,2026-02-27,2026-03-02,2026-04-01,AKAM,AKAM,AKAM,45,Information Technology,2026-02-27,Wikipedia,1340186477,momentum,2.0.0,0.2730966404668458,78.0,True,,0.2730966404668458,,45,0.0,78.0,425.0,False,False,False,False,,,0.0,True,,0.0,,not_selected_by_strategy_rule
R1,2026-02-09,2026-02-27,2026-02-27,2026-02-27,2026-03-02,2026-04-01,ALB,ALB,ALB,15,Materials,2026-02-27,Wikipedia,1340186477,momentum,2.0.0,1.5360885006633525,6.0,True,,1.5360885006633525,,15,0.0,6.0,497.0,False,False,True,False,,Long,0.10499999999999998,True,Long,0.10499999999999998,,selected_long
R1,2026-02-09,2026-02-27,2026-02-27,2026-02-27,2026-03-02,2026-04-01,ALGN,ALGN,ALGN,35,Health Care,2026-02-27,Wikipedia,1340186477,momentum,2.0.0,0.26370053267972415,81.0,True,,0.26370053267972415,,35,0.0,81.0,422.0,False,False,False,False,,,0.0,True,,0.0,,not_selected_by_strategy_rule
R1,2026-02-09,2026-02-27,2026-02-27,2026-02-27,2026-03-02,2026-04-01,ALL,ALL,ALL,40,Financials,2026-02-27,Wikipedia,1340186477,momentum,2.0.0,-0.011489425614082505,339.0,True,,-0.011489425614082505,,40,0.0,339.0,164.0,False,False,False,False,,,0.0,True,,0.0,,not_selected_by_strategy_rule
R1,2026-02-09,2026-02-27,2026-02-27,2026-02-27,2026-03-02,2026-04-01,ALLE,ALLE,ALLE,20,Industrials,2026-02-27,Wikipedia,1340186477,momentum,2.0.0,-0.00319430478127114,333.0,True,,-0.00319430478127114,,20,0.0,333.0,170.0,False,False,False,False,,,0.0,True,,0.0,,not_selected_by_strategy_rule
R1,2026-02-09,2026-02-27,2026-02-27,2026-02-27,2026-03-02,2026-04-01,AMAT,AMAT,AMAT,45,Information Technology,2026-02-27,Wikipedia,1340186477,momentum,2.0.0,0.7987194286360819,12.0,True,,0.7987194286360819,,45,0.0,12.0,491.0,False,False,False,False,,,0.0,True,,0.0,,not_selected_by_strategy_rule
R1,2026-02-09,2026-02-27,2026-02-27,2026-02-27,2026-03-02,2026-04-01,AMCR,AMCR,AMCR,15,Materials,2026-02-27,Wikipedia,1340186477,momentum,2.0.0,-0.02402144068867873,354.0,True,,-0.02402144068867873,,15,0.0,354.0,149.0,False,False,False,False,,,0.0,True,,0.0,,not_selected_by_strategy_rule
R1,2026-02-09,2026-02-27,2026-02-27,2026-02-27,2026-03-02,2026-04-01,AMD,AMD,AMD,45,Information Technology,2026-02-27,Wikipedia,1340186477,momentum,2.0.0,0.3426918439430282,53.0,True,,0.3426918439430282,,45,0.0,53.0,450.0,False,False,False,False,,,0.0,True,,0.0,,not_selected_by_strategy_rule
R1,2026-02-09,2026-02-27,2026-02-27,2026-02-27,2026-03-02,2026-04-01,AME,AME,AME,20,Industrials,2026-02-27,Wikipedia,1340186477,momentum,2.0.0,0.2155574202507955,112.0,True,,0.2155574202507955,,20,0.0,112.0,391.0,False,False,False,False,,,0.0,True,,0.0,,not_selected_by_strategy_rule
R1,2026-02-09,2026-02-27,2026-02-27,2026-02-27,2026-03-02,2026-04-01,AMGN,AMGN,AMGN,35,Health Care,2026-02-27,Wikipedia,1340186477,momentum,2.0.0,0.17625079541988153,140.0,True,,0.17625079541988153,,35,0.0,140.0,363.0,False,False,False,False,,,0.0,True,,0.0,,not_selected_by_strategy_rule
R1,2026-02-09,2026-02-27,2026-02-27,2026-02-27,2026-03-02,2026-04-01,AMP,AMP,AMP,40,Financials,2026-02-27,Wikipedia,1340186477,momentum,2.0.0,0.024175677077661772,298.0,True,,0.024175677077661772,,40,0.0,298.0,205.0,False,False,False,False,,,0.0,True,,0.0,,not_selected_by_strategy_rule
R1,2026-02-09,2026-02-27,2026-02-27,2026-02-27,2026-03-02,2026-04-01,AMT,AMT,AMT,60,Real Estate,2026-02-27,Wikipedia,1340186477,momentum,2.0.0,-0.12366130581854984,431.0,True,,-0.12366130581854984,,60,0.0,431.0,72.0,False,False,False,False,,,0.0,True,,0.0,,not_selected_by_strategy_rule
R1,2026-02-09,2026-02-27,2026-02-27,2026-02-27,2026-03-02,2026-04-01,AMZN,AMZN,AMZN,25,Consumer Discretionary,2026-02-27,Wikipedia,1340186477,momentum,2.0.0,0.022169076194418436,300.0,True,,0.022169076194418436,,25,0.0,300.0,203.0,False,False,False,False,,,0.0,True,,0.0,,not_selected_by_strategy_rule
R1,2026-02-09,2026-02-27,2026-02-27,2026-02-27,2026-03-02,2026-04-01,ANET,ANET,ANET,45,Information Technology,2026-02-27,Wikipedia,1340186477,momentum,2.0.0,0.15030030911369008,163.0,True,,0.15030030911369008,,45,0.0,163.0,340.0,False,False,False,False,,,0.0,True,,0.0,,not_selected_by_strategy_rule
R1,2026-02-09,2026-02-27,2026-02-27,2026-02-27,2026-03-02,2026-04-01,AON,AON,AON,40,Financials,2026-02-27,Wikipedia,1340186477,momentum,2.0.0,-0.015001419067165345,344.0,True,,-0.015001419067165345,,40,0.0,344.0,159.0,False,False,False,False,,,0.0,True,,0.0,,not_selected_by_strategy_rule
R1,2026-02-09,2026-02-27,2026-02-27,2026-02-27,2026-03-02,2026-04-01,AOS,AOS,AOS,20,Industrials,2026-02-27,Wikipedia,1340186477,momentum,2.0.0,0.048935306605343065,265.0,True,,0.048935306605343065,,20,0.0,265.0,238.0,False,False,False,False,,,0.0,True,,0.0,,not_selected_by_strategy_rule
R1,2026-02-09,2026-02-27,2026-02-27,2026-02-27,2026-03-02,2026-04-01,APA,APA,APA,10,Energy,2026-02-27,Wikipedia,1340186477,momentum,2.0.0,0.39759609294242293,42.0,True,,0.39759609294242293,,10,0.0,42.0,461.0,False,False,False,False,,,0.0,True,,0.0,,not_selected_by_strategy_rule
R1,2026-02-09,2026-02-27,2026-02-27,2026-02-27,2026-03-02,2026-04-01,APD,APD,APD,15,Materials,2026-02-27,Wikipedia,1340186477,momentum,2.0.0,-0.04021632533167152,369.0,True,,-0.04021632533167152,,15,0.0,369.0,134.0,False,False,False,False,,,0.0,True,,0.0,,not_selected_by_strategy_rule
R1,2026-02-09,2026-02-27,2026-02-27,2026-02-27,2026-03-02,2026-04-01,APH,APH,APH,45,Information Technology,2026-02-27,Wikipedia,1340186477,momentum,2.0.0,0.3572233636308215,52.0,True,,0.3572233636308215,,45,0.0,52.0,451.0,False,False,False,False,,,0.0,True,,0.0,,not_selected_by_strategy_rule
R1,2026-02-09,2026-02-27,2026-02-27,2026-02-27,2026-03-02,2026-04-01,APO,APO,APO,40,Financials,2026-02-27,Wikipedia,1340186477,momentum,2.0.0,-0.06713856364567039,390.0,True,,-0.06713856364567039,,40,0.0,390.0,113.0,False,False,False,False,,,0.0,True,,0.0,,not_selected_by_strategy_rule
R1,2026-02-09,2026-02-27,2026-02-27,2026-02-27,2026-03-02,2026-04-01,APP,APP,APP,45,Information Technology,2026-02-27,Wikipedia,1340186477,momentum,2.0.0,0.21092902628542087,115.0,True,,0.21092902628542087,,45,0.0,115.0,388.0,False,False,False,False,,,0.0,True,,0.0,,not_selected_by_strategy_rule
R1,2026-02-09,2026-02-27,2026-02-27,2026-02-27,2026-03-02,2026-04-01,APTV,APTV,APTV,25,Consumer Discretionary,2026-02-27,Wikipedia,1340186477,momentum,2.0.0,0.10358392589705967,207.0,True,,0.10358392589705967,,25,0.0,207.0,296.0,False,False,False,False,,,0.0,True,,0.0,,not_selected_by_strategy_rule
R1,2026-02-09,2026-02-27,2026-02-27,2026-02-27,2026-03-02,2026-04-01,ARE,ARE,ARE,60,Real Estate,2026-02-27,Wikipedia,1340186477,momentum,2.0.0,-0.2630154080182865,480.0,True,,-0.2630154080182865,,60,0.0,480.0,23.0,False,False,False,False,,,0.0,True,,0.0,,not_selected_by_strategy_rule
R1,2026-02-09,2026-02-27,2026-02-27,2026-02-27,2026-03-02,2026-04-01,ARES,ARES,ARES,40,Financials,2026-02-27,Wikipedia,1340186477,momentum,2.0.0,-0.18295994548429106,459.0,True,,-0.18295994548429106,,40,0.0,459.0,44.0,False,False,False,False,,,0.0,True,,0.0,,not_selected_by_strategy_rule
R1,2026-02-09,2026-02-27,2026-02-27,2026-02-27,2026-03-02,2026-04-01,ATO,ATO,ATO,55,Utilities,2026-02-27,Wikipedia,1340186477,momentum,2.0.0,0.07853310235658095,232.0,True,,0.07853310235658095,,55,0.0,232.0,271.0,False,False,False,False,,,0.0,True,,0.0,,not_selected_by_strategy_rule
R1,2026-02-09,2026-02-27,2026-02-27,2026-02-27,2026-03-02,2026-04-01,AVB,AVB,AVB,60,Real Estate,2026-02-27,Wikipedia,1340186477,momentum,2.0.0,-0.028327324266958942,357.0,True,,-0.028327324266958942,,60,0.0,357.0,146.0,False,False,False,False,,,0.0,True,,0.0,,not_selected_by_strategy_rule
R1,2026-02-09,2026-02-27,2026-02-27,2026-02-27,2026-03-02,2026-04-01,AVGO,AVGO,AVGO,45,Information Technology,2026-02-27,Wikipedia,1340186477,momentum,2.0.0,0.13211657454606685,179.0,True,,0.13211657454606685,,45,0.0,179.0,324.0,False,False,False,False,,,0.0,True,,0.0,,not_selected_by_strategy_rule
R1,2026-02-09,2026-02-27,2026-02-27,2026-02-27,2026-03-02,2026-04-01,AVY,AVY,AVY,15,Materials,2026-02-27,Wikipedia,1340186477,momentum,2.0.0,0.11801545950047942,192.0,True,,0.11801545950047942,,15,0.0,192.0,311.0,False,False,False,False,,,0.0,True,,0.0,,not_selected_by_strategy_rule
R1,2026-02-09,2026-02-27,2026-02-27,2026-02-27,2026-03-02,2026-04-01,AWK,AWK,AWK,55,Utilities,2026-02-27,Wikipedia,1340186477,momentum,2.0.0,-0.0680067150805358,391.0,True,,-0.0680067150805358,,55,0.0,391.0,112.0,False,False,False,False,,,0.0,True,,0.0,,not_selected_by_strategy_rule
R1,2026-02-09,2026-02-27,2026-02-27,2026-02-27,2026-03-02,2026-04-01,AXON,AXON,AXON,20,Industrials,2026-02-27,Wikipedia,1340186477,momentum,2.0.0,-0.3599121195209416,491.0,True,,-0.3599121195209416,,20,0.0,491.0,12.0,False,False,False,False,,,0.0,True,,0.0,,not_selected_by_strategy_rule
R1,2026-02-09,2026-02-27,2026-02-27,2026-02-27,2026-03-02,2026-04-01,AXP,AXP,AXP,40,Financials,2026-02-27,Wikipedia,1340186477,momentum,2.0.0,0.1822077777673583,139.0,True,,0.1822077777673583,,40,0.0,139.0,364.0,False,False,False,False,,,0.0,True,,0.0,,not_selected_by_strategy_rule
R1,2026-02-09,2026-02-27,2026-02-27,2026-02-27,2026-03-02,2026-04-01,AZO,AZO,AZO,25,Consumer Discretionary,2026-02-27,Wikipedia,1340186477,momentum,2.0.0,-0.017007267245617297,347.0,True,,-0.017007267245617297,,25,0.0,347.0,156.0,False,False,False,False,,,0.0,True,,0.0,,not_selected_by_strategy_rule
R1,2026-02-09,2026-02-27,2026-02-27,2026-02-27,2026-03-02,2026-04-01,BA,BA,BA,20,Industrials,2026-02-27,Wikipedia,1340186477,momentum,2.0.0,0.053552132523107865,257.0,True,,0.053552132523107865,,20,0.0,257.0,246.0,False,False,False,False,,,0.0,True,,0.0,,not_selected_by_strategy_rule
R1,2026-02-09,2026-02-27,2026-02-27,2026-02-27,2026-03-02,2026-04-01,BAC,BAC,BAC,40,Financials,2026-02-27,Wikipedia,1340186477,momentum,2.0.0,0.13759067978030481,170.0,True,,0.13759067978030481,,40,0.0,170.0,333.0,False,False,False,False,,,0.0,True,,0.0,,not_selected_by_strategy_rule
R1,2026-02-09,2026-02-27,2026-02-27,2026-02-27,2026-03-02,2026-04-01,BALL,BALL,BALL,15,Materials,2026-02-27,Wikipedia,1340186477,momentum,2.0.0,0.0010189679110208516,328.0,True,,0.0010189679110208516,,15,0.0,328.0,175.0,False,False,False,False,,,0.0,True,,0.0,,not_selected_by_strategy_rule
R1,2026-02-09,2026-02-27,2026-02-27,2026-02-27,2026-03-02,2026-04-01,BAX,BAX,BAX,35,Health Care,2026-02-27,Wikipedia,1340186477,momentum,2.0.0,-0.07070291050088395,393.0,True,,-0.07070291050088395,,35,0.0,393.0,110.0,False,False,False,False,,,0.0,True,,0.0,,not_selected_by_strategy_rule
R1,2026-02-09,2026-02-27,2026-02-27,2026-02-27,2026-03-02,2026-04-01,BBY,BBY,BBY,25,Consumer Discretionary,2026-02-27,Wikipedia,1340186477,momentum,2.0.0,0.02691978972704634,295.0,True,,0.02691978972704634,,25,0.0,295.0,208.0,False,False,False,False,,,0.0,True,,0.0,,not_selected_by_strategy_rule
R1,2026-02-09,2026-02-27,2026-02-27,2026-02-27,2026-03-02,2026-04-01,BDX,BDX,BDX,35,Health Care,2026-02-27,Wikipedia,1340186477,momentum,2.0.0,0.15399419389517366,159.0,True,,0.15399419389517366,,35,0.0,159.0,344.0,False,False,False,False,,,0.0,True,,0.0,,not_selected_by_strategy_rule
R1,2026-02-09,2026-02-27,2026-02-27,2026-02-27,2026-03-02,2026-04-01,BEN,BEN,BEN,40,Financials,2026-02-27,Wikipedia,1340186477,momentum,2.0.0,0.13999572757819823,169.0,True,,0.13999572757819823,,40,0.0,169.0,334.0,False,False,False,False,,,0.0,True,,0.0,,not_selected_by_strategy_rule
R1,2026-02-09,2026-02-27,2026-02-27,2026-02-27,2026-03-02,2026-04-01,BF.B,BF.B,BF-B,30,Consumer Staples,2026-02-27,Wikipedia,1340186477,momentum,2.0.0,-0.03635645592604664,365.0,True,,-0.03635645592604664,,30,0.0,365.0,138.0,False,False,False,False,,,0.0,True,,0.0,,not_selected_by_strategy_rule
R1,2026-02-09,2026-02-27,2026-02-27,2026-02-27,2026-03-02,2026-04-01,BG,BG,BG,30,Consumer Staples,2026-02-27,Wikipedia,1340186477,momentum,2.0.0,0.4508748361587336,35.0,True,,0.4508748361587336,,30,0.0,35.0,468.0,False,False,False,False,,,0.0,True,,0.0,,not_selected_by_strategy_rule
R1,2026-02-09,2026-02-27,2026-02-27,2026-02-27,2026-03-02,2026-04-01,BIIB,BIIB,BIIB,35,Health Care,2026-02-27,Wikipedia,1340186477,momentum,2.0.0,0.4053906202316284,40.0,True,,0.4053906202316284,,35,0.0,40.0,463.0,False,False,False,False,,,0.0,True,,0.0,,not_selected_by_strategy_rule
R1,2026-02-09,2026-02-27,2026-02-27,2026-02-27,2026-03-02,2026-04-01,BK,BK,BNY,40,Financials,2026-02-27,Wikipedia,1340186477,momentum,2.0.0,0.1936536107636153,129.0,True,,0.1936536107636153,,40,0.0,129.0,374.0,False,False,False,False,,,0.0,True,,0.0,,not_selected_by_strategy_rule
R1,2026-02-09,2026-02-27,2026-02-27,2026-02-27,2026-03-02,2026-04-01,BKNG,BKNG,BKNG,25,Consumer Discretionary,2026-02-27,Wikipedia,1340186477,momentum,2.0.0,-0.08793920031387725,409.0,True,,-0.08793920031387725,,25,0.0,409.0,94.0,False,False,False,False,,,0.0,True,,0.0,,not_selected_by_strategy_rule
R1,2026-02-09,2026-02-27,2026-02-27,2026-02-27,2026-03-02,2026-04-01,BKR,BKR,BKR,10,Energy,2026-02-27,Wikipedia,1340186477,momentum,2.0.0,0.256466700787783,86.0,True,,0.256466700787783,,10,0.0,86.0,417.0,False,False,False,False,,,0.0,True,,0.0,,not_selected_by_strategy_rule
R1,2026-02-09,2026-02-27,2026-02-27,2026-02-27,2026-03-02,2026-04-01,BLDR,BLDR,BLDR,20,Industrials,2026-02-27,Wikipedia,1340186477,momentum,2.0.0,-0.10013368994387195,416.0,True,,-0.10013368994387195,,20,0.0,416.0,87.0,False,False,False,False,,,0.0,True,,0.0,,not_selected_by_strategy_rule
R1,2026-02-09,2026-02-27,2026-02-27,2026-02-27,2026-03-02,2026-04-01,BLK,BLK,BLK,40,Financials,2026-02-27,Wikipedia,1340186477,momentum,2.0.0,0.021414571576619634,301.0,True,,0.021414571576619634,,40,0.0,301.0,202.0,False,False,False,False,,,0.0,True,,0.0,,not_selected_by_strategy_rule
R1,2026-02-09,2026-02-27,2026-02-27,2026-02-27,2026-03-02,2026-04-01,BMY,BMY,BMY,35,Health Care,2026-02-27,Wikipedia,1340186477,momentum,2.0.0,0.3037662827606342,63.0,True,,0.3037662827606342,,35,0.0,63.0,440.0,False,False,False,False,,,0.0,True,,0.0,,not_selected_by_strategy_rule
R1,2026-02-09,2026-02-27,2026-02-27,2026-02-27,2026-03-02,2026-04-01,BR,BR,BR,20,Industrials,2026-02-27,Wikipedia,1340186477,momentum,2.0.0,-0.1971300847450117,466.0,True,,-0.1971300847450117,,20,0.0,466.0,37.0,False,False,False,False,,,0.0,True,,0.0,,not_selected_by_strategy_rule
R1,2026-02-09,2026-02-27,2026-02-27,2026-02-27,2026-03-02,2026-04-01,BRK.B,BRK.B,BRK-B,40,Financials,2026-02-27,Wikipedia,1340186477,momentum,2.0.0,0.018330918468631774,306.0,True,,0.018330918468631774,,40,0.0,306.0,197.0,False,False,False,False,,,0.0,True,,0.0,,not_selected_by_strategy_rule
R1,2026-02-09,2026-02-27,2026-02-27,2026-02-27,2026-03-02,2026-04-01,BRO,BRO,BRO,40,Financials,2026-02-27,Wikipedia,1340186477,momentum,2.0.0,-0.20799536045594247,469.0,True,,-0.20799536045594247,,40,0.0,469.0,34.0,False,False,False,False,,,0.0,True,,0.0,,not_selected_by_strategy_rule
R1,2026-02-09,2026-02-27,2026-02-27,2026-02-27,2026-03-02,2026-04-01,BSX,BSX,BSX,35,Health Care,2026-02-27,Wikipedia,1340186477,momentum,2.0.0,-0.10855889809784336,421.0,True,,-0.10855889809784336,,35,0.0,421.0,82.0,False,False,False,False,,,0.0,True,,0.0,,not_selected_by_strategy_rule
R1,2026-02-09,2026-02-27,2026-02-27,2026-02-27,2026-03-02,2026-04-01,BX,BX,BX,40,Financials,2026-02-27,Wikipedia,1340186477,momentum,2.0.0,-0.16421276430678522,445.0,True,,-0.16421276430678522,,40,0.0,445.0,58.0,False,False,False,False,,,0.0,True,,0.0,,not_selected_by_strategy_rule
R1,2026-02-09,2026-02-27,2026-02-27,2026-02-27,2026-03-02,2026-04-01,BXP,BXP,BXP,60,Real Estate,2026-02-27,Wikipedia,1340186477,momentum,2.0.0,0.007834768071328657,320.0,True,,0.007834768071328657,,60,0.0,320.0,183.0,False,False,False,False,,,0.0,True,,0.0,,not_selected_by_strategy_rule
R1,2026-02-09,2026-02-27,2026-02-27,2026-02-27,2026-03-02,2026-04-01,C,C,C,40,Financials,2026-02-27,Wikipedia,1340186477,momentum,2.0.0,0.25043173021669607,91.0,True,,0.25043173021669607,,40,0.0,91.0,412.0,False,False,False,False,,,0.0,True,,0.0,,not_selected_by_strategy_rule
R1,2026-02-09,2026-02-27,2026-02-27,2026-02-27,2026-03-02,2026-04-01,CAG,CAG,CAG,30,Consumer Staples,2026-02-27,Wikipedia,1340186477,momentum,2.0.0,0.054934926364251346,253.0,True,,0.054934926364251346,,30,0.0,253.0,250.0,False,False,False,False,,,0.0,True,,0.0,,not_selected_by_strategy_rule
R1,2026-02-09,2026-02-27,2026-02-27,2026-02-27,2026-03-02,2026-04-01,CAH,CAH,CAH,35,Health Care,2026-02-27,Wikipedia,1340186477,momentum,2.0.0,0.39234146030401473,45.0,True,,0.39234146030401473,,35,0.0,45.0,458.0,False,False,False,False,,,0.0,True,,0.0,,not_selected_by_strategy_rule
R1,2026-02-09,2026-02-27,2026-02-27,2026-02-27,2026-03-02,2026-04-01,CARR,CARR,CARR,20,Industrials,2026-02-27,Wikipedia,1340186477,momentum,2.0.0,-0.12466278780445617,432.0,True,,-0.12466278780445617,,20,0.0,432.0,71.0,False,False,False,False,,,0.0,True,,0.0,,not_selected_by_strategy_rule
R1,2026-02-09,2026-02-27,2026-02-27,2026-02-27,2026-03-02,2026-04-01,CAT,CAT,CAT,20,Industrials,2026-02-27,Wikipedia,1340186477,momentum,2.0.0,0.5085864371663618,28.0,True,,0.5085864371663618,,20,0.0,28.0,475.0,False,False,False,False,,,0.0,True,,0.0,,not_selected_by_strategy_rule
R1,2026-02-09,2026-02-27,2026-02-27,2026-02-27,2026-03-02,2026-04-01,CB,CB,CB,40,Financials,2026-02-27,Wikipedia,1340186477,momentum,2.0.0,0.1635844898972174,150.0,True,,0.1635844898972174,,40,0.0,150.0,353.0,False,False,False,False,,,0.0,True,,0.0,,not_selected_by_strategy_rule
R1,2026-02-09,2026-02-27,2026-02-27,2026-02-27,2026-03-02,2026-04-01,CBOE,CBOE,CBOE,40,Financials,2026-02-27,Wikipedia,1340186477,momentum,2.0.0,0.09965165024526579,213.0,True,,0.09965165024526579,,40,0.0,213.0,290.0,False,False,False,False,,,0.0,True,,0.0,,not_selected_by_strategy_rule
R1,2026-02-09,2026-02-27,2026-02-27,2026-02-27,2026-03-02,2026-04-01,CBRE,CBRE,CBRE,60,Real Estate,2026-02-27,Wikipedia,1340186477,momentum,2.0.0,0.09368175050264149,220.0,True,,0.09368175050264149,,60,0.0,220.0,283.0,False,False,False,False,,,0.0,True,,0.0,,not_selected_by_strategy_rule
R1,2026-02-09,2026-02-27,2026-02-27,2026-02-27,2026-03-02,2026-04-01,CCI,CCI,CCI,60,Real Estate,2026-02-27,Wikipedia,1340186477,momentum,2.0.0,-0.1547592276640516,442.0,True,,-0.1547592276640516,,60,0.0,442.0,61.0,False,False,False,False,,,0.0,True,,0.0,,not_selected_by_strategy_rule
R1,2026-02-09,2026-02-27,2026-02-27,2026-02-27,2026-03-02,2026-04-01,CCL,CCL,CCL,25,Consumer Discretionary,2026-02-27,Wikipedia,1340186477,momentum,2.0.0,0.008397779236575698,319.0,True,,0.008397779236575698,,25,0.0,319.0,184.0,False,False,False,False,,,0.0,True,,0.0,,not_selected_by_strategy_rule
R1,2026-02-09,2026-02-27,2026-02-27,2026-02-27,2026-03-02,2026-04-01,CDNS,CDNS,CDNS,45,Information Technology,2026-02-27,Wikipedia,1340186477,momentum,2.0.0,-0.18709718463481773,461.0,True,,-0.18709718463481773,,45,0.0,461.0,42.0,False,False,False,False,,,0.0,True,,0.0,,not_selected_by_strategy_rule
R1,2026-02-09,2026-02-27,2026-02-27,2026-02-27,2026-03-02,2026-04-01,CDW,CDW,CDW,45,Information Technology,2026-02-27,Wikipedia,1340186477,momentum,2.0.0,-0.26923688064434115,482.0,True,,-0.26923688064434115,,45,0.0,482.0,21.0,False,False,False,False,,,0.0,True,,0.0,,not_selected_by_strategy_rule
R1,2026-02-09,2026-02-27,2026-02-27,2026-02-27,2026-03-02,2026-04-01,CEG,CEG,CEG,55,Utilities,2026-02-27,Wikipedia,1340186477,momentum,2.0.0,-0.1911776085035507,463.0,True,,-0.1911776085035507,,55,0.0,463.0,40.0,False,False,False,False,,,0.0,True,,0.0,,not_selected_by_strategy_rule
R1,2026-02-09,2026-02-27,2026-02-27,2026-02-27,2026-03-02,2026-04-01,CF,CF,CF,15,Materials,2026-02-27,Wikipedia,1340186477,momentum,2.0.0,0.016258048924431723,309.0,True,,0.016258048924431723,,15,0.0,309.0,194.0,False,False,False,False,,,0.0,True,,0.0,,not_selected_by_strategy_rule
R1,2026-02-09,2026-02-27,2026-02-27,2026-02-27,2026-03-02,2026-04-01,CFG,CFG,CFG,40,Financials,2026-02-27,Wikipedia,1340186477,momentum,2.0.0,0.3317163720989291,56.0,True,,0.3317163720989291,,40,0.0,56.0,447.0,False,False,False,False,,,0.0,True,,0.0,,not_selected_by_strategy_rule
R1,2026-02-09,2026-02-27,2026-02-27,2026-02-27,2026-03-02,2026-04-01,CHD,CHD,CHD,30,Consumer Staples,2026-02-27,Wikipedia,1340186477,momentum,2.0.0,0.033316888286206936,287.0,True,,0.033316888286206936,,30,0.0,287.0,216.0,False,False,False,False,,,0.0,True,,0.0,,not_selected_by_strategy_rule
R1,2026-02-09,2026-02-27,2026-02-27,2026-02-27,2026-03-02,2026-04-01,CHRW,CHRW,CHRW,20,Industrials,2026-02-27,Wikipedia,1340186477,momentum,2.0.0,0.7055503832270229,15.0,True,,0.7055503832270229,,20,0.0,15.0,488.0,False,False,False,False,,,0.0,True,,0.0,,not_selected_by_strategy_rule
R1,2026-02-09,2026-02-27,2026-02-27,2026-02-27,2026-03-02,2026-04-01,CHTR,CHTR,CHTR,50,Communication Services,2026-02-27,Wikipedia,1340186477,momentum,2.0.0,-0.23477871129164052,478.0,True,,-0.23477871129164052,,50,0.0,478.0,25.0,False,False,False,False,,,0.0,True,,0.0,,not_selected_by_strategy_rule
R1,2026-02-09,2026-02-27,2026-02-27,2026-02-27,2026-03-02,2026-04-01,CI,CI,CI,35,Health Care,2026-02-27,Wikipedia,1340186477,momentum,2.0.0,0.03613582938715543,279.0,True,,0.03613582938715543,,35,0.0,279.0,224.0,False,False,False,False,,,0.0,True,,0.0,,not_selected_by_strategy_rule
R1,2026-02-09,2026-02-27,2026-02-27,2026-02-27,2026-03-02,2026-04-01,CIEN,CIEN,CIEN,45,Information Technology,2026-02-27,Wikipedia,1340186477,momentum,2.0.0,1.7123008131337354,4.0,True,,1.7123008131337354,,45,0.0,4.0,499.0,False,False,True,False,,Long,0.10499999999999998,True,Long,0.10499999999999998,,selected_long
R1,2026-02-09,2026-02-27,2026-02-27,2026-02-27,2026-03-02,2026-04-01,CINF,CINF,CINF,40,Financials,2026-02-27,Wikipedia,1340186477,momentum,2.0.0,0.10255210563097861,208.0,True,,0.10255210563097861,,40,0.0,208.0,295.0,False,False,False,False,,,0.0,True,,0.0,,not_selected_by_strategy_rule
R1,2026-02-09,2026-02-27,2026-02-27,2026-02-27,2026-03-02,2026-04-01,CL,CL,CL,30,Consumer Staples,2026-02-27,Wikipedia,1340186477,momentum,2.0.0,0.09066119543256779,222.0,True,,0.09066119543256779,,30,0.0,222.0,281.0,False,False,False,False,,,0.0,True,,0.0,,not_selected_by_strategy_rule
R1,2026-02-09,2026-02-27,2026-02-27,2026-02-27,2026-03-02,2026-04-01,CLX,CLX,CLX,30,Consumer Staples,2026-02-27,Wikipedia,1340186477,momentum,2.0.0,-0.07290238653743708,396.0,True,,-0.07290238653743708,,30,0.0,396.0,107.0,False,False,False,False,,,0.0,True,,0.0,,not_selected_by_strategy_rule
R1,2026-02-09,2026-02-27,2026-02-27,2026-02-27,2026-03-02,2026-04-01,CMCSA,CMCSA,CMCSA,50,Communication Services,2026-02-27,Wikipedia,1340186477,momentum,2.0.0,-0.02328444757708481,353.0,True,,-0.02328444757708481,,50,0.0,353.0,150.0,False,False,False,False,,,0.0,True,,0.0,,not_selected_by_strategy_rule
R1,2026-02-09,2026-02-27,2026-02-27,2026-02-27,2026-03-02,2026-04-01,CME,CME,CME,40,Financials,2026-02-27,Wikipedia,1340186477,momentum,2.0.0,0.048517695463264676,266.0,True,,0.048517695463264676,,40,0.0,266.0,237.0,False,False,False,False,,,0.0,True,,0.0,,not_selected_by_strategy_rule
R1,2026-02-09,2026-02-27,2026-02-27,2026-02-27,2026-03-02,2026-04-01,CMG,CMG,CMG,25,Consumer Discretionary,2026-02-27,Wikipedia,1340186477,momentum,2.0.0,-0.09351683853413495,410.0,True,,-0.09351683853413495,,25,0.0,410.0,93.0,False,False,False,False,,,0.0,True,,0.0,,not_selected_by_strategy_rule
R1,2026-02-09,2026-02-27,2026-02-27,2026-02-27,2026-03-02,2026-04-01,CMI,CMI,CMI,20,Industrials,2026-02-27,Wikipedia,1340186477,momentum,2.0.0,0.5893687751516719,20.0,True,,0.5893687751516719,,20,0.0,20.0,483.0,False,False,False,False,,,0.0,True,,0.0,,not_selected_by_strategy_rule
R1,2026-02-09,2026-02-27,2026-02-27,2026-02-27,2026-03-02,2026-04-01,CMS,CMS,CMS,55,Utilities,2026-02-27,Wikipedia,1340186477,momentum,2.0.0,-0.016812563340828146,346.0,True,,-0.016812563340828146,,55,0.0,346.0,157.0,False,False,False,False,,,0.0,True,,0.0,,not_selected_by_strategy_rule
R1,2026-02-09,2026-02-27,2026-02-27,2026-02-27,2026-03-02,2026-04-01,CNC,CNC,CNC,35,Health Care,2026-02-27,Wikipedia,1340186477,momentum,2.0.0,0.6616800998054753,16.0,True,,0.6616800998054753,,35,0.0,16.0,487.0,False,False,False,False,,,0.0,True,,0.0,,not_selected_by_strategy_rule
R1,2026-02-09,2026-02-27,2026-02-27,2026-02-27,2026-03-02,2026-04-01,CNP,CNP,CNP,55,Utilities,2026-02-27,Wikipedia,1340186477,momentum,2.0.0,0.03403029169110239,285.0,True,,0.03403029169110239,,55,0.0,285.0,218.0,False,False,False,False,,,0.0,True,,0.0,,not_selected_by_strategy_rule
R1,2026-02-09,2026-02-27,2026-02-27,2026-02-27,2026-03-02,2026-04-01,COF,COF,COF,40,Financials,2026-02-27,Wikipedia,1340186477,momentum,2.0.0,0.024933345050766942,297.0,True,,0.024933345050766942,,40,0.0,297.0,206.0,False,False,False,False,,,0.0,True,,0.0,,not_selected_by_strategy_rule
R1,2026-02-09,2026-02-27,2026-02-27,2026-02-27,2026-03-02,2026-04-01,COIN,COIN,COIN,40,Financials,2026-02-27,Wikipedia,1340186477,momentum,2.0.0,-0.4844875040796739,499.0,True,,-0.4844875040796739,,40,0.0,499.0,4.0,False,False,False,True,,Short,-0.04500000000000001,True,Short,-0.04500000000000001,,selected_short
R1,2026-02-09,2026-02-27,2026-02-27,2026-02-27,2026-03-02,2026-04-01,COO,COO,COO,35,Health Care,2026-02-27,Wikipedia,1340186477,momentum,2.0.0,0.1512235739540746,161.0,True,,0.1512235739540746,,35,0.0,161.0,342.0,False,False,False,False,,,0.0,True,,0.0,,not_selected_by_strategy_rule
R1,2026-02-09,2026-02-27,2026-02-27,2026-02-27,2026-03-02,2026-04-01,COP,COP,COP,10,Energy,2026-02-27,Wikipedia,1340186477,momentum,2.0.0,0.11249173349366193,200.0,True,,0.11249173349366193,,10,0.0,200.0,303.0,False,False,False,False,,,0.0,True,,0.0,,not_selected_by_strategy_rule
R1,2026-02-09,2026-02-27,2026-02-27,2026-02-27,2026-03-02,2026-04-01,COR,COR,COR,35,Health Care,2026-02-27,Wikipedia,1340186477,momentum,2.0.0,0.26007791711864536,83.0,True,,0.26007791711864536,,35,0.0,83.0,420.0,False,False,False,False,,,0.0,True,,0.0,,not_selected_by_strategy_rule
R1,2026-02-09,2026-02-27,2026-02-27,2026-02-27,2026-03-02,2026-04-01,COST,COST,COST,30,Consumer Staples,2026-02-27,Wikipedia,1340186477,momentum,2.0.0,0.004823945170902677,324.0,True,,0.004823945170902677,,30,0.0,324.0,179.0,False,False,False,False,,,0.0,True,,0.0,,not_selected_by_strategy_rule
R1,2026-02-09,2026-02-27,2026-02-27,2026-02-27,2026-03-02,2026-04-01,CPAY,CPAY,CPAY,40,Financials,2026-02-27,Wikipedia,1340186477,momentum,2.0.0,-0.026064024851634726,356.0,True,,-0.026064024851634726,,40,0.0,356.0,147.0,False,False,False,False,,,0.0,True,,0.0,,not_selected_by_strategy_rule
R1,2026-02-09,2026-02-27,2026-02-27,2026-02-27,2026-03-02,2026-04-01,CPB,CPB,CPB,30,Consumer Staples,2026-02-27,Wikipedia,1340186477,momentum,2.0.0,-0.09923759687321432,414.0,True,,-0.09923759687321432,,30,0.0,414.0,89.0,False,False,False,False,,,0.0,True,,0.0,,not_selected_by_strategy_rule
R1,2026-02-09,2026-02-27,2026-02-27,2026-02-27,2026-03-02,2026-04-01,CPRT,CPRT,CPRT,20,Industrials,2026-02-27,Wikipedia,1340186477,momentum,2.0.0,-0.10478711246699901,419.0,True,,-0.10478711246699901,,20,0.0,419.0,84.0,False,False,False,False,,,0.0,True,,0.0,,not_selected_by_strategy_rule
R1,2026-02-09,2026-02-27,2026-02-27,2026-02-27,2026-03-02,2026-04-01,CPT,CPT,CPT,60,Real Estate,2026-02-27,Wikipedia,1340186477,momentum,2.0.0,0.018712897593176292,303.0,True,,0.018712897593176292,,60,0.0,303.0,200.0,False,False,False,False,,,0.0,True,,0.0,,not_selected_by_strategy_rule
R1,2026-02-09,2026-02-27,2026-02-27,2026-02-27,2026-03-02,2026-04-01,CRH,CRH,CRH,15,Materials,2026-02-27,Wikipedia,1340186477,momentum,2.0.0,0.28245166864759463,73.0,True,,0.28245166864759463,,15,0.0,73.0,430.0,False,False,False,False,,,0.0,True,,0.0,,not_selected_by_strategy_rule
R1,2026-02-09,2026-02-27,2026-02-27,2026-02-27,2026-03-02,2026-04-01,CRL,CRL,CRL,35,Health Care,2026-02-27,Wikipedia,1340186477,momentum,2.0.0,0.24074508656466476,95.0,True,,0.24074508656466476,,35,0.0,95.0,408.0,False,False,False,False,,,0.0,True,,0.0,,not_selected_by_strategy_rule
R1,2026-02-09,2026-02-27,2026-02-27,2026-02-27,2026-03-02,2026-04-01,CRM,CRM,CRM,45,Information Technology,2026-02-27,Wikipedia,1340186477,momentum,2.0.0,-0.17546191768482122,452.0,True,,-0.17546191768482122,,45,0.0,452.0,51.0,False,False,False,False,,,0.0,True,,0.0,,not_selected_by_strategy_rule
R1,2026-02-09,2026-02-27,2026-02-27,2026-02-27,2026-03-02,2026-04-01,CRWD,CRWD,CRWD,45,Information Technology,2026-02-27,Wikipedia,1340186477,momentum,2.0.0,-0.02896145441362563,358.0,True,,-0.02896145441362563,,45,0.0,358.0,145.0,False,False,False,False,,,0.0,True,,0.0,,not_selected_by_strategy_rule
R1,2026-02-09,2026-02-27,2026-02-27,2026-02-27,2026-03-02,2026-04-01,CSCO,CSCO,CSCO,45,Information Technology,2026-02-27,Wikipedia,1340186477,momentum,2.0.0,0.16355082192346493,151.0,True,,0.16355082192346493,,45,0.0,151.0,352.0,False,False,False,False,,,0.0,True,,0.0,,not_selected_by_strategy_rule
R1,2026-02-09,2026-02-27,2026-02-27,2026-02-27,2026-03-02,2026-04-01,CSGP,CSGP,CSGP,60,Real Estate,2026-02-27,Wikipedia,1340186477,momentum,2.0.0,-0.3539237480547809,490.0,True,,-0.3539237480547809,,60,0.0,490.0,13.0,False,False,False,False,,,0.0,True,,0.0,,not_selected_by_strategy_rule
R1,2026-02-09,2026-02-27,2026-02-27,2026-02-27,2026-03-02,2026-04-01,CSX,CSX,CSX,20,Industrials,2026-02-27,Wikipedia,1340186477,momentum,2.0.0,0.07065364921042905,240.0,True,,0.07065364921042905,,20,0.0,240.0,263.0,False,False,False,False,,,0.0,True,,0.0,,not_selected_by_strategy_rule
R1,2026-02-09,2026-02-27,2026-02-27,2026-02-27,2026-03-02,2026-04-01,CTAS,CTAS,CTAS,20,Industrials,2026-02-27,Wikipedia,1340186477,momentum,2.0.0,-0.13619318922676682,437.0,True,,-0.13619318922676682,,20,0.0,437.0,66.0,False,False,False,False,,,0.0,True,,0.0,,not_selected_by_strategy_rule
R1,2026-02-09,2026-02-27,2026-02-27,2026-02-27,2026-03-02,2026-04-01,CTRA,CTRA,CTRA,10,Energy,2026-02-27,Wikipedia,1340186477,momentum,2.0.0,0.20384043193775914,123.0,True,,0.20384043193775914,,10,0.0,123.0,380.0,False,False,False,False,,,0.0,True,,0.0,,not_selected_by_strategy_rule
R1,2026-02-09,2026-02-27,2026-02-27,2026-02-27,2026-03-02,2026-04-01,CTSH,CTSH,CTSH,45,Information Technology,2026-02-27,Wikipedia,1340186477,momentum,2.0.0,0.1536457198668142,160.0,True,,0.1536457198668142,,45,0.0,160.0,343.0,False,False,False,False,,,0.0,True,,0.0,,not_selected_by_strategy_rule
R1,2026-02-09,2026-02-27,2026-02-27,2026-02-27,2026-03-02,2026-04-01,CTVA,CTVA,CTVA,15,Materials,2026-02-27,Wikipedia,1340186477,momentum,2.0.0,0.014449944645986923,312.0,True,,0.014449944645986923,,15,0.0,312.0,191.0,False,False,False,False,,,0.0,True,,0.0,,not_selected_by_strategy_rule
R1,2026-02-09,2026-02-27,2026-02-27,2026-02-27,2026-03-02,2026-04-01,CVNA,CVNA,CVNA,25,Consumer Discretionary,2026-02-27,Wikipedia,1340186477,momentum,2.0.0,0.02803910649045105,293.0,True,,0.02803910649045105,,25,0.0,293.0,210.0,False,False,False,False,,,0.0,True,,0.0,,not_selected_by_strategy_rule
R1,2026-02-09,2026-02-27,2026-02-27,2026-02-27,2026-03-02,2026-04-01,CVS,CVS,CVS,35,Health Care,2026-02-27,Wikipedia,1340186477,momentum,2.0.0,0.21976400684508035,109.0,True,,0.21976400684508035,,35,0.0,109.0,394.0,False,False,False,False,,,0.0,True,,0.0,,not_selected_by_strategy_rule
R1,2026-02-09,2026-02-27,2026-02-27,2026-02-27,2026-03-02,2026-04-01,CVX,CVX,CVX,10,Energy,2026-02-27,Wikipedia,1340186477,momentum,2.0.0,0.19273919106890425,131.0,True,,0.19273919106890425,,10,0.0,131.0,372.0,False,False,False,False,,,0.0,True,,0.0,,not_selected_by_strategy_rule
R1,2026-02-09,2026-02-27,2026-02-27,2026-02-27,2026-03-02,2026-04-01,D,D,D,55,Utilities,2026-02-27,Wikipedia,1340186477,momentum,2.0.0,0.05301309581360614,258.0,True,,0.05301309581360614,,55,0.0,258.0,245.0,False,False,False,False,,,0.0,True,,0.0,,not_selected_by_strategy_rule
R1,2026-02-09,2026-02-27,2026-02-27,2026-02-27,2026-03-02,2026-04-01,DAL,DAL,DAL,20,Industrials,2026-02-27,Wikipedia,1340186477,momentum,2.0.0,0.24208560318052208,94.0,True,,0.24208560318052208,,20,0.0,94.0,409.0,False,False,False,False,,,0.0,True,,0.0,,not_selected_by_strategy_rule
R1,2026-02-09,2026-02-27,2026-02-27,2026-02-27,2026-03-02,2026-04-01,DASH,DASH,DASH,25,Consumer Discretionary,2026-02-27,Wikipedia,1340186477,momentum,2.0.0,-0.18233768184940058,457.0,True,,-0.18233768184940058,,25,0.0,457.0,46.0,False,False,False,False,,,0.0,True,,0.0,,not_selected_by_strategy_rule
R1,2026-02-09,2026-02-27,2026-02-27,2026-02-27,2026-03-02,2026-04-01,DD,DD,DD,15,Materials,2026-02-27,Wikipedia,1340186477,momentum,2.0.0,0.4751599085535121,31.0,True,,0.4751599085535121,,15,0.0,31.0,472.0,False,False,False,False,,,0.0,True,,0.0,,not_selected_by_strategy_rule
R1,2026-02-09,2026-02-27,2026-02-27,2026-02-27,2026-03-02,2026-04-01,DDOG,DDOG,DDOG,45,Information Technology,2026-02-27,Wikipedia,1340186477,momentum,2.0.0,-0.07615365572713129,399.0,True,,-0.07615365572713129,,45,0.0,399.0,104.0,False,False,False,False,,,0.0,True,,0.0,,not_selected_by_strategy_rule
R1,2026-02-09,2026-02-27,2026-02-27,2026-02-27,2026-03-02,2026-04-01,DE,DE,DE,20,Industrials,2026-02-27,Wikipedia,1340186477,momentum,2.0.0,0.013934367881548892,314.0,True,,0.013934367881548892,,20,0.0,314.0,189.0,False,False,False,False,,,0.0,True,,0.0,,not_selected_by_strategy_rule
R1,2026-02-09,2026-02-27,2026-02-27,2026-02-27,2026-03-02,2026-04-01,DECK,DECK,DECK,25,Consumer Discretionary,2026-02-27,Wikipedia,1340186477,momentum,2.0.0,0.12404632566714602,185.0,True,,0.12404632566714602,,25,0.0,185.0,318.0,False,False,False,False,,,0.0,True,,0.0,,not_selected_by_strategy_rule
R1,2026-02-09,2026-02-27,2026-02-27,2026-02-27,2026-03-02,2026-04-01,DELL,DELL,DELL,45,Information Technology,2026-02-27,Wikipedia,1340186477,momentum,2.0.0,-0.13067903965654204,436.0,True,,-0.13067903965654204,,45,0.0,436.0,67.0,False,False,False,False,,,0.0,True,,0.0,,not_selected_by_strategy_rule
R1,2026-02-09,2026-02-27,2026-02-27,2026-02-27,2026-03-02,2026-04-01,DG,DG,DG,30,Consumer Staples,2026-02-27,Wikipedia,1340186477,momentum,2.0.0,0.38143946620705704,49.0,True,,0.38143946620705704,,30,0.0,49.0,454.0,False,False,False,False,,,0.0,True,,0.0,,not_selected_by_strategy_rule
R1,2026-02-09,2026-02-27,2026-02-27,2026-02-27,2026-03-02,2026-04-01,DGX,DGX,DGX,35,Health Care,2026-02-27,Wikipedia,1340186477,momentum,2.0.0,0.12728385508905316,182.0,True,,0.12728385508905316,,35,0.0,182.0,321.0,False,False,False,False,,,0.0,True,,0.0,,not_selected_by_strategy_rule
R1,2026-02-09,2026-02-27,2026-02-27,2026-02-27,2026-03-02,2026-04-01,DHI,DHI,DHI,25,Consumer Discretionary,2026-02-27,Wikipedia,1340186477,momentum,2.0.0,0.04794682832949415,268.0,True,,0.04794682832949415,,25,0.0,268.0,235.0,False,False,False,False,,,0.0,True,,0.0,,not_selected_by_strategy_rule
R1,2026-02-09,2026-02-27,2026-02-27,2026-02-27,2026-03-02,2026-04-01,DHR,DHR,DHR,35,Health Care,2026-02-27,Wikipedia,1340186477,momentum,2.0.0,0.11371592754442705,197.0,True,,0.11371592754442705,,35,0.0,197.0,306.0,False,False,False,False,,,0.0,True,,0.0,,not_selected_by_strategy_rule
R1,2026-02-09,2026-02-27,2026-02-27,2026-02-27,2026-03-02,2026-04-01,DIS,DIS,DIS,50,Communication Services,2026-02-27,Wikipedia,1340186477,momentum,2.0.0,-0.04656878687703925,377.0,True,,-0.04656878687703925,,50,0.0,377.0,126.0,False,False,False,False,,,0.0,True,,0.0,,not_selected_by_strategy_rule
R1,2026-02-09,2026-02-27,2026-02-27,2026-02-27,2026-03-02,2026-04-01,DLR,DLR,DLR,60,Real Estate,2026-02-27,Wikipedia,1340186477,momentum,2.0.0,-0.04521115051002578,373.0,True,,-0.04521115051002578,,60,0.0,373.0,130.0,False,False,False,False,,,0.0,True,,0.0,,not_selected_by_strategy_rule
R1,2026-02-09,2026-02-27,2026-02-27,2026-02-27,2026-03-02,2026-04-01,DLTR,DLTR,DLTR,30,Consumer Staples,2026-02-27,Wikipedia,1340186477,momentum,2.0.0,0.035578979987269,283.0,True,,0.035578979987269,,30,0.0,283.0,220.0,False,False,False,False,,,0.0,True,,0.0,,not_selected_by_strategy_rule
R1,2026-02-09,2026-02-27,2026-02-27,2026-02-27,2026-03-02,2026-04-01,DOC,DOC,DOC,60,Real Estate,2026-02-27,Wikipedia,1340186477,momentum,2.0.0,0.05382088069381474,255.0,True,,0.05382088069381474,,60,0.0,255.0,248.0,False,False,False,False,,,0.0,True,,0.0,,not_selected_by_strategy_rule
R1,2026-02-09,2026-02-27,2026-02-27,2026-02-27,2026-03-02,2026-04-01,DOV,DOV,DOV,20,Industrials,2026-02-27,Wikipedia,1340186477,momentum,2.0.0,0.11866263523221998,189.0,True,,0.11866263523221998,,20,0.0,189.0,314.0,False,False,False,False,,,0.0,True,,0.0,,not_selected_by_strategy_rule
R1,2026-02-09,2026-02-27,2026-02-27,2026-02-27,2026-03-02,2026-04-01,DOW,DOW,DOW,15,Materials,2026-02-27,Wikipedia,1340186477,momentum,2.0.0,0.21783216344271095,110.0,True,,0.21783216344271095,,15,0.0,110.0,393.0,False,False,False,False,,,0.0,True,,0.0,,not_selected_by_strategy_rule
R1,2026-02-09,2026-02-27,2026-02-27,2026-02-27,2026-03-02,2026-04-01,DPZ,DPZ,DPZ,25,Consumer Discretionary,2026-02-27,Wikipedia,1340186477,momentum,2.0.0,-0.10713849174669854,420.0,True,,-0.10713849174669854,,25,0.0,420.0,83.0,False,False,False,False,,,0.0,True,,0.0,,not_selected_by_strategy_rule
R1,2026-02-09,2026-02-27,2026-02-27,2026-02-27,2026-03-02,2026-04-01,DRI,DRI,DRI,25,Consumer Discretionary,2026-02-27,Wikipedia,1340186477,momentum,2.0.0,0.003939405057332479,325.0,True,,0.003939405057332479,,25,0.0,325.0,178.0,False,False,False,False,,,0.0,True,,0.0,,not_selected_by_strategy_rule
R1,2026-02-09,2026-02-27,2026-02-27,2026-02-27,2026-03-02,2026-04-01,DTE,DTE,DTE,55,Utilities,2026-02-27,Wikipedia,1340186477,momentum,2.0.0,-0.012457172864138166,340.0,True,,-0.012457172864138166,,55,0.0,340.0,163.0,False,False,False,False,,,0.0,True,,0.0,,not_selected_by_strategy_rule
R1,2026-02-09,2026-02-27,2026-02-27,2026-02-27,2026-03-02,2026-04-01,DUK,DUK,DUK,55,Utilities,2026-02-27,Wikipedia,1340186477,momentum,2.0.0,0.014986566049004058,311.0,True,,0.014986566049004058,,55,0.0,311.0,192.0,False,False,False,False,,,0.0,True,,0.0,,not_selected_by_strategy_rule
R1,2026-02-09,2026-02-27,2026-02-27,2026-02-27,2026-03-02,2026-04-01,DVA,DVA,DVA,35,Health Care,2026-02-27,Wikipedia,1340186477,momentum,2.0.0,-0.2210586297548245,474.0,True,,-0.2210586297548245,,35,0.0,474.0,29.0,False,False,False,False,,,0.0,True,,0.0,,not_selected_by_strategy_rule
R1,2026-02-09,2026-02-27,2026-02-27,2026-02-27,2026-03-02,2026-04-01,DVN,DVN,DVN,10,Energy,2026-02-27,Wikipedia,1340186477,momentum,2.0.0,0.22667488482639642,104.0,True,,0.22667488482639642,,10,0.0,104.0,399.0,False,False,False,False,,,0.0,True,,0.0,,not_selected_by_strategy_rule
R1,2026-02-09,2026-02-27,2026-02-27,2026-02-27,2026-03-02,2026-04-01,DXCM,DXCM,DXCM,35,Health Care,2026-02-27,Wikipedia,1340186477,momentum,2.0.0,-0.09570380152049485,412.0,True,,-0.09570380152049485,,35,0.0,412.0,91.0,False,False,False,False,,,0.0,True,,0.0,,not_selected_by_strategy_rule
R1,2026-02-09,2026-02-27,2026-02-27,2026-02-27,2026-03-02,2026-04-01,EA,EA,EA,50,Communication Services,2026-02-27,Wikipedia,1340186477,momentum,2.0.0,0.3399974965814072,54.0,True,,0.3399974965814072,,50,0.0,54.0,449.0,False,False,False,False,,,0.0,True,,0.0,,not_selected_by_strategy_rule
R1,2026-02-09,2026-02-27,2026-02-27,2026-02-27,2026-03-02,2026-04-01,EBAY,EBAY,EBAY,25,Consumer Discretionary,2026-02-27,Wikipedia,1340186477,momentum,2.0.0,0.0008587175971384031,330.0,True,,0.0008587175971384031,,25,0.0,330.0,173.0,False,False,False,False,,,0.0,True,,0.0,,not_selected_by_strategy_rule
R1,2026-02-09,2026-02-27,2026-02-27,2026-02-27,2026-03-02,2026-04-01,ECL,ECL,ECL,15,Materials,2026-02-27,Wikipedia,1340186477,momentum,2.0.0,0.08290591585796614,228.0,True,,0.08290591585796614,,15,0.0,228.0,275.0,False,False,False,False,,,0.0,True,,0.0,,not_selected_by_strategy_rule
R1,2026-02-09,2026-02-27,2026-02-27,2026-02-27,2026-03-02,2026-04-01,ED,ED,ED,55,Utilities,2026-02-27,Wikipedia,1340186477,momentum,2.0.0,0.04740795288883359,270.0,True,,0.04740795288883359,,55,0.0,270.0,233.0,False,False,False,False,,,0.0,True,,0.0,,not_selected_by_strategy_rule
R1,2026-02-09,2026-02-27,2026-02-27,2026-02-27,2026-03-02,2026-04-01,EFX,EFX,EFX,20,Industrials,2026-02-27,Wikipedia,1340186477,momentum,2.0.0,-0.1579615063438108,443.0,True,,-0.1579615063438108,,20,0.0,443.0,60.0,False,False,False,False,,,0.0,True,,0.0,,not_selected_by_strategy_rule
R1,2026-02-09,2026-02-27,2026-02-27,2026-02-27,2026-03-02,2026-04-01,EG,EG,EG,40,Financials,2026-02-27,Wikipedia,1340186477,momentum,2.0.0,-0.013460335137140067,343.0,True,,-0.013460335137140067,,40,0.0,343.0,160.0,False,False,False,False,,,0.0,True,,0.0,,not_selected_by_strategy_rule
R1,2026-02-09,2026-02-27,2026-02-27,2026-02-27,2026-03-02,2026-04-01,EIX,EIX,EIX,55,Utilities,2026-02-27,Wikipedia,1340186477,momentum,2.0.0,0.23113036670445242,101.0,True,,0.23113036670445242,,55,0.0,101.0,402.0,False,False,False,False,,,0.0,True,,0.0,,not_selected_by_strategy_rule
R1,2026-02-09,2026-02-27,2026-02-27,2026-02-27,2026-03-02,2026-04-01,EL,EL,EL,30,Consumer Staples,2026-02-27,Wikipedia,1340186477,momentum,2.0.0,0.24443348926434405,92.0,True,,0.24443348926434405,,30,0.0,92.0,411.0,False,False,False,False,,,0.0,True,,0.0,,not_selected_by_strategy_rule
R1,2026-02-09,2026-02-27,2026-02-27,2026-02-27,2026-03-02,2026-04-01,ELV,ELV,ELV,35,Health Care,2026-02-27,Wikipedia,1340186477,momentum,2.0.0,0.2343446041548587,100.0,True,,0.2343446041548587,,35,0.0,100.0,403.0,False,False,False,False,,,0.0,True,,0.0,,not_selected_by_strategy_rule
R1,2026-02-09,2026-02-27,2026-02-27,2026-02-27,2026-03-02,2026-04-01,EME,EME,EME,20,Industrials,2026-02-27,Wikipedia,1340186477,momentum,2.0.0,0.14970402338535416,164.0,True,,0.14970402338535416,,20,0.0,164.0,339.0,False,False,False,False,,,0.0,True,,0.0,,not_selected_by_strategy_rule
R1,2026-02-09,2026-02-27,2026-02-27,2026-02-27,2026-03-02,2026-04-01,EMR,EMR,EMR,20,Industrials,2026-02-27,Wikipedia,1340186477,momentum,2.0.0,0.018348784740805257,305.0,True,,0.018348784740805257,,20,0.0,305.0,198.0,False,False,False,False,,,0.0,True,,0.0,,not_selected_by_strategy_rule
R1,2026-02-09,2026-02-27,2026-02-27,2026-02-27,2026-03-02,2026-04-01,EOG,EOG,EOG,10,Energy,2026-02-27,Wikipedia,1340186477,momentum,2.0.0,-0.047776872825972205,378.0,True,,-0.047776872825972205,,10,0.0,378.0,125.0,False,False,False,False,,,0.0,True,,0.0,,not_selected_by_strategy_rule
R1,2026-02-09,2026-02-27,2026-02-27,2026-02-27,2026-03-02,2026-04-01,EPAM,EPAM,EPAM,45,Information Technology,2026-02-27,Wikipedia,1340186477,momentum,2.0.0,0.32268085234425214,59.0,True,,0.32268085234425214,,45,0.0,59.0,444.0,False,False,False,False,,,0.0,True,,0.0,,not_selected_by_strategy_rule
R1,2026-02-09,2026-02-27,2026-02-27,2026-02-27,2026-03-02,2026-04-01,EQIX,EQIX,EQIX,60,Real Estate,2026-02-27,Wikipedia,1340186477,momentum,2.0.0,0.05829287735377675,251.0,True,,0.05829287735377675,,60,0.0,251.0,252.0,False,False,False,False,,,0.0,True,,0.0,,not_selected_by_strategy_rule
R1,2026-02-09,2026-02-27,2026-02-27,2026-02-27,2026-03-02,2026-04-01,EQR,EQR,VMRK,60,Real Estate,2026-02-27,Wikipedia,1340186477,momentum,2.0.0,0.007754254403055105,321.0,True,,0.007754254403055105,,60,0.0,321.0,182.0,False,False,False,False,,,0.0,True,,0.0,,not_selected_by_strategy_rule
R1,2026-02-09,2026-02-27,2026-02-27,2026-02-27,2026-03-02,2026-04-01,EQT,EQT,EQT,10,Energy,2026-02-27,Wikipedia,1340186477,momentum,2.0.0,0.08053186838198689,230.0,True,,0.08053186838198689,,10,0.0,230.0,273.0,False,False,False,False,,,0.0,True,,0.0,,not_selected_by_strategy_rule
R1,2026-02-09,2026-02-27,2026-02-27,2026-02-27,2026-03-02,2026-04-01,ERIE,ERIE,ERIE,40,Financials,2026-02-27,Wikipedia,1340186477,momentum,2.0.0,-0.19798953801837516,467.0,True,,-0.19798953801837516,,40,0.0,467.0,36.0,False,False,False,False,,,0.0,True,,0.0,,not_selected_by_strategy_rule
R1,2026-02-09,2026-02-27,2026-02-27,2026-02-27,2026-03-02,2026-04-01,ES,ES,ES,55,Utilities,2026-02-27,Wikipedia,1340186477,momentum,2.0.0,0.06959049479238222,241.0,True,,0.06959049479238222,,55,0.0,241.0,262.0,False,False,False,False,,,0.0,True,,0.0,,not_selected_by_strategy_rule
R1,2026-02-09,2026-02-27,2026-02-27,2026-02-27,2026-03-02,2026-04-01,ESS,ESS,ESS,60,Real Estate,2026-02-27,Wikipedia,1340186477,momentum,2.0.0,-0.012807621489814514,341.0,True,,-0.012807621489814514,,60,0.0,341.0,162.0,False,False,False,False,,,0.0,True,,0.0,,not_selected_by_strategy_rule
R1,2026-02-09,2026-02-27,2026-02-27,2026-02-27,2026-03-02,2026-04-01,ETN,ETN,ETN,20,Industrials,2026-02-27,Wikipedia,1340186477,momentum,2.0.0,-0.08136695931776716,404.0,True,,-0.08136695931776716,,20,0.0,404.0,99.0,False,False,False,False,,,0.0,True,,0.0,,not_selected_by_strategy_rule
R1,2026-02-09,2026-02-27,2026-02-27,2026-02-27,2026-03-02,2026-04-01,ETR,ETR,ETR,55,Utilities,2026-02-27,Wikipedia,1340186477,momentum,2.0.0,0.07454833395511629,237.0,True,,0.07454833395511629,,55,0.0,237.0,266.0,False,False,False,False,,,0.0,True,,0.0,,not_selected_by_strategy_rule
R1,2026-02-09,2026-02-27,2026-02-27,2026-02-27,2026-03-02,2026-04-01,EVRG,EVRG,EVRG,55,Utilities,2026-02-27,Wikipedia,1340186477,momentum,2.0.0,0.10396274741002576,206.0,True,,0.10396274741002576,,55,0.0,206.0,297.0,False,False,False,False,,,0.0,True,,0.0,,not_selected_by_strategy_rule
R1,2026-02-09,2026-02-27,2026-02-27,2026-02-27,2026-03-02,2026-04-01,EW,EW,EW,35,Health Care,2026-02-27,Wikipedia,1340186477,momentum,2.0.0,0.025847977743830963,296.0,True,,0.025847977743830963,,35,0.0,296.0,207.0,False,False,False,False,,,0.0,True,,0.0,,not_selected_by_strategy_rule
R1,2026-02-09,2026-02-27,2026-02-27,2026-02-27,2026-03-02,2026-04-01,EXC,EXC,EXC,55,Utilities,2026-02-27,Wikipedia,1340186477,momentum,2.0.0,0.01409079072519348,313.0,True,,0.01409079072519348,,55,0.0,313.0,190.0,False,False,False,False,,,0.0,True,,0.0,,not_selected_by_strategy_rule
R1,2026-02-09,2026-02-27,2026-02-27,2026-02-27,2026-03-02,2026-04-01,EXE,EXE,EXE,10,Energy,2026-02-27,Wikipedia,1340186477,momentum,2.0.0,0.09463303051584093,219.0,True,,0.09463303051584093,,10,0.0,219.0,284.0,False,False,False,False,,,0.0,True,,0.0,,not_selected_by_strategy_rule
R1,2026-02-09,2026-02-27,2026-02-27,2026-02-27,2026-03-02,2026-04-01,EXPD,EXPD,EXPD,20,Industrials,2026-02-27,Wikipedia,1340186477,momentum,2.0.0,0.38838545202044394,47.0,True,,0.38838545202044394,,20,0.0,47.0,456.0,False,False,False,False,,,0.0,True,,0.0,,not_selected_by_strategy_rule
R1,2026-02-09,2026-02-27,2026-02-27,2026-02-27,2026-03-02,2026-04-01,EXPE,EXPE,EXPE,25,Consumer Discretionary,2026-02-27,Wikipedia,1340186477,momentum,2.0.0,0.4747703358494504,32.0,True,,0.4747703358494504,,25,0.0,32.0,471.0,False,False,False,False,,,0.0,True,,0.0,,not_selected_by_strategy_rule
R1,2026-02-09,2026-02-27,2026-02-27,2026-02-27,2026-03-02,2026-04-01,EXR,EXR,EXR,60,Real Estate,2026-02-27,Wikipedia,1340186477,momentum,2.0.0,0.05095910244666202,262.0,True,,0.05095910244666202,,60,0.0,262.0,241.0,False,False,False,False,,,0.0,True,,0.0,,not_selected_by_strategy_rule
R1,2026-02-09,2026-02-27,2026-02-27,2026-02-27,2026-03-02,2026-04-01,F,F,F,25,Consumer Discretionary,2026-02-27,Wikipedia,1340186477,momentum,2.0.0,0.2853726015057627,70.0,True,,0.2853726015057627,,25,0.0,70.0,433.0,False,False,False,False,,,0.0,True,,0.0,,not_selected_by_strategy_rule
R1,2026-02-09,2026-02-27,2026-02-27,2026-02-27,2026-03-02,2026-04-01,FANG,FANG,FANG,10,Energy,2026-02-27,Wikipedia,1340186477,momentum,2.0.0,0.118439010281014,190.0,True,,0.118439010281014,,10,0.0,190.0,313.0,False,False,False,False,,,0.0,True,,0.0,,not_selected_by_strategy_rule
R1,2026-02-09,2026-02-27,2026-02-27,2026-02-27,2026-03-02,2026-04-01,FAST,FAST,FAST,20,Industrials,2026-02-27,Wikipedia,1340186477,momentum,2.0.0,-0.049934126774844656,380.0,True,,-0.049934126774844656,,20,0.0,380.0,123.0,False,False,False,False,,,0.0,True,,0.0,,not_selected_by_strategy_rule
R1,2026-02-09,2026-02-27,2026-02-27,2026-02-27,2026-03-02,2026-04-01,FCX,FCX,FCX,15,Materials,2026-02-27,Wikipedia,1340186477,momentum,2.0.0,0.505880621458457,29.0,True,,0.505880621458457,,15,0.0,29.0,474.0,False,False,False,False,,,0.0,True,,0.0,,not_selected_by_strategy_rule
R1,2026-02-09,2026-02-27,2026-02-27,2026-02-27,2026-03-02,2026-04-01,FDS,FDS,FDS,40,Financials,2026-02-27,Wikipedia,1340186477,momentum,2.0.0,-0.36430280753878574,493.0,True,,-0.36430280753878574,,40,0.0,493.0,10.0,False,False,False,True,,Short,-0.04500000000000001,True,Short,-0.04500000000000001,,selected_short
R1,2026-02-09,2026-02-27,2026-02-27,2026-02-27,2026-03-02,2026-04-01,FDX,FDX,FDX,20,Industrials,2026-02-27,Wikipedia,1340186477,momentum,2.0.0,0.458577053539025,33.0,True,,0.458577053539025,,20,0.0,33.0,470.0,False,False,False,False,,,0.0,True,,0.0,,not_selected_by_strategy_rule
R1,2026-02-09,2026-02-27,2026-02-27,2026-02-27,2026-03-02,2026-04-01,FE,FE,FE,55,Utilities,2026-02-27,Wikipedia,1340186477,momentum,2.0.0,0.13084842638976402,180.0,True,,0.13084842638976402,,55,0.0,180.0,323.0,False,False,False,False,,,0.0,True,,0.0,,not_selected_by_strategy_rule
R1,2026-02-09,2026-02-27,2026-02-27,2026-02-27,2026-03-02,2026-04-01,FFIV,FFIV,FFIV,45,Information Technology,2026-02-27,Wikipedia,1340186477,momentum,2.0.0,-0.1206369295395674,430.0,True,,-0.1206369295395674,,45,0.0,430.0,73.0,False,False,False,False,,,0.0,True,,0.0,,not_selected_by_strategy_rule
R1,2026-02-09,2026-02-27,2026-02-27,2026-02-27,2026-03-02,2026-04-01,FICO,FICO,FICO,45,Information Technology,2026-02-27,Wikipedia,1340186477,momentum,2.0.0,0.018410040774503145,304.0,True,,0.018410040774503145,,45,0.0,304.0,199.0,False,False,False,False,,,0.0,True,,0.0,,not_selected_by_strategy_rule
R1,2026-02-09,2026-02-27,2026-02-27,2026-02-27,2026-03-02,2026-04-01,FIS,FIS,FIS,40,Financials,2026-02-27,Wikipedia,1340186477,momentum,2.0.0,-0.29589045988759477,486.0,True,,-0.29589045988759477,,40,0.0,486.0,17.0,False,False,False,False,,,0.0,True,,0.0,,not_selected_by_strategy_rule
R1,2026-02-09,2026-02-27,2026-02-27,2026-02-27,2026-03-02,2026-04-01,FISV,FISV,FISV,40,Financials,2026-02-27,Wikipedia,1340186477,momentum,2.0.0,-0.5413128082453249,501.0,True,,-0.5413128082453249,,40,0.0,501.0,2.0,False,False,False,True,,Short,-0.04500000000000001,True,Short,-0.04500000000000001,,selected_short
R1,2026-02-09,2026-02-27,2026-02-27,2026-02-27,2026-03-02,2026-04-01,FITB,FITB,FITB,40,Financials,2026-02-27,Wikipedia,1340186477,momentum,2.0.0,0.229165660554979,102.0,True,,0.229165660554979,,40,0.0,102.0,401.0,False,False,False,False,,,0.0,True,,0.0,,not_selected_by_strategy_rule
R1,2026-02-09,2026-02-27,2026-02-27,2026-02-27,2026-03-02,2026-04-01,FIX,FIX,FIX,20,Industrials,2026-02-27,Wikipedia,1340186477,momentum,2.0.0,0.6260756230174385,19.0,True,,0.6260756230174385,,20,0.0,19.0,484.0,False,False,False,False,,,0.0,True,,0.0,,not_selected_by_strategy_rule
R1,2026-02-09,2026-02-27,2026-02-27,2026-02-27,2026-03-02,2026-04-01,FOX,FOX,FOX,50,Communication Services,2026-02-27,Wikipedia,1340186477,momentum,2.0.0,0.28865374743686156,68.0,True,,0.28865374743686156,,50,0.0,68.0,435.0,False,False,False,False,,,0.0,True,,0.0,,not_selected_by_strategy_rule
R1,2026-02-09,2026-02-27,2026-02-27,2026-02-27,2026-03-02,2026-04-01,FOXA,FOXA,FOXA,50,Communication Services,2026-02-27,Wikipedia,1340186477,momentum,2.0.0,0.31125069335590916,61.0,True,,0.31125069335590916,,50,0.0,61.0,442.0,False,False,False,False,,,0.0,True,,0.0,,not_selected_by_strategy_rule
R1,2026-02-09,2026-02-27,2026-02-27,2026-02-27,2026-03-02,2026-04-01,FRT,FRT,FRT,60,Real Estate,2026-02-27,Wikipedia,1340186477,momentum,2.0.0,0.12262238945422665,186.0,True,,0.12262238945422665,,60,0.0,186.0,317.0,False,False,False,False,,,0.0,True,,0.0,,not_selected_by_strategy_rule
R1,2026-02-09,2026-02-27,2026-02-27,2026-02-27,2026-03-02,2026-04-01,FSLR,FSLR,FSLR,45,Information Technology,2026-02-27,Wikipedia,1340186477,momentum,2.0.0,0.29067710059422236,66.0,True,,0.29067710059422236,,45,0.0,66.0,437.0,False,False,False,False,,,0.0,True,,0.0,,not_selected_by_strategy_rule
R1,2026-02-09,2026-02-27,2026-02-27,2026-02-27,2026-03-02,2026-04-01,FTNT,FTNT,FTNT,45,Information Technology,2026-02-27,Wikipedia,1340186477,momentum,2.0.0,-0.18658657762702613,460.0,True,,-0.18658657762702613,,45,0.0,460.0,43.0,False,False,False,False,,,0.0,True,,0.0,,not_selected_by_strategy_rule
R1,2026-02-09,2026-02-27,2026-02-27,2026-02-27,2026-03-02,2026-04-01,FTV,FTV,FTV,20,Industrials,2026-02-27,Wikipedia,1340186477,momentum,2.0.0,0.10439526665069088,205.0,True,,0.10439526665069088,,20,0.0,205.0,298.0,False,False,False,False,,,0.0,True,,0.0,,not_selected_by_strategy_rule
R1,2026-02-09,2026-02-27,2026-02-27,2026-02-27,2026-03-02,2026-04-01,GD,GD,GD,20,Industrials,2026-02-27,Wikipedia,1340186477,momentum,2.0.0,0.1362719147571001,173.0,True,,0.1362719147571001,,20,0.0,173.0,330.0,False,False,False,False,,,0.0,True,,0.0,,not_selected_by_strategy_rule
R1,2026-02-09,2026-02-27,2026-02-27,2026-02-27,2026-03-02,2026-04-01,GDDY,GDDY,GDDY,45,Information Technology,2026-02-27,Wikipedia,1340186477,momentum,2.0.0,-0.3778933314521904,495.0,True,,-0.3778933314521904,,45,0.0,495.0,8.0,False,False,False,True,,Short,-0.04500000000000001,True,Short,-0.04500000000000001,,selected_short
R1,2026-02-09,2026-02-27,2026-02-27,2026-02-27,2026-03-02,2026-04-01,GE,GE,GE,20,Industrials,2026-02-27,Wikipedia,1340186477,momentum,2.0.0,0.13441116504695083,177.0,True,,0.13441116504695083,,20,0.0,177.0,326.0,False,False,False,False,,,0.0,True,,0.0,,not_selected_by_strategy_rule
R1,2026-02-09,2026-02-27,2026-02-27,2026-02-27,2026-03-02,2026-04-01,GEHC,GEHC,GEHC,35,Health Care,2026-02-27,Wikipedia,1340186477,momentum,2.0.0,0.1082047968885882,203.0,True,,0.1082047968885882,,35,0.0,203.0,300.0,False,False,False,False,,,0.0,True,,0.0,,not_selected_by_strategy_rule
R1,2026-02-09,2026-02-27,2026-02-27,2026-02-27,2026-03-02,2026-04-01,GEN,GEN,GEN,45,Information Technology,2026-02-27,Wikipedia,1340186477,momentum,2.0.0,-0.17941804228404923,454.0,True,,-0.17941804228404923,,45,0.0,454.0,49.0,False,False,False,False,,,0.0,True,,0.0,,not_selected_by_strategy_rule
R1,2026-02-09,2026-02-27,2026-02-27,2026-02-27,2026-03-02,2026-04-01,GEV,GEV,GEV,20,Industrials,2026-02-27,Wikipedia,1340186477,momentum,2.0.0,0.10134624137956272,211.0,True,,0.10134624137956272,,20,0.0,211.0,292.0,False,False,False,False,,,0.0,True,,0.0,,not_selected_by_strategy_rule
R1,2026-02-09,2026-02-27,2026-02-27,2026-02-27,2026-03-02,2026-04-01,GILD,GILD,GILD,35,Health Care,2026-02-27,Wikipedia,1340186477,momentum,2.0.0,0.2813236685727636,74.0,True,,0.2813236685727636,,35,0.0,74.0,429.0,False,False,False,False,,,0.0,True,,0.0,,not_selected_by_strategy_rule
R1,2026-02-09,2026-02-27,2026-02-27,2026-02-27,2026-03-02,2026-04-01,GIS,GIS,GIS,30,Consumer Staples,2026-02-27,Wikipedia,1340186477,momentum,2.0.0,-0.030209048245262937,359.0,True,,-0.030209048245262937,,30,0.0,359.0,144.0,False,False,False,False,,,0.0,True,,0.0,,not_selected_by_strategy_rule
R1,2026-02-09,2026-02-27,2026-02-27,2026-02-27,2026-03-02,2026-04-01,GL,GL,GL,40,Financials,2026-02-27,Wikipedia,1340186477,momentum,2.0.0,0.00211151797905762,327.0,True,,0.00211151797905762,,40,0.0,327.0,176.0,False,False,False,False,,,0.0,True,,0.0,,not_selected_by_strategy_rule
R1,2026-02-09,2026-02-27,2026-02-27,2026-02-27,2026-03-02,2026-04-01,GLW,GLW,GLW,45,Information Technology,2026-02-27,Wikipedia,1340186477,momentum,2.0.0,0.6449204925785863,17.0,True,,0.6449204925785863,,45,0.0,17.0,486.0,False,False,False,False,,,0.0,True,,0.0,,not_selected_by_strategy_rule
R1,2026-02-09,2026-02-27,2026-02-27,2026-02-27,2026-03-02,2026-04-01,GM,GM,GM,25,Consumer Discretionary,2026-02-27,Wikipedia,1340186477,momentum,2.0.0,0.5820277670482739,22.0,True,,0.5820277670482739,,25,0.0,22.0,481.0,False,False,False,False,,,0.0,True,,0.0,,not_selected_by_strategy_rule
R1,2026-02-09,2026-02-27,2026-02-27,2026-02-27,2026-03-02,2026-04-01,GNRC,GNRC,GNRC,20,Industrials,2026-02-27,Wikipedia,1340186477,momentum,2.0.0,-0.13688432287782215,438.0,True,,-0.13688432287782215,,20,0.0,438.0,65.0,False,False,False,False,,,0.0,True,,0.0,,not_selected_by_strategy_rule
R1,2026-02-09,2026-02-27,2026-02-27,2026-02-27,2026-03-02,2026-04-01,GOOG,GOOG,GOOG,50,Communication Services,2026-02-27,Wikipedia,1340186477,momentum,2.0.0,0.7580299840271292,14.0,True,,0.7580299840271292,,50,0.0,14.0,489.0,False,False,False,False,,,0.0,True,,0.0,,not_selected_by_strategy_rule
R1,2026-02-09,2026-02-27,2026-02-27,2026-02-27,2026-03-02,2026-04-01,GOOGL,GOOGL,GOOGL,50,Communication Services,2026-02-27,Wikipedia,1340186477,momentum,2.0.0,0.7640625868988755,13.0,True,,0.7640625868988755,,50,0.0,13.0,490.0,False,False,False,False,,,0.0,True,,0.0,,not_selected_by_strategy_rule
R1,2026-02-09,2026-02-27,2026-02-27,2026-02-27,2026-03-02,2026-04-01,GPC,GPC,GPC,25,Consumer Discretionary,2026-02-27,Wikipedia,1340186477,momentum,2.0.0,0.095020995919465,217.0,True,,0.095020995919465,,25,0.0,217.0,286.0,False,False,False,False,,,0.0,True,,0.0,,not_selected_by_strategy_rule
R1,2026-02-09,2026-02-27,2026-02-27,2026-02-27,2026-03-02,2026-04-01,GPN,GPN,GPN,40,Financials,2026-02-27,Wikipedia,1340186477,momentum,2.0.0,-0.09733909926945916,413.0,True,,-0.09733909926945916,,40,0.0,413.0,90.0,False,False,False,False,,,0.0,True,,0.0,,not_selected_by_strategy_rule
R1,2026-02-09,2026-02-27,2026-02-27,2026-02-27,2026-03-02,2026-04-01,GRMN,GRMN,GRMN,25,Consumer Discretionary,2026-02-27,Wikipedia,1340186477,momentum,2.0.0,-0.07083953278141009,394.0,True,,-0.07083953278141009,,25,0.0,394.0,109.0,False,False,False,False,,,0.0,True,,0.0,,not_selected_by_strategy_rule
R1,2026-02-09,2026-02-27,2026-02-27,2026-02-27,2026-03-02,2026-04-01,GS,GS,GS,40,Financials,2026-02-27,Wikipedia,1340186477,momentum,2.0.0,0.306098075049839,62.0,True,,0.306098075049839,,40,0.0,62.0,441.0,False,False,False,False,,,0.0,True,,0.0,,not_selected_by_strategy_rule
R1,2026-02-09,2026-02-27,2026-02-27,2026-02-27,2026-03-02,2026-04-01,GWW,GWW,GWW,20,Industrials,2026-02-27,Wikipedia,1340186477,momentum,2.0.0,0.04381019293783672,275.0,True,,0.04381019293783672,,20,0.0,275.0,228.0,False,False,False,False,,,0.0,True,,0.0,,not_selected_by_strategy_rule
R1,2026-02-09,2026-02-27,2026-02-27,2026-02-27,2026-03-02,2026-04-01,HAL,HAL,HAL,10,Energy,2026-02-27,Wikipedia,1340186477,momentum,2.0.0,0.5173103404088604,27.0,True,,0.5173103404088604,,10,0.0,27.0,476.0,False,False,False,False,,,0.0,True,,0.0,,not_selected_by_strategy_rule
R1,2026-02-09,2026-02-27,2026-02-27,2026-02-27,2026-03-02,2026-04-01,HAS,HAS,HAS,25,Consumer Discretionary,2026-02-27,Wikipedia,1340186477,momentum,2.0.0,0.20988530912877934,118.0,True,,0.20988530912877934,,25,0.0,118.0,385.0,False,False,False,False,,,0.0,True,,0.0,,not_selected_by_strategy_rule
R1,2026-02-09,2026-02-27,2026-02-27,2026-02-27,2026-03-02,2026-04-01,HBAN,HBAN,HBAN,40,Financials,2026-02-27,Wikipedia,1340186477,momentum,2.0.0,0.0829096900591546,227.0,True,,0.0829096900591546,,40,0.0,227.0,276.0,False,False,False,False,,,0.0,True,,0.0,,not_selected_by_strategy_rule
R1,2026-02-09,2026-02-27,2026-02-27,2026-02-27,2026-03-02,2026-04-01,HCA,HCA,HCA,35,Health Care,2026-02-27,Wikipedia,1340186477,momentum,2.0.0,0.3838559707621587,48.0,True,,0.3838559707621587,,35,0.0,48.0,455.0,False,False,False,False,,,0.0,True,,0.0,,not_selected_by_strategy_rule
R1,2026-02-09,2026-02-27,2026-02-27,2026-02-27,2026-03-02,2026-04-01,HD,HD,HD,25,Consumer Discretionary,2026-02-27,Wikipedia,1340186477,momentum,2.0.0,0.031677141098427564,289.0,True,,0.031677141098427564,,25,0.0,289.0,214.0,False,False,False,False,,,0.0,True,,0.0,,not_selected_by_strategy_rule
R1,2026-02-09,2026-02-27,2026-02-27,2026-02-27,2026-03-02,2026-04-01,HIG,HIG,HIG,40,Financials,2026-02-27,Wikipedia,1340186477,momentum,2.0.0,0.09485649528127893,218.0,True,,0.09485649528127893,,40,0.0,218.0,285.0,False,False,False,False,,,0.0,True,,0.0,,not_selected_by_strategy_rule
R1,2026-02-09,2026-02-27,2026-02-27,2026-02-27,2026-03-02,2026-04-01,HII,HII,HII,20,Industrials,2026-02-27,Wikipedia,1340186477,momentum,2.0.0,0.5220759813345441,26.0,True,,0.5220759813345441,,20,0.0,26.0,477.0,False,False,False,False,,,0.0,True,,0.0,,not_selected_by_strategy_rule
R1,2026-02-09,2026-02-27,2026-02-27,2026-02-27,2026-03-02,2026-04-01,HLT,HLT,HLT,25,Consumer Discretionary,2026-02-27,Wikipedia,1340186477,momentum,2.0.0,0.11474847266535182,195.0,True,,0.11474847266535182,,25,0.0,195.0,308.0,False,False,False,False,,,0.0,True,,0.0,,not_selected_by_strategy_rule
R1,2026-02-09,2026-02-27,2026-02-27,2026-02-27,2026-03-02,2026-04-01,HOLX,HOLX,HOLX,35,Health Care,2026-02-27,Wikipedia,1340186477,momentum,2.0.0,0.12137085674036219,188.0,True,,0.12137085674036219,,35,0.0,188.0,315.0,False,False,False,False,,,0.0,True,,0.0,,not_selected_by_strategy_rule
R1,2026-02-09,2026-02-27,2026-02-27,2026-02-27,2026-03-02,2026-04-01,HON,HON,HON,20,Industrials,2026-02-27,Wikipedia,1340186477,momentum,2.0.0,0.09785824859122072,216.0,True,,0.09785824859122072,,20,0.0,216.0,287.0,False,False,False,False,,,0.0,True,,0.0,,not_selected_by_strategy_rule
R1,2026-02-09,2026-02-27,2026-02-27,2026-02-27,2026-03-02,2026-04-01,HOOD,HOOD,HOOD,40,Financials,2026-02-27,Wikipedia,1340186477,momentum,2.0.0,-0.034643373014080714,362.0,True,,-0.034643373014080714,,40,0.0,362.0,141.0,False,False,False,False,,,0.0,True,,0.0,,not_selected_by_strategy_rule
R1,2026-02-09,2026-02-27,2026-02-27,2026-02-27,2026-03-02,2026-04-01,HPE,HPE,HPE,45,Information Technology,2026-02-27,Wikipedia,1340186477,momentum,2.0.0,0.05190120279801569,259.0,True,,0.05190120279801569,,45,0.0,259.0,244.0,False,False,False,False,,,0.0,True,,0.0,,not_selected_by_strategy_rule
R1,2026-02-09,2026-02-27,2026-02-27,2026-02-27,2026-03-02,2026-04-01,HPQ,HPQ,HPQ,45,Information Technology,2026-02-27,Wikipedia,1340186477,momentum,2.0.0,-0.19882031687737312,468.0,True,,-0.19882031687737312,,45,0.0,468.0,35.0,False,False,False,False,,,0.0,True,,0.0,,not_selected_by_strategy_rule
R1,2026-02-09,2026-02-27,2026-02-27,2026-02-27,2026-03-02,2026-04-01,HRL,HRL,HRL,30,Consumer Staples,2026-02-27,Wikipedia,1340186477,momentum,2.0.0,-0.10163328643850411,417.0,True,,-0.10163328643850411,,30,0.0,417.0,86.0,False,False,False,False,,,0.0,True,,0.0,,not_selected_by_strategy_rule
R1,2026-02-09,2026-02-27,2026-02-27,2026-02-27,2026-03-02,2026-04-01,HSIC,HSIC,HSIC,35,Health Care,2026-02-27,Wikipedia,1340186477,momentum,2.0.0,0.11574281824752641,194.0,True,,0.11574281824752641,,35,0.0,194.0,309.0,False,False,False,False,,,0.0,True,,0.0,,not_selected_by_strategy_rule
R1,2026-02-09,2026-02-27,2026-02-27,2026-02-27,2026-03-02,2026-04-01,HST,HST,HST,60,Real Estate,2026-02-27,Wikipedia,1340186477,momentum,2.0.0,0.21569968693861696,111.0,True,,0.21569968693861696,,60,0.0,111.0,392.0,False,False,False,False,,,0.0,True,,0.0,,not_selected_by_strategy_rule
R1,2026-02-09,2026-02-27,2026-02-27,2026-02-27,2026-03-02,2026-04-01,HSY,HSY,HSY,30,Consumer Staples,2026-02-27,Wikipedia,1340186477,momentum,2.0.0,0.06244727641434089,249.0,True,,0.06244727641434089,,30,0.0,249.0,254.0,False,False,False,False,,,0.0,True,,0.0,,not_selected_by_strategy_rule
R1,2026-02-09,2026-02-27,2026-02-27,2026-02-27,2026-03-02,2026-04-01,HUBB,HUBB,HUBB,20,Industrials,2026-02-27,Wikipedia,1340186477,momentum,2.0.0,0.12237440632901575,187.0,True,,0.12237440632901575,,20,0.0,187.0,316.0,False,False,False,False,,,0.0,True,,0.0,,not_selected_by_strategy_rule
R1,2026-02-09,2026-02-27,2026-02-27,2026-02-27,2026-03-02,2026-04-01,HUM,HUM,HUM,35,Health Care,2026-02-27,Wikipedia,1340186477,momentum,2.0.0,-0.21338168834766646,470.0,True,,-0.21338168834766646,,35,0.0,470.0,33.0,False,False,False,False,,,0.0,True,,0.0,,not_selected_by_strategy_rule
R1,2026-02-09,2026-02-27,2026-02-27,2026-02-27,2026-03-02,2026-04-01,HWM,HWM,HWM,20,Industrials,2026-02-27,Wikipedia,1340186477,momentum,2.0.0,0.15892038239329453,154.0,True,,0.15892038239329453,,20,0.0,154.0,349.0,False,False,False,False,,,0.0,True,,0.0,,not_selected_by_strategy_rule
R1,2026-02-09,2026-02-27,2026-02-27,2026-02-27,2026-03-02,2026-04-01,IBKR,IBKR,IBKR,40,Financials,2026-02-27,Wikipedia,1340186477,momentum,2.0.0,0.14502596720116023,166.0,True,,0.14502596720116023,,40,0.0,166.0,337.0,False,False,False,False,,,0.0,True,,0.0,,not_selected_by_strategy_rule
R1,2026-02-09,2026-02-27,2026-02-27,2026-02-27,2026-03-02,2026-04-01,IBM,IBM,IBM,45,Information Technology,2026-02-27,Wikipedia,1340186477,momentum,2.0.0,0.22645114803604893,105.0,True,,0.22645114803604893,,45,0.0,105.0,398.0,False,False,False,False,,,0.0,True,,0.0,,not_selected_by_strategy_rule
R1,2026-02-09,2026-02-27,2026-02-27,2026-02-27,2026-03-02,2026-04-01,ICE,ICE,ICE,40,Financials,2026-02-27,Wikipedia,1340186477,momentum,2.0.0,-0.05434478419529387,384.0,True,,-0.05434478419529387,,40,0.0,384.0,119.0,False,False,False,False,,,0.0,True,,0.0,,not_selected_by_strategy_rule
R1,2026-02-09,2026-02-27,2026-02-27,2026-02-27,2026-03-02,2026-04-01,IDXX,IDXX,IDXX,35,Health Care,2026-02-27,Wikipedia,1340186477,momentum,2.0.0,0.25481466758280513,88.0,True,,0.25481466758280513,,35,0.0,88.0,415.0,False,False,False,False,,,0.0,True,,0.0,,not_selected_by_strategy_rule
R1,2026-02-09,2026-02-27,2026-02-27,2026-02-27,2026-03-02,2026-04-01,IEX,IEX,IEX,20,Industrials,2026-02-27,Wikipedia,1340186477,momentum,2.0.0,0.2239691852280632,106.0,True,,0.2239691852280632,,20,0.0,106.0,397.0,False,False,False,False,,,0.0,True,,0.0,,not_selected_by_strategy_rule
R1,2026-02-09,2026-02-27,2026-02-27,2026-02-27,2026-03-02,2026-04-01,IFF,IFF,IFF,15,Materials,2026-02-27,Wikipedia,1340186477,momentum,2.0.0,-0.004571197531727966,335.0,True,,-0.004571197531727966,,15,0.0,335.0,168.0,False,False,False,False,,,0.0,True,,0.0,,not_selected_by_strategy_rule
R1,2026-02-09,2026-02-27,2026-02-27,2026-02-27,2026-03-02,2026-04-01,INCY,INCY,INCY,35,Health Care,2026-02-27,Wikipedia,1340186477,momentum,2.0.0,0.336226472297932,55.0,True,,0.336226472297932,,35,0.0,55.0,448.0,False,False,False,False,,,0.0,True,,0.0,,not_selected_by_strategy_rule
R1,2026-02-09,2026-02-27,2026-02-27,2026-02-27,2026-03-02,2026-04-01,INTC,INTC,INTC,45,Information Technology,2026-02-27,Wikipedia,1340186477,momentum,2.0.0,1.346969849055506,8.0,True,,1.346969849055506,,45,0.0,8.0,495.0,False,False,True,False,,Long,0.10499999999999998,True,Long,0.10499999999999998,,selected_long
R1,2026-02-09,2026-02-27,2026-02-27,2026-02-27,2026-03-02,2026-04-01,INTU,INTU,INTU,45,Information Technology,2026-02-27,Wikipedia,1340186477,momentum,2.0.0,-0.36220445236157073,492.0,True,,-0.36220445236157073,,45,0.0,492.0,11.0,False,False,False,False,,,0.0,True,,0.0,,not_selected_by_strategy_rule
R1,2026-02-09,2026-02-27,2026-02-27,2026-02-27,2026-03-02,2026-04-01,INVH,INVH,INVH,60,Real Estate,2026-02-27,Wikipedia,1340186477,momentum,2.0.0,-0.10937778214472971,424.0,True,,-0.10937778214472971,,60,0.0,424.0,79.0,False,False,False,False,,,0.0,True,,0.0,,not_selected_by_strategy_rule
R1,2026-02-09,2026-02-27,2026-02-27,2026-02-27,2026-03-02,2026-04-01,IP,IP,IP,15,Materials,2026-02-27,Wikipedia,1340186477,momentum,2.0.0,-0.1181350145838489,429.0,True,,-0.1181350145838489,,15,0.0,429.0,74.0,False,False,False,False,,,0.0,True,,0.0,,not_selected_by_strategy_rule
R1,2026-02-09,2026-02-27,2026-02-27,2026-02-27,2026-03-02,2026-04-01,IQV,IQV,IQV,35,Health Care,2026-02-27,Wikipedia,1340186477,momentum,2.0.0,0.2382976064816933,99.0,True,,0.2382976064816933,,35,0.0,99.0,404.0,False,False,False,False,,,0.0,True,,0.0,,not_selected_by_strategy_rule
R1,2026-02-09,2026-02-27,2026-02-27,2026-02-27,2026-03-02,2026-04-01,IR,IR,IR,20,Industrials,2026-02-27,Wikipedia,1340186477,momentum,2.0.0,0.01776533367993882,307.0,True,,0.01776533367993882,,20,0.0,307.0,196.0,False,False,False,False,,,0.0,True,,0.0,,not_selected_by_strategy_rule
R1,2026-02-09,2026-02-27,2026-02-27,2026-02-27,2026-03-02,2026-04-01,IRM,IRM,IRM,60,Real Estate,2026-02-27,Wikipedia,1340186477,momentum,2.0.0,-0.03597971179711146,364.0,True,,-0.03597971179711146,,60,0.0,364.0,139.0,False,False,False,False,,,0.0,True,,0.0,,not_selected_by_strategy_rule
R1,2026-02-09,2026-02-27,2026-02-27,2026-02-27,2026-03-02,2026-04-01,ISRG,ISRG,ISRG,35,Health Care,2026-02-27,Wikipedia,1340186477,momentum,2.0.0,0.048078332658921585,267.0,True,,0.048078332658921585,,35,0.0,267.0,236.0,False,False,False,False,,,0.0,True,,0.0,,not_selected_by_strategy_rule
R1,2026-02-09,2026-02-27,2026-02-27,2026-02-27,2026-03-02,2026-04-01,IT,IT,IT,45,Information Technology,2026-02-27,Wikipedia,1340186477,momentum,2.0.0,-0.3810423611747551,497.0,True,,-0.3810423611747551,,45,0.0,497.0,6.0,False,False,False,True,,Short,-0.04500000000000001,True,Short,-0.04500000000000001,,selected_short
R1,2026-02-09,2026-02-27,2026-02-27,2026-02-27,2026-03-02,2026-04-01,ITW,ITW,ITW,20,Industrials,2026-02-27,Wikipedia,1340186477,momentum,2.0.0,0.03362677018304794,286.0,True,,0.03362677018304794,,20,0.0,286.0,217.0,False,False,False,False,,,0.0,True,,0.0,,not_selected_by_strategy_rule
R1,2026-02-09,2026-02-27,2026-02-27,2026-02-27,2026-03-02,2026-04-01,IVZ,IVZ,IVZ,40,Financials,2026-02-27,Wikipedia,1340186477,momentum,2.0.0,0.3232939305574316,58.0,True,,0.3232939305574316,,40,0.0,58.0,445.0,False,False,False,False,,,0.0,True,,0.0,,not_selected_by_strategy_rule
R1,2026-02-09,2026-02-27,2026-02-27,2026-02-27,2026-03-02,2026-04-01,J,J,J,20,Industrials,2026-02-27,Wikipedia,1340186477,momentum,2.0.0,-0.042209464464682545,371.0,True,,-0.042209464464682545,,20,0.0,371.0,132.0,False,False,False,False,,,0.0,True,,0.0,,not_selected_by_strategy_rule
R1,2026-02-09,2026-02-27,2026-02-27,2026-02-27,2026-03-02,2026-04-01,JBHT,JBHT,JBHT,20,Industrials,2026-02-27,Wikipedia,1340186477,momentum,2.0.0,0.41539994484952647,38.0,True,,0.41539994484952647,,20,0.0,38.0,465.0,False,False,False,False,,,0.0,True,,0.0,,not_selected_by_strategy_rule
R1,2026-02-09,2026-02-27,2026-02-27,2026-02-27,2026-03-02,2026-04-01,JBL,JBL,JBL,45,Information Technology,2026-02-27,Wikipedia,1340186477,momentum,2.0.0,0.06363477061271894,246.0,True,,0.06363477061271894,,45,0.0,246.0,257.0,False,False,False,False,,,0.0,True,,0.0,,not_selected_by_strategy_rule
R1,2026-02-09,2026-02-27,2026-02-27,2026-02-27,2026-03-02,2026-04-01,JCI,JCI,JCI,20,Industrials,2026-02-27,Wikipedia,1340186477,momentum,2.0.0,0.1358094951352251,174.0,True,,0.1358094951352251,,20,0.0,174.0,329.0,False,False,False,False,,,0.0,True,,0.0,,not_selected_by_strategy_rule
R1,2026-02-09,2026-02-27,2026-02-27,2026-02-27,2026-03-02,2026-04-01,JKHY,JKHY,JKHY,40,Financials,2026-02-27,Wikipedia,1340186477,momentum,2.0.0,0.06262673940405716,248.0,True,,0.06262673940405716,,40,0.0,248.0,255.0,False,False,False,False,,,0.0,True,,0.0,,not_selected_by_strategy_rule
R1,2026-02-09,2026-02-27,2026-02-27,2026-02-27,2026-03-02,2026-04-01,JNJ,JNJ,JNJ,35,Health Care,2026-02-27,Wikipedia,1340186477,momentum,2.0.0,0.3983940694120436,41.0,True,,0.3983940694120436,,35,0.0,41.0,462.0,False,False,False,False,,,0.0,True,,0.0,,not_selected_by_strategy_rule
R1,2026-02-09,2026-02-27,2026-02-27,2026-02-27,2026-03-02,2026-04-01,JPM,JPM,JPM,40,Financials,2026-02-27,Wikipedia,1340186477,momentum,2.0.0,0.04227539542631775,277.0,True,,0.04227539542631775,,40,0.0,277.0,226.0,False,False,False,False,,,0.0,True,,0.0,,not_selected_by_strategy_rule
R1,2026-02-09,2026-02-27,2026-02-27,2026-02-27,2026-03-02,2026-04-01,KDP,KDP,KDP,30,Consumer Staples,2026-02-27,Wikipedia,1340186477,momentum,2.0.0,-0.14497583862830432,441.0,True,,-0.14497583862830432,,30,0.0,441.0,62.0,False,False,False,False,,,0.0,True,,0.0,,not_selected_by_strategy_rule
R1,2026-02-09,2026-02-27,2026-02-27,2026-02-27,2026-03-02,2026-04-01,KEY,KEY,KEY,40,Financials,2026-02-27,Wikipedia,1340186477,momentum,2.0.0,0.2272565482015867,103.0,True,,0.2272565482015867,,40,0.0,103.0,400.0,False,False,False,False,,,0.0,True,,0.0,,not_selected_by_strategy_rule
R1,2026-02-09,2026-02-27,2026-02-27,2026-02-27,2026-03-02,2026-04-01,KEYS,KEYS,KEYS,45,Information Technology,2026-02-27,Wikipedia,1340186477,momentum,2.0.0,0.3198096333217464,60.0,True,,0.3198096333217464,,45,0.0,60.0,443.0,False,False,False,False,,,0.0,True,,0.0,,not_selected_by_strategy_rule
R1,2026-02-09,2026-02-27,2026-02-27,2026-02-27,2026-03-02,2026-04-01,KHC,KHC,KHC,30,Consumer Staples,2026-02-27,Wikipedia,1340186477,momentum,2.0.0,-0.10885055913249742,422.0,True,,-0.10885055913249742,,30,0.0,422.0,81.0,False,False,False,False,,,0.0,True,,0.0,,not_selected_by_strategy_rule
R1,2026-02-09,2026-02-27,2026-02-27,2026-02-27,2026-03-02,2026-04-01,KIM,KIM,KIM,60,Real Estate,2026-02-27,Wikipedia,1340186477,momentum,2.0.0,0.01693386965232757,308.0,True,,0.01693386965232757,,60,0.0,308.0,195.0,False,False,False,False,,,0.0,True,,0.0,,not_selected_by_strategy_rule
R1,2026-02-09,2026-02-27,2026-02-27,2026-02-27,2026-03-02,2026-04-01,KKR,KKR,KKR,40,Financials,2026-02-27,Wikipedia,1340186477,momentum,2.0.0,-0.21827588397194053,473.0,True,,-0.21827588397194053,,40,0.0,473.0,30.0,False,False,False,False,,,0.0,True,,0.0,,not_selected_by_strategy_rule
R1,2026-02-09,2026-02-27,2026-02-27,2026-02-27,2026-03-02,2026-04-01,KLAC,KLAC,KLAC,45,Information Technology,2026-02-27,Wikipedia,1340186477,momentum,2.0.0,0.6307167679617005,18.0,True,,0.6307167679617005,,45,0.0,18.0,485.0,False,False,False,False,,,0.0,True,,0.0,,not_selected_by_strategy_rule
R1,2026-02-09,2026-02-27,2026-02-27,2026-02-27,2026-03-02,2026-04-01,KMB,KMB,KMB,30,Consumer Staples,2026-02-27,Wikipedia,1340186477,momentum,2.0.0,-0.17989013817831223,455.0,True,,-0.17989013817831223,,30,0.0,455.0,48.0,False,False,False,False,,,0.0,True,,0.0,,not_selected_by_strategy_rule
R1,2026-02-09,2026-02-27,2026-02-27,2026-02-27,2026-03-02,2026-04-01,KMI,KMI,KMI,10,Energy,2026-02-27,Wikipedia,1340186477,momentum,2.0.0,0.09889407953209273,214.0,True,,0.09889407953209273,,10,0.0,214.0,289.0,False,False,False,False,,,0.0,True,,0.0,,not_selected_by_strategy_rule
R1,2026-02-09,2026-02-27,2026-02-27,2026-02-27,2026-03-02,2026-04-01,KO,KO,KO,30,Consumer Staples,2026-02-27,Wikipedia,1340186477,momentum,2.0.0,0.11817948153684288,191.0,True,,0.11817948153684288,,30,0.0,191.0,312.0,False,False,False,False,,,0.0,True,,0.0,,not_selected_by_strategy_rule
R1,2026-02-09,2026-02-27,2026-02-27,2026-02-27,2026-03-02,2026-04-01,KR,KR,KR,30,Consumer Staples,2026-02-27,Wikipedia,1340186477,momentum,2.0.0,-0.09406150818133108,411.0,True,,-0.09406150818133108,,30,0.0,411.0,92.0,False,False,False,False,,,0.0,True,,0.0,,not_selected_by_strategy_rule
R1,2026-02-09,2026-02-27,2026-02-27,2026-02-27,2026-03-02,2026-04-01,KVUE,KVUE,KVUE,30,Consumer Staples,2026-02-27,Wikipedia,1340186477,momentum,2.0.0,-0.17032968498512413,450.0,True,,-0.17032968498512413,,30,0.0,450.0,53.0,False,False,False,False,,,0.0,True,,0.0,,not_selected_by_strategy_rule
R1,2026-02-09,2026-02-27,2026-02-27,2026-02-27,2026-03-02,2026-04-01,L,L,L,40,Financials,2026-02-27,Wikipedia,1340186477,momentum,2.0.0,0.16745142911618682,146.0,True,,0.16745142911618682,,40,0.0,146.0,357.0,False,False,False,False,,,0.0,True,,0.0,,not_selected_by_strategy_rule
R1,2026-02-09,2026-02-27,2026-02-27,2026-02-27,2026-03-02,2026-04-01,LDOS,LDOS,LDOS,20,Industrials,2026-02-27,Wikipedia,1340186477,momentum,2.0.0,0.18458573352196672,136.0,True,,0.18458573352196672,,20,0.0,136.0,367.0,False,False,False,False,,,0.0,True,,0.0,,not_selected_by_strategy_rule
R1,2026-02-09,2026-02-27,2026-02-27,2026-02-27,2026-03-02,2026-04-01,LEN,LEN,LEN,25,Consumer Discretionary,2026-02-27,Wikipedia,1340186477,momentum,2.0.0,-0.021076173946635413,349.0,True,,-0.021076173946635413,,25,0.0,349.0,154.0,False,False,False,False,,,0.0,True,,0.0,,not_selected_by_strategy_rule
R1,2026-02-09,2026-02-27,2026-02-27,2026-02-27,2026-03-02,2026-04-01,LH,LH,LH,35,Health Care,2026-02-27,Wikipedia,1340186477,momentum,2.0.0,0.04948502194775095,264.0,True,,0.04948502194775095,,35,0.0,264.0,239.0,False,False,False,False,,,0.0,True,,0.0,,not_selected_by_strategy_rule
R1,2026-02-09,2026-02-27,2026-02-27,2026-02-27,2026-03-02,2026-04-01,LHX,LHX,LHX,20,Industrials,2026-02-27,Wikipedia,1340186477,momentum,2.0.0,0.2582693946564092,84.0,True,,0.2582693946564092,,20,0.0,84.0,419.0,False,False,False,False,,,0.0,True,,0.0,,not_selected_by_strategy_rule
R1,2026-02-09,2026-02-27,2026-02-27,2026-02-27,2026-03-02,2026-04-01,LII,LII,LII,20,Industrials,2026-02-27,Wikipedia,1340186477,momentum,2.0.0,-0.18287546510944885,458.0,True,,-0.18287546510944885,,20,0.0,458.0,45.0,False,False,False,False,,,0.0,True,,0.0,,not_selected_by_strategy_rule
R1,2026-02-09,2026-02-27,2026-02-27,2026-02-27,2026-03-02,2026-04-01,LIN,LIN,LIN,15,Materials,2026-02-27,Wikipedia,1340186477,momentum,2.0.0,-0.0003130934128088292,331.0,True,,-0.0003130934128088292,,15,0.0,331.0,172.0,False,False,False,False,,,0.0,True,,0.0,,not_selected_by_strategy_rule
R1,2026-02-09,2026-02-27,2026-02-27,2026-02-27,2026-03-02,2026-04-01,LLY,LLY,LLY,35,Health Care,2026-02-27,Wikipedia,1340186477,momentum,2.0.0,0.40656215672299556,39.0,True,,0.40656215672299556,,35,0.0,39.0,464.0,False,False,False,False,,,0.0,True,,0.0,,not_selected_by_strategy_rule
R1,2026-02-09,2026-02-27,2026-02-27,2026-02-27,2026-03-02,2026-04-01,LMT,LMT,LMT,20,Industrials,2026-02-27,Wikipedia,1340186477,momentum,2.0.0,0.529044683032942,25.0,True,,0.529044683032942,,20,0.0,25.0,478.0,False,False,False,False,,,0.0,True,,0.0,,not_selected_by_strategy_rule
R1,2026-02-09,2026-02-27,2026-02-27,2026-02-27,2026-03-02,2026-04-01,LNT,LNT,LNT,55,Utilities,2026-02-27,Wikipedia,1340186477,momentum,2.0.0,0.029773776030144194,291.0,True,,0.029773776030144194,,55,0.0,291.0,212.0,False,False,False,False,,,0.0,True,,0.0,,not_selected_by_strategy_rule
R1,2026-02-09,2026-02-27,2026-02-27,2026-02-27,2026-03-02,2026-04-01,LOW,LOW,LOW,25,Consumer Discretionary,2026-02-27,Wikipedia,1340186477,momentum,2.0.0,0.20578917194129298,121.0,True,,0.20578917194129298,,25,0.0,121.0,382.0,False,False,False,False,,,0.0,True,,0.0,,not_selected_by_strategy_rule
R1,2026-02-09,2026-02-27,2026-02-27,2026-02-27,2026-03-02,2026-04-01,LRCX,LRCX,LRCX,45,Information Technology,2026-02-27,Wikipedia,1340186477,momentum,2.0.0,1.4705411929668402,7.0,True,,1.4705411929668402,,45,0.0,7.0,496.0,False,False,True,False,,Long,0.10499999999999998,True,Long,0.10499999999999998,,selected_long
R1,2026-02-09,2026-02-27,2026-02-27,2026-02-27,2026-03-02,2026-04-01,LULU,LULU,LULU,25,Consumer Discretionary,2026-02-27,Wikipedia,1340186477,momentum,2.0.0,-0.12980600876552872,435.0,True,,-0.12980600876552872,,25,0.0,435.0,68.0,False,False,False,False,,,0.0,True,,0.0,,not_selected_by_strategy_rule
R1,2026-02-09,2026-02-27,2026-02-27,2026-02-27,2026-03-02,2026-04-01,LUV,LUV,LUV,20,Industrials,2026-02-27,Wikipedia,1340186477,momentum,2.0.0,0.5517293376691357,23.0,True,,0.5517293376691357,,20,0.0,23.0,480.0,False,False,False,False,,,0.0,True,,0.0,,not_selected_by_strategy_rule
R1,2026-02-09,2026-02-27,2026-02-27,2026-02-27,2026-03-02,2026-04-01,LVS,LVS,LVS,25,Consumer Discretionary,2026-02-27,Wikipedia,1340186477,momentum,2.0.0,0.015233344356446521,310.0,True,,0.015233344356446521,,25,0.0,310.0,193.0,False,False,False,False,,,0.0,True,,0.0,,not_selected_by_strategy_rule
R1,2026-02-09,2026-02-27,2026-02-27,2026-02-27,2026-03-02,2026-04-01,LW,LW,LW,30,Consumer Staples,2026-02-27,Wikipedia,1340186477,momentum,2.0.0,-0.17830503678158682,453.0,True,,-0.17830503678158682,,30,0.0,453.0,50.0,False,False,False,False,,,0.0,True,,0.0,,not_selected_by_strategy_rule
R1,2026-02-09,2026-02-27,2026-02-27,2026-02-27,2026-03-02,2026-04-01,LYB,LYB,LYB,15,Materials,2026-02-27,Wikipedia,1340186477,momentum,2.0.0,-0.10904784173757553,423.0,True,,-0.10904784173757553,,15,0.0,423.0,80.0,False,False,False,False,,,0.0,True,,0.0,,not_selected_by_strategy_rule
R1,2026-02-09,2026-02-27,2026-02-27,2026-02-27,2026-03-02,2026-04-01,LYV,LYV,LYV,50,Communication Services,2026-02-27,Wikipedia,1340186477,momentum,2.0.0,-0.015233581899046778,345.0,True,,-0.015233581899046778,,50,0.0,345.0,158.0,False,False,False,False,,,0.0,True,,0.0,,not_selected_by_strategy_rule
R1,2026-02-09,2026-02-27,2026-02-27,2026-02-27,2026-03-02,2026-04-01,MA,MA,MA,40,Financials,2026-02-27,Wikipedia,1340186477,momentum,2.0.0,-0.046177796507576696,375.0,True,,-0.046177796507576696,,40,0.0,375.0,128.0,False,False,False,False,,,0.0,True,,0.0,,not_selected_by_strategy_rule
R1,2026-02-09,2026-02-27,2026-02-27,2026-02-27,2026-03-02,2026-04-01,MAA,MAA,MAA,60,Real Estate,2026-02-27,Wikipedia,1340186477,momentum,2.0.0,-0.03544879543625401,363.0,True,,-0.03544879543625401,,60,0.0,363.0,140.0,False,False,False,False,,,0.0,True,,0.0,,not_selected_by_strategy_rule
R1,2026-02-09,2026-02-27,2026-02-27,2026-02-27,2026-03-02,2026-04-01,MAR,MAR,MAR,25,Consumer Discretionary,2026-02-27,Wikipedia,1340186477,momentum,2.0.0,0.2009651789776623,126.0,True,,0.2009651789776623,,25,0.0,126.0,377.0,False,False,False,False,,,0.0,True,,0.0,,not_selected_by_strategy_rule
R1,2026-02-09,2026-02-27,2026-02-27,2026-02-27,2026-03-02,2026-04-01,MAS,MAS,MAS,20,Industrials,2026-02-27,Wikipedia,1340186477,momentum,2.0.0,-0.02069850137808593,348.0,True,,-0.02069850137808593,,20,0.0,348.0,155.0,False,False,False,False,,,0.0,True,,0.0,,not_selected_by_strategy_rule
R1,2026-02-09,2026-02-27,2026-02-27,2026-02-27,2026-03-02,2026-04-01,MCD,MCD,MCD,25,Consumer Discretionary,2026-02-27,Wikipedia,1340186477,momentum,2.0.0,0.06204994431922306,250.0,True,,0.06204994431922306,,25,0.0,250.0,253.0,False,False,False,False,,,0.0,True,,0.0,,not_selected_by_strategy_rule
R1,2026-02-09,2026-02-27,2026-02-27,2026-02-27,2026-03-02,2026-04-01,MCHP,MCHP,MCHP,45,Information Technology,2026-02-27,Wikipedia,1340186477,momentum,2.0.0,0.14123022376452576,167.0,True,,0.14123022376452576,,45,0.0,167.0,336.0,False,False,False,False,,,0.0,True,,0.0,,not_selected_by_strategy_rule
R1,2026-02-09,2026-02-27,2026-02-27,2026-02-27,2026-03-02,2026-04-01,MCK,MCK,MCK,35,Health Care,2026-02-27,Wikipedia,1340186477,momentum,2.0.0,0.2010542172005172,125.0,True,,0.2010542172005172,,35,0.0,125.0,378.0,False,False,False,False,,,0.0,True,,0.0,,not_selected_by_strategy_rule
R1,2026-02-09,2026-02-27,2026-02-27,2026-02-27,2026-03-02,2026-04-01,MCO,MCO,MCO,40,Financials,2026-02-27,Wikipedia,1340186477,momentum,2.0.0,0.0034639024649256722,326.0,True,,0.0034639024649256722,,40,0.0,326.0,177.0,False,False,False,False,,,0.0,True,,0.0,,not_selected_by_strategy_rule
R1,2026-02-09,2026-02-27,2026-02-27,2026-02-27,2026-03-02,2026-04-01,MDLZ,MDLZ,MDLZ,30,Consumer Staples,2026-02-27,Wikipedia,1340186477,momentum,2.0.0,-0.08048890973782574,402.0,True,,-0.08048890973782574,,30,0.0,402.0,101.0,False,False,False,False,,,0.0,True,,0.0,,not_selected_by_strategy_rule
R1,2026-02-09,2026-02-27,2026-02-27,2026-02-27,2026-03-02,2026-04-01,MDT,MDT,MDT,35,Health Care,2026-02-27,Wikipedia,1340186477,momentum,2.0.0,0.1580661144644835,156.0,True,,0.1580661144644835,,35,0.0,156.0,347.0,False,False,False,False,,,0.0,True,,0.0,,not_selected_by_strategy_rule
R1,2026-02-09,2026-02-27,2026-02-27,2026-02-27,2026-03-02,2026-04-01,MET,MET,MET,40,Financials,2026-02-27,Wikipedia,1340186477,momentum,2.0.0,0.0540802139850276,254.0,True,,0.0540802139850276,,40,0.0,254.0,249.0,False,False,False,False,,,0.0,True,,0.0,,not_selected_by_strategy_rule
R1,2026-02-09,2026-02-27,2026-02-27,2026-02-27,2026-03-02,2026-04-01,META,META,META,50,Communication Services,2026-02-27,Wikipedia,1340186477,momentum,2.0.0,-0.07223784384427978,395.0,True,,-0.07223784384427978,,50,0.0,395.0,108.0,False,False,False,False,,,0.0,True,,0.0,,not_selected_by_strategy_rule
R1,2026-02-09,2026-02-27,2026-02-27,2026-02-27,2026-03-02,2026-04-01,MGM,MGM,MGM,25,Consumer Discretionary,2026-02-27,Wikipedia,1340186477,momentum,2.0.0,-0.07983538508923305,401.0,True,,-0.07983538508923305,,25,0.0,401.0,102.0,False,False,False,False,,,0.0,True,,0.0,,not_selected_by_strategy_rule
R1,2026-02-09,2026-02-27,2026-02-27,2026-02-27,2026-03-02,2026-04-01,MKC,MKC,MKC,30,Consumer Staples,2026-02-27,Wikipedia,1340186477,momentum,2.0.0,-0.11234267268871923,426.0,True,,-0.11234267268871923,,30,0.0,426.0,77.0,False,False,False,False,,,0.0,True,,0.0,,not_selected_by_strategy_rule
R1,2026-02-09,2026-02-27,2026-02-27,2026-02-27,2026-03-02,2026-04-01,MLM,MLM,MLM,15,Materials,2026-02-27,Wikipedia,1340186477,momentum,2.0.0,0.13710615049423525,172.0,True,,0.13710615049423525,,15,0.0,172.0,331.0,False,False,False,False,,,0.0,True,,0.0,,not_selected_by_strategy_rule
R1,2026-02-09,2026-02-27,2026-02-27,2026-02-27,2026-03-02,2026-04-01,MMM,MMM,MMM,20,Industrials,2026-02-27,Wikipedia,1340186477,momentum,2.0.0,0.035577278201105456,284.0,True,,0.035577278201105456,,20,0.0,284.0,219.0,False,False,False,False,,,0.0,True,,0.0,,not_selected_by_strategy_rule
R1,2026-02-09,2026-02-27,2026-02-27,2026-02-27,2026-03-02,2026-04-01,MNST,MNST,MNST,30,Consumer Staples,2026-02-27,Wikipedia,1340186477,momentum,2.0.0,0.37463833423371007,50.0,True,,0.37463833423371007,,30,0.0,50.0,453.0,False,False,False,False,,,0.0,True,,0.0,,not_selected_by_strategy_rule
R1,2026-02-09,2026-02-27,2026-02-27,2026-02-27,2026-03-02,2026-04-01,MO,MO,MO,30,Consumer Staples,2026-02-27,Wikipedia,1340186477,momentum,2.0.0,0.035593102790265396,282.0,True,,0.035593102790265396,,30,0.0,282.0,221.0,False,False,False,False,,,0.0,True,,0.0,,not_selected_by_strategy_rule
R1,2026-02-09,2026-02-27,2026-02-27,2026-02-27,2026-03-02,2026-04-01,MOH,MOH,MOH,35,Health Care,2026-02-27,Wikipedia,1340186477,momentum,2.0.0,0.1375815664311657,171.0,True,,0.1375815664311657,,35,0.0,171.0,332.0,False,False,False,False,,,0.0,True,,0.0,,not_selected_by_strategy_rule
R1,2026-02-09,2026-02-27,2026-02-27,2026-02-27,2026-03-02,2026-04-01,MOS,MOS,MOS,15,Materials,2026-02-27,Wikipedia,1340186477,momentum,2.0.0,-0.22405930659839923,475.0,True,,-0.22405930659839923,,15,0.0,475.0,28.0,False,False,False,False,,,0.0,True,,0.0,,not_selected_by_strategy_rule
R1,2026-02-09,2026-02-27,2026-02-27,2026-02-27,2026-03-02,2026-04-01,MPC,MPC,MPC,10,Energy,2026-02-27,Wikipedia,1340186477,momentum,2.0.0,0.04625933684296313,271.0,True,,0.04625933684296313,,10,0.0,271.0,232.0,False,False,False,False,,,0.0,True,,0.0,,not_selected_by_strategy_rule
R1,2026-02-09,2026-02-27,2026-02-27,2026-02-27,2026-03-02,2026-04-01,MPWR,MPWR,MPWR,45,Information Technology,2026-02-27,Wikipedia,1340186477,momentum,2.0.0,0.5860133911361605,21.0,True,,0.5860133911361605,,45,0.0,21.0,482.0,False,False,False,False,,,0.0,True,,0.0,,not_selected_by_strategy_rule
R1,2026-02-09,2026-02-27,2026-02-27,2026-02-27,2026-03-02,2026-04-01,MRK,MRK,MRK,35,Health Care,2026-02-27,Wikipedia,1340186477,momentum,2.0.0,0.43767332564734307,36.0,True,,0.43767332564734307,,35,0.0,36.0,467.0,False,False,False,False,,,0.0,True,,0.0,,not_selected_by_strategy_rule
R1,2026-02-09,2026-02-27,2026-02-27,2026-02-27,2026-03-02,2026-04-01,MRNA,MRNA,MRNA,35,Health Care,2026-02-27,Wikipedia,1340186477,momentum,2.0.0,0.49086605179406595,30.0,True,,0.49086605179406595,,35,0.0,30.0,473.0,False,False,False,False,,,0.0,True,,0.0,,not_selected_by_strategy_rule
R1,2026-02-09,2026-02-27,2026-02-27,2026-02-27,2026-03-02,2026-04-01,MRSH,MRSH,MRSH,40,Financials,2026-02-27,Wikipedia,1340186477,momentum,2.0.0,-0.04621037221686686,376.0,True,,-0.04621037221686686,,40,0.0,376.0,127.0,False,False,False,False,,,0.0,True,,0.0,,not_selected_by_strategy_rule
R1,2026-02-09,2026-02-27,2026-02-27,2026-02-27,2026-03-02,2026-04-01,MS,MS,MS,40,Financials,2026-02-27,Wikipedia,1340186477,momentum,2.0.0,0.2980957034726528,64.0,True,,0.2980957034726528,,40,0.0,64.0,439.0,False,False,False,False,,,0.0,True,,0.0,,not_selected_by_strategy_rule
R1,2026-02-09,2026-02-27,2026-02-27,2026-02-27,2026-03-02,2026-04-01,MSCI,MSCI,MSCI,40,Financials,2026-02-27,Wikipedia,1340186477,momentum,2.0.0,0.09215014081717676,221.0,True,,0.09215014081717676,,40,0.0,221.0,282.0,False,False,False,False,,,0.0,True,,0.0,,not_selected_by_strategy_rule
R1,2026-02-09,2026-02-27,2026-02-27,2026-02-27,2026-03-02,2026-04-01,MSFT,MSFT,MSFT,45,Information Technology,2026-02-27,Wikipedia,1340186477,momentum,2.0.0,-0.19062037675159915,462.0,True,,-0.19062037675159915,,45,0.0,462.0,41.0,False,False,False,False,,,0.0,True,,0.0,,not_selected_by_strategy_rule
R1,2026-02-09,2026-02-27,2026-02-27,2026-02-27,2026-03-02,2026-04-01,MSI,MSI,MSI,45,Information Technology,2026-02-27,Wikipedia,1340186477,momentum,2.0.0,-0.07787151877472531,400.0,True,,-0.07787151877472531,,45,0.0,400.0,103.0,False,False,False,False,,,0.0,True,,0.0,,not_selected_by_strategy_rule
R1,2026-02-09,2026-02-27,2026-02-27,2026-02-27,2026-03-02,2026-04-01,MTB,MTB,MTB,40,Financials,2026-02-27,Wikipedia,1340186477,momentum,2.0.0,0.1923940965400126,132.0,True,,0.1923940965400126,,40,0.0,132.0,371.0,False,False,False,False,,,0.0,True,,0.0,,not_selected_by_strategy_rule
R1,2026-02-09,2026-02-27,2026-02-27,2026-02-27,2026-03-02,2026-04-01,MTCH,MTCH,MTCH,50,Communication Services,2026-02-27,Wikipedia,1340186477,momentum,2.0.0,-0.08066481893501642,403.0,True,,-0.08066481893501642,,50,0.0,403.0,100.0,False,False,False,False,,,0.0,True,,0.0,,not_selected_by_strategy_rule
R1,2026-02-09,2026-02-27,2026-02-27,2026-02-27,2026-03-02,2026-04-01,MTD,MTD,MTD,35,Health Care,2026-02-27,Wikipedia,1340186477,momentum,2.0.0,0.11312490309269241,198.0,True,,0.11312490309269241,,35,0.0,198.0,305.0,False,False,False,False,,,0.0,True,,0.0,,not_selected_by_strategy_rule
R1,2026-02-09,2026-02-27,2026-02-27,2026-02-27,2026-03-02,2026-04-01,MU,MU,MU,45,Information Technology,2026-02-27,Wikipedia,1340186477,momentum,2.0.0,2.805273305917531,2.0,True,,2.805273305917531,,45,0.0,2.0,501.0,False,False,True,False,,Long,0.10499999999999998,True,Long,0.10499999999999998,,selected_long
R1,2026-02-09,2026-02-27,2026-02-27,2026-02-27,2026-03-02,2026-04-01,NCLH,NCLH,NCLH,25,Consumer Discretionary,2026-02-27,Wikipedia,1340186477,momentum,2.0.0,-0.14084508828987163,440.0,True,,-0.14084508828987163,,25,0.0,440.0,63.0,False,False,False,False,,,0.0,True,,0.0,,not_selected_by_strategy_rule
R1,2026-02-09,2026-02-27,2026-02-27,2026-02-27,2026-03-02,2026-04-01,NDAQ,NDAQ,NDAQ,40,Financials,2026-02-27,Wikipedia,1340186477,momentum,2.0.0,0.012835539136148544,316.0,True,,0.012835539136148544,,40,0.0,316.0,187.0,False,False,False,False,,,0.0,True,,0.0,,not_selected_by_strategy_rule
R1,2026-02-09,2026-02-27,2026-02-27,2026-02-27,2026-03-02,2026-04-01,NDSN,NDSN,NDSN,20,Industrials,2026-02-27,Wikipedia,1340186477,momentum,2.0.0,0.29078548498557977,65.0,True,,0.29078548498557977,,20,0.0,65.0,438.0,False,False,False,False,,,0.0,True,,0.0,,not_selected_by_strategy_rule
R1,2026-02-09,2026-02-27,2026-02-27,2026-02-27,2026-03-02,2026-04-01,NEE,NEE,NEE,55,Utilities,2026-02-27,Wikipedia,1340186477,momentum,2.0.0,0.25498920005618686,87.0,True,,0.25498920005618686,,55,0.0,87.0,416.0,False,False,False,False,,,0.0,True,,0.0,,not_selected_by_strategy_rule
R1,2026-02-09,2026-02-27,2026-02-27,2026-02-27,2026-03-02,2026-04-01,NEM,NEM,NEM,15,Materials,2026-02-27,Wikipedia,1340186477,momentum,2.0.0,0.8204712159335947,11.0,True,,0.8204712159335947,,15,0.0,11.0,492.0,False,False,False,False,,,0.0,True,,0.0,,not_selected_by_strategy_rule
R1,2026-02-09,2026-02-27,2026-02-27,2026-02-27,2026-03-02,2026-04-01,NFLX,NFLX,NFLX,50,Communication Services,2026-02-27,Wikipedia,1340186477,momentum,2.0.0,-0.2798861815966951,485.0,True,,-0.2798861815966951,,50,0.0,485.0,18.0,False,False,False,False,,,0.0,True,,0.0,,not_selected_by_strategy_rule
R1,2026-02-09,2026-02-27,2026-02-27,2026-02-27,2026-03-02,2026-04-01,NI,NI,NI,55,Utilities,2026-02-27,Wikipedia,1340186477,momentum,2.0.0,0.050325833193851865,263.0,True,,0.050325833193851865,,55,0.0,263.0,240.0,False,False,False,False,,,0.0,True,,0.0,,not_selected_by_strategy_rule
R1,2026-02-09,2026-02-27,2026-02-27,2026-02-27,2026-03-02,2026-04-01,NKE,NKE,NKE,25,Consumer Discretionary,2026-02-27,Wikipedia,1340186477,momentum,2.0.0,-0.16283463399391995,444.0,True,,-0.16283463399391995,,25,0.0,444.0,59.0,False,False,False,False,,,0.0,True,,0.0,,not_selected_by_strategy_rule
R1,2026-02-09,2026-02-27,2026-02-27,2026-02-27,2026-03-02,2026-04-01,NOC,NOC,NOC,20,Industrials,2026-02-27,Wikipedia,1340186477,momentum,2.0.0,0.21017271725521236,117.0,True,,0.21017271725521236,,20,0.0,117.0,386.0,False,False,False,False,,,0.0,True,,0.0,,not_selected_by_strategy_rule
R1,2026-02-09,2026-02-27,2026-02-27,2026-02-27,2026-03-02,2026-04-01,NOW,NOW,NOW,45,Information Technology,2026-02-27,Wikipedia,1340186477,momentum,2.0.0,-0.37966533140932013,496.0,True,,-0.37966533140932013,,45,0.0,496.0,7.0,False,False,False,True,,Short,-0.04500000000000001,True,Short,-0.04500000000000001,,selected_short
R1,2026-02-09,2026-02-27,2026-02-27,2026-02-27,2026-03-02,2026-04-01,NRG,NRG,NRG,55,Utilities,2026-02-27,Wikipedia,1340186477,momentum,2.0.0,-0.08238328203670797,405.0,True,,-0.08238328203670797,,55,0.0,405.0,98.0,False,False,False,False,,,0.0,True,,0.0,,not_selected_by_strategy_rule
R1,2026-02-09,2026-02-27,2026-02-27,2026-02-27,2026-03-02,2026-04-01,NSC,NSC,NSC,20,Industrials,2026-02-27,Wikipedia,1340186477,momentum,2.0.0,0.05780011611705649,252.0,True,,0.05780011611705649,,20,0.0,252.0,251.0,False,False,False,False,,,0.0,True,,0.0,,not_selected_by_strategy_rule
R1,2026-02-09,2026-02-27,2026-02-27,2026-02-27,2026-03-02,2026-04-01,NTAP,NTAP,NTAP,45,Information Technology,2026-02-27,Wikipedia,1340186477,momentum,2.0.0,-0.06615512784432398,388.0,True,,-0.06615512784432398,,45,0.0,388.0,115.0,False,False,False,False,,,0.0,True,,0.0,,not_selected_by_strategy_rule
R1,2026-02-09,2026-02-27,2026-02-27,2026-02-27,2026-03-02,2026-04-01,NTRS,NTRS,NTRS,40,Financials,2026-02-27,Wikipedia,1340186477,momentum,2.0.0,0.1635950594580291,149.0,True,,0.1635950594580291,,40,0.0,149.0,354.0,False,False,False,False,,,0.0,True,,0.0,,not_selected_by_strategy_rule
R1,2026-02-09,2026-02-27,2026-02-27,2026-02-27,2026-03-02,2026-04-01,NUE,NUE,NUE,15,Materials,2026-02-27,Wikipedia,1340186477,momentum,2.0.0,0.2514826932386507,90.0,True,,0.2514826932386507,,15,0.0,90.0,413.0,False,False,False,False,,,0.0,True,,0.0,,not_selected_by_strategy_rule
R1,2026-02-09,2026-02-27,2026-02-27,2026-02-27,2026-03-02,2026-04-01,NVDA,NVDA,NVDA,45,Information Technology,2026-02-27,Wikipedia,1340186477,momentum,2.0.0,0.07466926582672095,236.0,True,,0.07466926582672095,,45,0.0,236.0,267.0,False,False,False,False,,,0.0,True,,0.0,,not_selected_by_strategy_rule
R1,2026-02-09,2026-02-27,2026-02-27,2026-02-27,2026-03-02,2026-04-01,NVR,NVR,NVR,25,Consumer Discretionary,2026-02-27,Wikipedia,1340186477,momentum,2.0.0,0.011423254208751121,317.0,True,,0.011423254208751121,,25,0.0,317.0,186.0,False,False,False,False,,,0.0,True,,0.0,,not_selected_by_strategy_rule
R1,2026-02-09,2026-02-27,2026-02-27,2026-02-27,2026-03-02,2026-04-01,NWS,NWS,NWS,50,Communication Services,2026-02-27,Wikipedia,1340186477,momentum,2.0.0,-0.06654277993841862,389.0,True,,-0.06654277993841862,,50,0.0,389.0,114.0,False,False,False,False,,,0.0,True,,0.0,,not_selected_by_strategy_rule
R1,2026-02-09,2026-02-27,2026-02-27,2026-02-27,2026-03-02,2026-04-01,NWSA,NWSA,NWSA,50,Communication Services,2026-02-27,Wikipedia,1340186477,momentum,2.0.0,-0.07495929946008406,398.0,True,,-0.07495929946008406,,50,0.0,398.0,105.0,False,False,False,False,,,0.0,True,,0.0,,not_selected_by_strategy_rule
R1,2026-02-09,2026-02-27,2026-02-27,2026-02-27,2026-03-02,2026-04-01,NXPI,NXPI,NXPI,45,Information Technology,2026-02-27,Wikipedia,1340186477,momentum,2.0.0,0.06748867262479052,244.0,True,,0.06748867262479052,,45,0.0,244.0,259.0,False,False,False,False,,,0.0,True,,0.0,,not_selected_by_strategy_rule
R1,2026-02-09,2026-02-27,2026-02-27,2026-02-27,2026-03-02,2026-04-01,O,O,O,60,Real Estate,2026-02-27,Wikipedia,1340186477,momentum,2.0.0,0.12555265500856105,184.0,True,,0.12555265500856105,,60,0.0,184.0,319.0,False,False,False,False,,,0.0,True,,0.0,,not_selected_by_strategy_rule
R1,2026-02-09,2026-02-27,2026-02-27,2026-02-27,2026-03-02,2026-04-01,ODFL,ODFL,ODFL,20,Industrials,2026-02-27,Wikipedia,1340186477,momentum,2.0.0,0.1649465400115866,147.0,True,,0.1649465400115866,,20,0.0,147.0,356.0,False,False,False,False,,,0.0,True,,0.0,,not_selected_by_strategy_rule
R1,2026-02-09,2026-02-27,2026-02-27,2026-02-27,2026-03-02,2026-04-01,OKE,OKE,OKE,10,Energy,2026-02-27,Wikipedia,1340186477,momentum,2.0.0,-0.008061203160712238,336.0,True,,-0.008061203160712238,,10,0.0,336.0,167.0,False,False,False,False,,,0.0,True,,0.0,,not_selected_by_strategy_rule
R1,2026-02-09,2026-02-27,2026-02-27,2026-02-27,2026-03-02,2026-04-01,OMC,OMC,OMC,50,Communication Services,2026-02-27,Wikipedia,1340186477,momentum,2.0.0,0.08957330825310672,223.0,True,,0.08957330825310672,,50,0.0,223.0,280.0,False,False,False,False,,,0.0,True,,0.0,,not_selected_by_strategy_rule
R1,2026-02-09,2026-02-27,2026-02-27,2026-02-27,2026-03-02,2026-04-01,ON,ON,ON,45,Information Technology,2026-02-27,Wikipedia,1340186477,momentum,2.0.0,0.06263305076417125,247.0,True,,0.06263305076417125,,45,0.0,247.0,256.0,False,False,False,False,,,0.0,True,,0.0,,not_selected_by_strategy_rule
R1,2026-02-09,2026-02-27,2026-02-27,2026-02-27,2026-03-02,2026-04-01,ORCL,ORCL,ORCL,45,Information Technology,2026-02-27,Wikipedia,1340186477,momentum,2.0.0,-0.3486172657995924,489.0,True,,-0.3486172657995924,,45,0.0,489.0,14.0,False,False,False,False,,,0.0,True,,0.0,,not_selected_by_strategy_rule
R1,2026-02-09,2026-02-27,2026-02-27,2026-02-27,2026-03-02,2026-04-01,ORLY,ORLY,ORLY,25,Consumer Discretionary,2026-02-27,Wikipedia,1340186477,momentum,2.0.0,0.0009154187099726929,329.0,True,,0.0009154187099726929,,25,0.0,329.0,174.0,False,False,False,False,,,0.0,True,,0.0,,not_selected_by_strategy_rule
R1,2026-02-09,2026-02-27,2026-02-27,2026-02-27,2026-03-02,2026-04-01,OTIS,OTIS,OTIS,20,Industrials,2026-02-27,Wikipedia,1340186477,momentum,2.0.0,0.006320383692081322,322.0,True,,0.006320383692081322,,20,0.0,322.0,181.0,False,False,False,False,,,0.0,True,,0.0,,not_selected_by_strategy_rule
R1,2026-02-09,2026-02-27,2026-02-27,2026-02-27,2026-03-02,2026-04-01,OXY,OXY,OXY,10,Energy,2026-02-27,Wikipedia,1340186477,momentum,2.0.0,0.04455457751478309,273.0,True,,0.04455457751478309,,10,0.0,273.0,230.0,False,False,False,False,,,0.0,True,,0.0,,not_selected_by_strategy_rule
R1,2026-02-09,2026-02-27,2026-02-27,2026-02-27,2026-03-02,2026-04-01,PANW,PANW,PANW,45,Information Technology,2026-02-27,Wikipedia,1340186477,momentum,2.0.0,0.019412413587001964,302.0,True,,0.019412413587001964,,45,0.0,302.0,201.0,False,False,False,False,,,0.0,True,,0.0,,not_selected_by_strategy_rule
R1,2026-02-09,2026-02-27,2026-02-27,2026-02-27,2026-03-02,2026-04-01,PAYC,PAYC,PAYC,20,Industrials,2026-02-27,Wikipedia,1340186477,momentum,2.0.0,-0.4157413131462412,498.0,True,,-0.4157413131462412,,20,0.0,498.0,5.0,False,False,False,True,,Short,-0.04500000000000001,True,Short,-0.04500000000000001,,selected_short
R1,2026-02-09,2026-02-27,2026-02-27,2026-02-27,2026-03-02,2026-04-01,PAYX,PAYX,PAYX,20,Industrials,2026-02-27,Wikipedia,1340186477,momentum,2.0.0,-0.2710486945706617,483.0,True,,-0.2710486945706617,,20,0.0,483.0,20.0,False,False,False,False,,,0.0,True,,0.0,,not_selected_by_strategy_rule
R1,2026-02-09,2026-02-27,2026-02-27,2026-02-27,2026-03-02,2026-04-01,PCAR,PCAR,PCAR,20,Industrials,2026-02-27,Wikipedia,1340186477,momentum,2.0.0,0.26877452934277013,80.0,True,,0.26877452934277013,,20,0.0,80.0,423.0,False,False,False,False,,,0.0,True,,0.0,,not_selected_by_strategy_rule
R1,2026-02-09,2026-02-27,2026-02-27,2026-02-27,2026-03-02,2026-04-01,PCG,PCG,PCG,55,Utilities,2026-02-27,Wikipedia,1340186477,momentum,2.0.0,0.10512262086498425,204.0,True,,0.10512262086498425,,55,0.0,204.0,299.0,False,False,False,False,,,0.0,True,,0.0,,not_selected_by_strategy_rule
R1,2026-02-09,2026-02-27,2026-02-27,2026-02-27,2026-03-02,2026-04-01,PEG,PEG,PEG,55,Utilities,2026-02-27,Wikipedia,1340186477,momentum,2.0.0,-0.0680846548267634,392.0,True,,-0.0680846548267634,,55,0.0,392.0,111.0,False,False,False,False,,,0.0,True,,0.0,,not_selected_by_strategy_rule
R1,2026-02-09,2026-02-27,2026-02-27,2026-02-27,2026-03-02,2026-04-01,PEP,PEP,PEP,30,Consumer Staples,2026-02-27,Wikipedia,1340186477,momentum,2.0.0,0.13580494613946414,175.0,True,,0.13580494613946414,,30,0.0,175.0,328.0,False,False,False,False,,,0.0,True,,0.0,,not_selected_by_strategy_rule
R1,2026-02-09,2026-02-27,2026-02-27,2026-02-27,2026-03-02,2026-04-01,PFE,PFE,PFE,35,Health Care,2026-02-27,Wikipedia,1340186477,momentum,2.0.0,0.17459273441866197,141.0,True,,0.17459273441866197,,35,0.0,141.0,362.0,False,False,False,False,,,0.0,True,,0.0,,not_selected_by_strategy_rule
R1,2026-02-09,2026-02-27,2026-02-27,2026-02-27,2026-03-02,2026-04-01,PFG,PFG,PFG,40,Financials,2026-02-27,Wikipedia,1340186477,momentum,2.0.0,0.24059011948209408,96.0,True,,0.24059011948209408,,40,0.0,96.0,407.0,False,False,False,False,,,0.0,True,,0.0,,not_selected_by_strategy_rule
R1,2026-02-09,2026-02-27,2026-02-27,2026-02-27,2026-03-02,2026-04-01,PG,PG,PG,30,Consumer Staples,2026-02-27,Wikipedia,1340186477,momentum,2.0.0,0.02290443133775244,299.0,True,,0.02290443133775244,,30,0.0,299.0,204.0,False,False,False,False,,,0.0,True,,0.0,,not_selected_by_strategy_rule
R1,2026-02-09,2026-02-27,2026-02-27,2026-02-27,2026-03-02,2026-04-01,PGR,PGR,PGR,40,Financials,2026-02-27,Wikipedia,1340186477,momentum,2.0.0,-0.08568389698319923,406.0,True,,-0.08568389698319923,,40,0.0,406.0,97.0,False,False,False,False,,,0.0,True,,0.0,,not_selected_by_strategy_rule
R1,2026-02-09,2026-02-27,2026-02-27,2026-02-27,2026-03-02,2026-04-01,PH,PH,PH,20,Industrials,2026-02-27,Wikipedia,1340186477,momentum,2.0.0,0.2844543168761182,71.0,True,,0.2844543168761182,,20,0.0,71.0,432.0,False,False,False,False,,,0.0,True,,0.0,,not_selected_by_strategy_rule
R1,2026-02-09,2026-02-27,2026-02-27,2026-02-27,2026-03-02,2026-04-01,PHM,PHM,PHM,25,Consumer Discretionary,2026-02-27,Wikipedia,1340186477,momentum,2.0.0,0.1118707977451332,201.0,True,,0.1118707977451332,,25,0.0,201.0,302.0,False,False,False,False,,,0.0,True,,0.0,,not_selected_by_strategy_rule
R1,2026-02-09,2026-02-27,2026-02-27,2026-02-27,2026-03-02,2026-04-01,PKG,PKG,PKG,15,Materials,2026-02-27,Wikipedia,1340186477,momentum,2.0.0,0.1624432735666943,153.0,True,,0.1624432735666943,,15,0.0,153.0,350.0,False,False,False,False,,,0.0,True,,0.0,,not_selected_by_strategy_rule
R1,2026-02-09,2026-02-27,2026-02-27,2026-02-27,2026-03-02,2026-04-01,PLD,PLD,PLD,60,Real Estate,2026-02-27,Wikipedia,1340186477,momentum,2.0.0,0.24321437334106566,93.0,True,,0.24321437334106566,,60,0.0,93.0,410.0,False,False,False,False,,,0.0,True,,0.0,,not_selected_by_strategy_rule
R1,2026-02-09,2026-02-27,2026-02-27,2026-02-27,2026-03-02,2026-04-01,PLTR,PLTR,PLTR,45,Information Technology,2026-02-27,Wikipedia,1340186477,momentum,2.0.0,-0.07426592555946798,397.0,True,,-0.07426592555946798,,45,0.0,397.0,106.0,False,False,False,False,,,0.0,True,,0.0,,not_selected_by_strategy_rule
R1,2026-02-09,2026-02-27,2026-02-27,2026-02-27,2026-03-02,2026-04-01,PM,PM,PM,30,Consumer Staples,2026-02-27,Wikipedia,1340186477,momentum,2.0.0,0.11416113966256014,196.0,True,,0.11416113966256014,,30,0.0,196.0,307.0,False,False,False,False,,,0.0,True,,0.0,,not_selected_by_strategy_rule
R1,2026-02-09,2026-02-27,2026-02-27,2026-02-27,2026-03-02,2026-04-01,PNC,PNC,PNC,40,Financials,2026-02-27,Wikipedia,1340186477,momentum,2.0.0,0.1934577582833541,130.0,True,,0.1934577582833541,,40,0.0,130.0,373.0,False,False,False,False,,,0.0,True,,0.0,,not_selected_by_strategy_rule
R1,2026-02-09,2026-02-27,2026-02-27,2026-02-27,2026-03-02,2026-04-01,PNR,PNR,PNR,20,Industrials,2026-02-27,Wikipedia,1340186477,momentum,2.0.0,0.0359379622482392,281.0,True,,0.0359379622482392,,20,0.0,281.0,222.0,False,False,False,False,,,0.0,True,,0.0,,not_selected_by_strategy_rule
R1,2026-02-09,2026-02-27,2026-02-27,2026-02-27,2026-03-02,2026-04-01,PNW,PNW,PNW,55,Utilities,2026-02-27,Wikipedia,1340186477,momentum,2.0.0,0.05357251683746278,256.0,True,,0.05357251683746278,,55,0.0,256.0,247.0,False,False,False,False,,,0.0,True,,0.0,,not_selected_by_strategy_rule
R1,2026-02-09,2026-02-27,2026-02-27,2026-02-27,2026-03-02,2026-04-01,PODD,PODD,PODD,35,Health Care,2026-02-27,Wikipedia,1340186477,momentum,2.0.0,-0.11300276361860184,428.0,True,,-0.11300276361860184,,35,0.0,428.0,75.0,False,False,False,False,,,0.0,True,,0.0,,not_selected_by_strategy_rule
R1,2026-02-09,2026-02-27,2026-02-27,2026-02-27,2026-03-02,2026-04-01,POOL,POOL,POOL,25,Consumer Discretionary,2026-02-27,Wikipedia,1340186477,momentum,2.0.0,-0.16819045644798558,448.0,True,,-0.16819045644798558,,25,0.0,448.0,55.0,False,False,False,False,,,0.0,True,,0.0,,not_selected_by_strategy_rule
R1,2026-02-09,2026-02-27,2026-02-27,2026-02-27,2026-03-02,2026-04-01,PPG,PPG,PPG,15,Materials,2026-02-27,Wikipedia,1340186477,momentum,2.0.0,0.11154301394652788,202.0,True,,0.11154301394652788,,15,0.0,202.0,301.0,False,False,False,False,,,0.0,True,,0.0,,not_selected_by_strategy_rule
R1,2026-02-09,2026-02-27,2026-02-27,2026-02-27,2026-03-02,2026-04-01,PPL,PPL,PPL,55,Utilities,2026-02-27,Wikipedia,1340186477,momentum,2.0.0,0.03184530365361504,288.0,True,,0.03184530365361504,,55,0.0,288.0,215.0,False,False,False,False,,,0.0,True,,0.0,,not_selected_by_strategy_rule
R1,2026-02-09,2026-02-27,2026-02-27,2026-02-27,2026-03-02,2026-04-01,PRU,PRU,PRU,40,Financials,2026-02-27,Wikipedia,1340186477,momentum,2.0.0,0.10081084427032816,212.0,True,,0.10081084427032816,,40,0.0,212.0,291.0,False,False,False,False,,,0.0,True,,0.0,,not_selected_by_strategy_rule
R1,2026-02-09,2026-02-27,2026-02-27,2026-02-27,2026-03-02,2026-04-01,PSA,PSA,PSA,60,Real Estate,2026-02-27,Wikipedia,1340186477,momentum,2.0.0,0.037478757782515526,278.0,True,,0.037478757782515526,,60,0.0,278.0,225.0,False,False,False,False,,,0.0,True,,0.0,,not_selected_by_strategy_rule
R1,2026-02-09,2026-02-27,2026-02-27,2026-02-27,2026-03-02,2026-04-01,PSKY,PSKY,PSKY,50,Communication Services,2026-02-27,Wikipedia,1340186477,momentum,2.0.0,-0.10238874767697692,418.0,True,,-0.10238874767697692,,50,0.0,418.0,85.0,False,False,False,False,,,0.0,True,,0.0,,not_selected_by_strategy_rule
R1,2026-02-09,2026-02-27,2026-02-27,2026-02-27,2026-03-02,2026-04-01,PSX,PSX,PSX,10,Energy,2026-02-27,Wikipedia,1340186477,momentum,2.0.0,0.1831124443016534,138.0,True,,0.1831124443016534,,10,0.0,138.0,365.0,False,False,False,False,,,0.0,True,,0.0,,not_selected_by_strategy_rule
R1,2026-02-09,2026-02-27,2026-02-27,2026-02-27,2026-03-02,2026-04-01,PTC,PTC,PTC,45,Information Technology,2026-02-27,Wikipedia,1340186477,momentum,2.0.0,-0.2731716090624464,484.0,True,,-0.2731716090624464,,45,0.0,484.0,19.0,False,False,False,False,,,0.0,True,,0.0,,not_selected_by_strategy_rule
R1,2026-02-09,2026-02-27,2026-02-27,2026-02-27,2026-03-02,2026-04-01,PWR,PWR,PWR,20,Industrials,2026-02-27,Wikipedia,1340186477,momentum,2.0.0,0.16925202370956205,145.0,True,,0.16925202370956205,,20,0.0,145.0,358.0,False,False,False,False,,,0.0,True,,0.0,,not_selected_by_strategy_rule
R1,2026-02-09,2026-02-27,2026-02-27,2026-02-27,2026-03-02,2026-04-01,PYPL,PYPL,PYPL,40,Financials,2026-02-27,Wikipedia,1340186477,momentum,2.0.0,-0.2319400640382322,476.0,True,,-0.2319400640382322,,40,0.0,476.0,27.0,False,False,False,False,,,0.0,True,,0.0,,not_selected_by_strategy_rule
R1,2026-02-09,2026-02-27,2026-02-27,2026-02-27,2026-03-02,2026-04-01,Q,Q,Q,45,Information Technology,2026-02-27,Wikipedia,1340186477,momentum,2.0.0,,,False,insufficient_signal_history,,,45,0.0,,,False,False,False,False,,,0.0,True,,0.0,,excluded_by_strategy_rule
R1,2026-02-09,2026-02-27,2026-02-27,2026-02-27,2026-03-02,2026-04-01,QCOM,QCOM,QCOM,45,Information Technology,2026-02-27,Wikipedia,1340186477,momentum,2.0.0,0.04409695044232609,274.0,True,,0.04409695044232609,,45,0.0,274.0,229.0,False,False,False,False,,,0.0,True,,0.0,,not_selected_by_strategy_rule
R1,2026-02-09,2026-02-27,2026-02-27,2026-02-27,2026-03-02,2026-04-01,RCL,RCL,RCL,25,Consumer Discretionary,2026-02-27,Wikipedia,1340186477,momentum,2.0.0,0.027957128879265936,294.0,True,,0.027957128879265936,,25,0.0,294.0,209.0,False,False,False,False,,,0.0,True,,0.0,,not_selected_by_strategy_rule
R1,2026-02-09,2026-02-27,2026-02-27,2026-02-27,2026-03-02,2026-04-01,REG,REG,REG,60,Real Estate,2026-02-27,Wikipedia,1340186477,momentum,2.0.0,0.0422808428708521,276.0,True,,0.0422808428708521,,60,0.0,276.0,227.0,False,False,False,False,,,0.0,True,,0.0,,not_selected_by_strategy_rule
R1,2026-02-09,2026-02-27,2026-02-27,2026-02-27,2026-03-02,2026-04-01,REGN,REGN,REGN,35,Health Care,2026-02-27,Wikipedia,1340186477,momentum,2.0.0,0.36308248616793715,51.0,True,,0.36308248616793715,,35,0.0,51.0,452.0,False,False,False,False,,,0.0,True,,0.0,,not_selected_by_strategy_rule
R1,2026-02-09,2026-02-27,2026-02-27,2026-02-27,2026-03-02,2026-04-01,RF,RF,RF,40,Financials,2026-02-27,Wikipedia,1340186477,momentum,2.0.0,0.14809495996765354,165.0,True,,0.14809495996765354,,40,0.0,165.0,338.0,False,False,False,False,,,0.0,True,,0.0,,not_selected_by_strategy_rule
R1,2026-02-09,2026-02-27,2026-02-27,2026-02-27,2026-03-02,2026-04-01,RJF,RJF,RJF,40,Financials,2026-02-27,Wikipedia,1340186477,momentum,2.0.0,-0.0013575536677455924,332.0,True,,-0.0013575536677455924,,40,0.0,332.0,171.0,False,False,False,False,,,0.0,True,,0.0,,not_selected_by_strategy_rule
R1,2026-02-09,2026-02-27,2026-02-27,2026-02-27,2026-03-02,2026-04-01,RL,RL,RL,25,Consumer Discretionary,2026-02-27,Wikipedia,1340186477,momentum,2.0.0,0.18954307550771965,134.0,True,,0.18954307550771965,,25,0.0,134.0,369.0,False,False,False,False,,,0.0,True,,0.0,,not_selected_by_strategy_rule
R1,2026-02-09,2026-02-27,2026-02-27,2026-02-27,2026-03-02,2026-04-01,RMD,RMD,RMD,35,Health Care,2026-02-27,Wikipedia,1340186477,momentum,2.0.0,-0.04587609815703275,374.0,True,,-0.04587609815703275,,35,0.0,374.0,129.0,False,False,False,False,,,0.0,True,,0.0,,not_selected_by_strategy_rule
R1,2026-02-09,2026-02-27,2026-02-27,2026-02-27,2026-03-02,2026-04-01,ROK,ROK,ROK,20,Industrials,2026-02-27,Wikipedia,1340186477,momentum,2.0.0,0.20788279678214927,120.0,True,,0.20788279678214927,,20,0.0,120.0,383.0,False,False,False,False,,,0.0,True,,0.0,,not_selected_by_strategy_rule
R1,2026-02-09,2026-02-27,2026-02-27,2026-02-27,2026-03-02,2026-04-01,ROL,ROL,ROL,20,Industrials,2026-02-27,Wikipedia,1340186477,momentum,2.0.0,0.11258375443358992,199.0,True,,0.11258375443358992,,20,0.0,199.0,304.0,False,False,False,False,,,0.0,True,,0.0,,not_selected_by_strategy_rule
R1,2026-02-09,2026-02-27,2026-02-27,2026-02-27,2026-03-02,2026-04-01,ROP,ROP,ROP,45,Information Technology,2026-02-27,Wikipedia,1340186477,momentum,2.0.0,-0.32302278945589136,488.0,True,,-0.32302278945589136,,45,0.0,488.0,15.0,False,False,False,False,,,0.0,True,,0.0,,not_selected_by_strategy_rule
R1,2026-02-09,2026-02-27,2026-02-27,2026-02-27,2026-03-02,2026-04-01,ROST,ROST,ROST,25,Consumer Discretionary,2026-02-27,Wikipedia,1340186477,momentum,2.0.0,0.38850377884639187,46.0,True,,0.38850377884639187,,25,0.0,46.0,457.0,False,False,False,False,,,0.0,True,,0.0,,not_selected_by_strategy_rule
R1,2026-02-09,2026-02-27,2026-02-27,2026-02-27,2026-03-02,2026-04-01,RSG,RSG,RSG,20,Industrials,2026-02-27,Wikipedia,1340186477,momentum,2.0.0,-0.06212428041380513,386.0,True,,-0.06212428041380513,,20,0.0,386.0,117.0,False,False,False,False,,,0.0,True,,0.0,,not_selected_by_strategy_rule
R1,2026-02-09,2026-02-27,2026-02-27,2026-02-27,2026-03-02,2026-04-01,RTX,RTX,RTX,20,Industrials,2026-02-27,Wikipedia,1340186477,momentum,2.0.0,0.28585722946664527,69.0,True,,0.28585722946664527,,20,0.0,69.0,434.0,False,False,False,False,,,0.0,True,,0.0,,not_selected_by_strategy_rule
R1,2026-02-09,2026-02-27,2026-02-27,2026-02-27,2026-03-02,2026-04-01,RVTY,RVTY,RVTY,35,Health Care,2026-02-27,Wikipedia,1340186477,momentum,2.0.0,0.2394451088214764,97.0,True,,0.2394451088214764,,35,0.0,97.0,406.0,False,False,False,False,,,0.0,True,,0.0,,not_selected_by_strategy_rule
R1,2026-02-09,2026-02-27,2026-02-27,2026-02-27,2026-03-02,2026-04-01,SBAC,SBAC,SBAC,60,Real Estate,2026-02-27,Wikipedia,1340186477,momentum,2.0.0,-0.17207051827777942,451.0,True,,-0.17207051827777942,,60,0.0,451.0,52.0,False,False,False,False,,,0.0,True,,0.0,,not_selected_by_strategy_rule
R1,2026-02-09,2026-02-27,2026-02-27,2026-02-27,2026-03-02,2026-04-01,SBUX,SBUX,SBUX,25,Consumer Discretionary,2026-02-27,Wikipedia,1340186477,momentum,2.0.0,0.04559628276214234,272.0,True,,0.04559628276214234,,25,0.0,272.0,231.0,False,False,False,False,,,0.0,True,,0.0,,not_selected_by_strategy_rule
R1,2026-02-09,2026-02-27,2026-02-27,2026-02-27,2026-03-02,2026-04-01,SCHW,SCHW,SCHW,40,Financials,2026-02-27,Wikipedia,1340186477,momentum,2.0.0,0.06936488780554861,242.0,True,,0.06936488780554861,,40,0.0,242.0,261.0,False,False,False,False,,,0.0,True,,0.0,,not_selected_by_strategy_rule
R1,2026-02-09,2026-02-27,2026-02-27,2026-02-27,2026-03-02,2026-04-01,SHW,SHW,SHW,15,Materials,2026-02-27,Wikipedia,1340186477,momentum,2.0.0,0.07663990839384671,234.0,True,,0.07663990839384671,,15,0.0,234.0,269.0,False,False,False,False,,,0.0,True,,0.0,,not_selected_by_strategy_rule
R1,2026-02-09,2026-02-27,2026-02-27,2026-02-27,2026-03-02,2026-04-01,SJM,SJM,SJM,30,Consumer Staples,2026-02-27,Wikipedia,1340186477,momentum,2.0.0,-0.0034266558351843113,334.0,True,,-0.0034266558351843113,,30,0.0,334.0,169.0,False,False,False,False,,,0.0,True,,0.0,,not_selected_by_strategy_rule
R1,2026-02-09,2026-02-27,2026-02-27,2026-02-27,2026-03-02,2026-04-01,SLB,SLB,SLB,10,Energy,2026-02-27,Wikipedia,1340186477,momentum,2.0.0,0.4542140209567065,34.0,True,,0.4542140209567065,,10,0.0,34.0,469.0,False,False,False,False,,,0.0,True,,0.0,,not_selected_by_strategy_rule
R1,2026-02-09,2026-02-27,2026-02-27,2026-02-27,2026-03-02,2026-04-01,SMCI,SMCI,SMCI,45,Information Technology,2026-02-27,Wikipedia,1340186477,momentum,2.0.0,-0.5063591655458258,500.0,True,,-0.5063591655458258,,45,0.0,500.0,3.0,False,False,False,True,,Short,-0.04500000000000001,True,Short,-0.04500000000000001,,selected_short
R1,2026-02-09,2026-02-27,2026-02-27,2026-02-27,2026-03-02,2026-04-01,SNA,SNA,SNA,20,Industrials,2026-02-27,Wikipedia,1340186477,momentum,2.0.0,0.1559680362398983,158.0,True,,0.1559680362398983,,20,0.0,158.0,345.0,False,False,False,False,,,0.0,True,,0.0,,not_selected_by_strategy_rule
R1,2026-02-09,2026-02-27,2026-02-27,2026-02-27,2026-03-02,2026-04-01,SNDK,SNDK,SNDK,45,Information Technology,2026-02-27,Wikipedia,1340186477,momentum,2.0.0,12.426142231686875,1.0,True,,12.426142231686875,,45,0.0,1.0,502.0,False,False,True,False,,Long,0.10499999999999998,True,Long,0.10499999999999998,,selected_long
R1,2026-02-09,2026-02-27,2026-02-27,2026-02-27,2026-03-02,2026-04-01,SNPS,SNPS,SNPS,45,Information Technology,2026-02-27,Wikipedia,1340186477,momentum,2.0.0,-0.26575841535010114,481.0,True,,-0.26575841535010114,,45,0.0,481.0,22.0,False,False,False,False,,,0.0,True,,0.0,,not_selected_by_strategy_rule
R1,2026-02-09,2026-02-27,2026-02-27,2026-02-27,2026-03-02,2026-04-01,SO,SO,SO,55,Utilities,2026-02-27,Wikipedia,1340186477,momentum,2.0.0,-0.039387415610736776,368.0,True,,-0.039387415610736776,,55,0.0,368.0,135.0,False,False,False,False,,,0.0,True,,0.0,,not_selected_by_strategy_rule
R1,2026-02-09,2026-02-27,2026-02-27,2026-02-27,2026-03-02,2026-04-01,SOLV,SOLV,SOLV,35,Health Care,2026-02-27,Wikipedia,1340186477,momentum,2.0.0,0.07861547873274222,231.0,True,,0.07861547873274222,,35,0.0,231.0,272.0,False,False,False,False,,,0.0,True,,0.0,,not_selected_by_strategy_rule
R1,2026-02-09,2026-02-27,2026-02-27,2026-02-27,2026-03-02,2026-04-01,SPG,SPG,SPG,60,Real Estate,2026-02-27,Wikipedia,1340186477,momentum,2.0.0,0.19647945652595245,128.0,True,,0.19647945652595245,,60,0.0,128.0,375.0,False,False,False,False,,,0.0,True,,0.0,,not_selected_by_strategy_rule
R1,2026-02-09,2026-02-27,2026-02-27,2026-02-27,2026-03-02,2026-04-01,SPGI,SPGI,SPGI,40,Financials,2026-02-27,Wikipedia,1340186477,momentum,2.0.0,-0.03874173595763508,367.0,True,,-0.03874173595763508,,40,0.0,367.0,136.0,False,False,False,False,,,0.0,True,,0.0,,not_selected_by_strategy_rule
R1,2026-02-09,2026-02-27,2026-02-27,2026-02-27,2026-03-02,2026-04-01,SRE,SRE,SRE,55,Utilities,2026-02-27,Wikipedia,1340186477,momentum,2.0.0,0.08077229517445272,229.0,True,,0.08077229517445272,,55,0.0,229.0,274.0,False,False,False,False,,,0.0,True,,0.0,,not_selected_by_strategy_rule
R1,2026-02-09,2026-02-27,2026-02-27,2026-02-27,2026-03-02,2026-04-01,STE,STE,STE,35,Health Care,2026-02-27,Wikipedia,1340186477,momentum,2.0.0,0.16245356226820284,152.0,True,,0.16245356226820284,,35,0.0,152.0,351.0,False,False,False,False,,,0.0,True,,0.0,,not_selected_by_strategy_rule
R1,2026-02-09,2026-02-27,2026-02-27,2026-02-27,2026-03-02,2026-04-01,STLD,STLD,STLD,15,Materials,2026-02-27,Wikipedia,1340186477,momentum,2.0.0,0.41695856663693043,37.0,True,,0.41695856663693043,,15,0.0,37.0,466.0,False,False,False,False,,,0.0,True,,0.0,,not_selected_by_strategy_rule
R1,2026-02-09,2026-02-27,2026-02-27,2026-02-27,2026-03-02,2026-04-01,STT,STT,STT,40,Financials,2026-02-27,Wikipedia,1340186477,momentum,2.0.0,0.18727804433136308,135.0,True,,0.18727804433136308,,40,0.0,135.0,368.0,False,False,False,False,,,0.0,True,,0.0,,not_selected_by_strategy_rule
R1,2026-02-09,2026-02-27,2026-02-27,2026-02-27,2026-03-02,2026-04-01,STX,STX,STX,45,Information Technology,2026-02-27,Wikipedia,1340186477,momentum,2.0.0,1.6116047535740874,5.0,True,,1.6116047535740874,,45,0.0,5.0,498.0,False,False,True,False,,Long,0.10499999999999998,True,Long,0.10499999999999998,,selected_long
R1,2026-02-09,2026-02-27,2026-02-27,2026-02-27,2026-03-02,2026-04-01,STZ,STZ,STZ,30,Consumer Staples,2026-02-27,Wikipedia,1340186477,momentum,2.0.0,-0.04838503596878807,379.0,True,,-0.04838503596878807,,30,0.0,379.0,124.0,False,False,False,False,,,0.0,True,,0.0,,not_selected_by_strategy_rule
R1,2026-02-09,2026-02-27,2026-02-27,2026-02-27,2026-03-02,2026-04-01,SW,SW,SW,15,Materials,2026-02-27,Wikipedia,1340186477,momentum,2.0.0,-0.05262547239946436,382.0,True,,-0.05262547239946436,,15,0.0,382.0,121.0,False,False,False,False,,,0.0,True,,0.0,,not_selected_by_strategy_rule
R1,2026-02-09,2026-02-27,2026-02-27,2026-02-27,2026-03-02,2026-04-01,SWK,SWK,SWK,20,Industrials,2026-02-27,Wikipedia,1340186477,momentum,2.0.0,0.18969351157754355,133.0,True,,0.18969351157754355,,20,0.0,133.0,370.0,False,False,False,False,,,0.0,True,,0.0,,not_selected_by_strategy_rule
R1,2026-02-09,2026-02-27,2026-02-27,2026-02-27,2026-03-02,2026-04-01,SWKS,SWKS,SWKS,45,Information Technology,2026-02-27,Wikipedia,1340186477,momentum,2.0.0,-0.1695297997051881,449.0,True,,-0.1695297997051881,,45,0.0,449.0,54.0,False,False,False,False,,,0.0,True,,0.0,,not_selected_by_strategy_rule
R1,2026-02-09,2026-02-27,2026-02-27,2026-02-27,2026-03-02,2026-04-01,SYF,SYF,SYF,40,Financials,2026-02-27,Wikipedia,1340186477,momentum,2.0.0,0.05132446406447766,261.0,True,,0.05132446406447766,,40,0.0,261.0,242.0,False,False,False,False,,,0.0,True,,0.0,,not_selected_by_strategy_rule
R1,2026-02-09,2026-02-27,2026-02-27,2026-02-27,2026-03-02,2026-04-01,SYK,SYK,SYK,35,Health Care,2026-02-27,Wikipedia,1340186477,momentum,2.0.0,-0.05450585759485649,385.0,True,,-0.05450585759485649,,35,0.0,385.0,118.0,False,False,False,False,,,0.0,True,,0.0,,not_selected_by_strategy_rule
R1,2026-02-09,2026-02-27,2026-02-27,2026-02-27,2026-03-02,2026-04-01,SYY,SYY,SYY,30,Consumer Staples,2026-02-27,Wikipedia,1340186477,momentum,2.0.0,0.06809468574958921,243.0,True,,0.06809468574958921,,30,0.0,243.0,260.0,False,False,False,False,,,0.0,True,,0.0,,not_selected_by_strategy_rule
R1,2026-02-09,2026-02-27,2026-02-27,2026-02-27,2026-03-02,2026-04-01,T,T,T,50,Communication Services,2026-02-27,Wikipedia,1340186477,momentum,2.0.0,-0.02215344854559642,350.0,True,,-0.02215344854559642,,50,0.0,350.0,153.0,False,False,False,False,,,0.0,True,,0.0,,not_selected_by_strategy_rule
R1,2026-02-09,2026-02-27,2026-02-27,2026-02-27,2026-03-02,2026-04-01,TAP,TAP,TAP,30,Consumer Staples,2026-02-27,Wikipedia,1340186477,momentum,2.0.0,0.005789980758439395,323.0,True,,0.005789980758439395,,30,0.0,323.0,180.0,False,False,False,False,,,0.0,True,,0.0,,not_selected_by_strategy_rule
R1,2026-02-09,2026-02-27,2026-02-27,2026-02-27,2026-03-02,2026-04-01,TDG,TDG,TDG,20,Industrials,2026-02-27,Wikipedia,1340186477,momentum,2.0.0,-0.05145340997253167,381.0,True,,-0.05145340997253167,,20,0.0,381.0,122.0,False,False,False,False,,,0.0,True,,0.0,,not_selected_by_strategy_rule
R1,2026-02-09,2026-02-27,2026-02-27,2026-02-27,2026-03-02,2026-04-01,TDY,TDY,TDY,45,Information Technology,2026-02-27,Wikipedia,1340186477,momentum,2.0.0,0.12573040144830827,183.0,True,,0.12573040144830827,,45,0.0,183.0,320.0,False,False,False,False,,,0.0,True,,0.0,,not_selected_by_strategy_rule
R1,2026-02-09,2026-02-27,2026-02-27,2026-02-27,2026-03-02,2026-04-01,TECH,TECH,TECH,35,Health Care,2026-02-27,Wikipedia,1340186477,momentum,2.0.0,0.17435382564575308,142.0,True,,0.17435382564575308,,35,0.0,142.0,361.0,False,False,False,False,,,0.0,True,,0.0,,not_selected_by_strategy_rule
R1,2026-02-09,2026-02-27,2026-02-27,2026-02-27,2026-03-02,2026-04-01,TEL,TEL,TEL,45,Information Technology,2026-02-27,Wikipedia,1340186477,momentum,2.0.0,0.0866221256139541,225.0,True,,0.0866221256139541,,45,0.0,225.0,278.0,False,False,False,False,,,0.0,True,,0.0,,not_selected_by_strategy_rule
R1,2026-02-09,2026-02-27,2026-02-27,2026-02-27,2026-03-02,2026-04-01,TER,TER,TER,45,Information Technology,2026-02-27,Wikipedia,1340186477,momentum,2.0.0,1.2477416033385857,9.0,True,,1.2477416033385857,,45,0.0,9.0,494.0,False,False,True,False,,Long,0.10499999999999998,True,Long,0.10499999999999998,,selected_long
R1,2026-02-09,2026-02-27,2026-02-27,2026-02-27,2026-03-02,2026-04-01,TFC,TFC,TFC,40,Financials,2026-02-27,Wikipedia,1340186477,momentum,2.0.0,0.20466027718072755,122.0,True,,0.20466027718072755,,40,0.0,122.0,381.0,False,False,False,False,,,0.0,True,,0.0,,not_selected_by_strategy_rule
R1,2026-02-09,2026-02-27,2026-02-27,2026-02-27,2026-03-02,2026-04-01,TGT,TGT,TGT,30,Consumer Staples,2026-02-27,Wikipedia,1340186477,momentum,2.0.0,0.07420565572691284,238.0,True,,0.07420565572691284,,30,0.0,238.0,265.0,False,False,False,False,,,0.0,True,,0.0,,not_selected_by_strategy_rule
R1,2026-02-09,2026-02-27,2026-02-27,2026-02-27,2026-03-02,2026-04-01,TJX,TJX,TJX,25,Consumer Discretionary,2026-02-27,Wikipedia,1340186477,momentum,2.0.0,0.21031237513259304,116.0,True,,0.21031237513259304,,25,0.0,116.0,387.0,False,False,False,False,,,0.0,True,,0.0,,not_selected_by_strategy_rule
R1,2026-02-09,2026-02-27,2026-02-27,2026-02-27,2026-03-02,2026-04-01,TKO,TKO,TKO,50,Communication Services,2026-02-27,Wikipedia,1340186477,momentum,2.0.0,0.21485189024714368,113.0,True,,0.21485189024714368,,50,0.0,113.0,390.0,False,False,False,False,,,0.0,True,,0.0,,not_selected_by_strategy_rule
R1,2026-02-09,2026-02-27,2026-02-27,2026-02-27,2026-03-02,2026-04-01,TMO,TMO,TMO,35,Health Care,2026-02-27,Wikipedia,1340186477,momentum,2.0.0,0.23923364507787515,98.0,True,,0.23923364507787515,,35,0.0,98.0,405.0,False,False,False,False,,,0.0,True,,0.0,,not_selected_by_strategy_rule
R1,2026-02-09,2026-02-27,2026-02-27,2026-02-27,2026-03-02,2026-04-01,TMUS,TMUS,TMUS,50,Communication Services,2026-02-27,Wikipedia,1340186477,momentum,2.0.0,-0.1657834921871244,447.0,True,,-0.1657834921871244,,50,0.0,447.0,56.0,False,False,False,False,,,0.0,True,,0.0,,not_selected_by_strategy_rule
R1,2026-02-09,2026-02-27,2026-02-27,2026-02-27,2026-03-02,2026-04-01,TPL,TPL,TPL,10,Energy,2026-02-27,Wikipedia,1340186477,momentum,2.0.0,0.0833418160482291,226.0,True,,0.0833418160482291,,10,0.0,226.0,277.0,False,False,False,False,,,0.0,True,,0.0,,not_selected_by_strategy_rule
R1,2026-02-09,2026-02-27,2026-02-27,2026-02-27,2026-03-02,2026-04-01,TPR,TPR,TPR,25,Consumer Discretionary,2026-02-27,Wikipedia,1340186477,momentum,2.0.0,0.18333760206817873,137.0,True,,0.18333760206817873,,25,0.0,137.0,366.0,False,False,False,False,,,0.0,True,,0.0,,not_selected_by_strategy_rule
R1,2026-02-09,2026-02-27,2026-02-27,2026-02-27,2026-03-02,2026-04-01,TRGP,TRGP,TRGP,10,Energy,2026-02-27,Wikipedia,1340186477,momentum,2.0.0,0.22182677623799774,107.0,True,,0.22182677623799774,,10,0.0,107.0,396.0,False,False,False,False,,,0.0,True,,0.0,,not_selected_by_strategy_rule
R1,2026-02-09,2026-02-27,2026-02-27,2026-02-27,2026-03-02,2026-04-01,TRMB,TRMB,TRMB,45,Information Technology,2026-02-27,Wikipedia,1340186477,momentum,2.0.0,-0.19418287083141217,465.0,True,,-0.19418287083141217,,45,0.0,465.0,38.0,False,False,False,False,,,0.0,True,,0.0,,not_selected_by_strategy_rule
R1,2026-02-09,2026-02-27,2026-02-27,2026-02-27,2026-03-02,2026-04-01,TROW,TROW,TROW,40,Financials,2026-02-27,Wikipedia,1340186477,momentum,2.0.0,0.06729370565105075,245.0,True,,0.06729370565105075,,40,0.0,245.0,258.0,False,False,False,False,,,0.0,True,,0.0,,not_selected_by_strategy_rule
R1,2026-02-09,2026-02-27,2026-02-27,2026-02-27,2026-03-02,2026-04-01,TRV,TRV,TRV,40,Financials,2026-02-27,Wikipedia,1340186477,momentum,2.0.0,0.10201658629692467,209.0,True,,0.10201658629692467,,40,0.0,209.0,294.0,False,False,False,False,,,0.0,True,,0.0,,not_selected_by_strategy_rule
R1,2026-02-09,2026-02-27,2026-02-27,2026-02-27,2026-03-02,2026-04-01,TSCO,TSCO,TSCO,25,Consumer Discretionary,2026-02-27,Wikipedia,1340186477,momentum,2.0.0,-0.09932245933957329,415.0,True,,-0.09932245933957329,,25,0.0,415.0,88.0,False,False,False,False,,,0.0,True,,0.0,,not_selected_by_strategy_rule
R1,2026-02-09,2026-02-27,2026-02-27,2026-02-27,2026-03-02,2026-04-01,TSLA,TSLA,TSLA,25,Consumer Discretionary,2026-02-27,Wikipedia,1340186477,momentum,2.0.0,0.3962111752727917,43.0,True,,0.3962111752727917,,25,0.0,43.0,460.0,False,False,False,False,,,0.0,True,,0.0,,not_selected_by_strategy_rule
R1,2026-02-09,2026-02-27,2026-02-27,2026-02-27,2026-03-02,2026-04-01,TSN,TSN,TSN,30,Consumer Staples,2026-02-27,Wikipedia,1340186477,momentum,2.0.0,0.27154010994783273,79.0,True,,0.27154010994783273,,30,0.0,79.0,424.0,False,False,False,False,,,0.0,True,,0.0,,not_selected_by_strategy_rule
R1,2026-02-09,2026-02-27,2026-02-27,2026-02-27,2026-03-02,2026-04-01,TT,TT,TT,20,Industrials,2026-02-27,Wikipedia,1340186477,momentum,2.0.0,-0.037757729992506484,366.0,True,,-0.037757729992506484,,20,0.0,366.0,137.0,False,False,False,False,,,0.0,True,,0.0,,not_selected_by_strategy_rule
R1,2026-02-09,2026-02-27,2026-02-27,2026-02-27,2026-03-02,2026-04-01,TTD,TTD,TTD,50,Communication Services,2026-02-27,Wikipedia,1340186477,momentum,2.0.0,-0.6512189484472787,502.0,True,,-0.6512189484472787,,50,0.0,502.0,1.0,False,False,False,True,,Short,-0.04500000000000001,True,Short,-0.04500000000000001,,selected_short
R1,2026-02-09,2026-02-27,2026-02-27,2026-02-27,2026-03-02,2026-04-01,TTWO,TTWO,TTWO,50,Communication Services,2026-02-27,Wikipedia,1340186477,momentum,2.0.0,-0.010910037814366835,338.0,True,,-0.010910037814366835,,50,0.0,338.0,165.0,False,False,False,False,,,0.0,True,,0.0,,not_selected_by_strategy_rule
R1,2026-02-09,2026-02-27,2026-02-27,2026-02-27,2026-03-02,2026-04-01,TXN,TXN,TXN,45,Information Technology,2026-02-27,Wikipedia,1340186477,momentum,2.0.0,0.20895537872937608,119.0,True,,0.20895537872937608,,45,0.0,119.0,384.0,False,False,False,False,,,0.0,True,,0.0,,not_selected_by_strategy_rule
R1,2026-02-09,2026-02-27,2026-02-27,2026-02-27,2026-03-02,2026-04-01,TXT,TXT,TXT,20,Industrials,2026-02-27,Wikipedia,1340186477,momentum,2.0.0,0.13284948357701132,178.0,True,,0.13284948357701132,,20,0.0,178.0,325.0,False,False,False,False,,,0.0,True,,0.0,,not_selected_by_strategy_rule
R1,2026-02-09,2026-02-27,2026-02-27,2026-02-27,2026-03-02,2026-04-01,TYL,TYL,TYL,45,Information Technology,2026-02-27,Wikipedia,1340186477,momentum,2.0.0,-0.36807171985890574,494.0,True,,-0.36807171985890574,,45,0.0,494.0,9.0,False,False,False,True,,Short,-0.04500000000000001,True,Short,-0.04500000000000001,,selected_short
R1,2026-02-09,2026-02-27,2026-02-27,2026-02-27,2026-03-02,2026-04-01,UAL,UAL,UAL,20,Industrials,2026-02-27,Wikipedia,1340186477,momentum,2.0.0,0.1586457085669697,155.0,True,,0.1586457085669697,,20,0.0,155.0,348.0,False,False,False,False,,,0.0,True,,0.0,,not_selected_by_strategy_rule
R1,2026-02-09,2026-02-27,2026-02-27,2026-02-27,2026-03-02,2026-04-01,UBER,UBER,UBER,20,Industrials,2026-02-27,Wikipedia,1340186477,momentum,2.0.0,-0.08774925297142089,408.0,True,,-0.08774925297142089,,20,0.0,408.0,95.0,False,False,False,False,,,0.0,True,,0.0,,not_selected_by_strategy_rule
R1,2026-02-09,2026-02-27,2026-02-27,2026-02-27,2026-03-02,2026-04-01,UDR,UDR,UDR,60,Real Estate,2026-02-27,Wikipedia,1340186477,momentum,2.0.0,-0.03180904208423041,360.0,True,,-0.03180904208423041,,60,0.0,360.0,143.0,False,False,False,False,,,0.0,True,,0.0,,not_selected_by_strategy_rule
R1,2026-02-09,2026-02-27,2026-02-27,2026-02-27,2026-03-02,2026-04-01,UHS,UHS,UHS,35,Health Care,2026-02-27,Wikipedia,1340186477,momentum,2.0.0,0.21145971947611653,114.0,True,,0.21145971947611653,,35,0.0,114.0,389.0,False,False,False,False,,,0.0,True,,0.0,,not_selected_by_strategy_rule
R1,2026-02-09,2026-02-27,2026-02-27,2026-02-27,2026-03-02,2026-04-01,ULTA,ULTA,ULTA,25,Consumer Discretionary,2026-02-27,Wikipedia,1340186477,momentum,2.0.0,0.2569852489783031,85.0,True,,0.2569852489783031,,25,0.0,85.0,418.0,False,False,False,False,,,0.0,True,,0.0,,not_selected_by_strategy_rule
R1,2026-02-09,2026-02-27,2026-02-27,2026-02-27,2026-03-02,2026-04-01,UNH,UNH,UNH,35,Health Care,2026-02-27,Wikipedia,1340186477,momentum,2.0.0,0.16477618781175218,148.0,True,,0.16477618781175218,,35,0.0,148.0,355.0,False,False,False,False,,,0.0,True,,0.0,,not_selected_by_strategy_rule
R1,2026-02-09,2026-02-27,2026-02-27,2026-02-27,2026-03-02,2026-04-01,UNP,UNP,UNP,20,Industrials,2026-02-27,Wikipedia,1340186477,momentum,2.0.0,0.072001232347773,239.0,True,,0.072001232347773,,20,0.0,239.0,264.0,False,False,False,False,,,0.0,True,,0.0,,not_selected_by_strategy_rule
R1,2026-02-09,2026-02-27,2026-02-27,2026-02-27,2026-03-02,2026-04-01,UPS,UPS,UPS,20,Industrials,2026-02-27,Wikipedia,1340186477,momentum,2.0.0,0.27794087091897657,76.0,True,,0.27794087091897657,,20,0.0,76.0,427.0,False,False,False,False,,,0.0,True,,0.0,,not_selected_by_strategy_rule
R1,2026-02-09,2026-02-27,2026-02-27,2026-02-27,2026-03-02,2026-04-01,URI,URI,URI,20,Industrials,2026-02-27,Wikipedia,1340186477,momentum,2.0.0,-0.11066041789825809,425.0,True,,-0.11066041789825809,,20,0.0,425.0,78.0,False,False,False,False,,,0.0,True,,0.0,,not_selected_by_strategy_rule
R1,2026-02-09,2026-02-27,2026-02-27,2026-02-27,2026-03-02,2026-04-01,USB,USB,USB,40,Financials,2026-02-27,Wikipedia,1340186477,momentum,2.0.0,0.27358126831623353,77.0,True,,0.27358126831623353,,40,0.0,77.0,426.0,False,False,False,False,,,0.0,True,,0.0,,not_selected_by_strategy_rule
R1,2026-02-09,2026-02-27,2026-02-27,2026-02-27,2026-03-02,2026-04-01,V,V,V,40,Financials,2026-02-27,Wikipedia,1340186477,momentum,2.0.0,-0.06494093472929452,387.0,True,,-0.06494093472929452,,40,0.0,387.0,116.0,False,False,False,False,,,0.0,True,,0.0,,not_selected_by_strategy_rule
R1,2026-02-09,2026-02-27,2026-02-27,2026-02-27,2026-03-02,2026-04-01,VICI,VICI,VICI,60,Real Estate,2026-02-27,Wikipedia,1340186477,momentum,2.0.0,-0.11248655526407048,427.0,True,,-0.11248655526407048,,60,0.0,427.0,76.0,False,False,False,False,,,0.0,True,,0.0,,not_selected_by_strategy_rule
R1,2026-02-09,2026-02-27,2026-02-27,2026-02-27,2026-03-02,2026-04-01,VLO,VLO,VLO,10,Energy,2026-02-27,Wikipedia,1340186477,momentum,2.0.0,0.3296488153485786,57.0,True,,0.3296488153485786,,10,0.0,57.0,446.0,False,False,False,False,,,0.0,True,,0.0,,not_selected_by_strategy_rule
R1,2026-02-09,2026-02-27,2026-02-27,2026-02-27,2026-03-02,2026-04-01,VLTO,VLTO,VLTO,20,Industrials,2026-02-27,Wikipedia,1340186477,momentum,2.0.0,-0.05360132630708825,383.0,True,,-0.05360132630708825,,20,0.0,383.0,120.0,False,False,False,False,,,0.0,True,,0.0,,not_selected_by_strategy_rule
R1,2026-02-09,2026-02-27,2026-02-27,2026-02-27,2026-03-02,2026-04-01,VMC,VMC,VMC,15,Materials,2026-02-27,Wikipedia,1340186477,momentum,2.0.0,0.09787452370530358,215.0,True,,0.09787452370530358,,15,0.0,215.0,288.0,False,False,False,False,,,0.0,True,,0.0,,not_selected_by_strategy_rule
R1,2026-02-09,2026-02-27,2026-02-27,2026-02-27,2026-03-02,2026-04-01,VRSK,VRSK,VRSK,20,Industrials,2026-02-27,Wikipedia,1340186477,momentum,2.0.0,-0.21679800255851023,471.0,True,,-0.21679800255851023,,20,0.0,471.0,32.0,False,False,False,False,,,0.0,True,,0.0,,not_selected_by_strategy_rule
R1,2026-02-09,2026-02-27,2026-02-27,2026-02-27,2026-03-02,2026-04-01,VRSN,VRSN,VRSN,45,Information Technology,2026-02-27,Wikipedia,1340186477,momentum,2.0.0,-0.0862098314253873,407.0,True,,-0.0862098314253873,,45,0.0,407.0,96.0,False,False,False,False,,,0.0,True,,0.0,,not_selected_by_strategy_rule
R1,2026-02-09,2026-02-27,2026-02-27,2026-02-27,2026-03-02,2026-04-01,VRTX,VRTX,VRTX,35,Health Care,2026-02-27,Wikipedia,1340186477,momentum,2.0.0,0.02852014559624272,292.0,True,,0.02852014559624272,,35,0.0,292.0,211.0,False,False,False,False,,,0.0,True,,0.0,,not_selected_by_strategy_rule
R1,2026-02-09,2026-02-27,2026-02-27,2026-02-27,2026-03-02,2026-04-01,VST,VST,VST,55,Utilities,2026-02-27,Wikipedia,1340186477,momentum,2.0.0,-0.23879591531363964,479.0,True,,-0.23879591531363964,,55,0.0,479.0,24.0,False,False,False,False,,,0.0,True,,0.0,,not_selected_by_strategy_rule
R1,2026-02-09,2026-02-27,2026-02-27,2026-02-27,2026-03-02,2026-04-01,VTR,VTR,VTR,60,Real Estate,2026-02-27,Wikipedia,1340186477,momentum,2.0.0,0.17135386031017585,143.0,True,,0.17135386031017585,,60,0.0,143.0,360.0,False,False,False,False,,,0.0,True,,0.0,,not_selected_by_strategy_rule
R1,2026-02-09,2026-02-27,2026-02-27,2026-02-27,2026-03-02,2026-04-01,VTRS,VTRS,VTRS,35,Health Care,2026-02-27,Wikipedia,1340186477,momentum,2.0.0,0.5322941342426868,24.0,True,,0.5322941342426868,,35,0.0,24.0,479.0,False,False,False,False,,,0.0,True,,0.0,,not_selected_by_strategy_rule
R1,2026-02-09,2026-02-27,2026-02-27,2026-02-27,2026-03-02,2026-04-01,VZ,VZ,VZ,50,Communication Services,2026-02-27,Wikipedia,1340186477,momentum,2.0.0,0.07743185588392221,233.0,True,,0.07743185588392221,,50,0.0,233.0,270.0,False,False,False,False,,,0.0,True,,0.0,,not_selected_by_strategy_rule
R1,2026-02-09,2026-02-27,2026-02-27,2026-02-27,2026-03-02,2026-04-01,WAB,WAB,WAB,20,Industrials,2026-02-27,Wikipedia,1340186477,momentum,2.0.0,0.20132114810468615,124.0,True,,0.20132114810468615,,20,0.0,124.0,379.0,False,False,False,False,,,0.0,True,,0.0,,not_selected_by_strategy_rule
R1,2026-02-09,2026-02-27,2026-02-27,2026-02-27,2026-03-02,2026-04-01,WAT,WAT,WAT,35,Health Care,2026-02-27,Wikipedia,1340186477,momentum,2.0.0,0.2838342868931254,72.0,True,,0.2838342868931254,,35,0.0,72.0,431.0,False,False,False,False,,,0.0,True,,0.0,,not_selected_by_strategy_rule
R1,2026-02-09,2026-02-27,2026-02-27,2026-02-27,2026-03-02,2026-04-01,WBD,WBD,WBD,50,Communication Services,2026-02-27,Wikipedia,1340186477,momentum,2.0.0,1.091116230522995,10.0,True,,1.091116230522995,,50,0.0,10.0,493.0,False,False,True,False,,Long,0.10499999999999998,True,Long,0.10499999999999998,,selected_long
R1,2026-02-09,2026-02-27,2026-02-27,2026-02-27,2026-03-02,2026-04-01,WDAY,WDAY,WDAY,45,Information Technology,2026-02-27,Wikipedia,1340186477,momentum,2.0.0,-0.2343273121275773,477.0,True,,-0.2343273121275773,,45,0.0,477.0,26.0,False,False,False,False,,,0.0,True,,0.0,,not_selected_by_strategy_rule
R1,2026-02-09,2026-02-27,2026-02-27,2026-02-27,2026-03-02,2026-04-01,WDC,WDC,WDC,45,Information Technology,2026-02-27,Wikipedia,1340186477,momentum,2.0.0,2.1862082593794985,3.0,True,,2.1862082593794985,,45,0.0,3.0,500.0,False,False,True,False,,Long,0.10499999999999998,True,Long,0.10499999999999998,,selected_long
R1,2026-02-09,2026-02-27,2026-02-27,2026-02-27,2026-03-02,2026-04-01,WEC,WEC,WEC,55,Utilities,2026-02-27,Wikipedia,1340186477,momentum,2.0.0,0.03112554035522641,290.0,True,,0.03112554035522641,,55,0.0,290.0,213.0,False,False,False,False,,,0.0,True,,0.0,,not_selected_by_strategy_rule
R1,2026-02-09,2026-02-27,2026-02-27,2026-02-27,2026-03-02,2026-04-01,WELL,WELL,WELL,60,Real Estate,2026-02-27,Wikipedia,1340186477,momentum,2.0.0,0.15061454452987655,162.0,True,,0.15061454452987655,,60,0.0,162.0,341.0,False,False,False,False,,,0.0,True,,0.0,,not_selected_by_strategy_rule
R1,2026-02-09,2026-02-27,2026-02-27,2026-02-27,2026-03-02,2026-04-01,WFC,WFC,WFC,40,Financials,2026-02-27,Wikipedia,1340186477,momentum,2.0.0,0.13481527831861628,176.0,True,,0.13481527831861628,,40,0.0,176.0,327.0,False,False,False,False,,,0.0,True,,0.0,,not_selected_by_strategy_rule
R1,2026-02-09,2026-02-27,2026-02-27,2026-02-27,2026-03-02,2026-04-01,WM,WM,WM,20,Industrials,2026-02-27,Wikipedia,1340186477,momentum,2.0.0,-0.022791277256873466,351.0,True,,-0.022791277256873466,,20,0.0,351.0,152.0,False,False,False,False,,,0.0,True,,0.0,,not_selected_by_strategy_rule
R1,2026-02-09,2026-02-27,2026-02-27,2026-02-27,2026-03-02,2026-04-01,WMB,WMB,WMB,10,Energy,2026-02-27,Wikipedia,1340186477,momentum,2.0.0,0.14083380376837806,168.0,True,,0.14083380376837806,,10,0.0,168.0,335.0,False,False,False,False,,,0.0,True,,0.0,,not_selected_by_strategy_rule
R1,2026-02-09,2026-02-27,2026-02-27,2026-02-27,2026-03-02,2026-04-01,WMT,WMT,WMT,30,Consumer Staples,2026-02-27,Wikipedia,1340186477,momentum,2.0.0,0.22128686434691613,108.0,True,,0.22128686434691613,,30,0.0,108.0,395.0,False,False,False,False,,,0.0,True,,0.0,,not_selected_by_strategy_rule
R1,2026-02-09,2026-02-27,2026-02-27,2026-02-27,2026-03-02,2026-04-01,WRB,WRB,WRB,40,Financials,2026-02-27,Wikipedia,1340186477,momentum,2.0.0,0.013820419782912818,315.0,True,,0.013820419782912818,,40,0.0,315.0,188.0,False,False,False,False,,,0.0,True,,0.0,,not_selected_by_strategy_rule
R1,2026-02-09,2026-02-27,2026-02-27,2026-02-27,2026-03-02,2026-04-01,WSM,WSM,WSM,25,Consumer Discretionary,2026-02-27,Wikipedia,1340186477,momentum,2.0.0,0.1014188038812136,210.0,True,,0.1014188038812136,,25,0.0,210.0,293.0,False,False,False,False,,,0.0,True,,0.0,,not_selected_by_strategy_rule
R1,2026-02-09,2026-02-27,2026-02-27,2026-02-27,2026-03-02,2026-04-01,WST,WST,WST,35,Health Care,2026-02-27,Wikipedia,1340186477,momentum,2.0.0,-0.032369890869506146,361.0,True,,-0.032369890869506146,,35,0.0,361.0,142.0,False,False,False,False,,,0.0,True,,0.0,,not_selected_by_strategy_rule
R1,2026-02-09,2026-02-27,2026-02-27,2026-02-27,2026-03-02,2026-04-01,WTW,WTW,WTW,40,Financials,2026-02-27,Wikipedia,1340186477,momentum,2.0.0,0.010753880125065729,318.0,True,,0.010753880125065729,,40,0.0,318.0,185.0,False,False,False,False,,,0.0,True,,0.0,,not_selected_by_strategy_rule
R1,2026-02-09,2026-02-27,2026-02-27,2026-02-27,2026-03-02,2026-04-01,WY,WY,WY,60,Real Estate,2026-02-27,Wikipedia,1340186477,momentum,2.0.0,0.047419304741118884,269.0,True,,0.047419304741118884,,60,0.0,269.0,234.0,False,False,False,False,,,0.0,True,,0.0,,not_selected_by_strategy_rule
R1,2026-02-09,2026-02-27,2026-02-27,2026-02-27,2026-03-02,2026-04-01,WYNN,WYNN,WYNN,25,Consumer Discretionary,2026-02-27,Wikipedia,1340186477,momentum,2.0.0,-0.010185569494601587,337.0,True,,-0.010185569494601587,,25,0.0,337.0,166.0,False,False,False,False,,,0.0,True,,0.0,,not_selected_by_strategy_rule
R1,2026-02-09,2026-02-27,2026-02-27,2026-02-27,2026-03-02,2026-04-01,XEL,XEL,XEL,55,Utilities,2026-02-27,Wikipedia,1340186477,momentum,2.0.0,0.05184278704004264,260.0,True,,0.05184278704004264,,55,0.0,260.0,243.0,False,False,False,False,,,0.0,True,,0.0,,not_selected_by_strategy_rule
R1,2026-02-09,2026-02-27,2026-02-27,2026-02-27,2026-03-02,2026-04-01,XOM,XOM,XOM,10,Energy,2026-02-27,Wikipedia,1340186477,momentum,2.0.0,0.28953823717243066,67.0,True,,0.28953823717243066,,10,0.0,67.0,436.0,False,False,False,False,,,0.0,True,,0.0,,not_selected_by_strategy_rule
R1,2026-02-09,2026-02-27,2026-02-27,2026-02-27,2026-03-02,2026-04-01,XYL,XYL,XYL,20,Industrials,2026-02-27,Wikipedia,1340186477,momentum,2.0.0,-0.04132629513197272,370.0,True,,-0.04132629513197272,,20,0.0,370.0,133.0,False,False,False,False,,,0.0,True,,0.0,,not_selected_by_strategy_rule
R1,2026-02-09,2026-02-27,2026-02-27,2026-02-27,2026-03-02,2026-04-01,XYZ,XYZ,XYZ,40,Financials,2026-02-27,Wikipedia,1340186477,momentum,2.0.0,-0.2178358965274011,472.0,True,,-0.2178358965274011,,40,0.0,472.0,31.0,False,False,False,False,,,0.0,True,,0.0,,not_selected_by_strategy_rule
R1,2026-02-09,2026-02-27,2026-02-27,2026-02-27,2026-03-02,2026-04-01,YUM,YUM,YUM,25,Consumer Discretionary,2026-02-27,Wikipedia,1340186477,momentum,2.0.0,0.08910731875097322,224.0,True,,0.08910731875097322,,25,0.0,224.0,279.0,False,False,False,False,,,0.0,True,,0.0,,not_selected_by_strategy_rule
R1,2026-02-09,2026-02-27,2026-02-27,2026-02-27,2026-03-02,2026-04-01,ZBH,ZBH,ZBH,35,Health Care,2026-02-27,Wikipedia,1340186477,momentum,2.0.0,-0.04511558133797078,372.0,True,,-0.04511558133797078,,35,0.0,372.0,131.0,False,False,False,False,,,0.0,True,,0.0,,not_selected_by_strategy_rule
R1,2026-02-09,2026-02-27,2026-02-27,2026-02-27,2026-03-02,2026-04-01,ZBRA,ZBRA,ZBRA,45,Information Technology,2026-02-27,Wikipedia,1340186477,momentum,2.0.0,-0.30688453972528784,487.0,True,,-0.30688453972528784,,45,0.0,487.0,16.0,False,False,False,False,,,0.0,True,,0.0,,not_selected_by_strategy_rule
R1,2026-02-09,2026-02-27,2026-02-27,2026-02-27,2026-03-02,2026-04-01,ZTS,ZTS,ZTS,35,Health Care,2026-02-27,Wikipedia,1340186477,momentum,2.0.0,-0.13718740832795528,439.0,True,,-0.13718740832795528,,35,0.0,439.0,64.0,False,False,False,False,,,0.0,True,,0.0,,not_selected_by_strategy_rule
R2,2026-03-23,2026-03-31,2026-03-31,2026-03-31,2026-04-01,2026-05-01,A,A,A,35,Health Care,2026-03-31,Wikipedia,1345606266,momentum,2.0.0,-0.030390726900976328,347.0,True,,-0.030390726900976328,,35,0.0,347.0,156.0,False,False,False,False,,,0.0,True,,0.0,,not_selected_by_strategy_rule
R2,2026-03-23,2026-03-31,2026-03-31,2026-03-31,2026-04-01,2026-05-01,AAPL,AAPL,AAPL,45,Information Technology,2026-03-31,Wikipedia,1345606266,momentum,2.0.0,0.14018921942123153,188.0,True,,0.14018921942123153,,45,0.0,188.0,315.0,False,False,False,False,,,0.0,True,,0.0,,not_selected_by_strategy_rule
R2,2026-03-23,2026-03-31,2026-03-31,2026-03-31,2026-04-01,2026-05-01,ABBV,ABBV,ABBV,35,Health Care,2026-03-31,Wikipedia,1345606266,momentum,2.0.0,0.1199326866846464,207.0,True,,0.1199326866846464,,35,0.0,207.0,296.0,False,False,False,False,,,0.0,True,,0.0,,not_selected_by_strategy_rule
R2,2026-03-23,2026-03-31,2026-03-31,2026-03-31,2026-04-01,2026-05-01,ABNB,ABNB,ABNB,25,Consumer Discretionary,2026-03-31,Wikipedia,1345606266,momentum,2.0.0,0.035087733654228126,287.0,True,,0.035087733654228126,,25,0.0,287.0,216.0,False,False,False,False,,,0.0,True,,0.0,,not_selected_by_strategy_rule
R2,2026-03-23,2026-03-31,2026-03-31,2026-03-31,2026-04-01,2026-05-01,ABT,ABT,ABT,35,Health Care,2026-03-31,Wikipedia,1345606266,momentum,2.0.0,-0.11458331617161288,413.0,True,,-0.11458331617161288,,35,0.0,413.0,90.0,False,False,False,False,,,0.0,True,,0.0,,not_selected_by_strategy_rule
R2,2026-03-23,2026-03-31,2026-03-31,2026-03-31,2026-04-01,2026-05-01,ACGL,ACGL,ACGL,40,Financials,2026-03-31,Wikipedia,1345606266,momentum,2.0.0,0.09417680390630334,232.0,True,,0.09417680390630334,,40,0.0,232.0,271.0,False,False,False,False,,,0.0,True,,0.0,,not_selected_by_strategy_rule
R2,2026-03-23,2026-03-31,2026-03-31,2026-03-31,2026-04-01,2026-05-01,ACN,ACN,ACN,45,Information Technology,2026-03-31,Wikipedia,1345606266,momentum,2.0.0,-0.19713809050283337,449.0,True,,-0.19713809050283337,,45,0.0,449.0,54.0,False,False,False,False,,,0.0,True,,0.0,,not_selected_by_strategy_rule
R2,2026-03-23,2026-03-31,2026-03-31,2026-03-31,2026-04-01,2026-05-01,ADBE,ADBE,ADBE,45,Information Technology,2026-03-31,Wikipedia,1345606266,momentum,2.0.0,-0.2643397962380648,470.0,True,,-0.2643397962380648,,45,0.0,470.0,33.0,False,False,False,False,,,0.0,True,,0.0,,not_selected_by_strategy_rule
R2,2026-03-23,2026-03-31,2026-03-31,2026-03-31,2026-04-01,2026-05-01,ADI,ADI,ADI,45,Information Technology,2026-03-31,Wikipedia,1345606266,momentum,2.0.0,0.42636065306656534,51.0,True,,0.42636065306656534,,45,0.0,51.0,452.0,False,False,False,False,,,0.0,True,,0.0,,not_selected_by_strategy_rule
R2,2026-03-23,2026-03-31,2026-03-31,2026-03-31,2026-04-01,2026-05-01,ADM,ADM,ADM,30,Consumer Staples,2026-03-31,Wikipedia,1345606266,momentum,2.0.0,0.11983658072584213,208.0,True,,0.11983658072584213,,30,0.0,208.0,295.0,False,False,False,False,,,0.0,True,,0.0,,not_selected_by_strategy_rule
R2,2026-03-23,2026-03-31,2026-03-31,2026-03-31,2026-04-01,2026-05-01,ADP,ADP,ADP,20,Industrials,2026-03-31,Wikipedia,1345606266,momentum,2.0.0,-0.28674147087041124,479.0,True,,-0.28674147087041124,,20,0.0,479.0,24.0,False,False,False,False,,,0.0,True,,0.0,,not_selected_by_strategy_rule
R2,2026-03-23,2026-03-31,2026-03-31,2026-03-31,2026-04-01,2026-05-01,ADSK,ADSK,ADSK,45,Information Technology,2026-03-31,Wikipedia,1345606266,momentum,2.0.0,-0.21871628350799888,455.0,True,,-0.21871628350799888,,45,0.0,455.0,48.0,False,False,False,False,,,0.0,True,,0.0,,not_selected_by_strategy_rule
R2,2026-03-23,2026-03-31,2026-03-31,2026-03-31,2026-04-01,2026-05-01,AEE,AEE,AEE,55,Utilities,2026-03-31,Wikipedia,1345606266,momentum,2.0.0,0.15164946286667202,179.0,True,,0.15164946286667202,,55,0.0,179.0,324.0,False,False,False,False,,,0.0,True,,0.0,,not_selected_by_strategy_rule
R2,2026-03-23,2026-03-31,2026-03-31,2026-03-31,2026-04-01,2026-05-01,AEP,AEP,AEP,55,Utilities,2026-03-31,Wikipedia,1345606266,momentum,2.0.0,0.22447858382881858,119.0,True,,0.22447858382881858,,55,0.0,119.0,384.0,False,False,False,False,,,0.0,True,,0.0,,not_selected_by_strategy_rule
R2,2026-03-23,2026-03-31,2026-03-31,2026-03-31,2026-04-01,2026-05-01,AES,AES,AES,55,Utilities,2026-03-31,Wikipedia,1345606266,momentum,2.0.0,0.30774685273940694,84.0,True,,0.30774685273940694,,55,0.0,84.0,419.0,False,False,False,False,,,0.0,True,,0.0,,not_selected_by_strategy_rule
R2,2026-03-23,2026-03-31,2026-03-31,2026-03-31,2026-04-01,2026-05-01,AFL,AFL,AFL,40,Financials,2026-03-31,Wikipedia,1345606266,momentum,2.0.0,0.06796056920029825,263.0,True,,0.06796056920029825,,40,0.0,263.0,240.0,False,False,False,False,,,0.0,True,,0.0,,not_selected_by_strategy_rule
R2,2026-03-23,2026-03-31,2026-03-31,2026-03-31,2026-04-01,2026-05-01,AIG,AIG,AIG,40,Financials,2026-03-31,Wikipedia,1345606266,momentum,2.0.0,0.0008282928435827674,316.0,True,,0.0008282928435827674,,40,0.0,316.0,187.0,False,False,False,False,,,0.0,True,,0.0,,not_selected_by_strategy_rule
R2,2026-03-23,2026-03-31,2026-03-31,2026-03-31,2026-04-01,2026-05-01,AIZ,AIZ,AIZ,40,Financials,2026-03-31,Wikipedia,1345606266,momentum,2.0.0,0.07730236192292805,248.0,True,,0.07730236192292805,,40,0.0,248.0,255.0,False,False,False,False,,,0.0,True,,0.0,,not_selected_by_strategy_rule
R2,2026-03-23,2026-03-31,2026-03-31,2026-03-31,2026-04-01,2026-05-01,AJG,AJG,AJG,40,Financials,2026-03-31,Wikipedia,1345606266,momentum,2.0.0,-0.24260128296146155,464.0,True,,-0.24260128296146155,,40,0.0,464.0,39.0,False,False,False,False,,,0.0,True,,0.0,,not_selected_by_strategy_rule
R2,2026-03-23,2026-03-31,2026-03-31,2026-03-31,2026-04-01,2026-05-01,AKAM,AKAM,AKAM,45,Information Technology,2026-03-31,Wikipedia,1345606266,momentum,2.0.0,0.24339697718615239,107.0,True,,0.24339697718615239,,45,0.0,107.0,396.0,False,False,False,False,,,0.0,True,,0.0,,not_selected_by_strategy_rule
R2,2026-03-23,2026-03-31,2026-03-31,2026-03-31,2026-04-01,2026-05-01,ALB,ALB,ALB,15,Materials,2026-03-31,Wikipedia,1345606266,momentum,2.0.0,1.1217804466191823,14.0,True,,1.1217804466191823,,15,0.10499999999999998,14.0,489.0,True,False,True,False,,Long,0.10499999999999998,True,Long,0.10499999999999998,,selected_long
R2,2026-03-23,2026-03-31,2026-03-31,2026-03-31,2026-04-01,2026-05-01,ALGN,ALGN,ALGN,35,Health Care,2026-03-31,Wikipedia,1345606266,momentum,2.0.0,0.3391095880030408,72.0,True,,0.3391095880030408,,35,0.0,72.0,431.0,False,False,False,False,,,0.0,True,,0.0,,not_selected_by_strategy_rule
R2,2026-03-23,2026-03-31,2026-03-31,2026-03-31,2026-04-01,2026-05-01,ALL,ALL,ALL,40,Financials,2026-03-31,Wikipedia,1345606266,momentum,2.0.0,0.05938555312237126,273.0,True,,0.05938555312237126,,40,0.0,273.0,230.0,False,False,False,False,,,0.0,True,,0.0,,not_selected_by_strategy_rule
R2,2026-03-23,2026-03-31,2026-03-31,2026-03-31,2026-04-01,2026-05-01,ALLE,ALLE,ALLE,20,Industrials,2026-03-31,Wikipedia,1345606266,momentum,2.0.0,-0.05094224783660495,361.0,True,,-0.05094224783660495,,20,0.0,361.0,142.0,False,False,False,False,,,0.0,True,,0.0,,not_selected_by_strategy_rule
R2,2026-03-23,2026-03-31,2026-03-31,2026-03-31,2026-04-01,2026-05-01,AMAT,AMAT,AMAT,45,Information Technology,2026-03-31,Wikipedia,1345606266,momentum,2.0.0,1.323308119261874,11.0,True,,1.323308119261874,,45,0.0,11.0,492.0,False,False,False,False,,,0.0,True,,0.0,,not_selected_by_strategy_rule
R2,2026-03-23,2026-03-31,2026-03-31,2026-03-31,2026-04-01,2026-05-01,AMCR,AMCR,AMCR,15,Materials,2026-03-31,Wikipedia,1345606266,momentum,2.0.0,0.1724775285382658,159.0,True,,0.1724775285382658,,15,0.0,159.0,344.0,False,False,False,False,,,0.0,True,,0.0,,not_selected_by_strategy_rule
R2,2026-03-23,2026-03-31,2026-03-31,2026-03-31,2026-04-01,2026-05-01,AMD,AMD,AMD,45,Information Technology,2026-03-31,Wikipedia,1345606266,momentum,2.0.0,0.23107668144100457,117.0,True,,0.23107668144100457,,45,0.0,117.0,386.0,False,False,False,False,,,0.0,True,,0.0,,not_selected_by_strategy_rule
R2,2026-03-23,2026-03-31,2026-03-31,2026-03-31,2026-04-01,2026-05-01,AME,AME,AME,20,Industrials,2026-03-31,Wikipedia,1345606266,momentum,2.0.0,0.29861745645638127,86.0,True,,0.29861745645638127,,20,0.0,86.0,417.0,False,False,False,False,,,0.0,True,,0.0,,not_selected_by_strategy_rule
R2,2026-03-23,2026-03-31,2026-03-31,2026-03-31,2026-04-01,2026-05-01,AMGN,AMGN,AMGN,35,Health Care,2026-03-31,Wikipedia,1345606266,momentum,2.0.0,0.3681739028436488,59.0,True,,0.3681739028436488,,35,0.0,59.0,444.0,False,False,False,False,,,0.0,True,,0.0,,not_selected_by_strategy_rule
R2,2026-03-23,2026-03-31,2026-03-31,2026-03-31,2026-04-01,2026-05-01,AMP,AMP,AMP,40,Financials,2026-03-31,Wikipedia,1345606266,momentum,2.0.0,-0.08092298649090124,391.0,True,,-0.08092298649090124,,40,0.0,391.0,112.0,False,False,False,False,,,0.0,True,,0.0,,not_selected_by_strategy_rule
R2,2026-03-23,2026-03-31,2026-03-31,2026-03-31,2026-04-01,2026-05-01,AMT,AMT,AMT,60,Real Estate,2026-03-31,Wikipedia,1345606266,momentum,2.0.0,-0.04128229101442227,355.0,True,,-0.04128229101442227,,60,0.0,355.0,148.0,False,False,False,False,,,0.0,True,,0.0,,not_selected_by_strategy_rule
R2,2026-03-23,2026-03-31,2026-03-31,2026-03-31,2026-04-01,2026-05-01,AMZN,AMZN,AMZN,25,Consumer Discretionary,2026-03-31,Wikipedia,1345606266,momentum,2.0.0,-0.08296943231441045,392.0,True,,-0.08296943231441045,,25,0.0,392.0,111.0,False,False,False,False,,,0.0,True,,0.0,,not_selected_by_strategy_rule
R2,2026-03-23,2026-03-31,2026-03-31,2026-03-31,2026-04-01,2026-05-01,ANET,ANET,ANET,45,Information Technology,2026-03-31,Wikipedia,1345606266,momentum,2.0.0,-0.02233616245765835,339.0,True,,-0.02233616245765835,,45,0.0,339.0,164.0,False,False,False,False,,,0.0,True,,0.0,,not_selected_by_strategy_rule
R2,2026-03-23,2026-03-31,2026-03-31,2026-03-31,2026-04-01,2026-05-01,AON,AON,AON,40,Financials,2026-03-31,Wikipedia,1345606266,momentum,2.0.0,-0.08591280173972682,395.0,True,,-0.08591280173972682,,40,0.0,395.0,108.0,False,False,False,False,,,0.0,True,,0.0,,not_selected_by_strategy_rule
R2,2026-03-23,2026-03-31,2026-03-31,2026-03-31,2026-04-01,2026-05-01,AOS,AOS,AOS,20,Industrials,2026-03-31,Wikipedia,1345606266,momentum,2.0.0,0.10549898942423774,223.0,True,,0.10549898942423774,,20,0.0,223.0,280.0,False,False,False,False,,,0.0,True,,0.0,,not_selected_by_strategy_rule
R2,2026-03-23,2026-03-31,2026-03-31,2026-03-31,2026-04-01,2026-05-01,APA,APA,APA,10,Energy,2026-03-31,Wikipedia,1345606266,momentum,2.0.0,0.3351441891115221,75.0,True,,0.3351441891115221,,10,0.0,75.0,428.0,False,False,False,False,,,0.0,True,,0.0,,not_selected_by_strategy_rule
R2,2026-03-23,2026-03-31,2026-03-31,2026-03-31,2026-04-01,2026-05-01,APD,APD,APD,15,Materials,2026-03-31,Wikipedia,1345606266,momentum,2.0.0,-0.049618060796867924,360.0,True,,-0.049618060796867924,,15,0.0,360.0,143.0,False,False,False,False,,,0.0,True,,0.0,,not_selected_by_strategy_rule
R2,2026-03-23,2026-03-31,2026-03-31,2026-03-31,2026-04-01,2026-05-01,APH,APH,APH,45,Information Technology,2026-03-31,Wikipedia,1345606266,momentum,2.0.0,0.34617332977525295,70.0,True,,0.34617332977525295,,45,0.0,70.0,433.0,False,False,False,False,,,0.0,True,,0.0,,not_selected_by_strategy_rule
R2,2026-03-23,2026-03-31,2026-03-31,2026-03-31,2026-04-01,2026-05-01,APO,APO,APO,40,Financials,2026-03-31,Wikipedia,1345606266,momentum,2.0.0,-0.22602197404309754,460.0,True,,-0.22602197404309754,,40,0.0,460.0,43.0,False,False,False,False,,,0.0,True,,0.0,,not_selected_by_strategy_rule
R2,2026-03-23,2026-03-31,2026-03-31,2026-03-31,2026-04-01,2026-05-01,APP,APP,APP,45,Information Technology,2026-03-31,Wikipedia,1345606266,momentum,2.0.0,-0.0915606420099121,400.0,True,,-0.0915606420099121,,45,0.0,400.0,103.0,False,False,False,False,,,0.0,True,,0.0,,not_selected_by_strategy_rule
R2,2026-03-23,2026-03-31,2026-03-31,2026-03-31,2026-04-01,2026-05-01,APTV,APTV,APTV,25,Consumer Discretionary,2026-03-31,Wikipedia,1345606266,momentum,2.0.0,-0.07531746455060728,382.0,True,,-0.07531746455060728,,25,0.0,382.0,121.0,False,False,False,False,,,0.0,True,,0.0,,not_selected_by_strategy_rule
R2,2026-03-23,2026-03-31,2026-03-31,2026-03-31,2026-04-01,2026-05-01,ARE,ARE,ARE,60,Real Estate,2026-03-31,Wikipedia,1345606266,momentum,2.0.0,-0.3242454905078749,484.0,True,,-0.3242454905078749,,60,0.0,484.0,19.0,False,False,False,False,,,0.0,True,,0.0,,not_selected_by_strategy_rule
R2,2026-03-23,2026-03-31,2026-03-31,2026-03-31,2026-04-01,2026-05-01,ARES,ARES,ARES,40,Financials,2026-03-31,Wikipedia,1345606266,momentum,2.0.0,-0.3669448584575016,489.0,True,,-0.3669448584575016,,40,0.0,489.0,14.0,False,False,False,False,,,0.0,True,,0.0,,not_selected_by_strategy_rule
R2,2026-03-23,2026-03-31,2026-03-31,2026-03-31,2026-04-01,2026-05-01,ATO,ATO,ATO,55,Utilities,2026-03-31,Wikipedia,1345606266,momentum,2.0.0,0.13709963596776786,193.0,True,,0.13709963596776786,,55,0.0,193.0,310.0,False,False,False,False,,,0.0,True,,0.0,,not_selected_by_strategy_rule
R2,2026-03-23,2026-03-31,2026-03-31,2026-03-31,2026-04-01,2026-05-01,AVB,AVB,AVB,60,Real Estate,2026-03-31,Wikipedia,1345606266,momentum,2.0.0,-0.07809589770695247,384.0,True,,-0.07809589770695247,,60,0.0,384.0,119.0,False,False,False,False,,,0.0,True,,0.0,,not_selected_by_strategy_rule
R2,2026-03-23,2026-03-31,2026-03-31,2026-03-31,2026-04-01,2026-05-01,AVGO,AVGO,AVGO,45,Information Technology,2026-03-31,Wikipedia,1345606266,momentum,2.0.0,0.07841527027124995,246.0,True,,0.07841527027124995,,45,0.0,246.0,257.0,False,False,False,False,,,0.0,True,,0.0,,not_selected_by_strategy_rule
R2,2026-03-23,2026-03-31,2026-03-31,2026-03-31,2026-04-01,2026-05-01,AVY,AVY,AVY,15,Materials,2026-03-31,Wikipedia,1345606266,momentum,2.0.0,0.15659674143060176,175.0,True,,0.15659674143060176,,15,0.0,175.0,328.0,False,False,False,False,,,0.0,True,,0.0,,not_selected_by_strategy_rule
R2,2026-03-23,2026-03-31,2026-03-31,2026-03-31,2026-04-01,2026-05-01,AWK,AWK,AWK,55,Utilities,2026-03-31,Wikipedia,1345606266,momentum,2.0.0,-0.039566904557937654,352.0,True,,-0.039566904557937654,,55,0.0,352.0,151.0,False,False,False,False,,,0.0,True,,0.0,,not_selected_by_strategy_rule
R2,2026-03-23,2026-03-31,2026-03-31,2026-03-31,2026-04-01,2026-05-01,AXON,AXON,AXON,20,Industrials,2026-03-31,Wikipedia,1345606266,momentum,2.0.0,-0.27417730685233976,476.0,True,,-0.27417730685233976,,20,0.0,476.0,27.0,False,False,False,False,,,0.0,True,,0.0,,not_selected_by_strategy_rule
R2,2026-03-23,2026-03-31,2026-03-31,2026-03-31,2026-04-01,2026-05-01,AXP,AXP,AXP,40,Financials,2026-03-31,Wikipedia,1345606266,momentum,2.0.0,-0.0631169057524148,373.0,True,,-0.0631169057524148,,40,0.0,373.0,130.0,False,False,False,False,,,0.0,True,,0.0,,not_selected_by_strategy_rule
R2,2026-03-23,2026-03-31,2026-03-31,2026-03-31,2026-04-01,2026-05-01,AZO,AZO,AZO,25,Consumer Discretionary,2026-03-31,Wikipedia,1345606266,momentum,2.0.0,-0.10550114675791578,410.0,True,,-0.10550114675791578,,25,0.0,410.0,93.0,False,False,False,False,,,0.0,True,,0.0,,not_selected_by_strategy_rule
R2,2026-03-23,2026-03-31,2026-03-31,2026-03-31,2026-04-01,2026-05-01,BA,BA,BA,20,Industrials,2026-03-31,Wikipedia,1345606266,momentum,2.0.0,-0.030466993862413916,348.0,True,,-0.030466993862413916,,20,0.0,348.0,155.0,False,False,False,False,,,0.0,True,,0.0,,not_selected_by_strategy_rule
R2,2026-03-23,2026-03-31,2026-03-31,2026-03-31,2026-04-01,2026-05-01,BAC,BAC,BAC,40,Financials,2026-03-31,Wikipedia,1345606266,momentum,2.0.0,-0.007340132114039277,328.0,True,,-0.007340132114039277,,40,0.0,328.0,175.0,False,False,False,False,,,0.0,True,,0.0,,not_selected_by_strategy_rule
R2,2026-03-23,2026-03-31,2026-03-31,2026-03-31,2026-04-01,2026-05-01,BALL,BALL,BALL,15,Materials,2026-03-31,Wikipedia,1345606266,momentum,2.0.0,0.2853196461444889,89.0,True,,0.2853196461444889,,15,0.0,89.0,414.0,False,False,False,False,,,0.0,True,,0.0,,not_selected_by_strategy_rule
R2,2026-03-23,2026-03-31,2026-03-31,2026-03-31,2026-04-01,2026-05-01,BAX,BAX,BAX,35,Health Care,2026-03-31,Wikipedia,1345606266,momentum,2.0.0,-0.17412748059756478,442.0,True,,-0.17412748059756478,,35,0.0,442.0,61.0,False,False,False,False,,,0.0,True,,0.0,,not_selected_by_strategy_rule
R2,2026-03-23,2026-03-31,2026-03-31,2026-03-31,2026-04-01,2026-05-01,BBY,BBY,BBY,25,Consumer Discretionary,2026-03-31,Wikipedia,1345606266,momentum,2.0.0,-0.1363509554720238,430.0,True,,-0.1363509554720238,,25,0.0,430.0,73.0,False,False,False,False,,,0.0,True,,0.0,,not_selected_by_strategy_rule
R2,2026-03-23,2026-03-31,2026-03-31,2026-03-31,2026-04-01,2026-05-01,BDX,BDX,BDX,35,Health Care,2026-03-31,Wikipedia,1345606266,momentum,2.0.0,0.17593060655929538,155.0,True,,0.17593060655929538,,35,0.0,155.0,348.0,False,False,False,False,,,0.0,True,,0.0,,not_selected_by_strategy_rule
R2,2026-03-23,2026-03-31,2026-03-31,2026-03-31,2026-04-01,2026-05-01,BEN,BEN,BEN,40,Financials,2026-03-31,Wikipedia,1345606266,momentum,2.0.0,0.0630426133031774,269.0,True,,0.0630426133031774,,40,0.0,269.0,234.0,False,False,False,False,,,0.0,True,,0.0,,not_selected_by_strategy_rule
R2,2026-03-23,2026-03-31,2026-03-31,2026-03-31,2026-04-01,2026-05-01,BF.B,BF.B,BF-B,30,Consumer Staples,2026-03-31,Wikipedia,1345606266,momentum,2.0.0,-0.020888927953358616,337.0,True,,-0.020888927953358616,,30,0.0,337.0,166.0,False,False,False,False,,,0.0,True,,0.0,,not_selected_by_strategy_rule
R2,2026-03-23,2026-03-31,2026-03-31,2026-03-31,2026-04-01,2026-05-01,BG,BG,BG,30,Consumer Staples,2026-03-31,Wikipedia,1345606266,momentum,2.0.0,0.45137045542664556,44.0,True,,0.45137045542664556,,30,0.0,44.0,459.0,False,False,False,False,,,0.0,True,,0.0,,not_selected_by_strategy_rule
R2,2026-03-23,2026-03-31,2026-03-31,2026-03-31,2026-04-01,2026-05-01,BIIB,BIIB,BIIB,35,Health Care,2026-03-31,Wikipedia,1345606266,momentum,2.0.0,0.4507639203847127,45.0,True,,0.4507639203847127,,35,0.0,45.0,458.0,False,False,False,False,,,0.0,True,,0.0,,not_selected_by_strategy_rule
R2,2026-03-23,2026-03-31,2026-03-31,2026-03-31,2026-04-01,2026-05-01,BK,BK,BNY,40,Financials,2026-03-31,Wikipedia,1345606266,momentum,2.0.0,0.13938471072993885,189.0,True,,0.13938471072993885,,40,0.0,189.0,314.0,False,False,False,False,,,0.0,True,,0.0,,not_selected_by_strategy_rule
R2,2026-03-23,2026-03-31,2026-03-31,2026-03-31,2026-04-01,2026-05-01,BKNG,BKNG,BKNG,25,Consumer Discretionary,2026-03-31,Wikipedia,1345606266,momentum,2.0.0,-0.24009008894220285,463.0,True,,-0.24009008894220285,,25,0.0,463.0,40.0,False,False,False,False,,,0.0,True,,0.0,,not_selected_by_strategy_rule
R2,2026-03-23,2026-03-31,2026-03-31,2026-03-31,2026-04-01,2026-05-01,BKR,BKR,BKR,10,Energy,2026-03-31,Wikipedia,1345606266,momentum,2.0.0,0.44972272398604995,46.0,True,,0.44972272398604995,,10,0.0,46.0,457.0,False,False,False,False,,,0.0,True,,0.0,,not_selected_by_strategy_rule
R2,2026-03-23,2026-03-31,2026-03-31,2026-03-31,2026-04-01,2026-05-01,BLDR,BLDR,BLDR,20,Industrials,2026-03-31,Wikipedia,1345606266,momentum,2.0.0,-0.24798091705019032,466.0,True,,-0.24798091705019032,,20,0.0,466.0,37.0,False,False,False,False,,,0.0,True,,0.0,,not_selected_by_strategy_rule
R2,2026-03-23,2026-03-31,2026-03-31,2026-03-31,2026-04-01,2026-05-01,BLK,BLK,BLK,40,Financials,2026-03-31,Wikipedia,1345606266,momentum,2.0.0,-0.047634469285676384,358.0,True,,-0.047634469285676384,,40,0.0,358.0,145.0,False,False,False,False,,,0.0,True,,0.0,,not_selected_by_strategy_rule
R2,2026-03-23,2026-03-31,2026-03-31,2026-03-31,2026-04-01,2026-05-01,BMY,BMY,BMY,35,Health Care,2026-03-31,Wikipedia,1345606266,momentum,2.0.0,0.3559648651412841,64.0,True,,0.3559648651412841,,35,0.0,64.0,439.0,False,False,False,False,,,0.0,True,,0.0,,not_selected_by_strategy_rule
R2,2026-03-23,2026-03-31,2026-03-31,2026-03-31,2026-04-01,2026-05-01,BR,BR,BR,20,Industrials,2026-03-31,Wikipedia,1345606266,momentum,2.0.0,-0.26693289755647853,473.0,True,,-0.26693289755647853,,20,0.0,473.0,30.0,False,False,False,False,,,0.0,True,,0.0,,not_selected_by_strategy_rule
R2,2026-03-23,2026-03-31,2026-03-31,2026-03-31,2026-04-01,2026-05-01,BRK.B,BRK.B,BRK-B,40,Financials,2026-03-31,Wikipedia,1345606266,momentum,2.0.0,0.003916659067305872,311.0,True,,0.003916659067305872,,40,0.0,311.0,192.0,False,False,False,False,,,0.0,True,,0.0,,not_selected_by_strategy_rule
R2,2026-03-23,2026-03-31,2026-03-31,2026-03-31,2026-04-01,2026-05-01,BRO,BRO,BRO,40,Financials,2026-03-31,Wikipedia,1345606266,momentum,2.0.0,-0.2559490958543883,468.0,True,,-0.2559490958543883,,40,0.0,468.0,35.0,False,False,False,False,,,0.0,True,,0.0,,not_selected_by_strategy_rule
R2,2026-03-23,2026-03-31,2026-03-31,2026-03-31,2026-04-01,2026-05-01,BSX,BSX,BSX,35,Health Care,2026-03-31,Wikipedia,1345606266,momentum,2.0.0,-0.2715639955059612,475.0,True,,-0.2715639955059612,,35,0.0,475.0,28.0,False,False,False,False,,,0.0,True,,0.0,,not_selected_by_strategy_rule
R2,2026-03-23,2026-03-31,2026-03-31,2026-03-31,2026-04-01,2026-05-01,BX,BX,BX,40,Financials,2026-03-31,Wikipedia,1345606266,momentum,2.0.0,-0.3249386844171528,485.0,True,,-0.3249386844171528,,40,0.0,485.0,18.0,False,False,False,False,,,0.0,True,,0.0,,not_selected_by_strategy_rule
R2,2026-03-23,2026-03-31,2026-03-31,2026-03-31,2026-04-01,2026-05-01,BXP,BXP,BXP,60,Real Estate,2026-03-31,Wikipedia,1345606266,momentum,2.0.0,-0.19027564469901448,446.0,True,,-0.19027564469901448,,60,0.0,446.0,57.0,False,False,False,False,,,0.0,True,,0.0,,not_selected_by_strategy_rule
R2,2026-03-23,2026-03-31,2026-03-31,2026-03-31,2026-04-01,2026-05-01,C,C,C,40,Financials,2026-03-31,Wikipedia,1345606266,momentum,2.0.0,0.15382407990060853,178.0,True,,0.15382407990060853,,40,0.0,178.0,325.0,False,False,False,False,,,0.0,True,,0.0,,not_selected_by_strategy_rule
R2,2026-03-23,2026-03-31,2026-03-31,2026-03-31,2026-04-01,2026-05-01,CAG,CAG,CAG,30,Consumer Staples,2026-03-31,Wikipedia,1345606266,momentum,2.0.0,0.047215125004693714,281.0,True,,0.047215125004693714,,30,0.0,281.0,222.0,False,False,False,False,,,0.0,True,,0.0,,not_selected_by_strategy_rule
R2,2026-03-23,2026-03-31,2026-03-31,2026-03-31,2026-04-01,2026-05-01,CAH,CAH,CAH,35,Health Care,2026-03-31,Wikipedia,1345606266,momentum,2.0.0,0.5496171846794287,29.0,True,,0.5496171846794287,,35,0.0,29.0,474.0,False,False,False,False,,,0.0,True,,0.0,,not_selected_by_strategy_rule
R2,2026-03-23,2026-03-31,2026-03-31,2026-03-31,2026-04-01,2026-05-01,CARR,CARR,CARR,20,Industrials,2026-03-31,Wikipedia,1345606266,momentum,2.0.0,-0.004218763570898787,321.0,True,,-0.004218763570898787,,20,0.0,321.0,182.0,False,False,False,False,,,0.0,True,,0.0,,not_selected_by_strategy_rule
R2,2026-03-23,2026-03-31,2026-03-31,2026-03-31,2026-04-01,2026-05-01,CAT,CAT,CAT,20,Industrials,2026-03-31,Wikipedia,1345606266,momentum,2.0.0,0.7819472151588804,20.0,True,,0.7819472151588804,,20,0.0,20.0,483.0,False,False,False,False,,,0.0,True,,0.0,,not_selected_by_strategy_rule
R2,2026-03-23,2026-03-31,2026-03-31,2026-03-31,2026-04-01,2026-05-01,CB,CB,CB,40,Financials,2026-03-31,Wikipedia,1345606266,momentum,2.0.0,0.2391754705650273,112.0,True,,0.2391754705650273,,40,0.0,112.0,391.0,False,False,False,False,,,0.0,True,,0.0,,not_selected_by_strategy_rule
R2,2026-03-23,2026-03-31,2026-03-31,2026-03-31,2026-04-01,2026-05-01,CBOE,CBOE,CBOE,40,Financials,2026-03-31,Wikipedia,1345606266,momentum,2.0.0,0.27340582955624404,97.0,True,,0.27340582955624404,,40,0.0,97.0,406.0,False,False,False,False,,,0.0,True,,0.0,,not_selected_by_strategy_rule
R2,2026-03-23,2026-03-31,2026-03-31,2026-03-31,2026-04-01,2026-05-01,CBRE,CBRE,CBRE,60,Real Estate,2026-03-31,Wikipedia,1345606266,momentum,2.0.0,-0.08919314020843516,398.0,True,,-0.08919314020843516,,60,0.0,398.0,105.0,False,False,False,False,,,0.0,True,,0.0,,not_selected_by_strategy_rule
R2,2026-03-23,2026-03-31,2026-03-31,2026-03-31,2026-04-01,2026-05-01,CCI,CCI,CCI,60,Real Estate,2026-03-31,Wikipedia,1345606266,momentum,2.0.0,-0.07585464044346268,383.0,True,,-0.07585464044346268,,60,0.0,383.0,120.0,False,False,False,False,,,0.0,True,,0.0,,not_selected_by_strategy_rule
R2,2026-03-23,2026-03-31,2026-03-31,2026-03-31,2026-04-01,2026-05-01,CCL,CCL,CCL,25,Consumer Discretionary,2026-03-31,Wikipedia,1345606266,momentum,2.0.0,-0.00608844082290283,325.0,True,,-0.00608844082290283,,25,0.0,325.0,178.0,False,False,False,False,,,0.0,True,,0.0,,not_selected_by_strategy_rule
R2,2026-03-23,2026-03-31,2026-03-31,2026-03-31,2026-04-01,2026-05-01,CDNS,CDNS,CDNS,45,Information Technology,2026-03-31,Wikipedia,1345606266,momentum,2.0.0,-0.13991381960464655,432.0,True,,-0.13991381960464655,,45,0.0,432.0,71.0,False,False,False,False,,,0.0,True,,0.0,,not_selected_by_strategy_rule
R2,2026-03-23,2026-03-31,2026-03-31,2026-03-31,2026-04-01,2026-05-01,CDW,CDW,CDW,45,Information Technology,2026-03-31,Wikipedia,1345606266,momentum,2.0.0,-0.2485542272280985,467.0,True,,-0.2485542272280985,,45,0.0,467.0,36.0,False,False,False,False,,,0.0,True,,0.0,,not_selected_by_strategy_rule
R2,2026-03-23,2026-03-31,2026-03-31,2026-03-31,2026-04-01,2026-05-01,CEG,CEG,CEG,55,Utilities,2026-03-31,Wikipedia,1345606266,momentum,2.0.0,0.07233751848883219,255.0,True,,0.07233751848883219,,55,0.0,255.0,248.0,False,False,False,False,,,0.0,True,,0.0,,not_selected_by_strategy_rule
R2,2026-03-23,2026-03-31,2026-03-31,2026-03-31,2026-04-01,2026-05-01,CF,CF,CF,15,Materials,2026-03-31,Wikipedia,1345606266,momentum,2.0.0,0.16204864634354177,171.0,True,,0.16204864634354177,,15,0.0,171.0,332.0,False,False,False,False,,,0.0,True,,0.0,,not_selected_by_strategy_rule
R2,2026-03-23,2026-03-31,2026-03-31,2026-03-31,2026-04-01,2026-05-01,CFG,CFG,CFG,40,Financials,2026-03-31,Wikipedia,1345606266,momentum,2.0.0,0.16986888187312665,161.0,True,,0.16986888187312665,,40,0.0,161.0,342.0,False,False,False,False,,,0.0,True,,0.0,,not_selected_by_strategy_rule
R2,2026-03-23,2026-03-31,2026-03-31,2026-03-31,2026-04-01,2026-05-01,CHD,CHD,CHD,30,Consumer Staples,2026-03-31,Wikipedia,1345606266,momentum,2.0.0,0.1330028910245511,199.0,True,,0.1330028910245511,,30,0.0,199.0,304.0,False,False,False,False,,,0.0,True,,0.0,,not_selected_by_strategy_rule
R2,2026-03-23,2026-03-31,2026-03-31,2026-03-31,2026-04-01,2026-05-01,CHRW,CHRW,CHRW,20,Industrials,2026-03-31,Wikipedia,1345606266,momentum,2.0.0,0.45219727474683924,42.0,True,,0.45219727474683924,,20,0.0,42.0,461.0,False,False,False,False,,,0.0,True,,0.0,,not_selected_by_strategy_rule
R2,2026-03-23,2026-03-31,2026-03-31,2026-03-31,2026-04-01,2026-05-01,CHTR,CHTR,CHTR,50,Communication Services,2026-03-31,Wikipedia,1345606266,momentum,2.0.0,-0.11653732681032225,415.0,True,,-0.11653732681032225,,50,0.0,415.0,88.0,False,False,False,False,,,0.0,True,,0.0,,not_selected_by_strategy_rule
R2,2026-03-23,2026-03-31,2026-03-31,2026-03-31,2026-04-01,2026-05-01,CI,CI,CI,35,Health Care,2026-03-31,Wikipedia,1345606266,momentum,2.0.0,-0.026423354787739606,344.0,True,,-0.026423354787739606,,35,0.0,344.0,159.0,False,False,False,False,,,0.0,True,,0.0,,not_selected_by_strategy_rule
R2,2026-03-23,2026-03-31,2026-03-31,2026-03-31,2026-04-01,2026-05-01,CIEN,CIEN,CIEN,45,Information Technology,2026-03-31,Wikipedia,1345606266,momentum,2.0.0,2.7107588344928844,3.0,True,,2.7107588344928844,,45,0.10499999999999998,3.0,500.0,True,False,True,False,,Long,0.10499999999999998,True,Long,0.10499999999999998,,selected_long
R2,2026-03-23,2026-03-31,2026-03-31,2026-03-31,2026-04-01,2026-05-01,CINF,CINF,CINF,40,Financials,2026-03-31,Wikipedia,1345606266,momentum,2.0.0,0.0791732172741233,245.0,True,,0.0791732172741233,,40,0.0,245.0,258.0,False,False,False,False,,,0.0,True,,0.0,,not_selected_by_strategy_rule
R2,2026-03-23,2026-03-31,2026-03-31,2026-03-31,2026-04-01,2026-05-01,CL,CL,CL,30,Consumer Staples,2026-03-31,Wikipedia,1345606266,momentum,2.0.0,0.19443131055766982,140.0,True,,0.19443131055766982,,30,0.0,140.0,363.0,False,False,False,False,,,0.0,True,,0.0,,not_selected_by_strategy_rule
R2,2026-03-23,2026-03-31,2026-03-31,2026-03-31,2026-04-01,2026-05-01,CLX,CLX,CLX,30,Consumer Staples,2026-03-31,Wikipedia,1345606266,momentum,2.0.0,0.09908741577099134,230.0,True,,0.09908741577099134,,30,0.0,230.0,273.0,False,False,False,False,,,0.0,True,,0.0,,not_selected_by_strategy_rule
R2,2026-03-23,2026-03-31,2026-03-31,2026-03-31,2026-04-01,2026-05-01,CMCSA,CMCSA,CMCSA,50,Communication Services,2026-03-31,Wikipedia,1345606266,momentum,2.0.0,-0.00570140274770814,324.0,True,,-0.00570140274770814,,50,0.0,324.0,179.0,False,False,False,False,,,0.0,True,,0.0,,not_selected_by_strategy_rule
R2,2026-03-23,2026-03-31,2026-03-31,2026-03-31,2026-04-01,2026-05-01,CME,CME,CME,40,Financials,2026-03-31,Wikipedia,1345606266,momentum,2.0.0,0.2101163757432447,127.0,True,,0.2101163757432447,,40,0.0,127.0,376.0,False,False,False,False,,,0.0,True,,0.0,,not_selected_by_strategy_rule
R2,2026-03-23,2026-03-31,2026-03-31,2026-03-31,2026-04-01,2026-05-01,CMG,CMG,CMG,25,Consumer Discretionary,2026-03-31,Wikipedia,1345606266,momentum,2.0.0,-0.11675363645481907,416.0,True,,-0.11675363645481907,,25,0.0,416.0,87.0,False,False,False,False,,,0.0,True,,0.0,,not_selected_by_strategy_rule
R2,2026-03-23,2026-03-31,2026-03-31,2026-03-31,2026-04-01,2026-05-01,CMI,CMI,CMI,20,Industrials,2026-03-31,Wikipedia,1345606266,momentum,2.0.0,0.4766652408997003,38.0,True,,0.4766652408997003,,20,0.0,38.0,465.0,False,False,False,False,,,0.0,True,,0.0,,not_selected_by_strategy_rule
R2,2026-03-23,2026-03-31,2026-03-31,2026-03-31,2026-04-01,2026-05-01,CMS,CMS,CMS,55,Utilities,2026-03-31,Wikipedia,1345606266,momentum,2.0.0,0.107293470219191,221.0,True,,0.107293470219191,,55,0.0,221.0,282.0,False,False,False,False,,,0.0,True,,0.0,,not_selected_by_strategy_rule
R2,2026-03-23,2026-03-31,2026-03-31,2026-03-31,2026-04-01,2026-05-01,CNC,CNC,CNC,35,Health Care,2026-03-31,Wikipedia,1345606266,momentum,2.0.0,0.5454545335127188,30.0,True,,0.5454545335127188,,35,0.0,30.0,473.0,False,False,False,False,,,0.0,True,,0.0,,not_selected_by_strategy_rule
R2,2026-03-23,2026-03-31,2026-03-31,2026-03-31,2026-04-01,2026-05-01,CNP,CNP,CNP,55,Utilities,2026-03-31,Wikipedia,1345606266,momentum,2.0.0,0.16638099789325533,164.0,True,,0.16638099789325533,,55,0.0,164.0,339.0,False,False,False,False,,,0.0,True,,0.0,,not_selected_by_strategy_rule
R2,2026-03-23,2026-03-31,2026-03-31,2026-03-31,2026-04-01,2026-05-01,COF,COF,COF,40,Financials,2026-03-31,Wikipedia,1345606266,momentum,2.0.0,-0.1324025893428301,425.0,True,,-0.1324025893428301,,40,0.0,425.0,78.0,False,False,False,False,,,0.0,True,,0.0,,not_selected_by_strategy_rule
R2,2026-03-23,2026-03-31,2026-03-31,2026-03-31,2026-04-01,2026-05-01,COHR,COHR,COHR,45,Information Technology,2026-03-31,Wikipedia,1345606266,momentum,2.0.0,1.8620535998901677,6.0,True,,1.8620535998901677,,45,0.0,6.0,497.0,False,False,False,False,,,0.0,True,,0.0,,not_selected_by_strategy_rule
R2,2026-03-23,2026-03-31,2026-03-31,2026-03-31,2026-04-01,2026-05-01,COIN,COIN,COIN,40,Financials,2026-03-31,Wikipedia,1345606266,momentum,2.0.0,-0.42257174371367867,499.0,True,,-0.42257174371367867,,40,-0.04500000000000001,499.0,4.0,False,True,False,True,,Short,-0.04500000000000001,True,Short,-0.04500000000000001,,selected_short
R2,2026-03-23,2026-03-31,2026-03-31,2026-03-31,2026-04-01,2026-05-01,COO,COO,COO,35,Health Care,2026-03-31,Wikipedia,1345606266,momentum,2.0.0,0.24139460348260355,109.0,True,,0.24139460348260355,,35,0.0,109.0,394.0,False,False,False,False,,,0.0,True,,0.0,,not_selected_by_strategy_rule
R2,2026-03-23,2026-03-31,2026-03-31,2026-03-31,2026-04-01,2026-05-01,COP,COP,COP,10,Energy,2026-03-31,Wikipedia,1345606266,momentum,2.0.0,0.16604940612976105,165.0,True,,0.16604940612976105,,10,0.0,165.0,338.0,False,False,False,False,,,0.0,True,,0.0,,not_selected_by_strategy_rule
R2,2026-03-23,2026-03-31,2026-03-31,2026-03-31,2026-04-01,2026-05-01,COR,COR,COR,35,Health Care,2026-03-31,Wikipedia,1345606266,momentum,2.0.0,0.28044364724602744,95.0,True,,0.28044364724602744,,35,0.0,95.0,408.0,False,False,False,False,,,0.0,True,,0.0,,not_selected_by_strategy_rule
R2,2026-03-23,2026-03-31,2026-03-31,2026-03-31,2026-04-01,2026-05-01,COST,COST,COST,30,Consumer Staples,2026-03-31,Wikipedia,1345606266,momentum,2.0.0,0.07450593536175543,251.0,True,,0.07450593536175543,,30,0.0,251.0,252.0,False,False,False,False,,,0.0,True,,0.0,,not_selected_by_strategy_rule
R2,2026-03-23,2026-03-31,2026-03-31,2026-03-31,2026-04-01,2026-05-01,CPAY,CPAY,CPAY,40,Financials,2026-03-31,Wikipedia,1345606266,momentum,2.0.0,-0.0017502603884813617,318.0,True,,-0.0017502603884813617,,40,0.0,318.0,185.0,False,False,False,False,,,0.0,True,,0.0,,not_selected_by_strategy_rule
R2,2026-03-23,2026-03-31,2026-03-31,2026-03-31,2026-04-01,2026-05-01,CPB,CPB,CPB,30,Consumer Staples,2026-03-31,Wikipedia,1345606266,momentum,2.0.0,-0.13266807534813152,426.0,True,,-0.13266807534813152,,30,0.0,426.0,77.0,False,False,False,False,,,0.0,True,,0.0,,not_selected_by_strategy_rule
R2,2026-03-23,2026-03-31,2026-03-31,2026-03-31,2026-04-01,2026-05-01,CPRT,CPRT,CPRT,20,Industrials,2026-03-31,Wikipedia,1345606266,momentum,2.0.0,-0.2196271444189949,456.0,True,,-0.2196271444189949,,20,0.0,456.0,47.0,False,False,False,False,,,0.0,True,,0.0,,not_selected_by_strategy_rule
R2,2026-03-23,2026-03-31,2026-03-31,2026-03-31,2026-04-01,2026-05-01,CPT,CPT,CPT,60,Real Estate,2026-03-31,Wikipedia,1345606266,momentum,2.0.0,-0.013045515148588649,332.0,True,,-0.013045515148588649,,60,0.0,332.0,171.0,False,False,False,False,,,0.0,True,,0.0,,not_selected_by_strategy_rule
R2,2026-03-23,2026-03-31,2026-03-31,2026-03-31,2026-04-01,2026-05-01,CRH,CRH,CRH,15,Materials,2026-03-31,Wikipedia,1345606266,momentum,2.0.0,0.0622400358458195,271.0,True,,0.0622400358458195,,15,0.0,271.0,232.0,False,False,False,False,,,0.0,True,,0.0,,not_selected_by_strategy_rule
R2,2026-03-23,2026-03-31,2026-03-31,2026-03-31,2026-04-01,2026-05-01,CRL,CRL,CRL,35,Health Care,2026-03-31,Wikipedia,1345606266,momentum,2.0.0,0.09295210435064694,233.0,True,,0.09295210435064694,,35,0.0,233.0,270.0,False,False,False,False,,,0.0,True,,0.0,,not_selected_by_strategy_rule
R2,2026-03-23,2026-03-31,2026-03-31,2026-03-31,2026-04-01,2026-05-01,CRM,CRM,CRM,45,Information Technology,2026-03-31,Wikipedia,1345606266,momentum,2.0.0,-0.23729113116435607,462.0,True,,-0.23729113116435607,,45,0.0,462.0,41.0,False,False,False,False,,,0.0,True,,0.0,,not_selected_by_strategy_rule
R2,2026-03-23,2026-03-31,2026-03-31,2026-03-31,2026-04-01,2026-05-01,CRWD,CRWD,CRWD,45,Information Technology,2026-03-31,Wikipedia,1345606266,momentum,2.0.0,-0.12206749995426303,420.0,True,,-0.12206749995426303,,45,0.0,420.0,83.0,False,False,False,False,,,0.0,True,,0.0,,not_selected_by_strategy_rule
R2,2026-03-23,2026-03-31,2026-03-31,2026-03-31,2026-04-01,2026-05-01,CSCO,CSCO,CSCO,45,Information Technology,2026-03-31,Wikipedia,1345606266,momentum,2.0.0,0.16323016482652553,170.0,True,,0.16323016482652553,,45,0.0,170.0,333.0,False,False,False,False,,,0.0,True,,0.0,,not_selected_by_strategy_rule
R2,2026-03-23,2026-03-31,2026-03-31,2026-03-31,2026-04-01,2026-05-01,CSGP,CSGP,CSGP,60,Real Estate,2026-03-31,Wikipedia,1345606266,momentum,2.0.0,-0.5012850359427272,500.0,True,,-0.5012850359427272,,60,0.0,500.0,3.0,False,False,False,True,,Short,-0.04500000000000001,True,Short,-0.04500000000000001,,selected_short
R2,2026-03-23,2026-03-31,2026-03-31,2026-03-31,2026-04-01,2026-05-01,CSX,CSX,CSX,20,Industrials,2026-03-31,Wikipedia,1345606266,momentum,2.0.0,0.32232888784303104,78.0,True,,0.32232888784303104,,20,0.0,78.0,425.0,False,False,False,False,,,0.0,True,,0.0,,not_selected_by_strategy_rule
R2,2026-03-23,2026-03-31,2026-03-31,2026-03-31,2026-04-01,2026-05-01,CTAS,CTAS,CTAS,20,Industrials,2026-03-31,Wikipedia,1345606266,momentum,2.0.0,-0.037868199331895114,350.0,True,,-0.037868199331895114,,20,0.0,350.0,153.0,False,False,False,False,,,0.0,True,,0.0,,not_selected_by_strategy_rule
R2,2026-03-23,2026-03-31,2026-03-31,2026-03-31,2026-04-01,2026-05-01,CTRA,CTRA,CTRA,10,Energy,2026-03-31,Wikipedia,1345606266,momentum,2.0.0,0.26226416994026436,101.0,True,,0.26226416994026436,,10,0.0,101.0,402.0,False,False,False,False,,,0.0,True,,0.0,,not_selected_by_strategy_rule
R2,2026-03-23,2026-03-31,2026-03-31,2026-03-31,2026-04-01,2026-05-01,CTSH,CTSH,CTSH,45,Information Technology,2026-03-31,Wikipedia,1345606266,momentum,2.0.0,-0.09977631956877131,405.0,True,,-0.09977631956877131,,45,0.0,405.0,98.0,False,False,False,False,,,0.0,True,,0.0,,not_selected_by_strategy_rule
R2,2026-03-23,2026-03-31,2026-03-31,2026-03-31,2026-04-01,2026-05-01,CTVA,CTVA,CTVA,15,Materials,2026-03-31,Wikipedia,1345606266,momentum,2.0.0,0.08545209203749637,239.0,True,,0.08545209203749637,,15,0.0,239.0,264.0,False,False,False,False,,,0.0,True,,0.0,,not_selected_by_strategy_rule
R2,2026-03-23,2026-03-31,2026-03-31,2026-03-31,2026-04-01,2026-05-01,CVNA,CVNA,CVNA,25,Consumer Discretionary,2026-03-31,Wikipedia,1345606266,momentum,2.0.0,-0.10152723274452646,407.0,True,,-0.10152723274452646,,25,0.0,407.0,96.0,False,False,False,False,,,0.0,True,,0.0,,not_selected_by_strategy_rule
R2,2026-03-23,2026-03-31,2026-03-31,2026-03-31,2026-04-01,2026-05-01,CVS,CVS,CVS,35,Health Care,2026-03-31,Wikipedia,1345606266,momentum,2.0.0,0.11026594325166572,218.0,True,,0.11026594325166572,,35,0.0,218.0,285.0,False,False,False,False,,,0.0,True,,0.0,,not_selected_by_strategy_rule
R2,2026-03-23,2026-03-31,2026-03-31,2026-03-31,2026-04-01,2026-05-01,CVX,CVX,CVX,10,Energy,2026-03-31,Wikipedia,1345606266,momentum,2.0.0,0.18737977808953654,147.0,True,,0.18737977808953654,,10,0.0,147.0,356.0,False,False,False,False,,,0.0,True,,0.0,,not_selected_by_strategy_rule
R2,2026-03-23,2026-03-31,2026-03-31,2026-03-31,2026-04-01,2026-05-01,D,D,D,55,Utilities,2026-03-31,Wikipedia,1345606266,momentum,2.0.0,0.0897322562945091,236.0,True,,0.0897322562945091,,55,0.0,236.0,267.0,False,False,False,False,,,0.0,True,,0.0,,not_selected_by_strategy_rule
R2,2026-03-23,2026-03-31,2026-03-31,2026-03-31,2026-04-01,2026-05-01,DAL,DAL,DAL,20,Industrials,2026-03-31,Wikipedia,1345606266,momentum,2.0.0,0.06959951800237651,260.0,True,,0.06959951800237651,,20,0.0,260.0,243.0,False,False,False,False,,,0.0,True,,0.0,,not_selected_by_strategy_rule
R2,2026-03-23,2026-03-31,2026-03-31,2026-03-31,2026-04-01,2026-05-01,DASH,DASH,DASH,25,Consumer Discretionary,2026-03-31,Wikipedia,1345606266,momentum,2.0.0,-0.28044851693902906,478.0,True,,-0.28044851693902906,,25,0.0,478.0,25.0,False,False,False,False,,,0.0,True,,0.0,,not_selected_by_strategy_rule
R2,2026-03-23,2026-03-31,2026-03-31,2026-03-31,2026-04-01,2026-05-01,DD,DD,DD,15,Materials,2026-03-31,Wikipedia,1345606266,momentum,2.0.0,0.5627296411914553,28.0,True,,0.5627296411914553,,15,0.0,28.0,475.0,False,False,False,False,,,0.0,True,,0.0,,not_selected_by_strategy_rule
R2,2026-03-23,2026-03-31,2026-03-31,2026-03-31,2026-04-01,2026-05-01,DDOG,DDOG,DDOG,45,Information Technology,2026-03-31,Wikipedia,1345606266,momentum,2.0.0,-0.18086036666644334,443.0,True,,-0.18086036666644334,,45,0.0,443.0,60.0,False,False,False,False,,,0.0,True,,0.0,,not_selected_by_strategy_rule
R2,2026-03-23,2026-03-31,2026-03-31,2026-03-31,2026-04-01,2026-05-01,DE,DE,DE,20,Industrials,2026-03-31,Wikipedia,1345606266,momentum,2.0.0,0.32478491665806963,76.0,True,,0.32478491665806963,,20,0.0,76.0,427.0,False,False,False,False,,,0.0,True,,0.0,,not_selected_by_strategy_rule
R2,2026-03-23,2026-03-31,2026-03-31,2026-03-31,2026-04-01,2026-05-01,DECK,DECK,DECK,25,Consumer Discretionary,2026-03-31,Wikipedia,1345606266,momentum,2.0.0,-0.019727498658653753,336.0,True,,-0.019727498658653753,,25,0.0,336.0,167.0,False,False,False,False,,,0.0,True,,0.0,,not_selected_by_strategy_rule
R2,2026-03-23,2026-03-31,2026-03-31,2026-03-31,2026-04-01,2026-05-01,DELL,DELL,DELL,45,Information Technology,2026-03-31,Wikipedia,1345606266,momentum,2.0.0,0.22192175326053376,122.0,True,,0.22192175326053376,,45,0.0,122.0,381.0,False,False,False,False,,,0.0,True,,0.0,,not_selected_by_strategy_rule
R2,2026-03-23,2026-03-31,2026-03-31,2026-03-31,2026-04-01,2026-05-01,DG,DG,DG,30,Consumer Staples,2026-03-31,Wikipedia,1345606266,momentum,2.0.0,0.4514107704913435,43.0,True,,0.4514107704913435,,30,0.0,43.0,460.0,False,False,False,False,,,0.0,True,,0.0,,not_selected_by_strategy_rule
R2,2026-03-23,2026-03-31,2026-03-31,2026-03-31,2026-04-01,2026-05-01,DGX,DGX,DGX,35,Health Care,2026-03-31,Wikipedia,1345606266,momentum,2.0.0,0.17718156052957923,153.0,True,,0.17718156052957923,,35,0.0,153.0,350.0,False,False,False,False,,,0.0,True,,0.0,,not_selected_by_strategy_rule
R2,2026-03-23,2026-03-31,2026-03-31,2026-03-31,2026-04-01,2026-05-01,DHI,DHI,DHI,25,Consumer Discretionary,2026-03-31,Wikipedia,1345606266,momentum,2.0.0,-0.048001672846449406,359.0,True,,-0.048001672846449406,,25,0.0,359.0,144.0,False,False,False,False,,,0.0,True,,0.0,,not_selected_by_strategy_rule
R2,2026-03-23,2026-03-31,2026-03-31,2026-03-31,2026-04-01,2026-05-01,DHR,DHR,DHR,35,Health Care,2026-03-31,Wikipedia,1345606266,momentum,2.0.0,0.026645806069185207,293.0,True,,0.026645806069185207,,35,0.0,293.0,210.0,False,False,False,False,,,0.0,True,,0.0,,not_selected_by_strategy_rule
R2,2026-03-23,2026-03-31,2026-03-31,2026-03-31,2026-04-01,2026-05-01,DIS,DIS,DIS,50,Communication Services,2026-03-31,Wikipedia,1345606266,momentum,2.0.0,-0.09817996681362484,403.0,True,,-0.09817996681362484,,50,0.0,403.0,100.0,False,False,False,False,,,0.0,True,,0.0,,not_selected_by_strategy_rule
R2,2026-03-23,2026-03-31,2026-03-31,2026-03-31,2026-04-01,2026-05-01,DLR,DLR,DLR,60,Real Estate,2026-03-31,Wikipedia,1345606266,momentum,2.0.0,0.07303330368509142,253.0,True,,0.07303330368509142,,60,0.0,253.0,250.0,False,False,False,False,,,0.0,True,,0.0,,not_selected_by_strategy_rule
R2,2026-03-23,2026-03-31,2026-03-31,2026-03-31,2026-04-01,2026-05-01,DLTR,DLTR,DLTR,30,Consumer Staples,2026-03-31,Wikipedia,1345606266,momentum,2.0.0,0.1585600941496792,174.0,True,,0.1585600941496792,,30,0.0,174.0,329.0,False,False,False,False,,,0.0,True,,0.0,,not_selected_by_strategy_rule
R2,2026-03-23,2026-03-31,2026-03-31,2026-03-31,2026-04-01,2026-05-01,DOC,DOC,DOC,60,Real Estate,2026-03-31,Wikipedia,1345606266,momentum,2.0.0,0.02085890509653976,296.0,True,,0.02085890509653976,,60,0.0,296.0,207.0,False,False,False,False,,,0.0,True,,0.0,,not_selected_by_strategy_rule
R2,2026-03-23,2026-03-31,2026-03-31,2026-03-31,2026-04-01,2026-05-01,DOV,DOV,DOV,20,Industrials,2026-03-31,Wikipedia,1345606266,momentum,2.0.0,0.26719459367078824,99.0,True,,0.26719459367078824,,20,0.0,99.0,404.0,False,False,False,False,,,0.0,True,,0.0,,not_selected_by_strategy_rule
R2,2026-03-23,2026-03-31,2026-03-31,2026-03-31,2026-04-01,2026-05-01,DOW,DOW,DOW,15,Materials,2026-03-31,Wikipedia,1345606266,momentum,2.0.0,0.2811977230341667,94.0,True,,0.2811977230341667,,15,0.0,94.0,409.0,False,False,False,False,,,0.0,True,,0.0,,not_selected_by_strategy_rule
R2,2026-03-23,2026-03-31,2026-03-31,2026-03-31,2026-04-01,2026-05-01,DPZ,DPZ,DPZ,25,Consumer Discretionary,2026-03-31,Wikipedia,1345606266,momentum,2.0.0,-0.11477101243963228,414.0,True,,-0.11477101243963228,,25,0.0,414.0,89.0,False,False,False,False,,,0.0,True,,0.0,,not_selected_by_strategy_rule
R2,2026-03-23,2026-03-31,2026-03-31,2026-03-31,2026-04-01,2026-05-01,DRI,DRI,DRI,25,Consumer Discretionary,2026-03-31,Wikipedia,1345606266,momentum,2.0.0,0.04953599703980216,280.0,True,,0.04953599703980216,,25,0.0,280.0,223.0,False,False,False,False,,,0.0,True,,0.0,,not_selected_by_strategy_rule
R2,2026-03-23,2026-03-31,2026-03-31,2026-03-31,2026-04-01,2026-05-01,DTE,DTE,DTE,55,Utilities,2026-03-31,Wikipedia,1345606266,momentum,2.0.0,0.1034293005923983,224.0,True,,0.1034293005923983,,55,0.0,224.0,279.0,False,False,False,False,,,0.0,True,,0.0,,not_selected_by_strategy_rule
R2,2026-03-23,2026-03-31,2026-03-31,2026-03-31,2026-04-01,2026-05-01,DUK,DUK,DUK,55,Utilities,2026-03-31,Wikipedia,1345606266,momentum,2.0.0,0.0867133369381663,237.0,True,,0.0867133369381663,,55,0.0,237.0,266.0,False,False,False,False,,,0.0,True,,0.0,,not_selected_by_strategy_rule
R2,2026-03-23,2026-03-31,2026-03-31,2026-03-31,2026-04-01,2026-05-01,DVA,DVA,DVA,35,Health Care,2026-03-31,Wikipedia,1345606266,momentum,2.0.0,0.13458194892713848,194.0,True,,0.13458194892713848,,35,0.0,194.0,309.0,False,False,False,False,,,0.0,True,,0.0,,not_selected_by_strategy_rule
R2,2026-03-23,2026-03-31,2026-03-31,2026-03-31,2026-04-01,2026-05-01,DVN,DVN,DVN,10,Energy,2026-03-31,Wikipedia,1345606266,momentum,2.0.0,0.22201479101278365,121.0,True,,0.22201479101278365,,10,0.0,121.0,382.0,False,False,False,False,,,0.0,True,,0.0,,not_selected_by_strategy_rule
R2,2026-03-23,2026-03-31,2026-03-31,2026-03-31,2026-04-01,2026-05-01,DXCM,DXCM,DXCM,35,Health Care,2026-03-31,Wikipedia,1345606266,momentum,2.0.0,-0.025351687358050157,342.0,True,,-0.025351687358050157,,35,0.0,342.0,161.0,False,False,False,False,,,0.0,True,,0.0,,not_selected_by_strategy_rule
R2,2026-03-23,2026-03-31,2026-03-31,2026-03-31,2026-04-01,2026-05-01,EA,EA,EA,50,Communication Services,2026-03-31,Wikipedia,1345606266,momentum,2.0.0,0.16863993447427283,163.0,True,,0.16863993447427283,,50,0.0,163.0,340.0,False,False,False,False,,,0.0,True,,0.0,,not_selected_by_strategy_rule
R2,2026-03-23,2026-03-31,2026-03-31,2026-03-31,2026-04-01,2026-05-01,EBAY,EBAY,EBAY,25,Consumer Discretionary,2026-03-31,Wikipedia,1345606266,momentum,2.0.0,0.006296844951779512,308.0,True,,0.006296844951779512,,25,0.0,308.0,195.0,False,False,False,False,,,0.0,True,,0.0,,not_selected_by_strategy_rule
R2,2026-03-23,2026-03-31,2026-03-31,2026-03-31,2026-04-01,2026-05-01,ECL,ECL,ECL,15,Materials,2026-03-31,Wikipedia,1345606266,momentum,2.0.0,0.1188239688233661,210.0,True,,0.1188239688233661,,15,0.0,210.0,293.0,False,False,False,False,,,0.0,True,,0.0,,not_selected_by_strategy_rule
R2,2026-03-23,2026-03-31,2026-03-31,2026-03-31,2026-04-01,2026-05-01,ED,ED,ED,55,Utilities,2026-03-31,Wikipedia,1345606266,momentum,2.0.0,0.16408875131019585,168.0,True,,0.16408875131019585,,55,0.0,168.0,335.0,False,False,False,False,,,0.0,True,,0.0,,not_selected_by_strategy_rule
R2,2026-03-23,2026-03-31,2026-03-31,2026-03-31,2026-04-01,2026-05-01,EFX,EFX,EFX,20,Industrials,2026-03-31,Wikipedia,1345606266,momentum,2.0.0,-0.14788450292232447,435.0,True,,-0.14788450292232447,,20,0.0,435.0,68.0,False,False,False,False,,,0.0,True,,0.0,,not_selected_by_strategy_rule
R2,2026-03-23,2026-03-31,2026-03-31,2026-03-31,2026-04-01,2026-05-01,EG,EG,EG,40,Financials,2026-03-31,Wikipedia,1345606266,momentum,2.0.0,-0.018690765191016312,335.0,True,,-0.018690765191016312,,40,0.0,335.0,168.0,False,False,False,False,,,0.0,True,,0.0,,not_selected_by_strategy_rule
R2,2026-03-23,2026-03-31,2026-03-31,2026-03-31,2026-04-01,2026-05-01,EIX,EIX,EIX,55,Utilities,2026-03-31,Wikipedia,1345606266,momentum,2.0.0,0.3718855059988797,58.0,True,,0.3718855059988797,,55,0.0,58.0,445.0,False,False,False,False,,,0.0,True,,0.0,,not_selected_by_strategy_rule
R2,2026-03-23,2026-03-31,2026-03-31,2026-03-31,2026-04-01,2026-05-01,EL,EL,EL,30,Consumer Staples,2026-03-31,Wikipedia,1345606266,momentum,2.0.0,0.20622890234261448,130.0,True,,0.20622890234261448,,30,0.0,130.0,373.0,False,False,False,False,,,0.0,True,,0.0,,not_selected_by_strategy_rule
R2,2026-03-23,2026-03-31,2026-03-31,2026-03-31,2026-04-01,2026-05-01,ELV,ELV,ELV,35,Health Care,2026-03-31,Wikipedia,1345606266,momentum,2.0.0,0.01492058142017516,302.0,True,,0.01492058142017516,,35,0.0,302.0,201.0,False,False,False,False,,,0.0,True,,0.0,,not_selected_by_strategy_rule
R2,2026-03-23,2026-03-31,2026-03-31,2026-03-31,2026-04-01,2026-05-01,EME,EME,EME,20,Industrials,2026-03-31,Wikipedia,1345606266,momentum,2.0.0,0.16987340755794533,160.0,True,,0.16987340755794533,,20,0.0,160.0,343.0,False,False,False,False,,,0.0,True,,0.0,,not_selected_by_strategy_rule
R2,2026-03-23,2026-03-31,2026-03-31,2026-03-31,2026-04-01,2026-05-01,EMR,EMR,EMR,20,Industrials,2026-03-31,Wikipedia,1345606266,momentum,2.0.0,0.15140866196398428,180.0,True,,0.15140866196398428,,20,0.0,180.0,323.0,False,False,False,False,,,0.0,True,,0.0,,not_selected_by_strategy_rule
R2,2026-03-23,2026-03-31,2026-03-31,2026-03-31,2026-04-01,2026-05-01,EOG,EOG,EOG,10,Energy,2026-03-31,Wikipedia,1345606266,momentum,2.0.0,0.013183596714748669,305.0,True,,0.013183596714748669,,10,0.0,305.0,198.0,False,False,False,False,,,0.0,True,,0.0,,not_selected_by_strategy_rule
R2,2026-03-23,2026-03-31,2026-03-31,2026-03-31,2026-04-01,2026-05-01,EPAM,EPAM,EPAM,45,Information Technology,2026-03-31,Wikipedia,1345606266,momentum,2.0.0,-0.2004989821273344,451.0,True,,-0.2004989821273344,,45,0.0,451.0,52.0,False,False,False,False,,,0.0,True,,0.0,,not_selected_by_strategy_rule
R2,2026-03-23,2026-03-31,2026-03-31,2026-03-31,2026-04-01,2026-05-01,EQIX,EQIX,EQIX,60,Real Estate,2026-03-31,Wikipedia,1345606266,momentum,2.0.0,0.2535163154276363,103.0,True,,0.2535163154276363,,60,0.0,103.0,400.0,False,False,False,False,,,0.0,True,,0.0,,not_selected_by_strategy_rule
R2,2026-03-23,2026-03-31,2026-03-31,2026-03-31,2026-04-01,2026-05-01,EQR,EQR,VMRK,60,Real Estate,2026-03-31,Wikipedia,1345606266,momentum,2.0.0,-0.02299407098656825,340.0,True,,-0.02299407098656825,,60,0.0,340.0,163.0,False,False,False,False,,,0.0,True,,0.0,,not_selected_by_strategy_rule
R2,2026-03-23,2026-03-31,2026-03-31,2026-03-31,2026-04-01,2026-05-01,EQT,EQT,EQT,10,Energy,2026-03-31,Wikipedia,1345606266,momentum,2.0.0,0.19165962399386438,142.0,True,,0.19165962399386438,,10,0.0,142.0,361.0,False,False,False,False,,,0.0,True,,0.0,,not_selected_by_strategy_rule
R2,2026-03-23,2026-03-31,2026-03-31,2026-03-31,2026-04-01,2026-05-01,ERIE,ERIE,ERIE,40,Financials,2026-03-31,Wikipedia,1345606266,momentum,2.0.0,-0.2324373941370026,461.0,True,,-0.2324373941370026,,40,0.0,461.0,42.0,False,False,False,False,,,0.0,True,,0.0,,not_selected_by_strategy_rule
R2,2026-03-23,2026-03-31,2026-03-31,2026-03-31,2026-04-01,2026-05-01,ES,ES,ES,55,Utilities,2026-03-31,Wikipedia,1345606266,momentum,2.0.0,0.2164933606631323,125.0,True,,0.2164933606631323,,55,0.0,125.0,378.0,False,False,False,False,,,0.0,True,,0.0,,not_selected_by_strategy_rule
R2,2026-03-23,2026-03-31,2026-03-31,2026-03-31,2026-04-01,2026-05-01,ESS,ESS,ESS,60,Real Estate,2026-03-31,Wikipedia,1345606266,momentum,2.0.0,-0.03722371694465609,349.0,True,,-0.03722371694465609,,60,0.0,349.0,154.0,False,False,False,False,,,0.0,True,,0.0,,not_selected_by_strategy_rule
R2,2026-03-23,2026-03-31,2026-03-31,2026-03-31,2026-04-01,2026-05-01,ETN,ETN,ETN,20,Industrials,2026-03-31,Wikipedia,1345606266,momentum,2.0.0,0.07967548110066458,244.0,True,,0.07967548110066458,,20,0.0,244.0,259.0,False,False,False,False,,,0.0,True,,0.0,,not_selected_by_strategy_rule
R2,2026-03-23,2026-03-31,2026-03-31,2026-03-31,2026-04-01,2026-05-01,ETR,ETR,ETR,55,Utilities,2026-03-31,Wikipedia,1345606266,momentum,2.0.0,0.23207964454480945,115.0,True,,0.23207964454480945,,55,0.0,115.0,388.0,False,False,False,False,,,0.0,True,,0.0,,not_selected_by_strategy_rule
R2,2026-03-23,2026-03-31,2026-03-31,2026-03-31,2026-04-01,2026-05-01,EVRG,EVRG,EVRG,55,Utilities,2026-03-31,Wikipedia,1345606266,momentum,2.0.0,0.18488619222773917,149.0,True,,0.18488619222773917,,55,0.0,149.0,354.0,False,False,False,False,,,0.0,True,,0.0,,not_selected_by_strategy_rule
R2,2026-03-23,2026-03-31,2026-03-31,2026-03-31,2026-04-01,2026-05-01,EW,EW,EW,35,Health Care,2026-03-31,Wikipedia,1345606266,momentum,2.0.0,0.06306866380350185,268.0,True,,0.06306866380350185,,35,0.0,268.0,235.0,False,False,False,False,,,0.0,True,,0.0,,not_selected_by_strategy_rule
R2,2026-03-23,2026-03-31,2026-03-31,2026-03-31,2026-04-01,2026-05-01,EXC,EXC,EXC,55,Utilities,2026-03-31,Wikipedia,1345606266,momentum,2.0.0,0.1424442063262481,186.0,True,,0.1424442063262481,,55,0.0,186.0,317.0,False,False,False,False,,,0.0,True,,0.0,,not_selected_by_strategy_rule
R2,2026-03-23,2026-03-31,2026-03-31,2026-03-31,2026-04-01,2026-05-01,EXE,EXE,EXE,10,Energy,2026-03-31,Wikipedia,1345606266,momentum,2.0.0,0.12049989677982853,206.0,True,,0.12049989677982853,,10,0.0,206.0,297.0,False,False,False,False,,,0.0,True,,0.0,,not_selected_by_strategy_rule
R2,2026-03-23,2026-03-31,2026-03-31,2026-03-31,2026-04-01,2026-05-01,EXPD,EXPD,EXPD,20,Industrials,2026-03-31,Wikipedia,1345606266,momentum,2.0.0,0.2095087837850369,128.0,True,,0.2095087837850369,,20,0.0,128.0,375.0,False,False,False,False,,,0.0,True,,0.0,,not_selected_by_strategy_rule
R2,2026-03-23,2026-03-31,2026-03-31,2026-03-31,2026-04-01,2026-05-01,EXPE,EXPE,EXPE,25,Consumer Discretionary,2026-03-31,Wikipedia,1345606266,momentum,2.0.0,0.005819774351170537,309.0,True,,0.005819774351170537,,25,0.0,309.0,194.0,False,False,False,False,,,0.0,True,,0.0,,not_selected_by_strategy_rule
R2,2026-03-23,2026-03-31,2026-03-31,2026-03-31,2026-04-01,2026-05-01,EXR,EXR,EXR,60,Real Estate,2026-03-31,Wikipedia,1345606266,momentum,2.0.0,0.07656547594598684,249.0,True,,0.07656547594598684,,60,0.0,249.0,254.0,False,False,False,False,,,0.0,True,,0.0,,not_selected_by_strategy_rule
R2,2026-03-23,2026-03-31,2026-03-31,2026-03-31,2026-04-01,2026-05-01,F,F,F,25,Consumer Discretionary,2026-03-31,Wikipedia,1345606266,momentum,2.0.0,0.2240712037874628,120.0,True,,0.2240712037874628,,25,0.0,120.0,383.0,False,False,False,False,,,0.0,True,,0.0,,not_selected_by_strategy_rule
R2,2026-03-23,2026-03-31,2026-03-31,2026-03-31,2026-04-01,2026-05-01,FANG,FANG,FANG,10,Energy,2026-03-31,Wikipedia,1345606266,momentum,2.0.0,0.1782680993253032,152.0,True,,0.1782680993253032,,10,0.0,152.0,351.0,False,False,False,False,,,0.0,True,,0.0,,not_selected_by_strategy_rule
R2,2026-03-23,2026-03-31,2026-03-31,2026-03-31,2026-04-01,2026-05-01,FAST,FAST,FAST,20,Industrials,2026-03-31,Wikipedia,1345606266,momentum,2.0.0,-0.06292030614125332,372.0,True,,-0.06292030614125332,,20,0.0,372.0,131.0,False,False,False,False,,,0.0,True,,0.0,,not_selected_by_strategy_rule
R2,2026-03-23,2026-03-31,2026-03-31,2026-03-31,2026-04-01,2026-05-01,FCX,FCX,FCX,15,Materials,2026-03-31,Wikipedia,1345606266,momentum,2.0.0,0.5426671563296568,31.0,True,,0.5426671563296568,,15,0.0,31.0,472.0,False,False,False,False,,,0.0,True,,0.0,,not_selected_by_strategy_rule
R2,2026-03-23,2026-03-31,2026-03-31,2026-03-31,2026-04-01,2026-05-01,FDS,FDS,FDS,40,Financials,2026-03-31,Wikipedia,1345606266,momentum,2.0.0,-0.4139174267786987,497.0,True,,-0.4139174267786987,,40,-0.04500000000000001,497.0,6.0,False,True,False,True,,Short,-0.04500000000000001,True,Short,-0.04500000000000001,,selected_short
R2,2026-03-23,2026-03-31,2026-03-31,2026-03-31,2026-04-01,2026-05-01,FDX,FDX,FDX,20,Industrials,2026-03-31,Wikipedia,1345606266,momentum,2.0.0,0.694189431619924,23.0,True,,0.694189431619924,,20,0.0,23.0,480.0,False,False,False,False,,,0.0,True,,0.0,,not_selected_by_strategy_rule
R2,2026-03-23,2026-03-31,2026-03-31,2026-03-31,2026-04-01,2026-05-01,FE,FE,FE,55,Utilities,2026-03-31,Wikipedia,1345606266,momentum,2.0.0,0.19566936063782037,137.0,True,,0.19566936063782037,,55,0.0,137.0,366.0,False,False,False,False,,,0.0,True,,0.0,,not_selected_by_strategy_rule
R2,2026-03-23,2026-03-31,2026-03-31,2026-03-31,2026-04-01,2026-05-01,FFIV,FFIV,FFIV,45,Information Technology,2026-03-31,Wikipedia,1345606266,momentum,2.0.0,-0.1334228375245542,427.0,True,,-0.1334228375245542,,45,0.0,427.0,76.0,False,False,False,False,,,0.0,True,,0.0,,not_selected_by_strategy_rule
R2,2026-03-23,2026-03-31,2026-03-31,2026-03-31,2026-04-01,2026-05-01,FICO,FICO,FICO,45,Information Technology,2026-03-31,Wikipedia,1345606266,momentum,2.0.0,-0.07378882535684128,379.0,True,,-0.07378882535684128,,45,0.0,379.0,124.0,False,False,False,False,,,0.0,True,,0.0,,not_selected_by_strategy_rule
R2,2026-03-23,2026-03-31,2026-03-31,2026-03-31,2026-04-01,2026-05-01,FIS,FIS,FIS,40,Financials,2026-03-31,Wikipedia,1345606266,momentum,2.0.0,-0.26125418323764993,469.0,True,,-0.26125418323764993,,40,0.0,469.0,34.0,False,False,False,False,,,0.0,True,,0.0,,not_selected_by_strategy_rule
R2,2026-03-23,2026-03-31,2026-03-31,2026-03-31,2026-04-01,2026-05-01,FISV,FISV,FISV,40,Financials,2026-03-31,Wikipedia,1345606266,momentum,2.0.0,-0.5492111433115969,501.0,True,,-0.5492111433115969,,40,-0.04500000000000001,501.0,2.0,False,True,False,True,,Short,-0.04500000000000001,True,Short,-0.04500000000000001,,selected_short
R2,2026-03-23,2026-03-31,2026-03-31,2026-03-31,2026-04-01,2026-05-01,FITB,FITB,FITB,40,Financials,2026-03-31,Wikipedia,1345606266,momentum,2.0.0,0.09970124852763496,229.0,True,,0.09970124852763496,,40,0.0,229.0,274.0,False,False,False,False,,,0.0,True,,0.0,,not_selected_by_strategy_rule
R2,2026-03-23,2026-03-31,2026-03-31,2026-03-31,2026-04-01,2026-05-01,FIX,FIX,FIX,20,Industrials,2026-03-31,Wikipedia,1345606266,momentum,2.0.0,1.033398350072709,15.0,True,,1.033398350072709,,20,0.0,15.0,488.0,False,False,False,False,,,0.0,True,,0.0,,not_selected_by_strategy_rule
R2,2026-03-23,2026-03-31,2026-03-31,2026-03-31,2026-04-01,2026-05-01,FOX,FOX,FOX,50,Communication Services,2026-03-31,Wikipedia,1345606266,momentum,2.0.0,-0.046897592496044305,357.0,True,,-0.046897592496044305,,50,0.0,357.0,146.0,False,False,False,False,,,0.0,True,,0.0,,not_selected_by_strategy_rule
R2,2026-03-23,2026-03-31,2026-03-31,2026-03-31,2026-04-01,2026-05-01,FOXA,FOXA,FOXA,50,Communication Services,2026-03-31,Wikipedia,1345606266,momentum,2.0.0,-0.05193317501607486,362.0,True,,-0.05193317501607486,,50,0.0,362.0,141.0,False,False,False,False,,,0.0,True,,0.0,,not_selected_by_strategy_rule
R2,2026-03-23,2026-03-31,2026-03-31,2026-03-31,2026-04-01,2026-05-01,FRT,FRT,FRT,60,Real Estate,2026-03-31,Wikipedia,1345606266,momentum,2.0.0,0.10635482581910116,222.0,True,,0.10635482581910116,,60,0.0,222.0,281.0,False,False,False,False,,,0.0,True,,0.0,,not_selected_by_strategy_rule
R2,2026-03-23,2026-03-31,2026-03-31,2026-03-31,2026-04-01,2026-05-01,FSLR,FSLR,FSLR,45,Information Technology,2026-03-31,Wikipedia,1345606266,momentum,2.0.0,0.01029763042007903,307.0,True,,0.01029763042007903,,45,0.0,307.0,196.0,False,False,False,False,,,0.0,True,,0.0,,not_selected_by_strategy_rule
R2,2026-03-23,2026-03-31,2026-03-31,2026-03-31,2026-04-01,2026-05-01,FTNT,FTNT,FTNT,45,Information Technology,2026-03-31,Wikipedia,1345606266,momentum,2.0.0,0.0033007762766403825,312.0,True,,0.0033007762766403825,,45,0.0,312.0,191.0,False,False,False,False,,,0.0,True,,0.0,,not_selected_by_strategy_rule
R2,2026-03-23,2026-03-31,2026-03-31,2026-03-31,2026-04-01,2026-05-01,FTV,FTV,FTV,20,Industrials,2026-03-31,Wikipedia,1345606266,momentum,2.0.0,0.23983757595441846,111.0,True,,0.23983757595441846,,20,0.0,111.0,392.0,False,False,False,False,,,0.0,True,,0.0,,not_selected_by_strategy_rule
R2,2026-03-23,2026-03-31,2026-03-31,2026-03-31,2026-04-01,2026-05-01,GD,GD,GD,20,Industrials,2026-03-31,Wikipedia,1345606266,momentum,2.0.0,0.1094195241798186,220.0,True,,0.1094195241798186,,20,0.0,220.0,283.0,False,False,False,False,,,0.0,True,,0.0,,not_selected_by_strategy_rule
R2,2026-03-23,2026-03-31,2026-03-31,2026-03-31,2026-04-01,2026-05-01,GDDY,GDDY,GDDY,45,Information Technology,2026-03-31,Wikipedia,1345606266,momentum,2.0.0,-0.41231201471988066,496.0,True,,-0.41231201471988066,,45,-0.04500000000000001,496.0,7.0,False,True,False,True,,Short,-0.04500000000000001,True,Short,-0.04500000000000001,,selected_short
R2,2026-03-23,2026-03-31,2026-03-31,2026-03-31,2026-04-01,2026-05-01,GE,GE,GE,20,Industrials,2026-03-31,Wikipedia,1345606266,momentum,2.0.0,0.24662105907253418,106.0,True,,0.24662105907253418,,20,0.0,106.0,397.0,False,False,False,False,,,0.0,True,,0.0,,not_selected_by_strategy_rule
R2,2026-03-23,2026-03-31,2026-03-31,2026-03-31,2026-04-01,2026-05-01,GEHC,GEHC,GEHC,35,Health Care,2026-03-31,Wikipedia,1345606266,momentum,2.0.0,0.1439259963784456,185.0,True,,0.1439259963784456,,35,0.0,185.0,318.0,False,False,False,False,,,0.0,True,,0.0,,not_selected_by_strategy_rule
R2,2026-03-23,2026-03-31,2026-03-31,2026-03-31,2026-04-01,2026-05-01,GEN,GEN,GEN,45,Information Technology,2026-03-31,Wikipedia,1345606266,momentum,2.0.0,-0.24512700815165012,465.0,True,,-0.24512700815165012,,45,0.0,465.0,38.0,False,False,False,False,,,0.0,True,,0.0,,not_selected_by_strategy_rule
R2,2026-03-23,2026-03-31,2026-03-31,2026-03-31,2026-04-01,2026-05-01,GEV,GEV,GEV,20,Industrials,2026-03-31,Wikipedia,1345606266,momentum,2.0.0,0.4268360534032085,50.0,True,,0.4268360534032085,,20,0.0,50.0,453.0,False,False,False,False,,,0.0,True,,0.0,,not_selected_by_strategy_rule
R2,2026-03-23,2026-03-31,2026-03-31,2026-03-31,2026-04-01,2026-05-01,GILD,GILD,GILD,35,Health Care,2026-03-31,Wikipedia,1345606266,momentum,2.0.0,0.33641658503150507,74.0,True,,0.33641658503150507,,35,0.0,74.0,429.0,False,False,False,False,,,0.0,True,,0.0,,not_selected_by_strategy_rule
R2,2026-03-23,2026-03-31,2026-03-31,2026-03-31,2026-04-01,2026-05-01,GIS,GIS,GIS,30,Consumer Staples,2026-03-31,Wikipedia,1345606266,momentum,2.0.0,-0.058529598129276605,366.0,True,,-0.058529598129276605,,30,0.0,366.0,137.0,False,False,False,False,,,0.0,True,,0.0,,not_selected_by_strategy_rule
R2,2026-03-23,2026-03-31,2026-03-31,2026-03-31,2026-04-01,2026-05-01,GL,GL,GL,40,Financials,2026-03-31,Wikipedia,1345606266,momentum,2.0.0,0.04198806003287525,284.0,True,,0.04198806003287525,,40,0.0,284.0,219.0,False,False,False,False,,,0.0,True,,0.0,,not_selected_by_strategy_rule
R2,2026-03-23,2026-03-31,2026-03-31,2026-03-31,2026-04-01,2026-05-01,GLW,GLW,GLW,45,Information Technology,2026-03-31,Wikipedia,1345606266,momentum,2.0.0,1.2553279919943061,12.0,True,,1.2553279919943061,,45,0.0,12.0,491.0,False,False,False,False,,,0.0,True,,0.0,,not_selected_by_strategy_rule
R2,2026-03-23,2026-03-31,2026-03-31,2026-03-31,2026-04-01,2026-05-01,GM,GM,GM,25,Consumer Discretionary,2026-03-31,Wikipedia,1345606266,momentum,2.0.0,0.349566421287985,68.0,True,,0.349566421287985,,25,0.0,68.0,435.0,False,False,False,False,,,0.0,True,,0.0,,not_selected_by_strategy_rule
R2,2026-03-23,2026-03-31,2026-03-31,2026-03-31,2026-04-01,2026-05-01,GNRC,GNRC,GNRC,20,Industrials,2026-03-31,Wikipedia,1345606266,momentum,2.0.0,0.2165721733721322,124.0,True,,0.2165721733721322,,20,0.0,124.0,379.0,False,False,False,False,,,0.0,True,,0.0,,not_selected_by_strategy_rule
R2,2026-03-23,2026-03-31,2026-03-31,2026-03-31,2026-04-01,2026-05-01,GOOG,GOOG,GOOG,50,Communication Services,2026-03-31,Wikipedia,1345606266,momentum,2.0.0,0.4607397633560415,41.0,True,,0.4607397633560415,,50,0.0,41.0,462.0,False,False,False,False,,,0.0,True,,0.0,,not_selected_by_strategy_rule
R2,2026-03-23,2026-03-31,2026-03-31,2026-03-31,2026-04-01,2026-05-01,GOOGL,GOOGL,GOOGL,50,Communication Services,2026-03-31,Wikipedia,1345606266,momentum,2.0.0,0.4665487971570932,39.0,True,,0.4665487971570932,,50,0.0,39.0,464.0,False,False,False,False,,,0.0,True,,0.0,,not_selected_by_strategy_rule
R2,2026-03-23,2026-03-31,2026-03-31,2026-03-31,2026-04-01,2026-05-01,GPC,GPC,GPC,25,Consumer Discretionary,2026-03-31,Wikipedia,1345606266,momentum,2.0.0,-0.1308905335898588,424.0,True,,-0.1308905335898588,,25,0.0,424.0,79.0,False,False,False,False,,,0.0,True,,0.0,,not_selected_by_strategy_rule
R2,2026-03-23,2026-03-31,2026-03-31,2026-03-31,2026-04-01,2026-05-01,GPN,GPN,GPN,40,Financials,2026-03-31,Wikipedia,1345606266,momentum,2.0.0,-0.13402518458889157,429.0,True,,-0.13402518458889157,,40,0.0,429.0,74.0,False,False,False,False,,,0.0,True,,0.0,,not_selected_by_strategy_rule
R2,2026-03-23,2026-03-31,2026-03-31,2026-03-31,2026-04-01,2026-05-01,GRMN,GRMN,GRMN,25,Consumer Discretionary,2026-03-31,Wikipedia,1345606266,momentum,2.0.0,0.0539458528868868,277.0,True,,0.0539458528868868,,25,0.0,277.0,226.0,False,False,False,False,,,0.0,True,,0.0,,not_selected_by_strategy_rule
R2,2026-03-23,2026-03-31,2026-03-31,2026-03-31,2026-04-01,2026-05-01,GS,GS,GS,40,Financials,2026-03-31,Wikipedia,1345606266,momentum,2.0.0,0.15911614990160472,173.0,True,,0.15911614990160472,,40,0.0,173.0,330.0,False,False,False,False,,,0.0,True,,0.0,,not_selected_by_strategy_rule
R2,2026-03-23,2026-03-31,2026-03-31,2026-03-31,2026-04-01,2026-05-01,GWW,GWW,GWW,20,Industrials,2026-03-31,Wikipedia,1345606266,momentum,2.0.0,0.13430148199998349,196.0,True,,0.13430148199998349,,20,0.0,196.0,307.0,False,False,False,False,,,0.0,True,,0.0,,not_selected_by_strategy_rule
R2,2026-03-23,2026-03-31,2026-03-31,2026-03-31,2026-04-01,2026-05-01,HAL,HAL,HAL,10,Energy,2026-03-31,Wikipedia,1345606266,momentum,2.0.0,0.6059110623500663,27.0,True,,0.6059110623500663,,10,0.0,27.0,476.0,False,False,False,False,,,0.0,True,,0.0,,not_selected_by_strategy_rule
R2,2026-03-23,2026-03-31,2026-03-31,2026-03-31,2026-04-01,2026-05-01,HAS,HAS,HAS,25,Consumer Discretionary,2026-03-31,Wikipedia,1345606266,momentum,2.0.0,0.24686854025303173,105.0,True,,0.24686854025303173,,25,0.0,105.0,398.0,False,False,False,False,,,0.0,True,,0.0,,not_selected_by_strategy_rule
R2,2026-03-23,2026-03-31,2026-03-31,2026-03-31,2026-04-01,2026-05-01,HBAN,HBAN,HBAN,40,Financials,2026-03-31,Wikipedia,1345606266,momentum,2.0.0,-0.0398617619593814,353.0,True,,-0.0398617619593814,,40,0.0,353.0,150.0,False,False,False,False,,,0.0,True,,0.0,,not_selected_by_strategy_rule
R2,2026-03-23,2026-03-31,2026-03-31,2026-03-31,2026-04-01,2026-05-01,HCA,HCA,HCA,35,Health Care,2026-03-31,Wikipedia,1345606266,momentum,2.0.0,0.31556812802871415,81.0,True,,0.31556812802871415,,35,0.0,81.0,422.0,False,False,False,False,,,0.0,True,,0.0,,not_selected_by_strategy_rule
R2,2026-03-23,2026-03-31,2026-03-31,2026-03-31,2026-04-01,2026-05-01,HD,HD,HD,25,Consumer Discretionary,2026-03-31,Wikipedia,1345606266,momentum,2.0.0,-0.05264318016294556,364.0,True,,-0.05264318016294556,,25,0.0,364.0,139.0,False,False,False,False,,,0.0,True,,0.0,,not_selected_by_strategy_rule
R2,2026-03-23,2026-03-31,2026-03-31,2026-03-31,2026-04-01,2026-05-01,HIG,HIG,HIG,40,Financials,2026-03-31,Wikipedia,1345606266,momentum,2.0.0,0.07329347194658564,252.0,True,,0.07329347194658564,,40,0.0,252.0,251.0,False,False,False,False,,,0.0,True,,0.0,,not_selected_by_strategy_rule
R2,2026-03-23,2026-03-31,2026-03-31,2026-03-31,2026-04-01,2026-05-01,HII,HII,HII,20,Industrials,2026-03-31,Wikipedia,1345606266,momentum,2.0.0,0.6539586496216685,25.0,True,,0.6539586496216685,,20,0.0,25.0,478.0,False,False,False,False,,,0.0,True,,0.0,,not_selected_by_strategy_rule
R2,2026-03-23,2026-03-31,2026-03-31,2026-03-31,2026-04-01,2026-05-01,HLT,HLT,HLT,25,Consumer Discretionary,2026-03-31,Wikipedia,1345606266,momentum,2.0.0,0.13056698637517195,200.0,True,,0.13056698637517195,,25,0.0,200.0,303.0,False,False,False,False,,,0.0,True,,0.0,,not_selected_by_strategy_rule
R2,2026-03-23,2026-03-31,2026-03-31,2026-03-31,2026-04-01,2026-05-01,HOLX,HOLX,HOLX,35,Health Care,2026-03-31,Wikipedia,1345606266,momentum,2.0.0,0.12276515981205227,205.0,True,,0.12276515981205227,,35,0.0,205.0,298.0,False,False,False,False,,,0.0,True,,0.0,,not_selected_by_strategy_rule
R2,2026-03-23,2026-03-31,2026-03-31,2026-03-31,2026-04-01,2026-05-01,HON,HON,HON,20,Industrials,2026-03-31,Wikipedia,1345606266,momentum,2.0.0,0.19037720732904684,144.0,True,,0.19037720732904684,,20,0.0,144.0,359.0,False,False,False,False,,,0.0,True,,0.0,,not_selected_by_strategy_rule
R2,2026-03-23,2026-03-31,2026-03-31,2026-03-31,2026-04-01,2026-05-01,HOOD,HOOD,HOOD,40,Financials,2026-03-31,Wikipedia,1345606266,momentum,2.0.0,-0.2708834051316351,474.0,True,,-0.2708834051316351,,40,0.0,474.0,29.0,False,False,False,False,,,0.0,True,,0.0,,not_selected_by_strategy_rule
R2,2026-03-23,2026-03-31,2026-03-31,2026-03-31,2026-04-01,2026-05-01,HPE,HPE,HPE,45,Information Technology,2026-03-31,Wikipedia,1345606266,momentum,2.0.0,-0.03795897144592808,351.0,True,,-0.03795897144592808,,45,0.0,351.0,152.0,False,False,False,False,,,0.0,True,,0.0,,not_selected_by_strategy_rule
R2,2026-03-23,2026-03-31,2026-03-31,2026-03-31,2026-04-01,2026-05-01,HPQ,HPQ,HPQ,45,Information Technology,2026-03-31,Wikipedia,1345606266,momentum,2.0.0,-0.31992581672158715,483.0,True,,-0.31992581672158715,,45,0.0,483.0,20.0,False,False,False,False,,,0.0,True,,0.0,,not_selected_by_strategy_rule
R2,2026-03-23,2026-03-31,2026-03-31,2026-03-31,2026-04-01,2026-05-01,HRL,HRL,HRL,30,Consumer Staples,2026-03-31,Wikipedia,1345606266,momentum,2.0.0,0.03185020213971246,290.0,True,,0.03185020213971246,,30,0.0,290.0,213.0,False,False,False,False,,,0.0,True,,0.0,,not_selected_by_strategy_rule
R2,2026-03-23,2026-03-31,2026-03-31,2026-03-31,2026-04-01,2026-05-01,HSIC,HSIC,HSIC,35,Health Care,2026-03-31,Wikipedia,1345606266,momentum,2.0.0,0.18410458783397798,150.0,True,,0.18410458783397798,,35,0.0,150.0,353.0,False,False,False,False,,,0.0,True,,0.0,,not_selected_by_strategy_rule
R2,2026-03-23,2026-03-31,2026-03-31,2026-03-31,2026-04-01,2026-05-01,HST,HST,HST,60,Real Estate,2026-03-31,Wikipedia,1345606266,momentum,2.0.0,0.17396999295542281,157.0,True,,0.17396999295542281,,60,0.0,157.0,346.0,False,False,False,False,,,0.0,True,,0.0,,not_selected_by_strategy_rule
R2,2026-03-23,2026-03-31,2026-03-31,2026-03-31,2026-04-01,2026-05-01,HSY,HSY,HSY,30,Consumer Staples,2026-03-31,Wikipedia,1345606266,momentum,2.0.0,0.30429262340406904,85.0,True,,0.30429262340406904,,30,0.0,85.0,418.0,False,False,False,False,,,0.0,True,,0.0,,not_selected_by_strategy_rule
R2,2026-03-23,2026-03-31,2026-03-31,2026-03-31,2026-04-01,2026-05-01,HUBB,HUBB,HUBB,20,Industrials,2026-03-31,Wikipedia,1345606266,momentum,2.0.0,0.19428668042434705,141.0,True,,0.19428668042434705,,20,0.0,141.0,362.0,False,False,False,False,,,0.0,True,,0.0,,not_selected_by_strategy_rule
R2,2026-03-23,2026-03-31,2026-03-31,2026-03-31,2026-04-01,2026-05-01,HUM,HUM,HUM,35,Health Care,2026-03-31,Wikipedia,1345606266,momentum,2.0.0,-0.3681748369702904,490.0,True,,-0.3681748369702904,,35,0.0,490.0,13.0,False,False,False,False,,,0.0,True,,0.0,,not_selected_by_strategy_rule
R2,2026-03-23,2026-03-31,2026-03-31,2026-03-31,2026-04-01,2026-05-01,HWM,HWM,HWM,20,Industrials,2026-03-31,Wikipedia,1345606266,momentum,2.0.0,0.5096707286912336,34.0,True,,0.5096707286912336,,20,0.0,34.0,469.0,False,False,False,False,,,0.0,True,,0.0,,not_selected_by_strategy_rule
R2,2026-03-23,2026-03-31,2026-03-31,2026-03-31,2026-04-01,2026-05-01,IBKR,IBKR,IBKR,40,Financials,2026-03-31,Wikipedia,1345606266,momentum,2.0.0,0.1464373679418416,182.0,True,,0.1464373679418416,,40,0.0,182.0,321.0,False,False,False,False,,,0.0,True,,0.0,,not_selected_by_strategy_rule
R2,2026-03-23,2026-03-31,2026-03-31,2026-03-31,2026-04-01,2026-05-01,IBM,IBM,IBM,45,Information Technology,2026-03-31,Wikipedia,1345606266,momentum,2.0.0,-0.002375614269374049,320.0,True,,-0.002375614269374049,,45,0.0,320.0,183.0,False,False,False,False,,,0.0,True,,0.0,,not_selected_by_strategy_rule
R2,2026-03-23,2026-03-31,2026-03-31,2026-03-31,2026-04-01,2026-05-01,ICE,ICE,ICE,40,Financials,2026-03-31,Wikipedia,1345606266,momentum,2.0.0,-0.06523406348660887,374.0,True,,-0.06523406348660887,,40,0.0,374.0,129.0,False,False,False,False,,,0.0,True,,0.0,,not_selected_by_strategy_rule
R2,2026-03-23,2026-03-31,2026-03-31,2026-03-31,2026-04-01,2026-05-01,IDXX,IDXX,IDXX,35,Health Care,2026-03-31,Wikipedia,1345606266,momentum,2.0.0,0.014897391727896947,303.0,True,,0.014897391727896947,,35,0.0,303.0,200.0,False,False,False,False,,,0.0,True,,0.0,,not_selected_by_strategy_rule
R2,2026-03-23,2026-03-31,2026-03-31,2026-03-31,2026-04-01,2026-05-01,IEX,IEX,IEX,20,Industrials,2026-03-31,Wikipedia,1345606266,momentum,2.0.0,0.28351477704197836,91.0,True,,0.28351477704197836,,20,0.0,91.0,412.0,False,False,False,False,,,0.0,True,,0.0,,not_selected_by_strategy_rule
R2,2026-03-23,2026-03-31,2026-03-31,2026-03-31,2026-04-01,2026-05-01,IFF,IFF,IFF,15,Materials,2026-03-31,Wikipedia,1345606266,momentum,2.0.0,0.23366323415375923,114.0,True,,0.23366323415375923,,15,0.0,114.0,389.0,False,False,False,False,,,0.0,True,,0.0,,not_selected_by_strategy_rule
R2,2026-03-23,2026-03-31,2026-03-31,2026-03-31,2026-04-01,2026-05-01,INCY,INCY,INCY,35,Health Care,2026-03-31,Wikipedia,1345606266,momentum,2.0.0,0.1969033910002902,136.0,True,,0.1969033910002902,,35,0.0,136.0,367.0,False,False,False,False,,,0.0,True,,0.0,,not_selected_by_strategy_rule
R2,2026-03-23,2026-03-31,2026-03-31,2026-03-31,2026-04-01,2026-05-01,INTC,INTC,INTC,45,Information Technology,2026-03-31,Wikipedia,1345606266,momentum,2.0.0,0.8731006117380036,18.0,True,,0.8731006117380036,,45,0.10499999999999998,18.0,485.0,False,False,False,False,,,0.0,True,,0.0,,not_selected_by_strategy_rule
R2,2026-03-23,2026-03-31,2026-03-31,2026-03-31,2026-04-01,2026-05-01,INTU,INTU,INTU,45,Information Technology,2026-03-31,Wikipedia,1345606266,momentum,2.0.0,-0.3845094142767582,494.0,True,,-0.3845094142767582,,45,0.0,494.0,9.0,False,False,False,False,,,0.0,True,,0.0,,not_selected_by_strategy_rule
R2,2026-03-23,2026-03-31,2026-03-31,2026-03-31,2026-04-01,2026-05-01,INVH,INVH,INVH,60,Real Estate,2026-03-31,Wikipedia,1345606266,momentum,2.0.0,-0.14032309224831574,433.0,True,,-0.14032309224831574,,60,0.0,433.0,70.0,False,False,False,False,,,0.0,True,,0.0,,not_selected_by_strategy_rule
R2,2026-03-23,2026-03-31,2026-03-31,2026-03-31,2026-04-01,2026-05-01,IP,IP,IP,15,Materials,2026-03-31,Wikipedia,1345606266,momentum,2.0.0,-0.10369128636376745,408.0,True,,-0.10369128636376745,,15,0.0,408.0,95.0,False,False,False,False,,,0.0,True,,0.0,,not_selected_by_strategy_rule
R2,2026-03-23,2026-03-31,2026-03-31,2026-03-31,2026-04-01,2026-05-01,IQV,IQV,IQV,35,Health Care,2026-03-31,Wikipedia,1345606266,momentum,2.0.0,-0.06288978645531951,371.0,True,,-0.06288978645531951,,35,0.0,371.0,132.0,False,False,False,False,,,0.0,True,,0.0,,not_selected_by_strategy_rule
R2,2026-03-23,2026-03-31,2026-03-31,2026-03-31,2026-04-01,2026-05-01,IR,IR,IR,20,Industrials,2026-03-31,Wikipedia,1345606266,momentum,2.0.0,0.18549956853969318,148.0,True,,0.18549956853969318,,20,0.0,148.0,355.0,False,False,False,False,,,0.0,True,,0.0,,not_selected_by_strategy_rule
R2,2026-03-23,2026-03-31,2026-03-31,2026-03-31,2026-04-01,2026-05-01,IRM,IRM,IRM,60,Real Estate,2026-03-31,Wikipedia,1345606266,momentum,2.0.0,0.1952851865961336,138.0,True,,0.1952851865961336,,60,0.0,138.0,365.0,False,False,False,False,,,0.0,True,,0.0,,not_selected_by_strategy_rule
R2,2026-03-23,2026-03-31,2026-03-31,2026-03-31,2026-04-01,2026-05-01,ISRG,ISRG,ISRG,35,Health Care,2026-03-31,Wikipedia,1345606266,momentum,2.0.0,0.0638284866930332,266.0,True,,0.0638284866930332,,35,0.0,266.0,237.0,False,False,False,False,,,0.0,True,,0.0,,not_selected_by_strategy_rule
R2,2026-03-23,2026-03-31,2026-03-31,2026-03-31,2026-04-01,2026-05-01,IT,IT,IT,45,Information Technology,2026-03-31,Wikipedia,1345606266,momentum,2.0.0,-0.3741789266278167,493.0,True,,-0.3741789266278167,,45,-0.04500000000000001,493.0,10.0,False,True,False,True,,Short,-0.04500000000000001,True,Short,-0.04500000000000001,,selected_short
R2,2026-03-23,2026-03-31,2026-03-31,2026-03-31,2026-04-01,2026-05-01,ITW,ITW,ITW,20,Industrials,2026-03-31,Wikipedia,1345606266,momentum,2.0.0,0.1121119584993493,217.0,True,,0.1121119584993493,,20,0.0,217.0,286.0,False,False,False,False,,,0.0,True,,0.0,,not_selected_by_strategy_rule
R2,2026-03-23,2026-03-31,2026-03-31,2026-03-31,2026-04-01,2026-05-01,IVZ,IVZ,IVZ,40,Financials,2026-03-31,Wikipedia,1345606266,momentum,2.0.0,0.2200004369251367,123.0,True,,0.2200004369251367,,40,0.0,123.0,380.0,False,False,False,False,,,0.0,True,,0.0,,not_selected_by_strategy_rule
R2,2026-03-23,2026-03-31,2026-03-31,2026-03-31,2026-04-01,2026-05-01,J,J,J,20,Industrials,2026-03-31,Wikipedia,1345606266,momentum,2.0.0,-0.052513491971256765,363.0,True,,-0.052513491971256765,,20,0.0,363.0,140.0,False,False,False,False,,,0.0,True,,0.0,,not_selected_by_strategy_rule
R2,2026-03-23,2026-03-31,2026-03-31,2026-03-31,2026-04-01,2026-05-01,JBHT,JBHT,JBHT,20,Industrials,2026-03-31,Wikipedia,1345606266,momentum,2.0.0,0.6172677236158377,26.0,True,,0.6172677236158377,,20,0.0,26.0,477.0,False,False,False,False,,,0.0,True,,0.0,,not_selected_by_strategy_rule
R2,2026-03-23,2026-03-31,2026-03-31,2026-03-31,2026-04-01,2026-05-01,JBL,JBL,JBL,45,Information Technology,2026-03-31,Wikipedia,1345606266,momentum,2.0.0,0.2946266917536602,87.0,True,,0.2946266917536602,,45,0.0,87.0,416.0,False,False,False,False,,,0.0,True,,0.0,,not_selected_by_strategy_rule
R2,2026-03-23,2026-03-31,2026-03-31,2026-03-31,2026-04-01,2026-05-01,JCI,JCI,JCI,20,Industrials,2026-03-31,Wikipedia,1345606266,momentum,2.0.0,0.3499860293194943,67.0,True,,0.3499860293194943,,20,0.0,67.0,436.0,False,False,False,False,,,0.0,True,,0.0,,not_selected_by_strategy_rule
R2,2026-03-23,2026-03-31,2026-03-31,2026-03-31,2026-04-01,2026-05-01,JKHY,JKHY,JKHY,40,Financials,2026-03-31,Wikipedia,1345606266,momentum,2.0.0,0.0020144681761165018,313.0,True,,0.0020144681761165018,,40,0.0,313.0,190.0,False,False,False,False,,,0.0,True,,0.0,,not_selected_by_strategy_rule
R2,2026-03-23,2026-03-31,2026-03-31,2026-03-31,2026-04-01,2026-05-01,JNJ,JNJ,JNJ,35,Health Care,2026-03-31,Wikipedia,1345606266,momentum,2.0.0,0.4186172999025286,54.0,True,,0.4186172999025286,,35,0.0,54.0,449.0,False,False,False,False,,,0.0,True,,0.0,,not_selected_by_strategy_rule
R2,2026-03-23,2026-03-31,2026-03-31,2026-03-31,2026-04-01,2026-05-01,JPM,JPM,JPM,40,Financials,2026-03-31,Wikipedia,1345606266,momentum,2.0.0,0.005643693845911679,310.0,True,,0.005643693845911679,,40,0.0,310.0,193.0,False,False,False,False,,,0.0,True,,0.0,,not_selected_by_strategy_rule
R2,2026-03-23,2026-03-31,2026-03-31,2026-03-31,2026-04-01,2026-05-01,KDP,KDP,KDP,30,Consumer Staples,2026-03-31,Wikipedia,1345606266,momentum,2.0.0,0.05898449349921964,275.0,True,,0.05898449349921964,,30,0.0,275.0,228.0,False,False,False,False,,,0.0,True,,0.0,,not_selected_by_strategy_rule
R2,2026-03-23,2026-03-31,2026-03-31,2026-03-31,2026-04-01,2026-05-01,KEY,KEY,KEY,40,Financials,2026-03-31,Wikipedia,1345606266,momentum,2.0.0,0.09479917424402728,231.0,True,,0.09479917424402728,,40,0.0,231.0,272.0,False,False,False,False,,,0.0,True,,0.0,,not_selected_by_strategy_rule
R2,2026-03-23,2026-03-31,2026-03-31,2026-03-31,2026-04-01,2026-05-01,KEYS,KEYS,KEYS,45,Information Technology,2026-03-31,Wikipedia,1345606266,momentum,2.0.0,0.8804992984485949,17.0,True,,0.8804992984485949,,45,0.0,17.0,486.0,False,False,False,False,,,0.0,True,,0.0,,not_selected_by_strategy_rule
R2,2026-03-23,2026-03-31,2026-03-31,2026-03-31,2026-04-01,2026-05-01,KHC,KHC,KHC,30,Consumer Staples,2026-03-31,Wikipedia,1345606266,momentum,2.0.0,-0.1061624779458723,411.0,True,,-0.1061624779458723,,30,0.0,411.0,92.0,False,False,False,False,,,0.0,True,,0.0,,not_selected_by_strategy_rule
R2,2026-03-23,2026-03-31,2026-03-31,2026-03-31,2026-04-01,2026-05-01,KIM,KIM,KIM,60,Real Estate,2026-03-31,Wikipedia,1345606266,momentum,2.0.0,0.07244137895840774,254.0,True,,0.07244137895840774,,60,0.0,254.0,249.0,False,False,False,False,,,0.0,True,,0.0,,not_selected_by_strategy_rule
R2,2026-03-23,2026-03-31,2026-03-31,2026-03-31,2026-04-01,2026-05-01,KKR,KKR,KKR,40,Financials,2026-03-31,Wikipedia,1345606266,momentum,2.0.0,-0.3693063859972635,491.0,True,,-0.3693063859972635,,40,0.0,491.0,12.0,False,False,False,False,,,0.0,True,,0.0,,not_selected_by_strategy_rule
R2,2026-03-23,2026-03-31,2026-03-31,2026-03-31,2026-04-01,2026-05-01,KLAC,KLAC,KLAC,45,Information Technology,2026-03-31,Wikipedia,1345606266,momentum,2.0.0,0.7535460468860726,22.0,True,,0.7535460468860726,,45,0.0,22.0,481.0,False,False,False,False,,,0.0,True,,0.0,,not_selected_by_strategy_rule
R2,2026-03-23,2026-03-31,2026-03-31,2026-03-31,2026-04-01,2026-05-01,KMB,KMB,KMB,30,Consumer Staples,2026-03-31,Wikipedia,1345606266,momentum,2.0.0,-0.11796954853366282,418.0,True,,-0.11796954853366282,,30,0.0,418.0,85.0,False,False,False,False,,,0.0,True,,0.0,,not_selected_by_strategy_rule
R2,2026-03-23,2026-03-31,2026-03-31,2026-03-31,2026-04-01,2026-05-01,KMI,KMI,KMI,10,Energy,2026-03-31,Wikipedia,1345606266,momentum,2.0.0,0.2591878794777882,102.0,True,,0.2591878794777882,,10,0.0,102.0,401.0,False,False,False,False,,,0.0,True,,0.0,,not_selected_by_strategy_rule
R2,2026-03-23,2026-03-31,2026-03-31,2026-03-31,2026-04-01,2026-05-01,KO,KO,KO,30,Consumer Staples,2026-03-31,Wikipedia,1345606266,momentum,2.0.0,0.19963408829172913,133.0,True,,0.19963408829172913,,30,0.0,133.0,370.0,False,False,False,False,,,0.0,True,,0.0,,not_selected_by_strategy_rule
R2,2026-03-23,2026-03-31,2026-03-31,2026-03-31,2026-04-01,2026-05-01,KR,KR,KR,30,Consumer Staples,2026-03-31,Wikipedia,1345606266,momentum,2.0.0,0.016333028018009843,300.0,True,,0.016333028018009843,,30,0.0,300.0,203.0,False,False,False,False,,,0.0,True,,0.0,,not_selected_by_strategy_rule
R2,2026-03-23,2026-03-31,2026-03-31,2026-03-31,2026-04-01,2026-05-01,KVUE,KVUE,KVUE,30,Consumer Staples,2026-03-31,Wikipedia,1345606266,momentum,2.0.0,-0.05440856175446318,365.0,True,,-0.05440856175446318,,30,0.0,365.0,138.0,False,False,False,False,,,0.0,True,,0.0,,not_selected_by_strategy_rule
R2,2026-03-23,2026-03-31,2026-03-31,2026-03-31,2026-04-01,2026-05-01,L,L,L,40,Financials,2026-03-31,Wikipedia,1345606266,momentum,2.0.0,0.13788948185212546,191.0,True,,0.13788948185212546,,40,0.0,191.0,312.0,False,False,False,False,,,0.0,True,,0.0,,not_selected_by_strategy_rule
R2,2026-03-23,2026-03-31,2026-03-31,2026-03-31,2026-04-01,2026-05-01,LDOS,LDOS,LDOS,20,Industrials,2026-03-31,Wikipedia,1345606266,momentum,2.0.0,-0.027855494975947193,345.0,True,,-0.027855494975947193,,20,0.0,345.0,158.0,False,False,False,False,,,0.0,True,,0.0,,not_selected_by_strategy_rule
R2,2026-03-23,2026-03-31,2026-03-31,2026-03-31,2026-04-01,2026-05-01,LEN,LEN,LEN,25,Consumer Discretionary,2026-03-31,Wikipedia,1345606266,momentum,2.0.0,-0.13354685091190033,428.0,True,,-0.13354685091190033,,25,0.0,428.0,75.0,False,False,False,False,,,0.0,True,,0.0,,not_selected_by_strategy_rule
R2,2026-03-23,2026-03-31,2026-03-31,2026-03-31,2026-04-01,2026-05-01,LH,LH,LH,35,Health Care,2026-03-31,Wikipedia,1345606266,momentum,2.0.0,0.04543710047093796,282.0,True,,0.04543710047093796,,35,0.0,282.0,221.0,False,False,False,False,,,0.0,True,,0.0,,not_selected_by_strategy_rule
R2,2026-03-23,2026-03-31,2026-03-31,2026-03-31,2026-04-01,2026-05-01,LHX,LHX,LHX,20,Industrials,2026-03-31,Wikipedia,1345606266,momentum,2.0.0,0.32437918687367717,77.0,True,,0.32437918687367717,,20,0.0,77.0,426.0,False,False,False,False,,,0.0,True,,0.0,,not_selected_by_strategy_rule
R2,2026-03-23,2026-03-31,2026-03-31,2026-03-31,2026-04-01,2026-05-01,LII,LII,LII,20,Industrials,2026-03-31,Wikipedia,1345606266,momentum,2.0.0,0.026913954021631215,292.0,True,,0.026913954021631215,,20,0.0,292.0,211.0,False,False,False,False,,,0.0,True,,0.0,,not_selected_by_strategy_rule
R2,2026-03-23,2026-03-31,2026-03-31,2026-03-31,2026-04-01,2026-05-01,LIN,LIN,LIN,15,Materials,2026-03-31,Wikipedia,1345606266,momentum,2.0.0,0.06959732720561695,261.0,True,,0.06959732720561695,,15,0.0,261.0,242.0,False,False,False,False,,,0.0,True,,0.0,,not_selected_by_strategy_rule
R2,2026-03-23,2026-03-31,2026-03-31,2026-03-31,2026-04-01,2026-05-01,LITE,LITE,LITE,45,Information Technology,2026-03-31,Wikipedia,1345606266,momentum,2.0.0,4.277539236722751,2.0,True,,4.277539236722751,,45,0.0,2.0,501.0,False,False,True,False,,Long,0.10499999999999998,True,Long,0.10499999999999998,,selected_long
R2,2026-03-23,2026-03-31,2026-03-31,2026-03-31,2026-04-01,2026-05-01,LLY,LLY,LLY,35,Health Care,2026-03-31,Wikipedia,1345606266,momentum,2.0.0,0.4405160837257711,48.0,True,,0.4405160837257711,,35,0.0,48.0,455.0,False,False,False,False,,,0.0,True,,0.0,,not_selected_by_strategy_rule
R2,2026-03-23,2026-03-31,2026-03-31,2026-03-31,2026-04-01,2026-05-01,LMT,LMT,LMT,20,Industrials,2026-03-31,Wikipedia,1345606266,momentum,2.0.0,0.46591286840494295,40.0,True,,0.46591286840494295,,20,0.0,40.0,463.0,False,False,False,False,,,0.0,True,,0.0,,not_selected_by_strategy_rule
R2,2026-03-23,2026-03-31,2026-03-31,2026-03-31,2026-04-01,2026-05-01,LNT,LNT,LNT,55,Utilities,2026-03-31,Wikipedia,1345606266,momentum,2.0.0,0.129193378207614,201.0,True,,0.129193378207614,,55,0.0,201.0,302.0,False,False,False,False,,,0.0,True,,0.0,,not_selected_by_strategy_rule
R2,2026-03-23,2026-03-31,2026-03-31,2026-03-31,2026-04-01,2026-05-01,LOW,LOW,LOW,25,Consumer Discretionary,2026-03-31,Wikipedia,1345606266,momentum,2.0.0,0.03489432666152825,289.0,True,,0.03489432666152825,,25,0.0,289.0,214.0,False,False,False,False,,,0.0,True,,0.0,,not_selected_by_strategy_rule
R2,2026-03-23,2026-03-31,2026-03-31,2026-03-31,2026-04-01,2026-05-01,LRCX,LRCX,LRCX,45,Information Technology,2026-03-31,Wikipedia,1345606266,momentum,2.0.0,1.3438605332604134,10.0,True,,1.3438605332604134,,45,0.10499999999999998,10.0,493.0,True,False,True,False,,Long,0.10499999999999998,True,Long,0.10499999999999998,,selected_long
R2,2026-03-23,2026-03-31,2026-03-31,2026-03-31,2026-04-01,2026-05-01,LULU,LULU,LULU,25,Consumer Discretionary,2026-03-31,Wikipedia,1345606266,momentum,2.0.0,-0.08422353628252577,394.0,True,,-0.08422353628252577,,25,0.0,394.0,109.0,False,False,False,False,,,0.0,True,,0.0,,not_selected_by_strategy_rule
R2,2026-03-23,2026-03-31,2026-03-31,2026-03-31,2026-04-01,2026-05-01,LUV,LUV,LUV,20,Industrials,2026-03-31,Wikipedia,1345606266,momentum,2.0.0,0.5122303235784755,33.0,True,,0.5122303235784755,,20,0.0,33.0,470.0,False,False,False,False,,,0.0,True,,0.0,,not_selected_by_strategy_rule
R2,2026-03-23,2026-03-31,2026-03-31,2026-03-31,2026-04-01,2026-05-01,LVS,LVS,LVS,25,Consumer Discretionary,2026-03-31,Wikipedia,1345606266,momentum,2.0.0,-0.006632348844791358,327.0,True,,-0.006632348844791358,,25,0.0,327.0,176.0,False,False,False,False,,,0.0,True,,0.0,,not_selected_by_strategy_rule
R2,2026-03-23,2026-03-31,2026-03-31,2026-03-31,2026-04-01,2026-05-01,LYB,LYB,LYB,15,Materials,2026-03-31,Wikipedia,1345606266,momentum,2.0.0,0.05012982725153248,279.0,True,,0.05012982725153248,,15,0.0,279.0,224.0,False,False,False,False,,,0.0,True,,0.0,,not_selected_by_strategy_rule
R2,2026-03-23,2026-03-31,2026-03-31,2026-03-31,2026-04-01,2026-05-01,LYV,LYV,LYV,50,Communication Services,2026-03-31,Wikipedia,1345606266,momentum,2.0.0,-0.026127731154974576,343.0,True,,-0.026127731154974576,,50,0.0,343.0,160.0,False,False,False,False,,,0.0,True,,0.0,,not_selected_by_strategy_rule
R2,2026-03-23,2026-03-31,2026-03-31,2026-03-31,2026-04-01,2026-05-01,MA,MA,MA,40,Financials,2026-03-31,Wikipedia,1345606266,momentum,2.0.0,-0.12870905607547023,422.0,True,,-0.12870905607547023,,40,0.0,422.0,81.0,False,False,False,False,,,0.0,True,,0.0,,not_selected_by_strategy_rule
R2,2026-03-23,2026-03-31,2026-03-31,2026-03-31,2026-04-01,2026-05-01,MAA,MAA,MAA,60,Real Estate,2026-03-31,Wikipedia,1345606266,momentum,2.0.0,-0.06095933556182098,367.0,True,,-0.06095933556182098,,60,0.0,367.0,136.0,False,False,False,False,,,0.0,True,,0.0,,not_selected_by_strategy_rule
R2,2026-03-23,2026-03-31,2026-03-31,2026-03-31,2026-04-01,2026-05-01,MAR,MAR,MAR,25,Consumer Discretionary,2026-03-31,Wikipedia,1345606266,momentum,2.0.0,0.2812641373962492,93.0,True,,0.2812641373962492,,25,0.0,93.0,410.0,False,False,False,False,,,0.0,True,,0.0,,not_selected_by_strategy_rule
R2,2026-03-23,2026-03-31,2026-03-31,2026-03-31,2026-04-01,2026-05-01,MAS,MAS,MAS,20,Industrials,2026-03-31,Wikipedia,1345606266,momentum,2.0.0,-0.015023098938511947,333.0,True,,-0.015023098938511947,,20,0.0,333.0,170.0,False,False,False,False,,,0.0,True,,0.0,,not_selected_by_strategy_rule
R2,2026-03-23,2026-03-31,2026-03-31,2026-03-31,2026-04-01,2026-05-01,MCD,MCD,MCD,25,Consumer Discretionary,2026-03-31,Wikipedia,1345606266,momentum,2.0.0,0.100511912564619,227.0,True,,0.100511912564619,,25,0.0,227.0,276.0,False,False,False,False,,,0.0,True,,0.0,,not_selected_by_strategy_rule
R2,2026-03-23,2026-03-31,2026-03-31,2026-03-31,2026-04-01,2026-05-01,MCHP,MCHP,MCHP,45,Information Technology,2026-03-31,Wikipedia,1345606266,momentum,2.0.0,0.16548735450664953,166.0,True,,0.16548735450664953,,45,0.0,166.0,337.0,False,False,False,False,,,0.0,True,,0.0,,not_selected_by_strategy_rule
R2,2026-03-23,2026-03-31,2026-03-31,2026-03-31,2026-04-01,2026-05-01,MCK,MCK,MCK,35,Health Care,2026-03-31,Wikipedia,1345606266,momentum,2.0.0,0.44103370051668933,47.0,True,,0.44103370051668933,,35,0.0,47.0,456.0,False,False,False,False,,,0.0,True,,0.0,,not_selected_by_strategy_rule
R2,2026-03-23,2026-03-31,2026-03-31,2026-03-31,2026-04-01,2026-05-01,MCO,MCO,MCO,40,Financials,2026-03-31,Wikipedia,1345606266,momentum,2.0.0,-0.06124849624200901,369.0,True,,-0.06124849624200901,,40,0.0,369.0,134.0,False,False,False,False,,,0.0,True,,0.0,,not_selected_by_strategy_rule
R2,2026-03-23,2026-03-31,2026-03-31,2026-03-31,2026-04-01,2026-05-01,MDLZ,MDLZ,MDLZ,30,Consumer Staples,2026-03-31,Wikipedia,1345606266,momentum,2.0.0,0.019646300672567563,297.0,True,,0.019646300672567563,,30,0.0,297.0,206.0,False,False,False,False,,,0.0,True,,0.0,,not_selected_by_strategy_rule
R2,2026-03-23,2026-03-31,2026-03-31,2026-03-31,2026-04-01,2026-05-01,MDT,MDT,MDT,35,Health Care,2026-03-31,Wikipedia,1345606266,momentum,2.0.0,0.06803585624298814,262.0,True,,0.06803585624298814,,35,0.0,262.0,241.0,False,False,False,False,,,0.0,True,,0.0,,not_selected_by_strategy_rule
R2,2026-03-23,2026-03-31,2026-03-31,2026-03-31,2026-04-01,2026-05-01,MET,MET,MET,40,Financials,2026-03-31,Wikipedia,1345606266,momentum,2.0.0,-0.10139232640142404,406.0,True,,-0.10139232640142404,,40,0.0,406.0,97.0,False,False,False,False,,,0.0,True,,0.0,,not_selected_by_strategy_rule
R2,2026-03-23,2026-03-31,2026-03-31,2026-03-31,2026-04-01,2026-05-01,META,META,META,50,Communication Services,2026-03-31,Wikipedia,1345606266,momentum,2.0.0,-0.12123112941053493,419.0,True,,-0.12123112941053493,,50,0.0,419.0,84.0,False,False,False,False,,,0.0,True,,0.0,,not_selected_by_strategy_rule
R2,2026-03-23,2026-03-31,2026-03-31,2026-03-31,2026-04-01,2026-05-01,MGM,MGM,MGM,25,Consumer Discretionary,2026-03-31,Wikipedia,1345606266,momentum,2.0.0,-0.07130254760082055,377.0,True,,-0.07130254760082055,,25,0.0,377.0,126.0,False,False,False,False,,,0.0,True,,0.0,,not_selected_by_strategy_rule
R2,2026-03-23,2026-03-31,2026-03-31,2026-03-31,2026-04-01,2026-05-01,MKC,MKC,MKC,30,Consumer Staples,2026-03-31,Wikipedia,1345606266,momentum,2.0.0,0.023648009265223147,295.0,True,,0.023648009265223147,,30,0.0,295.0,208.0,False,False,False,False,,,0.0,True,,0.0,,not_selected_by_strategy_rule
R2,2026-03-23,2026-03-31,2026-03-31,2026-03-31,2026-04-01,2026-05-01,MLM,MLM,MLM,15,Materials,2026-03-31,Wikipedia,1345606266,momentum,2.0.0,0.10056078877760366,226.0,True,,0.10056078877760366,,15,0.0,226.0,277.0,False,False,False,False,,,0.0,True,,0.0,,not_selected_by_strategy_rule
R2,2026-03-23,2026-03-31,2026-03-31,2026-03-31,2026-04-01,2026-05-01,MMM,MMM,MMM,20,Industrials,2026-03-31,Wikipedia,1345606266,momentum,2.0.0,0.07230345111495029,256.0,True,,0.07230345111495029,,20,0.0,256.0,247.0,False,False,False,False,,,0.0,True,,0.0,,not_selected_by_strategy_rule
R2,2026-03-23,2026-03-31,2026-03-31,2026-03-31,2026-04-01,2026-05-01,MNST,MNST,MNST,30,Consumer Staples,2026-03-31,Wikipedia,1345606266,momentum,2.0.0,0.36676819837061503,62.0,True,,0.36676819837061503,,30,0.0,62.0,441.0,False,False,False,False,,,0.0,True,,0.0,,not_selected_by_strategy_rule
R2,2026-03-23,2026-03-31,2026-03-31,2026-03-31,2026-04-01,2026-05-01,MO,MO,MO,30,Consumer Staples,2026-03-31,Wikipedia,1345606266,momentum,2.0.0,0.06293228500173087,270.0,True,,0.06293228500173087,,30,0.0,270.0,233.0,False,False,False,False,,,0.0,True,,0.0,,not_selected_by_strategy_rule
R2,2026-03-23,2026-03-31,2026-03-31,2026-03-31,2026-04-01,2026-05-01,MOS,MOS,MOS,15,Materials,2026-03-31,Wikipedia,1345606266,momentum,2.0.0,-0.1530813171794645,436.0,True,,-0.1530813171794645,,15,0.0,436.0,67.0,False,False,False,False,,,0.0,True,,0.0,,not_selected_by_strategy_rule
R2,2026-03-23,2026-03-31,2026-03-31,2026-03-31,2026-04-01,2026-05-01,MPC,MPC,MPC,10,Energy,2026-03-31,Wikipedia,1345606266,momentum,2.0.0,0.11405207653425764,215.0,True,,0.11405207653425764,,10,0.0,215.0,288.0,False,False,False,False,,,0.0,True,,0.0,,not_selected_by_strategy_rule
R2,2026-03-23,2026-03-31,2026-03-31,2026-03-31,2026-04-01,2026-05-01,MPWR,MPWR,MPWR,45,Information Technology,2026-03-31,Wikipedia,1345606266,momentum,2.0.0,0.3720331082429158,57.0,True,,0.3720331082429158,,45,0.0,57.0,446.0,False,False,False,False,,,0.0,True,,0.0,,not_selected_by_strategy_rule
R2,2026-03-23,2026-03-31,2026-03-31,2026-03-31,2026-04-01,2026-05-01,MRK,MRK,MRK,35,Health Care,2026-03-31,Wikipedia,1345606266,momentum,2.0.0,0.4991897878287812,35.0,True,,0.4991897878287812,,35,0.0,35.0,468.0,False,False,False,False,,,0.0,True,,0.0,,not_selected_by_strategy_rule
R2,2026-03-23,2026-03-31,2026-03-31,2026-03-31,2026-04-01,2026-05-01,MRNA,MRNA,MRNA,35,Health Care,2026-03-31,Wikipedia,1345606266,momentum,2.0.0,1.223744265483926,13.0,True,,1.223744265483926,,35,0.0,13.0,490.0,False,False,False,False,,,0.0,True,,0.0,,not_selected_by_strategy_rule
R2,2026-03-23,2026-03-31,2026-03-31,2026-03-31,2026-04-01,2026-05-01,MRSH,MRSH,MRSH,40,Financials,2026-03-31,Wikipedia,1345606266,momentum,2.0.0,-0.08395614509368998,393.0,True,,-0.08395614509368998,,40,0.0,393.0,110.0,False,False,False,False,,,0.0,True,,0.0,,not_selected_by_strategy_rule
R2,2026-03-23,2026-03-31,2026-03-31,2026-03-31,2026-04-01,2026-05-01,MS,MS,MS,40,Financials,2026-03-31,Wikipedia,1345606266,momentum,2.0.0,0.11939926891867358,209.0,True,,0.11939926891867358,,40,0.0,209.0,294.0,False,False,False,False,,,0.0,True,,0.0,,not_selected_by_strategy_rule
R2,2026-03-23,2026-03-31,2026-03-31,2026-03-31,2026-04-01,2026-05-01,MSCI,MSCI,MSCI,40,Financials,2026-03-31,Wikipedia,1345606266,momentum,2.0.0,0.014393955173513051,304.0,True,,0.014393955173513051,,40,0.0,304.0,199.0,False,False,False,False,,,0.0,True,,0.0,,not_selected_by_strategy_rule
R2,2026-03-23,2026-03-31,2026-03-31,2026-03-31,2026-04-01,2026-05-01,MSFT,MSFT,MSFT,45,Information Technology,2026-03-31,Wikipedia,1345606266,momentum,2.0.0,-0.2216678112285928,458.0,True,,-0.2216678112285928,,45,0.0,458.0,45.0,False,False,False,False,,,0.0,True,,0.0,,not_selected_by_strategy_rule
R2,2026-03-23,2026-03-31,2026-03-31,2026-03-31,2026-04-01,2026-05-01,MSI,MSI,MSI,45,Information Technology,2026-03-31,Wikipedia,1345606266,momentum,2.0.0,0.026463009039283447,294.0,True,,0.026463009039283447,,45,0.0,294.0,209.0,False,False,False,False,,,0.0,True,,0.0,,not_selected_by_strategy_rule
R2,2026-03-23,2026-03-31,2026-03-31,2026-03-31,2026-04-01,2026-05-01,MTB,MTB,MTB,40,Financials,2026-03-31,Wikipedia,1345606266,momentum,2.0.0,0.09264886576726639,234.0,True,,0.09264886576726639,,40,0.0,234.0,269.0,False,False,False,False,,,0.0,True,,0.0,,not_selected_by_strategy_rule
R2,2026-03-23,2026-03-31,2026-03-31,2026-03-31,2026-04-01,2026-05-01,MTD,MTD,MTD,35,Health Care,2026-03-31,Wikipedia,1345606266,momentum,2.0.0,0.050459555719019944,278.0,True,,0.050459555719019944,,35,0.0,278.0,225.0,False,False,False,False,,,0.0,True,,0.0,,not_selected_by_strategy_rule
R2,2026-03-23,2026-03-31,2026-03-31,2026-03-31,2026-04-01,2026-05-01,MU,MU,MU,45,Information Technology,2026-03-31,Wikipedia,1345606266,momentum,2.0.0,2.4685736029077403,5.0,True,,2.4685736029077403,,45,0.10499999999999998,5.0,498.0,True,False,True,False,,Long,0.10499999999999998,True,Long,0.10499999999999998,,selected_long
R2,2026-03-23,2026-03-31,2026-03-31,2026-03-31,2026-04-01,2026-05-01,NCLH,NCLH,NCLH,25,Consumer Discretionary,2026-03-31,Wikipedia,1345606266,momentum,2.0.0,-0.0020128517211517316,319.0,True,,-0.0020128517211517316,,25,0.0,319.0,184.0,False,False,False,False,,,0.0,True,,0.0,,not_selected_by_strategy_rule
R2,2026-03-23,2026-03-31,2026-03-31,2026-03-31,2026-04-01,2026-05-01,NDAQ,NDAQ,NDAQ,40,Financials,2026-03-31,Wikipedia,1345606266,momentum,2.0.0,-0.07018407739154553,376.0,True,,-0.07018407739154553,,40,0.0,376.0,127.0,False,False,False,False,,,0.0,True,,0.0,,not_selected_by_strategy_rule
R2,2026-03-23,2026-03-31,2026-03-31,2026-03-31,2026-04-01,2026-05-01,NDSN,NDSN,NDSN,20,Industrials,2026-03-31,Wikipedia,1345606266,momentum,2.0.0,0.31300718303647757,82.0,True,,0.31300718303647757,,20,0.0,82.0,421.0,False,False,False,False,,,0.0,True,,0.0,,not_selected_by_strategy_rule
R2,2026-03-23,2026-03-31,2026-03-31,2026-03-31,2026-04-01,2026-05-01,NEE,NEE,NEE,55,Utilities,2026-03-31,Wikipedia,1345606266,momentum,2.0.0,0.3192043021739741,80.0,True,,0.3192043021739741,,55,0.0,80.0,423.0,False,False,False,False,,,0.0,True,,0.0,,not_selected_by_strategy_rule
R2,2026-03-23,2026-03-31,2026-03-31,2026-03-31,2026-04-01,2026-05-01,NEM,NEM,NEM,15,Materials,2026-03-31,Wikipedia,1345606266,momentum,2.0.0,0.7582181462518167,21.0,True,,0.7582181462518167,,15,0.0,21.0,482.0,False,False,False,False,,,0.0,True,,0.0,,not_selected_by_strategy_rule
R2,2026-03-23,2026-03-31,2026-03-31,2026-03-31,2026-04-01,2026-05-01,NFLX,NFLX,NFLX,50,Communication Services,2026-03-31,Wikipedia,1345606266,momentum,2.0.0,-0.20347609936215572,452.0,True,,-0.20347609936215572,,50,0.0,452.0,51.0,False,False,False,False,,,0.0,True,,0.0,,not_selected_by_strategy_rule
R2,2026-03-23,2026-03-31,2026-03-31,2026-03-31,2026-04-01,2026-05-01,NI,NI,NI,55,Utilities,2026-03-31,Wikipedia,1345606266,momentum,2.0.0,0.134211636076617,198.0,True,,0.134211636076617,,55,0.0,198.0,305.0,False,False,False,False,,,0.0,True,,0.0,,not_selected_by_strategy_rule
R2,2026-03-23,2026-03-31,2026-03-31,2026-03-31,2026-04-01,2026-05-01,NKE,NKE,NKE,25,Consumer Discretionary,2026-03-31,Wikipedia,1345606266,momentum,2.0.0,-0.18699519217970495,445.0,True,,-0.18699519217970495,,25,0.0,445.0,58.0,False,False,False,False,,,0.0,True,,0.0,,not_selected_by_strategy_rule
R2,2026-03-23,2026-03-31,2026-03-31,2026-03-31,2026-04-01,2026-05-01,NOC,NOC,NOC,20,Industrials,2026-03-31,Wikipedia,1345606266,momentum,2.0.0,0.24146362752017247,108.0,True,,0.24146362752017247,,20,0.0,108.0,395.0,False,False,False,False,,,0.0,True,,0.0,,not_selected_by_strategy_rule
R2,2026-03-23,2026-03-31,2026-03-31,2026-03-31,2026-04-01,2026-05-01,NOW,NOW,NOW,45,Information Technology,2026-03-31,Wikipedia,1345606266,momentum,2.0.0,-0.4113639856263427,495.0,True,,-0.4113639856263427,,45,-0.04500000000000001,495.0,8.0,False,True,False,True,,Short,-0.04500000000000001,True,Short,-0.04500000000000001,,selected_short
R2,2026-03-23,2026-03-31,2026-03-31,2026-03-31,2026-04-01,2026-05-01,NRG,NRG,NRG,55,Utilities,2026-03-31,Wikipedia,1345606266,momentum,2.0.0,0.23646253195778777,113.0,True,,0.23646253195778777,,55,0.0,113.0,390.0,False,False,False,False,,,0.0,True,,0.0,,not_selected_by_strategy_rule
R2,2026-03-23,2026-03-31,2026-03-31,2026-03-31,2026-04-01,2026-05-01,NSC,NSC,NSC,20,Industrials,2026-03-31,Wikipedia,1345606266,momentum,2.0.0,0.13454770400995897,195.0,True,,0.13454770400995897,,20,0.0,195.0,308.0,False,False,False,False,,,0.0,True,,0.0,,not_selected_by_strategy_rule
R2,2026-03-23,2026-03-31,2026-03-31,2026-03-31,2026-04-01,2026-05-01,NTAP,NTAP,NTAP,45,Information Technology,2026-03-31,Wikipedia,1345606266,momentum,2.0.0,-0.11387479192956884,412.0,True,,-0.11387479192956884,,45,0.0,412.0,91.0,False,False,False,False,,,0.0,True,,0.0,,not_selected_by_strategy_rule
R2,2026-03-23,2026-03-31,2026-03-31,2026-03-31,2026-04-01,2026-05-01,NTRS,NTRS,NTRS,40,Financials,2026-03-31,Wikipedia,1345606266,momentum,2.0.0,0.10336226580335639,225.0,True,,0.10336226580335639,,40,0.0,225.0,278.0,False,False,False,False,,,0.0,True,,0.0,,not_selected_by_strategy_rule
R2,2026-03-23,2026-03-31,2026-03-31,2026-03-31,2026-04-01,2026-05-01,NUE,NUE,NUE,15,Materials,2026-03-31,Wikipedia,1345606266,momentum,2.0.0,0.1981667406403993,135.0,True,,0.1981667406403993,,15,0.0,135.0,368.0,False,False,False,False,,,0.0,True,,0.0,,not_selected_by_strategy_rule
R2,2026-03-23,2026-03-31,2026-03-31,2026-03-31,2026-04-01,2026-05-01,NVDA,NVDA,NVDA,45,Information Technology,2026-03-31,Wikipedia,1345606266,momentum,2.0.0,0.01739506908454147,299.0,True,,0.01739506908454147,,45,0.0,299.0,204.0,False,False,False,False,,,0.0,True,,0.0,,not_selected_by_strategy_rule
R2,2026-03-23,2026-03-31,2026-03-31,2026-03-31,2026-04-01,2026-05-01,NVR,NVR,NVR,25,Consumer Discretionary,2026-03-31,Wikipedia,1345606266,momentum,2.0.0,-0.07389575437443496,380.0,True,,-0.07389575437443496,,25,0.0,380.0,123.0,False,False,False,False,,,0.0,True,,0.0,,not_selected_by_strategy_rule
R2,2026-03-23,2026-03-31,2026-03-31,2026-03-31,2026-04-01,2026-05-01,NWS,NWS,NWS,50,Communication Services,2026-03-31,Wikipedia,1345606266,momentum,2.0.0,-0.2068856529183729,453.0,True,,-0.2068856529183729,,50,0.0,453.0,50.0,False,False,False,False,,,0.0,True,,0.0,,not_selected_by_strategy_rule
R2,2026-03-23,2026-03-31,2026-03-31,2026-03-31,2026-04-01,2026-05-01,NWSA,NWSA,NWSA,50,Communication Services,2026-03-31,Wikipedia,1345606266,momentum,2.0.0,-0.17127353977594006,440.0,True,,-0.17127353977594006,,50,0.0,440.0,63.0,False,False,False,False,,,0.0,True,,0.0,,not_selected_by_strategy_rule
R2,2026-03-23,2026-03-31,2026-03-31,2026-03-31,2026-04-01,2026-05-01,NXPI,NXPI,NXPI,45,Information Technology,2026-03-31,Wikipedia,1345606266,momentum,2.0.0,-0.02459029297293136,341.0,True,,-0.02459029297293136,,45,0.0,341.0,162.0,False,False,False,False,,,0.0,True,,0.0,,not_selected_by_strategy_rule
R2,2026-03-23,2026-03-31,2026-03-31,2026-03-31,2026-04-01,2026-05-01,O,O,O,60,Real Estate,2026-03-31,Wikipedia,1345606266,momentum,2.0.0,0.1769670788482247,154.0,True,,0.1769670788482247,,60,0.0,154.0,349.0,False,False,False,False,,,0.0,True,,0.0,,not_selected_by_strategy_rule
R2,2026-03-23,2026-03-31,2026-03-31,2026-03-31,2026-04-01,2026-05-01,ODFL,ODFL,ODFL,20,Industrials,2026-03-31,Wikipedia,1345606266,momentum,2.0.0,0.3501586531103895,66.0,True,,0.3501586531103895,,20,0.0,66.0,437.0,False,False,False,False,,,0.0,True,,0.0,,not_selected_by_strategy_rule
R2,2026-03-23,2026-03-31,2026-03-31,2026-03-31,2026-04-01,2026-05-01,OKE,OKE,OKE,10,Energy,2026-03-31,Wikipedia,1345606266,momentum,2.0.0,0.11565444685989501,213.0,True,,0.11565444685989501,,10,0.0,213.0,290.0,False,False,False,False,,,0.0,True,,0.0,,not_selected_by_strategy_rule
R2,2026-03-23,2026-03-31,2026-03-31,2026-03-31,2026-04-01,2026-05-01,OMC,OMC,OMC,50,Communication Services,2026-03-31,Wikipedia,1345606266,momentum,2.0.0,0.10954310051968719,219.0,True,,0.10954310051968719,,50,0.0,219.0,284.0,False,False,False,False,,,0.0,True,,0.0,,not_selected_by_strategy_rule
R2,2026-03-23,2026-03-31,2026-03-31,2026-03-31,2026-04-01,2026-05-01,ON,ON,ON,45,Information Technology,2026-03-31,Wikipedia,1345606266,momentum,2.0.0,0.3405929250327757,71.0,True,,0.3405929250327757,,45,0.0,71.0,432.0,False,False,False,False,,,0.0,True,,0.0,,not_selected_by_strategy_rule
R2,2026-03-23,2026-03-31,2026-03-31,2026-03-31,2026-04-01,2026-05-01,ORCL,ORCL,ORCL,45,Information Technology,2026-03-31,Wikipedia,1345606266,momentum,2.0.0,-0.3541886279956187,488.0,True,,-0.3541886279956187,,45,0.0,488.0,15.0,False,False,False,False,,,0.0,True,,0.0,,not_selected_by_strategy_rule
R2,2026-03-23,2026-03-31,2026-03-31,2026-03-31,2026-04-01,2026-05-01,ORLY,ORLY,ORLY,25,Consumer Discretionary,2026-03-31,Wikipedia,1345606266,momentum,2.0.0,-0.09452163409444558,402.0,True,,-0.09452163409444558,,25,0.0,402.0,101.0,False,False,False,False,,,0.0,True,,0.0,,not_selected_by_strategy_rule
R2,2026-03-23,2026-03-31,2026-03-31,2026-03-31,2026-04-01,2026-05-01,OTIS,OTIS,OTIS,20,Industrials,2026-03-31,Wikipedia,1345606266,momentum,2.0.0,0.08148617995918128,242.0,True,,0.08148617995918128,,20,0.0,242.0,261.0,False,False,False,False,,,0.0,True,,0.0,,not_selected_by_strategy_rule
R2,2026-03-23,2026-03-31,2026-03-31,2026-03-31,2026-04-01,2026-05-01,OXY,OXY,OXY,10,Energy,2026-03-31,Wikipedia,1345606266,momentum,2.0.0,0.12736312734694266,202.0,True,,0.12736312734694266,,10,0.0,202.0,301.0,False,False,False,False,,,0.0,True,,0.0,,not_selected_by_strategy_rule
R2,2026-03-23,2026-03-31,2026-03-31,2026-03-31,2026-04-01,2026-05-01,PANW,PANW,PANW,45,Information Technology,2026-03-31,Wikipedia,1345606266,momentum,2.0.0,-0.2183498066902405,454.0,True,,-0.2183498066902405,,45,0.0,454.0,49.0,False,False,False,False,,,0.0,True,,0.0,,not_selected_by_strategy_rule
R2,2026-03-23,2026-03-31,2026-03-31,2026-03-31,2026-04-01,2026-05-01,PAYX,PAYX,PAYX,20,Industrials,2026-03-31,Wikipedia,1345606266,momentum,2.0.0,-0.3149405614432216,482.0,True,,-0.3149405614432216,,20,0.0,482.0,21.0,False,False,False,False,,,0.0,True,,0.0,,not_selected_by_strategy_rule
R2,2026-03-23,2026-03-31,2026-03-31,2026-03-31,2026-04-01,2026-05-01,PCAR,PCAR,PCAR,20,Industrials,2026-03-31,Wikipedia,1345606266,momentum,2.0.0,0.2848396919765257,90.0,True,,0.2848396919765257,,20,0.0,90.0,413.0,False,False,False,False,,,0.0,True,,0.0,,not_selected_by_strategy_rule
R2,2026-03-23,2026-03-31,2026-03-31,2026-03-31,2026-04-01,2026-05-01,PCG,PCG,PCG,55,Utilities,2026-03-31,Wikipedia,1345606266,momentum,2.0.0,0.24940812135399737,104.0,True,,0.24940812135399737,,55,0.0,104.0,399.0,False,False,False,False,,,0.0,True,,0.0,,not_selected_by_strategy_rule
R2,2026-03-23,2026-03-31,2026-03-31,2026-03-31,2026-04-01,2026-05-01,PEG,PEG,PEG,55,Utilities,2026-03-31,Wikipedia,1345606266,momentum,2.0.0,0.062140085658297206,272.0,True,,0.062140085658297206,,55,0.0,272.0,231.0,False,False,False,False,,,0.0,True,,0.0,,not_selected_by_strategy_rule
R2,2026-03-23,2026-03-31,2026-03-31,2026-03-31,2026-04-01,2026-05-01,PEP,PEP,PEP,30,Consumer Staples,2026-03-31,Wikipedia,1345606266,momentum,2.0.0,0.1643251007511115,167.0,True,,0.1643251007511115,,30,0.0,167.0,336.0,False,False,False,False,,,0.0,True,,0.0,,not_selected_by_strategy_rule
R2,2026-03-23,2026-03-31,2026-03-31,2026-03-31,2026-04-01,2026-05-01,PFE,PFE,PFE,35,Health Care,2026-03-31,Wikipedia,1345606266,momentum,2.0.0,0.15541996482785758,177.0,True,,0.15541996482785758,,35,0.0,177.0,326.0,False,False,False,False,,,0.0,True,,0.0,,not_selected_by_strategy_rule
R2,2026-03-23,2026-03-31,2026-03-31,2026-03-31,2026-04-01,2026-05-01,PFG,PFG,PFG,40,Financials,2026-03-31,Wikipedia,1345606266,momentum,2.0.0,0.20815649096700728,129.0,True,,0.20815649096700728,,40,0.0,129.0,374.0,False,False,False,False,,,0.0,True,,0.0,,not_selected_by_strategy_rule
R2,2026-03-23,2026-03-31,2026-03-31,2026-03-31,2026-04-01,2026-05-01,PG,PG,PG,30,Consumer Staples,2026-03-31,Wikipedia,1345606266,momentum,2.0.0,0.07975447727298413,243.0,True,,0.07975447727298413,,30,0.0,243.0,260.0,False,False,False,False,,,0.0,True,,0.0,,not_selected_by_strategy_rule
R2,2026-03-23,2026-03-31,2026-03-31,2026-03-31,2026-04-01,2026-05-01,PGR,PGR,PGR,40,Financials,2026-03-31,Wikipedia,1345606266,momentum,2.0.0,-0.0798873867459412,389.0,True,,-0.0798873867459412,,40,0.0,389.0,114.0,False,False,False,False,,,0.0,True,,0.0,,not_selected_by_strategy_rule
R2,2026-03-23,2026-03-31,2026-03-31,2026-03-31,2026-04-01,2026-05-01,PH,PH,PH,20,Industrials,2026-03-31,Wikipedia,1345606266,momentum,2.0.0,0.3375318704501542,73.0,True,,0.3375318704501542,,20,0.0,73.0,430.0,False,False,False,False,,,0.0,True,,0.0,,not_selected_by_strategy_rule
R2,2026-03-23,2026-03-31,2026-03-31,2026-03-31,2026-04-01,2026-05-01,PHM,PHM,PHM,25,Consumer Discretionary,2026-03-31,Wikipedia,1345606266,momentum,2.0.0,0.043078605439563766,283.0,True,,0.043078605439563766,,25,0.0,283.0,220.0,False,False,False,False,,,0.0,True,,0.0,,not_selected_by_strategy_rule
R2,2026-03-23,2026-03-31,2026-03-31,2026-03-31,2026-04-01,2026-05-01,PKG,PKG,PKG,15,Materials,2026-03-31,Wikipedia,1345606266,momentum,2.0.0,0.07785181025384258,247.0,True,,0.07785181025384258,,15,0.0,247.0,256.0,False,False,False,False,,,0.0,True,,0.0,,not_selected_by_strategy_rule
R2,2026-03-23,2026-03-31,2026-03-31,2026-03-31,2026-04-01,2026-05-01,PLD,PLD,PLD,60,Real Estate,2026-03-31,Wikipedia,1345606266,momentum,2.0.0,0.2740547260140729,96.0,True,,0.2740547260140729,,60,0.0,96.0,407.0,False,False,False,False,,,0.0,True,,0.0,,not_selected_by_strategy_rule
R2,2026-03-23,2026-03-31,2026-03-31,2026-03-31,2026-04-01,2026-05-01,PLTR,PLTR,PLTR,45,Information Technology,2026-03-31,Wikipedia,1345606266,momentum,2.0.0,-0.12456131348460742,421.0,True,,-0.12456131348460742,,45,0.0,421.0,82.0,False,False,False,False,,,0.0,True,,0.0,,not_selected_by_strategy_rule
R2,2026-03-23,2026-03-31,2026-03-31,2026-03-31,2026-04-01,2026-05-01,PM,PM,PM,30,Consumer Staples,2026-03-31,Wikipedia,1345606266,momentum,2.0.0,0.13866819019248222,190.0,True,,0.13866819019248222,,30,0.0,190.0,313.0,False,False,False,False,,,0.0,True,,0.0,,not_selected_by_strategy_rule
R2,2026-03-23,2026-03-31,2026-03-31,2026-03-31,2026-04-01,2026-05-01,PNC,PNC,PNC,40,Financials,2026-03-31,Wikipedia,1345606266,momentum,2.0.0,0.04099451065892845,285.0,True,,0.04099451065892845,,40,0.0,285.0,218.0,False,False,False,False,,,0.0,True,,0.0,,not_selected_by_strategy_rule
R2,2026-03-23,2026-03-31,2026-03-31,2026-03-31,2026-04-01,2026-05-01,PNR,PNR,PNR,20,Industrials,2026-03-31,Wikipedia,1345606266,momentum,2.0.0,-0.07315774281889154,378.0,True,,-0.07315774281889154,,20,0.0,378.0,125.0,False,False,False,False,,,0.0,True,,0.0,,not_selected_by_strategy_rule
R2,2026-03-23,2026-03-31,2026-03-31,2026-03-31,2026-04-01,2026-05-01,PNW,PNW,PNW,55,Utilities,2026-03-31,Wikipedia,1345606266,momentum,2.0.0,0.14522364505545626,184.0,True,,0.14522364505545626,,55,0.0,184.0,319.0,False,False,False,False,,,0.0,True,,0.0,,not_selected_by_strategy_rule
R2,2026-03-23,2026-03-31,2026-03-31,2026-03-31,2026-04-01,2026-05-01,PODD,PODD,PODD,35,Health Care,2026-03-31,Wikipedia,1345606266,momentum,2.0.0,-0.2744203922929199,477.0,True,,-0.2744203922929199,,35,0.0,477.0,26.0,False,False,False,False,,,0.0,True,,0.0,,not_selected_by_strategy_rule
R2,2026-03-23,2026-03-31,2026-03-31,2026-03-31,2026-04-01,2026-05-01,POOL,POOL,POOL,25,Consumer Discretionary,2026-03-31,Wikipedia,1345606266,momentum,2.0.0,-0.265224308306365,471.0,True,,-0.265224308306365,,25,0.0,471.0,32.0,False,False,False,False,,,0.0,True,,0.0,,not_selected_by_strategy_rule
R2,2026-03-23,2026-03-31,2026-03-31,2026-03-31,2026-04-01,2026-05-01,PPG,PPG,PPG,15,Materials,2026-03-31,Wikipedia,1345606266,momentum,2.0.0,0.12289654384088444,204.0,True,,0.12289654384088444,,15,0.0,204.0,299.0,False,False,False,False,,,0.0,True,,0.0,,not_selected_by_strategy_rule
R2,2026-03-23,2026-03-31,2026-03-31,2026-03-31,2026-04-01,2026-05-01,PPL,PPL,PPL,55,Utilities,2026-03-31,Wikipedia,1345606266,momentum,2.0.0,0.08582303043176309,238.0,True,,0.08582303043176309,,55,0.0,238.0,265.0,False,False,False,False,,,0.0,True,,0.0,,not_selected_by_strategy_rule
R2,2026-03-23,2026-03-31,2026-03-31,2026-03-31,2026-04-01,2026-05-01,PRU,PRU,PRU,40,Financials,2026-03-31,Wikipedia,1345606266,momentum,2.0.0,-0.07867808895766737,387.0,True,,-0.07867808895766737,,40,0.0,387.0,116.0,False,False,False,False,,,0.0,True,,0.0,,not_selected_by_strategy_rule
R2,2026-03-23,2026-03-31,2026-03-31,2026-03-31,2026-04-01,2026-05-01,PSA,PSA,PSA,60,Real Estate,2026-03-31,Wikipedia,1345606266,momentum,2.0.0,0.0647546371031471,265.0,True,,0.0647546371031471,,60,0.0,265.0,238.0,False,False,False,False,,,0.0,True,,0.0,,not_selected_by_strategy_rule
R2,2026-03-23,2026-03-31,2026-03-31,2026-03-31,2026-04-01,2026-05-01,PSKY,PSKY,PSKY,50,Communication Services,2026-03-31,Wikipedia,1345606266,momentum,2.0.0,-0.07496959536190462,381.0,True,,-0.07496959536190462,,50,0.0,381.0,122.0,False,False,False,False,,,0.0,True,,0.0,,not_selected_by_strategy_rule
R2,2026-03-23,2026-03-31,2026-03-31,2026-03-31,2026-04-01,2026-05-01,PSX,PSX,PSX,10,Energy,2026-03-31,Wikipedia,1345606266,momentum,2.0.0,0.17474076218100487,156.0,True,,0.17474076218100487,,10,0.0,156.0,347.0,False,False,False,False,,,0.0,True,,0.0,,not_selected_by_strategy_rule
R2,2026-03-23,2026-03-31,2026-03-31,2026-03-31,2026-04-01,2026-05-01,PTC,PTC,PTC,45,Information Technology,2026-03-31,Wikipedia,1345606266,momentum,2.0.0,-0.2665573942019175,472.0,True,,-0.2665573942019175,,45,0.0,472.0,31.0,False,False,False,False,,,0.0,True,,0.0,,not_selected_by_strategy_rule
R2,2026-03-23,2026-03-31,2026-03-31,2026-03-31,2026-04-01,2026-05-01,PWR,PWR,PWR,20,Industrials,2026-03-31,Wikipedia,1345606266,momentum,2.0.0,0.49053534151319456,36.0,True,,0.49053534151319456,,20,0.0,36.0,467.0,False,False,False,False,,,0.0,True,,0.0,,not_selected_by_strategy_rule
R2,2026-03-23,2026-03-31,2026-03-31,2026-03-31,2026-04-01,2026-05-01,PYPL,PYPL,PYPL,40,Financials,2026-03-31,Wikipedia,1345606266,momentum,2.0.0,-0.34012217866304906,487.0,True,,-0.34012217866304906,,40,0.0,487.0,16.0,False,False,False,False,,,0.0,True,,0.0,,not_selected_by_strategy_rule
R2,2026-03-23,2026-03-31,2026-03-31,2026-03-31,2026-04-01,2026-05-01,Q,Q,Q,45,Information Technology,2026-03-31,Wikipedia,1345606266,momentum,2.0.0,,,False,insufficient_signal_history,,,45,0.0,,,False,False,False,False,,,0.0,True,,0.0,,excluded_by_strategy_rule
R2,2026-03-23,2026-03-31,2026-03-31,2026-03-31,2026-04-01,2026-05-01,QCOM,QCOM,QCOM,45,Information Technology,2026-03-31,Wikipedia,1345606266,momentum,2.0.0,-0.1046992074130978,409.0,True,,-0.1046992074130978,,45,0.0,409.0,94.0,False,False,False,False,,,0.0,True,,0.0,,not_selected_by_strategy_rule
R2,2026-03-23,2026-03-31,2026-03-31,2026-03-31,2026-04-01,2026-05-01,RCL,RCL,RCL,25,Consumer Discretionary,2026-03-31,Wikipedia,1345606266,momentum,2.0.0,-0.13832416814882753,431.0,True,,-0.13832416814882753,,25,0.0,431.0,72.0,False,False,False,False,,,0.0,True,,0.0,,not_selected_by_strategy_rule
R2,2026-03-23,2026-03-31,2026-03-31,2026-03-31,2026-04-01,2026-05-01,REG,REG,REG,60,Real Estate,2026-03-31,Wikipedia,1345606266,momentum,2.0.0,0.1128156356087866,216.0,True,,0.1128156356087866,,60,0.0,216.0,287.0,False,False,False,False,,,0.0,True,,0.0,,not_selected_by_strategy_rule
R2,2026-03-23,2026-03-31,2026-03-31,2026-03-31,2026-04-01,2026-05-01,REGN,REGN,REGN,35,Health Care,2026-03-31,Wikipedia,1345606266,momentum,2.0.0,0.34939118292022386,69.0,True,,0.34939118292022386,,35,0.0,69.0,434.0,False,False,False,False,,,0.0,True,,0.0,,not_selected_by_strategy_rule
R2,2026-03-23,2026-03-31,2026-03-31,2026-03-31,2026-04-01,2026-05-01,RF,RF,RF,40,Financials,2026-03-31,Wikipedia,1345606266,momentum,2.0.0,0.036786529079050334,286.0,True,,0.036786529079050334,,40,0.0,286.0,217.0,False,False,False,False,,,0.0,True,,0.0,,not_selected_by_strategy_rule
R2,2026-03-23,2026-03-31,2026-03-31,2026-03-31,2026-04-01,2026-05-01,RJF,RJF,RJF,40,Financials,2026-03-31,Wikipedia,1345606266,momentum,2.0.0,-0.09087154826439336,399.0,True,,-0.09087154826439336,,40,0.0,399.0,104.0,False,False,False,False,,,0.0,True,,0.0,,not_selected_by_strategy_rule
R2,2026-03-23,2026-03-31,2026-03-31,2026-03-31,2026-04-01,2026-05-01,RL,RL,RL,25,Consumer Discretionary,2026-03-31,Wikipedia,1345606266,momentum,2.0.0,0.22795637509325029,118.0,True,,0.22795637509325029,,25,0.0,118.0,385.0,False,False,False,False,,,0.0,True,,0.0,,not_selected_by_strategy_rule
R2,2026-03-23,2026-03-31,2026-03-31,2026-03-31,2026-04-01,2026-05-01,RMD,RMD,RMD,35,Health Care,2026-03-31,Wikipedia,1345606266,momentum,2.0.0,-0.062094166559094166,370.0,True,,-0.062094166559094166,,35,0.0,370.0,133.0,False,False,False,False,,,0.0,True,,0.0,,not_selected_by_strategy_rule
R2,2026-03-23,2026-03-31,2026-03-31,2026-03-31,2026-04-01,2026-05-01,ROK,ROK,ROK,20,Industrials,2026-03-31,Wikipedia,1345606266,momentum,2.0.0,0.19490588218873262,139.0,True,,0.19490588218873262,,20,0.0,139.0,364.0,False,False,False,False,,,0.0,True,,0.0,,not_selected_by_strategy_rule
R2,2026-03-23,2026-03-31,2026-03-31,2026-03-31,2026-04-01,2026-05-01,ROL,ROL,ROL,20,Industrials,2026-03-31,Wikipedia,1345606266,momentum,2.0.0,0.08358682888648028,240.0,True,,0.08358682888648028,,20,0.0,240.0,263.0,False,False,False,False,,,0.0,True,,0.0,,not_selected_by_strategy_rule
R2,2026-03-23,2026-03-31,2026-03-31,2026-03-31,2026-04-01,2026-05-01,ROP,ROP,ROP,45,Information Technology,2026-03-31,Wikipedia,1345606266,momentum,2.0.0,-0.3330386990466062,486.0,True,,-0.3330386990466062,,45,0.0,486.0,17.0,False,False,False,False,,,0.0,True,,0.0,,not_selected_by_strategy_rule
R2,2026-03-23,2026-03-31,2026-03-31,2026-03-31,2026-04-01,2026-05-01,ROST,ROST,ROST,25,Consumer Discretionary,2026-03-31,Wikipedia,1345606266,momentum,2.0.0,0.4043259956209806,55.0,True,,0.4043259956209806,,25,0.0,55.0,448.0,False,False,False,False,,,0.0,True,,0.0,,not_selected_by_strategy_rule
R2,2026-03-23,2026-03-31,2026-03-31,2026-03-31,2026-04-01,2026-05-01,RSG,RSG,RSG,20,Industrials,2026-03-31,Wikipedia,1345606266,momentum,2.0.0,-0.01564019954669127,334.0,True,,-0.01564019954669127,,20,0.0,334.0,169.0,False,False,False,False,,,0.0,True,,0.0,,not_selected_by_strategy_rule
R2,2026-03-23,2026-03-31,2026-03-31,2026-03-31,2026-04-01,2026-05-01,RTX,RTX,RTX,20,Industrials,2026-03-31,Wikipedia,1345606266,momentum,2.0.0,0.28686290457225594,88.0,True,,0.28686290457225594,,20,0.0,88.0,415.0,False,False,False,False,,,0.0,True,,0.0,,not_selected_by_strategy_rule
R2,2026-03-23,2026-03-31,2026-03-31,2026-03-31,2026-04-01,2026-05-01,RVTY,RVTY,RVTY,35,Health Care,2026-03-31,Wikipedia,1345606266,momentum,2.0.0,0.09247609020327241,235.0,True,,0.09247609020327241,,35,0.0,235.0,268.0,False,False,False,False,,,0.0,True,,0.0,,not_selected_by_strategy_rule
R2,2026-03-23,2026-03-31,2026-03-31,2026-03-31,2026-04-01,2026-05-01,SATS,SATS,ECHO,50,Communication Services,2026-03-31,Wikipedia,1345606266,momentum,2.0.0,0.8697199719617594,19.0,True,,0.8697199719617594,,50,0.0,19.0,484.0,False,False,False,False,,,0.0,True,,0.0,,not_selected_by_strategy_rule
R2,2026-03-23,2026-03-31,2026-03-31,2026-03-31,2026-04-01,2026-05-01,SBAC,SBAC,SBAC,60,Real Estate,2026-03-31,Wikipedia,1345606266,momentum,2.0.0,-0.012577287945085835,331.0,True,,-0.012577287945085835,,60,0.0,331.0,172.0,False,False,False,False,,,0.0,True,,0.0,,not_selected_by_strategy_rule
R2,2026-03-23,2026-03-31,2026-03-31,2026-03-31,2026-04-01,2026-05-01,SBUX,SBUX,SBUX,25,Consumer Discretionary,2026-03-31,Wikipedia,1345606266,momentum,2.0.0,0.12671297774938783,203.0,True,,0.12671297774938783,,25,0.0,203.0,300.0,False,False,False,False,,,0.0,True,,0.0,,not_selected_by_strategy_rule
R2,2026-03-23,2026-03-31,2026-03-31,2026-03-31,2026-04-01,2026-05-01,SCHW,SCHW,SCHW,40,Financials,2026-03-31,Wikipedia,1345606266,momentum,2.0.0,-0.0004933321551625625,317.0,True,,-0.0004933321551625625,,40,0.0,317.0,186.0,False,False,False,False,,,0.0,True,,0.0,,not_selected_by_strategy_rule
R2,2026-03-23,2026-03-31,2026-03-31,2026-03-31,2026-04-01,2026-05-01,SHW,SHW,SHW,15,Materials,2026-03-31,Wikipedia,1345606266,momentum,2.0.0,-0.006540364133547971,326.0,True,,-0.006540364133547971,,15,0.0,326.0,177.0,False,False,False,False,,,0.0,True,,0.0,,not_selected_by_strategy_rule
R2,2026-03-23,2026-03-31,2026-03-31,2026-03-31,2026-04-01,2026-05-01,SJM,SJM,SJM,30,Consumer Staples,2026-03-31,Wikipedia,1345606266,momentum,2.0.0,0.0704019682620054,259.0,True,,0.0704019682620054,,30,0.0,259.0,244.0,False,False,False,False,,,0.0,True,,0.0,,not_selected_by_strategy_rule
R2,2026-03-23,2026-03-31,2026-03-31,2026-03-31,2026-04-01,2026-05-01,SLB,SLB,SLB,10,Energy,2026-03-31,Wikipedia,1345606266,momentum,2.0.0,0.4241929230304011,52.0,True,,0.4241929230304011,,10,0.0,52.0,451.0,False,False,False,False,,,0.0,True,,0.0,,not_selected_by_strategy_rule
R2,2026-03-23,2026-03-31,2026-03-31,2026-03-31,2026-04-01,2026-05-01,SMCI,SMCI,SMCI,45,Information Technology,2026-03-31,Wikipedia,1345606266,momentum,2.0.0,-0.22026965152181077,457.0,True,,-0.22026965152181077,,45,-0.04500000000000001,457.0,46.0,False,False,False,False,,,0.0,True,,0.0,,not_selected_by_strategy_rule
R2,2026-03-23,2026-03-31,2026-03-31,2026-03-31,2026-04-01,2026-05-01,SNA,SNA,SNA,20,Industrials,2026-03-31,Wikipedia,1345606266,momentum,2.0.0,0.20081078723846146,132.0,True,,0.20081078723846146,,20,0.0,132.0,371.0,False,False,False,False,,,0.0,True,,0.0,,not_selected_by_strategy_rule
R2,2026-03-23,2026-03-31,2026-03-31,2026-03-31,2026-04-01,2026-05-01,SNDK,SNDK,SNDK,45,Information Technology,2026-03-31,Wikipedia,1345606266,momentum,2.0.0,11.109014114161447,1.0,True,,11.109014114161447,,45,0.10499999999999998,1.0,502.0,True,False,True,False,,Long,0.10499999999999998,True,Long,0.10499999999999998,,selected_long
R2,2026-03-23,2026-03-31,2026-03-31,2026-03-31,2026-04-01,2026-05-01,SNPS,SNPS,SNPS,45,Information Technology,2026-03-31,Wikipedia,1345606266,momentum,2.0.0,-0.3140244124435987,481.0,True,,-0.3140244124435987,,45,0.0,481.0,22.0,False,False,False,False,,,0.0,True,,0.0,,not_selected_by_strategy_rule
R2,2026-03-23,2026-03-31,2026-03-31,2026-03-31,2026-04-01,2026-05-01,SO,SO,SO,55,Utilities,2026-03-31,Wikipedia,1345606266,momentum,2.0.0,0.07207270209723227,257.0,True,,0.07207270209723227,,55,0.0,257.0,246.0,False,False,False,False,,,0.0,True,,0.0,,not_selected_by_strategy_rule
R2,2026-03-23,2026-03-31,2026-03-31,2026-03-31,2026-04-01,2026-05-01,SOLV,SOLV,SOLV,35,Health Care,2026-03-31,Wikipedia,1345606266,momentum,2.0.0,0.015186765165783989,301.0,True,,0.015186765165783989,,35,0.0,301.0,202.0,False,False,False,False,,,0.0,True,,0.0,,not_selected_by_strategy_rule
R2,2026-03-23,2026-03-31,2026-03-31,2026-03-31,2026-04-01,2026-05-01,SPG,SPG,SPG,60,Real Estate,2026-03-31,Wikipedia,1345606266,momentum,2.0.0,0.15585570826008466,176.0,True,,0.15585570826008466,,60,0.0,176.0,327.0,False,False,False,False,,,0.0,True,,0.0,,not_selected_by_strategy_rule
R2,2026-03-23,2026-03-31,2026-03-31,2026-03-31,2026-04-01,2026-05-01,SPGI,SPGI,SPGI,40,Financials,2026-03-31,Wikipedia,1345606266,momentum,2.0.0,-0.19083590420055674,447.0,True,,-0.19083590420055674,,40,0.0,447.0,56.0,False,False,False,False,,,0.0,True,,0.0,,not_selected_by_strategy_rule
R2,2026-03-23,2026-03-31,2026-03-31,2026-03-31,2026-04-01,2026-05-01,SRE,SRE,SRE,55,Utilities,2026-03-31,Wikipedia,1345606266,momentum,2.0.0,0.18304706630614342,151.0,True,,0.18304706630614342,,55,0.0,151.0,352.0,False,False,False,False,,,0.0,True,,0.0,,not_selected_by_strategy_rule
R2,2026-03-23,2026-03-31,2026-03-31,2026-03-31,2026-04-01,2026-05-01,STE,STE,STE,35,Health Care,2026-03-31,Wikipedia,1345606266,momentum,2.0.0,0.03505610902891787,288.0,True,,0.03505610902891787,,35,0.0,288.0,215.0,False,False,False,False,,,0.0,True,,0.0,,not_selected_by_strategy_rule
R2,2026-03-23,2026-03-31,2026-03-31,2026-03-31,2026-04-01,2026-05-01,STLD,STLD,STLD,15,Materials,2026-03-31,Wikipedia,1345606266,momentum,2.0.0,0.48484689795827385,37.0,True,,0.48484689795827385,,15,0.0,37.0,466.0,False,False,False,False,,,0.0,True,,0.0,,not_selected_by_strategy_rule
R2,2026-03-23,2026-03-31,2026-03-31,2026-03-31,2026-04-01,2026-05-01,STT,STT,STT,40,Financials,2026-03-31,Wikipedia,1345606266,momentum,2.0.0,0.13427157779149135,197.0,True,,0.13427157779149135,,40,0.0,197.0,306.0,False,False,False,False,,,0.0,True,,0.0,,not_selected_by_strategy_rule
R2,2026-03-23,2026-03-31,2026-03-31,2026-03-31,2026-04-01,2026-05-01,STX,STX,STX,45,Information Technology,2026-03-31,Wikipedia,1345606266,momentum,2.0.0,1.4504117082388062,8.0,True,,1.4504117082388062,,45,0.10499999999999998,8.0,495.0,True,False,True,False,,Long,0.10499999999999998,True,Long,0.10499999999999998,,selected_long
R2,2026-03-23,2026-03-31,2026-03-31,2026-03-31,2026-04-01,2026-05-01,STZ,STZ,STZ,30,Consumer Staples,2026-03-31,Wikipedia,1345606266,momentum,2.0.0,-0.011149426245994576,330.0,True,,-0.011149426245994576,,30,0.0,330.0,173.0,False,False,False,False,,,0.0,True,,0.0,,not_selected_by_strategy_rule
R2,2026-03-23,2026-03-31,2026-03-31,2026-03-31,2026-04-01,2026-05-01,SW,SW,SW,15,Materials,2026-03-31,Wikipedia,1345606266,momentum,2.0.0,0.0013883632764477571,314.0,True,,0.0013883632764477571,,15,0.0,314.0,189.0,False,False,False,False,,,0.0,True,,0.0,,not_selected_by_strategy_rule
R2,2026-03-23,2026-03-31,2026-03-31,2026-03-31,2026-04-01,2026-05-01,SWK,SWK,SWK,20,Industrials,2026-03-31,Wikipedia,1345606266,momentum,2.0.0,0.1911993119926867,143.0,True,,0.1911993119926867,,20,0.0,143.0,360.0,False,False,False,False,,,0.0,True,,0.0,,not_selected_by_strategy_rule
R2,2026-03-23,2026-03-31,2026-03-31,2026-03-31,2026-04-01,2026-05-01,SWKS,SWKS,SWKS,45,Information Technology,2026-03-31,Wikipedia,1345606266,momentum,2.0.0,-0.18626048417832153,444.0,True,,-0.18626048417832153,,45,0.0,444.0,59.0,False,False,False,False,,,0.0,True,,0.0,,not_selected_by_strategy_rule
R2,2026-03-23,2026-03-31,2026-03-31,2026-03-31,2026-04-01,2026-05-01,SYF,SYF,SYF,40,Financials,2026-03-31,Wikipedia,1345606266,momentum,2.0.0,-0.08728676754782227,397.0,True,,-0.08728676754782227,,40,0.0,397.0,106.0,False,False,False,False,,,0.0,True,,0.0,,not_selected_by_strategy_rule
R2,2026-03-23,2026-03-31,2026-03-31,2026-03-31,2026-04-01,2026-05-01,SYK,SYK,SYK,35,Health Care,2026-03-31,Wikipedia,1345606266,momentum,2.0.0,-0.005366852400926048,323.0,True,,-0.005366852400926048,,35,0.0,323.0,180.0,False,False,False,False,,,0.0,True,,0.0,,not_selected_by_strategy_rule
R2,2026-03-23,2026-03-31,2026-03-31,2026-03-31,2026-04-01,2026-05-01,SYY,SYY,SYY,30,Consumer Staples,2026-03-31,Wikipedia,1345606266,momentum,2.0.0,0.1486563169279711,181.0,True,,0.1486563169279711,,30,0.0,181.0,322.0,False,False,False,False,,,0.0,True,,0.0,,not_selected_by_strategy_rule
R2,2026-03-23,2026-03-31,2026-03-31,2026-03-31,2026-04-01,2026-05-01,T,T,T,50,Communication Services,2026-03-31,Wikipedia,1345606266,momentum,2.0.0,-0.022073084296530432,338.0,True,,-0.022073084296530432,,50,0.0,338.0,165.0,False,False,False,False,,,0.0,True,,0.0,,not_selected_by_strategy_rule
R2,2026-03-23,2026-03-31,2026-03-31,2026-03-31,2026-04-01,2026-05-01,TAP,TAP,TAP,30,Consumer Staples,2026-03-31,Wikipedia,1345606266,momentum,2.0.0,-0.01027694537630719,329.0,True,,-0.01027694537630719,,30,0.0,329.0,174.0,False,False,False,False,,,0.0,True,,0.0,,not_selected_by_strategy_rule
R2,2026-03-23,2026-03-31,2026-03-31,2026-03-31,2026-04-01,2026-05-01,TDG,TDG,TDG,20,Industrials,2026-03-31,Wikipedia,1345606266,momentum,2.0.0,-0.004652806825372613,322.0,True,,-0.004652806825372613,,20,0.0,322.0,181.0,False,False,False,False,,,0.0,True,,0.0,,not_selected_by_strategy_rule
R2,2026-03-23,2026-03-31,2026-03-31,2026-03-31,2026-04-01,2026-05-01,TDY,TDY,TDY,45,Information Technology,2026-03-31,Wikipedia,1345606266,momentum,2.0.0,0.265585218824147,100.0,True,,0.265585218824147,,45,0.0,100.0,403.0,False,False,False,False,,,0.0,True,,0.0,,not_selected_by_strategy_rule
R2,2026-03-23,2026-03-31,2026-03-31,2026-03-31,2026-04-01,2026-05-01,TECH,TECH,TECH,35,Health Care,2026-03-31,Wikipedia,1345606266,momentum,2.0.0,0.08290474211178323,241.0,True,,0.08290474211178323,,35,0.0,241.0,262.0,False,False,False,False,,,0.0,True,,0.0,,not_selected_by_strategy_rule
R2,2026-03-23,2026-03-31,2026-03-31,2026-03-31,2026-04-01,2026-05-01,TEL,TEL,TEL,45,Information Technology,2026-03-31,Wikipedia,1345606266,momentum,2.0.0,0.11794319734644287,211.0,True,,0.11794319734644287,,45,0.0,211.0,292.0,False,False,False,False,,,0.0,True,,0.0,,not_selected_by_strategy_rule
R2,2026-03-23,2026-03-31,2026-03-31,2026-03-31,2026-04-01,2026-05-01,TER,TER,TER,45,Information Technology,2026-03-31,Wikipedia,1345606266,momentum,2.0.0,1.7125180513504499,7.0,True,,1.7125180513504499,,45,0.10499999999999998,7.0,496.0,True,False,True,False,,Long,0.10499999999999998,True,Long,0.10499999999999998,,selected_long
R2,2026-03-23,2026-03-31,2026-03-31,2026-03-31,2026-04-01,2026-05-01,TFC,TFC,TFC,40,Financials,2026-03-31,Wikipedia,1345606266,momentum,2.0.0,0.07615133030916521,250.0,True,,0.07615133030916521,,40,0.0,250.0,253.0,False,False,False,False,,,0.0,True,,0.0,,not_selected_by_strategy_rule
R2,2026-03-23,2026-03-31,2026-03-31,2026-03-31,2026-04-01,2026-05-01,TGT,TGT,TGT,30,Consumer Staples,2026-03-31,Wikipedia,1345606266,momentum,2.0.0,0.21271306465732032,126.0,True,,0.21271306465732032,,30,0.0,126.0,377.0,False,False,False,False,,,0.0,True,,0.0,,not_selected_by_strategy_rule
R2,2026-03-23,2026-03-31,2026-03-31,2026-03-31,2026-04-01,2026-05-01,TJX,TJX,TJX,25,Consumer Discretionary,2026-03-31,Wikipedia,1345606266,momentum,2.0.0,0.19014055685032893,145.0,True,,0.19014055685032893,,25,0.0,145.0,358.0,False,False,False,False,,,0.0,True,,0.0,,not_selected_by_strategy_rule
R2,2026-03-23,2026-03-31,2026-03-31,2026-03-31,2026-04-01,2026-05-01,TKO,TKO,TKO,50,Communication Services,2026-03-31,Wikipedia,1345606266,momentum,2.0.0,0.1899014916407884,146.0,True,,0.1899014916407884,,50,0.0,146.0,357.0,False,False,False,False,,,0.0,True,,0.0,,not_selected_by_strategy_rule
R2,2026-03-23,2026-03-31,2026-03-31,2026-03-31,2026-04-01,2026-05-01,TMO,TMO,TMO,35,Health Care,2026-03-31,Wikipedia,1345606266,momentum,2.0.0,0.059364342774115064,274.0,True,,0.059364342774115064,,35,0.0,274.0,229.0,False,False,False,False,,,0.0,True,,0.0,,not_selected_by_strategy_rule
R2,2026-03-23,2026-03-31,2026-03-31,2026-03-31,2026-04-01,2026-05-01,TMUS,TMUS,TMUS,50,Communication Services,2026-03-31,Wikipedia,1345606266,momentum,2.0.0,-0.13006654952736307,423.0,True,,-0.13006654952736307,,50,0.0,423.0,80.0,False,False,False,False,,,0.0,True,,0.0,,not_selected_by_strategy_rule
R2,2026-03-23,2026-03-31,2026-03-31,2026-03-31,2026-04-01,2026-05-01,TPL,TPL,TPL,10,Energy,2026-03-31,Wikipedia,1345606266,momentum,2.0.0,0.6909767397723106,24.0,True,,0.6909767397723106,,10,0.0,24.0,479.0,False,False,False,False,,,0.0,True,,0.0,,not_selected_by_strategy_rule
R2,2026-03-23,2026-03-31,2026-03-31,2026-03-31,2026-04-01,2026-05-01,TPR,TPR,TPR,25,Consumer Discretionary,2026-03-31,Wikipedia,1345606266,momentum,2.0.0,0.5380508295158615,32.0,True,,0.5380508295158615,,25,0.0,32.0,471.0,False,False,False,False,,,0.0,True,,0.0,,not_selected_by_strategy_rule
R2,2026-03-23,2026-03-31,2026-03-31,2026-03-31,2026-04-01,2026-05-01,TRGP,TRGP,TRGP,10,Energy,2026-03-31,Wikipedia,1345606266,momentum,2.0.0,0.4219738335908696,53.0,True,,0.4219738335908696,,10,0.0,53.0,450.0,False,False,False,False,,,0.0,True,,0.0,,not_selected_by_strategy_rule
R2,2026-03-23,2026-03-31,2026-03-31,2026-03-31,2026-04-01,2026-05-01,TRMB,TRMB,TRMB,45,Information Technology,2026-03-31,Wikipedia,1345606266,momentum,2.0.0,-0.17260575353770458,441.0,True,,-0.17260575353770458,,45,0.0,441.0,62.0,False,False,False,False,,,0.0,True,,0.0,,not_selected_by_strategy_rule
R2,2026-03-23,2026-03-31,2026-03-31,2026-03-31,2026-04-01,2026-05-01,TROW,TROW,TROW,40,Financials,2026-03-31,Wikipedia,1345606266,momentum,2.0.0,-0.09909494367850302,404.0,True,,-0.09909494367850302,,40,0.0,404.0,99.0,False,False,False,False,,,0.0,True,,0.0,,not_selected_by_strategy_rule
R2,2026-03-23,2026-03-31,2026-03-31,2026-03-31,2026-04-01,2026-05-01,TRV,TRV,TRV,40,Financials,2026-03-31,Wikipedia,1345606266,momentum,2.0.0,0.14585844980002682,183.0,True,,0.14585844980002682,,40,0.0,183.0,320.0,False,False,False,False,,,0.0,True,,0.0,,not_selected_by_strategy_rule
R2,2026-03-23,2026-03-31,2026-03-31,2026-03-31,2026-04-01,2026-05-01,TSCO,TSCO,TSCO,25,Consumer Discretionary,2026-03-31,Wikipedia,1345606266,momentum,2.0.0,-0.1531863806299988,437.0,True,,-0.1531863806299988,,25,0.0,437.0,66.0,False,False,False,False,,,0.0,True,,0.0,,not_selected_by_strategy_rule
R2,2026-03-23,2026-03-31,2026-03-31,2026-03-31,2026-04-01,2026-05-01,TSLA,TSLA,TSLA,25,Consumer Discretionary,2026-03-31,Wikipedia,1345606266,momentum,2.0.0,0.20558904858864313,131.0,True,,0.20558904858864313,,25,0.0,131.0,372.0,False,False,False,False,,,0.0,True,,0.0,,not_selected_by_strategy_rule
R2,2026-03-23,2026-03-31,2026-03-31,2026-03-31,2026-04-01,2026-05-01,TSN,TSN,TSN,30,Consumer Staples,2026-03-31,Wikipedia,1345606266,momentum,2.0.0,0.16407122370803928,169.0,True,,0.16407122370803928,,30,0.0,169.0,334.0,False,False,False,False,,,0.0,True,,0.0,,not_selected_by_strategy_rule
R2,2026-03-23,2026-03-31,2026-03-31,2026-03-31,2026-04-01,2026-05-01,TT,TT,TT,20,Industrials,2026-03-31,Wikipedia,1345606266,momentum,2.0.0,0.11495263084791607,214.0,True,,0.11495263084791607,,20,0.0,214.0,289.0,False,False,False,False,,,0.0,True,,0.0,,not_selected_by_strategy_rule
R2,2026-03-23,2026-03-31,2026-03-31,2026-03-31,2026-04-01,2026-05-01,TTD,TTD,TTD,50,Communication Services,2026-03-31,Wikipedia,1345606266,momentum,2.0.0,-0.5642151525554389,502.0,True,,-0.5642151525554389,,50,-0.04500000000000001,502.0,1.0,False,True,False,True,,Short,-0.04500000000000001,True,Short,-0.04500000000000001,,selected_short
R2,2026-03-23,2026-03-31,2026-03-31,2026-03-31,2026-04-01,2026-05-01,TTWO,TTWO,TTWO,50,Communication Services,2026-03-31,Wikipedia,1345606266,momentum,2.0.0,-0.0934111036388161,401.0,True,,-0.0934111036388161,,50,0.0,401.0,102.0,False,False,False,False,,,0.0,True,,0.0,,not_selected_by_strategy_rule
R2,2026-03-23,2026-03-31,2026-03-31,2026-03-31,2026-04-01,2026-05-01,TXN,TXN,TXN,45,Information Technology,2026-03-31,Wikipedia,1345606266,momentum,2.0.0,0.06380923893661095,267.0,True,,0.06380923893661095,,45,0.0,267.0,236.0,False,False,False,False,,,0.0,True,,0.0,,not_selected_by_strategy_rule
R2,2026-03-23,2026-03-31,2026-03-31,2026-03-31,2026-04-01,2026-05-01,TXT,TXT,TXT,20,Industrials,2026-03-31,Wikipedia,1345606266,momentum,2.0.0,0.23124635645048586,116.0,True,,0.23124635645048586,,20,0.0,116.0,387.0,False,False,False,False,,,0.0,True,,0.0,,not_selected_by_strategy_rule
R2,2026-03-23,2026-03-31,2026-03-31,2026-03-31,2026-04-01,2026-05-01,TYL,TYL,TYL,45,Information Technology,2026-03-31,Wikipedia,1345606266,momentum,2.0.0,-0.3698656918622467,492.0,True,,-0.3698656918622467,,45,-0.04500000000000001,492.0,11.0,False,True,False,True,,Short,-0.04500000000000001,True,Short,-0.04500000000000001,,selected_short
R2,2026-03-23,2026-03-31,2026-03-31,2026-03-31,2026-04-01,2026-05-01,UAL,UAL,UAL,20,Industrials,2026-03-31,Wikipedia,1345606266,momentum,2.0.0,0.012380981445312411,306.0,True,,0.012380981445312411,,20,0.0,306.0,197.0,False,False,False,False,,,0.0,True,,0.0,,not_selected_by_strategy_rule
R2,2026-03-23,2026-03-31,2026-03-31,2026-03-31,2026-04-01,2026-05-01,UBER,UBER,UBER,20,Industrials,2026-03-31,Wikipedia,1345606266,momentum,2.0.0,-0.19552001953124998,448.0,True,,-0.19552001953124998,,20,0.0,448.0,55.0,False,False,False,False,,,0.0,True,,0.0,,not_selected_by_strategy_rule
R2,2026-03-23,2026-03-31,2026-03-31,2026-03-31,2026-04-01,2026-05-01,UDR,UDR,UDR,60,Real Estate,2026-03-31,Wikipedia,1345606266,momentum,2.0.0,-0.029603216018049272,346.0,True,,-0.029603216018049272,,60,0.0,346.0,157.0,False,False,False,False,,,0.0,True,,0.0,,not_selected_by_strategy_rule
R2,2026-03-23,2026-03-31,2026-03-31,2026-03-31,2026-04-01,2026-05-01,UHS,UHS,UHS,35,Health Care,2026-03-31,Wikipedia,1345606266,momentum,2.0.0,0.137222014511581,192.0,True,,0.137222014511581,,35,0.0,192.0,311.0,False,False,False,False,,,0.0,True,,0.0,,not_selected_by_strategy_rule
R2,2026-03-23,2026-03-31,2026-03-31,2026-03-31,2026-04-01,2026-05-01,ULTA,ULTA,ULTA,25,Consumer Discretionary,2026-03-31,Wikipedia,1345606266,momentum,2.0.0,0.3897874348196435,56.0,True,,0.3897874348196435,,25,0.0,56.0,447.0,False,False,False,False,,,0.0,True,,0.0,,not_selected_by_strategy_rule
R2,2026-03-23,2026-03-31,2026-03-31,2026-03-31,2026-04-01,2026-05-01,UNH,UNH,UNH,35,Health Care,2026-03-31,Wikipedia,1345606266,momentum,2.0.0,-0.04119670475199766,354.0,True,,-0.04119670475199766,,35,0.0,354.0,149.0,False,False,False,False,,,0.0,True,,0.0,,not_selected_by_strategy_rule
R2,2026-03-23,2026-03-31,2026-03-31,2026-03-31,2026-04-01,2026-05-01,UNP,UNP,UNP,20,Industrials,2026-03-31,Wikipedia,1345606266,momentum,2.0.0,0.19838485874413214,134.0,True,,0.19838485874413214,,20,0.0,134.0,369.0,False,False,False,False,,,0.0,True,,0.0,,not_selected_by_strategy_rule
R2,2026-03-23,2026-03-31,2026-03-31,2026-03-31,2026-04-01,2026-05-01,UPS,UPS,UPS,20,Industrials,2026-03-31,Wikipedia,1345606266,momentum,2.0.0,0.36803604437947945,60.0,True,,0.36803604437947945,,20,0.0,60.0,443.0,False,False,False,False,,,0.0,True,,0.0,,not_selected_by_strategy_rule
R2,2026-03-23,2026-03-31,2026-03-31,2026-03-31,2026-04-01,2026-05-01,URI,URI,URI,20,Industrials,2026-03-31,Wikipedia,1345606266,momentum,2.0.0,-0.11782599612128797,417.0,True,,-0.11782599612128797,,20,0.0,417.0,86.0,False,False,False,False,,,0.0,True,,0.0,,not_selected_by_strategy_rule
R2,2026-03-23,2026-03-31,2026-03-31,2026-03-31,2026-04-01,2026-05-01,USB,USB,USB,40,Financials,2026-03-31,Wikipedia,1345606266,momentum,2.0.0,0.14234035447637372,187.0,True,,0.14234035447637372,,40,0.0,187.0,316.0,False,False,False,False,,,0.0,True,,0.0,,not_selected_by_strategy_rule
R2,2026-03-23,2026-03-31,2026-03-31,2026-03-31,2026-04-01,2026-05-01,V,V,V,40,Financials,2026-03-31,Wikipedia,1345606266,momentum,2.0.0,-0.08625957202332701,396.0,True,,-0.08625957202332701,,40,0.0,396.0,107.0,False,False,False,False,,,0.0,True,,0.0,,not_selected_by_strategy_rule
R2,2026-03-23,2026-03-31,2026-03-31,2026-03-31,2026-04-01,2026-05-01,VICI,VICI,VICI,60,Real Estate,2026-03-31,Wikipedia,1345606266,momentum,2.0.0,-0.07851877112529704,386.0,True,,-0.07851877112529704,,60,0.0,386.0,117.0,False,False,False,False,,,0.0,True,,0.0,,not_selected_by_strategy_rule
R2,2026-03-23,2026-03-31,2026-03-31,2026-03-31,2026-04-01,2026-05-01,VLO,VLO,VLO,10,Energy,2026-03-31,Wikipedia,1345606266,momentum,2.0.0,0.36300173393013746,63.0,True,,0.36300173393013746,,10,0.0,63.0,440.0,False,False,False,False,,,0.0,True,,0.0,,not_selected_by_strategy_rule
R2,2026-03-23,2026-03-31,2026-03-31,2026-03-31,2026-04-01,2026-05-01,VLTO,VLTO,VLTO,20,Industrials,2026-03-31,Wikipedia,1345606266,momentum,2.0.0,-0.08035263946908344,390.0,True,,-0.08035263946908344,,20,0.0,390.0,113.0,False,False,False,False,,,0.0,True,,0.0,,not_selected_by_strategy_rule
R2,2026-03-23,2026-03-31,2026-03-31,2026-03-31,2026-04-01,2026-05-01,VMC,VMC,VMC,15,Materials,2026-03-31,Wikipedia,1345606266,momentum,2.0.0,0.06652572320290484,264.0,True,,0.06652572320290484,,15,0.0,264.0,239.0,False,False,False,False,,,0.0,True,,0.0,,not_selected_by_strategy_rule
R2,2026-03-23,2026-03-31,2026-03-31,2026-03-31,2026-04-01,2026-05-01,VRSK,VRSK,VRSK,20,Industrials,2026-03-31,Wikipedia,1345606266,momentum,2.0.0,-0.22289024189552065,459.0,True,,-0.22289024189552065,,20,0.0,459.0,44.0,False,False,False,False,,,0.0,True,,0.0,,not_selected_by_strategy_rule
R2,2026-03-23,2026-03-31,2026-03-31,2026-03-31,2026-04-01,2026-05-01,VRSN,VRSN,VRSN,45,Information Technology,2026-03-31,Wikipedia,1345606266,momentum,2.0.0,-0.16049955100539193,439.0,True,,-0.16049955100539193,,45,0.0,439.0,64.0,False,False,False,False,,,0.0,True,,0.0,,not_selected_by_strategy_rule
R2,2026-03-23,2026-03-31,2026-03-31,2026-03-31,2026-04-01,2026-05-01,VRT,VRT,VRT,20,Industrials,2026-03-31,Wikipedia,1345606266,momentum,2.0.0,0.999662668562399,16.0,True,,0.999662668562399,,20,0.0,16.0,487.0,False,False,False,False,,,0.0,True,,0.0,,not_selected_by_strategy_rule
R2,2026-03-23,2026-03-31,2026-03-31,2026-03-31,2026-04-01,2026-05-01,VRTX,VRTX,VRTX,35,Health Care,2026-03-31,Wikipedia,1345606266,momentum,2.0.0,0.2705999706702824,98.0,True,,0.2705999706702824,,35,0.0,98.0,405.0,False,False,False,False,,,0.0,True,,0.0,,not_selected_by_strategy_rule
R2,2026-03-23,2026-03-31,2026-03-31,2026-03-31,2026-04-01,2026-05-01,VST,VST,VST,55,Utilities,2026-03-31,Wikipedia,1345606266,momentum,2.0.0,-0.07820885467600391,385.0,True,,-0.07820885467600391,,55,0.0,385.0,118.0,False,False,False,False,,,0.0,True,,0.0,,not_selected_by_strategy_rule
R2,2026-03-23,2026-03-31,2026-03-31,2026-03-31,2026-04-01,2026-05-01,VTR,VTR,VTR,60,Real Estate,2026-03-31,Wikipedia,1345606266,momentum,2.0.0,0.28221509872455175,92.0,True,,0.28221509872455175,,60,0.0,92.0,411.0,False,False,False,False,,,0.0,True,,0.0,,not_selected_by_strategy_rule
R2,2026-03-23,2026-03-31,2026-03-31,2026-03-31,2026-04-01,2026-05-01,VTRS,VTRS,VTRS,35,Health Care,2026-03-31,Wikipedia,1345606266,momentum,2.0.0,0.43158952027356734,49.0,True,,0.43158952027356734,,35,0.0,49.0,454.0,False,False,False,False,,,0.0,True,,0.0,,not_selected_by_strategy_rule
R2,2026-03-23,2026-03-31,2026-03-31,2026-03-31,2026-04-01,2026-05-01,VZ,VZ,VZ,50,Communication Services,2026-03-31,Wikipedia,1345606266,momentum,2.0.0,0.17311258235432603,158.0,True,,0.17311258235432603,,50,0.0,158.0,345.0,False,False,False,False,,,0.0,True,,0.0,,not_selected_by_strategy_rule
R2,2026-03-23,2026-03-31,2026-03-31,2026-03-31,2026-04-01,2026-05-01,WAB,WAB,WAB,20,Industrials,2026-03-31,Wikipedia,1345606266,momentum,2.0.0,0.36738017457759864,61.0,True,,0.36738017457759864,,20,0.0,61.0,442.0,False,False,False,False,,,0.0,True,,0.0,,not_selected_by_strategy_rule
R2,2026-03-23,2026-03-31,2026-03-31,2026-03-31,2026-04-01,2026-05-01,WAT,WAT,WAT,35,Health Care,2026-03-31,Wikipedia,1345606266,momentum,2.0.0,0.05825055600036477,276.0,True,,0.05825055600036477,,35,0.0,276.0,227.0,False,False,False,False,,,0.0,True,,0.0,,not_selected_by_strategy_rule
R2,2026-03-23,2026-03-31,2026-03-31,2026-03-31,2026-04-01,2026-05-01,WBD,WBD,WBD,50,Communication Services,2026-03-31,Wikipedia,1345606266,momentum,2.0.0,1.4201030279568307,9.0,True,,1.4201030279568307,,50,0.10499999999999998,9.0,494.0,True,False,True,False,,Long,0.10499999999999998,True,Long,0.10499999999999998,,selected_long
R2,2026-03-23,2026-03-31,2026-03-31,2026-03-31,2026-04-01,2026-05-01,WDAY,WDAY,WDAY,45,Information Technology,2026-03-31,Wikipedia,1345606266,momentum,2.0.0,-0.42050086533897624,498.0,True,,-0.42050086533897624,,45,0.0,498.0,5.0,False,False,False,True,,Short,-0.04500000000000001,True,Short,-0.04500000000000001,,selected_short
R2,2026-03-23,2026-03-31,2026-03-31,2026-03-31,2026-04-01,2026-05-01,WDC,WDC,WDC,45,Information Technology,2026-03-31,Wikipedia,1345606266,momentum,2.0.0,2.488309085093538,4.0,True,,2.488309085093538,,45,0.10499999999999998,4.0,499.0,True,False,True,False,,Long,0.10499999999999998,True,Long,0.10499999999999998,,selected_long
R2,2026-03-23,2026-03-31,2026-03-31,2026-03-31,2026-04-01,2026-05-01,WEC,WEC,WEC,55,Utilities,2026-03-31,Wikipedia,1345606266,momentum,2.0.0,0.11628877774198876,212.0,True,,0.11628877774198876,,55,0.0,212.0,291.0,False,False,False,False,,,0.0,True,,0.0,,not_selected_by_strategy_rule
R2,2026-03-23,2026-03-31,2026-03-31,2026-03-31,2026-04-01,2026-05-01,WELL,WELL,WELL,60,Real Estate,2026-03-31,Wikipedia,1345606266,momentum,2.0.0,0.2399959184383258,110.0,True,,0.2399959184383258,,60,0.0,110.0,393.0,False,False,False,False,,,0.0,True,,0.0,,not_selected_by_strategy_rule
R2,2026-03-23,2026-03-31,2026-03-31,2026-03-31,2026-04-01,2026-05-01,WFC,WFC,WFC,40,Financials,2026-03-31,Wikipedia,1345606266,momentum,2.0.0,0.0012246694530821944,315.0,True,,0.0012246694530821944,,40,0.0,315.0,188.0,False,False,False,False,,,0.0,True,,0.0,,not_selected_by_strategy_rule
R2,2026-03-23,2026-03-31,2026-03-31,2026-03-31,2026-04-01,2026-05-01,WM,WM,WM,20,Industrials,2026-03-31,Wikipedia,1345606266,momentum,2.0.0,0.07195206680569632,258.0,True,,0.07195206680569632,,20,0.0,258.0,245.0,False,False,False,False,,,0.0,True,,0.0,,not_selected_by_strategy_rule
R2,2026-03-23,2026-03-31,2026-03-31,2026-03-31,2026-04-01,2026-05-01,WMB,WMB,WMB,10,Energy,2026-03-31,Wikipedia,1345606266,momentum,2.0.0,0.31269261506083,83.0,True,,0.31269261506083,,10,0.0,83.0,420.0,False,False,False,False,,,0.0,True,,0.0,,not_selected_by_strategy_rule
R2,2026-03-23,2026-03-31,2026-03-31,2026-03-31,2026-04-01,2026-05-01,WMT,WMT,WMT,30,Consumer Staples,2026-03-31,Wikipedia,1345606266,momentum,2.0.0,0.3220334760967922,79.0,True,,0.3220334760967922,,30,0.0,79.0,424.0,False,False,False,False,,,0.0,True,,0.0,,not_selected_by_strategy_rule
R2,2026-03-23,2026-03-31,2026-03-31,2026-03-31,2026-04-01,2026-05-01,WRB,WRB,WRB,40,Financials,2026-03-31,Wikipedia,1345606266,momentum,2.0.0,0.01865212982177633,298.0,True,,0.01865212982177633,,40,0.0,298.0,205.0,False,False,False,False,,,0.0,True,,0.0,,not_selected_by_strategy_rule
R2,2026-03-23,2026-03-31,2026-03-31,2026-03-31,2026-04-01,2026-05-01,WSM,WSM,WSM,25,Consumer Discretionary,2026-03-31,Wikipedia,1345606266,momentum,2.0.0,0.10009625921100018,228.0,True,,0.10009625921100018,,25,0.0,228.0,275.0,False,False,False,False,,,0.0,True,,0.0,,not_selected_by_strategy_rule
R2,2026-03-23,2026-03-31,2026-03-31,2026-03-31,2026-04-01,2026-05-01,WST,WST,WST,35,Health Care,2026-03-31,Wikipedia,1345606266,momentum,2.0.0,0.03168612097980983,291.0,True,,0.03168612097980983,,35,0.0,291.0,212.0,False,False,False,False,,,0.0,True,,0.0,,not_selected_by_strategy_rule
R2,2026-03-23,2026-03-31,2026-03-31,2026-03-31,2026-04-01,2026-05-01,WTW,WTW,WTW,40,Financials,2026-03-31,Wikipedia,1345606266,momentum,2.0.0,-0.061051828785444906,368.0,True,,-0.061051828785444906,,40,0.0,368.0,135.0,False,False,False,False,,,0.0,True,,0.0,,not_selected_by_strategy_rule
R2,2026-03-23,2026-03-31,2026-03-31,2026-03-31,2026-04-01,2026-05-01,WY,WY,WY,60,Real Estate,2026-03-31,Wikipedia,1345606266,momentum,2.0.0,-0.04276690275476169,356.0,True,,-0.04276690275476169,,60,0.0,356.0,147.0,False,False,False,False,,,0.0,True,,0.0,,not_selected_by_strategy_rule
R2,2026-03-23,2026-03-31,2026-03-31,2026-03-31,2026-04-01,2026-05-01,WYNN,WYNN,WYNN,25,Consumer Discretionary,2026-03-31,Wikipedia,1345606266,momentum,2.0.0,-0.1427932014185087,434.0,True,,-0.1427932014185087,,25,0.0,434.0,69.0,False,False,False,False,,,0.0,True,,0.0,,not_selected_by_strategy_rule
R2,2026-03-23,2026-03-31,2026-03-31,2026-03-31,2026-04-01,2026-05-01,XEL,XEL,XEL,55,Utilities,2026-03-31,Wikipedia,1345606266,momentum,2.0.0,0.16951653458572657,162.0,True,,0.16951653458572657,,55,0.0,162.0,341.0,False,False,False,False,,,0.0,True,,0.0,,not_selected_by_strategy_rule
R2,2026-03-23,2026-03-31,2026-03-31,2026-03-31,2026-04-01,2026-05-01,XOM,XOM,XOM,10,Energy,2026-03-31,Wikipedia,1345606266,momentum,2.0.0,0.3549672962785031,65.0,True,,0.3549672962785031,,10,0.0,65.0,438.0,False,False,False,False,,,0.0,True,,0.0,,not_selected_by_strategy_rule
R2,2026-03-23,2026-03-31,2026-03-31,2026-03-31,2026-04-01,2026-05-01,XYL,XYL,XYL,20,Industrials,2026-03-31,Wikipedia,1345606266,momentum,2.0.0,-0.07906940039300359,388.0,True,,-0.07906940039300359,,20,0.0,388.0,115.0,False,False,False,False,,,0.0,True,,0.0,,not_selected_by_strategy_rule
R2,2026-03-23,2026-03-31,2026-03-31,2026-03-31,2026-04-01,2026-05-01,XYZ,XYZ,XYZ,40,Financials,2026-03-31,Wikipedia,1345606266,momentum,2.0.0,-0.2001506623414271,450.0,True,,-0.2001506623414271,,40,0.0,450.0,53.0,False,False,False,False,,,0.0,True,,0.0,,not_selected_by_strategy_rule
R2,2026-03-23,2026-03-31,2026-03-31,2026-03-31,2026-04-01,2026-05-01,YUM,YUM,YUM,25,Consumer Discretionary,2026-03-31,Wikipedia,1345606266,momentum,2.0.0,0.1605019834728323,172.0,True,,0.1605019834728323,,25,0.0,172.0,331.0,False,False,False,False,,,0.0,True,,0.0,,not_selected_by_strategy_rule
R2,2026-03-23,2026-03-31,2026-03-31,2026-03-31,2026-04-01,2026-05-01,ZBH,ZBH,ZBH,35,Health Care,2026-03-31,Wikipedia,1345606266,momentum,2.0.0,-0.06745252366287047,375.0,True,,-0.06745252366287047,,35,0.0,375.0,128.0,False,False,False,False,,,0.0,True,,0.0,,not_selected_by_strategy_rule
R2,2026-03-23,2026-03-31,2026-03-31,2026-03-31,2026-04-01,2026-05-01,ZBRA,ZBRA,ZBRA,45,Information Technology,2026-03-31,Wikipedia,1345606266,momentum,2.0.0,-0.2937020741732397,480.0,True,,-0.2937020741732397,,45,0.0,480.0,23.0,False,False,False,False,,,0.0,True,,0.0,,not_selected_by_strategy_rule
R2,2026-03-23,2026-03-31,2026-03-31,2026-03-31,2026-04-01,2026-05-01,ZTS,ZTS,ZTS,35,Health Care,2026-03-31,Wikipedia,1345606266,momentum,2.0.0,-0.15525417277247378,438.0,True,,-0.15525417277247378,,35,0.0,438.0,65.0,False,False,False,False,,,0.0,True,,0.0,,not_selected_by_strategy_rule
R3,2026-04-09,2026-04-30,2026-04-30,2026-04-30,2026-05-01,2026-05-06,A,A,A,35,Health Care,2026-04-30,Wikipedia,1349933445,momentum,2.0.0,-0.10834231664169158,357.0,True,,-0.10834231664169158,,35,0.0,357.0,146.0,False,False,False,False,,,0.0,True,,0.0,,not_selected_by_strategy_rule
R3,2026-04-09,2026-04-30,2026-04-30,2026-04-30,2026-05-01,2026-05-06,AAPL,AAPL,AAPL,45,Information Technology,2026-04-30,Wikipedia,1349933445,momentum,2.0.0,-0.0013993128961673484,251.0,True,,-0.0013993128961673484,,45,0.0,251.0,252.0,False,False,False,False,,,0.0,True,,0.0,,not_selected_by_strategy_rule
R3,2026-04-09,2026-04-30,2026-04-30,2026-04-30,2026-05-01,2026-05-06,ABBV,ABBV,ABBV,35,Health Care,2026-04-30,Wikipedia,1349933445,momentum,2.0.0,-0.046296884530454885,292.0,True,,-0.046296884530454885,,35,0.0,292.0,211.0,False,False,False,False,,,0.0,True,,0.0,,not_selected_by_strategy_rule
R3,2026-04-09,2026-04-30,2026-04-30,2026-04-30,2026-05-01,2026-05-06,ABNB,ABNB,ABNB,25,Consumer Discretionary,2026-04-30,Wikipedia,1349933445,momentum,2.0.0,0.04002636043190577,211.0,True,,0.04002636043190577,,25,0.0,211.0,292.0,False,False,False,False,,,0.0,True,,0.0,,not_selected_by_strategy_rule
R3,2026-04-09,2026-04-30,2026-04-30,2026-04-30,2026-05-01,2026-05-06,ABT,ABT,ABT,35,Health Care,2026-04-30,Wikipedia,1349933445,momentum,2.0.0,-0.22615403587072846,441.0,True,,-0.22615403587072846,,35,0.0,441.0,62.0,False,False,False,False,,,0.0,True,,0.0,,not_selected_by_strategy_rule
R3,2026-04-09,2026-04-30,2026-04-30,2026-04-30,2026-05-01,2026-05-06,ACGL,ACGL,ACGL,40,Financials,2026-04-30,Wikipedia,1349933445,momentum,2.0.0,0.05797414650303723,193.0,True,,0.05797414650303723,,40,0.0,193.0,310.0,False,False,False,False,,,0.0,True,,0.0,,not_selected_by_strategy_rule
R3,2026-04-09,2026-04-30,2026-04-30,2026-04-30,2026-05-01,2026-05-06,ACN,ACN,ACN,45,Information Technology,2026-04-30,Wikipedia,1349933445,momentum,2.0.0,-0.19590434430935866,419.0,True,,-0.19590434430935866,,45,0.0,419.0,84.0,False,False,False,False,,,0.0,True,,0.0,,not_selected_by_strategy_rule
R3,2026-04-09,2026-04-30,2026-04-30,2026-04-30,2026-05-01,2026-05-06,ADBE,ADBE,ADBE,45,Information Technology,2026-04-30,Wikipedia,1349933445,momentum,2.0.0,-0.3109000656809222,475.0,True,,-0.3109000656809222,,45,0.0,475.0,28.0,False,False,False,False,,,0.0,True,,0.0,,not_selected_by_strategy_rule
R3,2026-04-09,2026-04-30,2026-04-30,2026-04-30,2026-05-01,2026-05-06,ADI,ADI,ADI,45,Information Technology,2026-04-30,Wikipedia,1349933445,momentum,2.0.0,0.3034730167816826,61.0,True,,0.3034730167816826,,45,0.0,61.0,442.0,False,False,False,False,,,0.0,True,,0.0,,not_selected_by_strategy_rule
R3,2026-04-09,2026-04-30,2026-04-30,2026-04-30,2026-05-01,2026-05-06,ADM,ADM,ADM,30,Consumer Staples,2026-04-30,Wikipedia,1349933445,momentum,2.0.0,0.23627495644689755,84.0,True,,0.23627495644689755,,30,0.0,84.0,419.0,False,False,False,False,,,0.0,True,,0.0,,not_selected_by_strategy_rule
R3,2026-04-09,2026-04-30,2026-04-30,2026-04-30,2026-05-01,2026-05-06,ADP,ADP,ADP,20,Industrials,2026-04-30,Wikipedia,1349933445,momentum,2.0.0,-0.29750267436095124,470.0,True,,-0.29750267436095124,,20,0.0,470.0,33.0,False,False,False,False,,,0.0,True,,0.0,,not_selected_by_strategy_rule
R3,2026-04-09,2026-04-30,2026-04-30,2026-04-30,2026-05-01,2026-05-06,ADSK,ADSK,ADSK,45,Information Technology,2026-04-30,Wikipedia,1349933445,momentum,2.0.0,-0.24638781195208825,452.0,True,,-0.24638781195208825,,45,0.0,452.0,51.0,False,False,False,False,,,0.0,True,,0.0,,not_selected_by_strategy_rule
R3,2026-04-09,2026-04-30,2026-04-30,2026-04-30,2026-05-01,2026-05-06,AEE,AEE,AEE,55,Utilities,2026-04-30,Wikipedia,1349933445,momentum,2.0.0,0.06786241904383772,186.0,True,,0.06786241904383772,,55,0.0,186.0,317.0,False,False,False,False,,,0.0,True,,0.0,,not_selected_by_strategy_rule
R3,2026-04-09,2026-04-30,2026-04-30,2026-04-30,2026-05-01,2026-05-06,AEP,AEP,AEP,55,Utilities,2026-04-30,Wikipedia,1349933445,momentum,2.0.0,0.1836282435585761,101.0,True,,0.1836282435585761,,55,0.0,101.0,402.0,False,False,False,False,,,0.0,True,,0.0,,not_selected_by_strategy_rule
R3,2026-04-09,2026-04-30,2026-04-30,2026-04-30,2026-05-01,2026-05-06,AES,AES,AES,55,Utilities,2026-04-30,Wikipedia,1349933445,momentum,2.0.0,0.09711883608664529,162.0,True,,0.09711883608664529,,55,0.0,162.0,341.0,False,False,False,False,,,0.0,True,,0.0,,not_selected_by_strategy_rule
R3,2026-04-09,2026-04-30,2026-04-30,2026-04-30,2026-05-01,2026-05-06,AFL,AFL,AFL,40,Financials,2026-04-30,Wikipedia,1349933445,momentum,2.0.0,-0.007446102155467482,256.0,True,,-0.007446102155467482,,40,0.0,256.0,247.0,False,False,False,False,,,0.0,True,,0.0,,not_selected_by_strategy_rule
R3,2026-04-09,2026-04-30,2026-04-30,2026-04-30,2026-05-01,2026-05-06,AIG,AIG,AIG,40,Financials,2026-04-30,Wikipedia,1349933445,momentum,2.0.0,-0.03118612770522422,273.0,True,,-0.03118612770522422,,40,0.0,273.0,230.0,False,False,False,False,,,0.0,True,,0.0,,not_selected_by_strategy_rule
R3,2026-04-09,2026-04-30,2026-04-30,2026-04-30,2026-05-01,2026-05-06,AIZ,AIZ,AIZ,40,Financials,2026-04-30,Wikipedia,1349933445,momentum,2.0.0,0.013581086209590199,236.0,True,,0.013581086209590199,,40,0.0,236.0,267.0,False,False,False,False,,,0.0,True,,0.0,,not_selected_by_strategy_rule
R3,2026-04-09,2026-04-30,2026-04-30,2026-04-30,2026-05-01,2026-05-06,AJG,AJG,AJG,40,Financials,2026-04-30,Wikipedia,1349933445,momentum,2.0.0,-0.29676782396001244,469.0,True,,-0.29676782396001244,,40,0.0,469.0,34.0,False,False,False,False,,,0.0,True,,0.0,,not_selected_by_strategy_rule
R3,2026-04-09,2026-04-30,2026-04-30,2026-04-30,2026-05-01,2026-05-06,AKAM,AKAM,AKAM,45,Information Technology,2026-04-30,Wikipedia,1349933445,momentum,2.0.0,0.5159714260250363,27.0,True,,0.5159714260250363,,45,0.0,27.0,476.0,False,False,False,False,,,0.0,True,,0.0,,not_selected_by_strategy_rule
R3,2026-04-09,2026-04-30,2026-04-30,2026-04-30,2026-05-01,2026-05-06,ALB,ALB,ALB,15,Materials,2026-04-30,Wikipedia,1349933445,momentum,2.0.0,1.226417665888,5.0,True,,1.226417665888,,15,0.10499999999999998,5.0,498.0,True,False,True,False,,Long,0.10499999999999998,True,Long,0.10499999999999998,,selected_long
R3,2026-04-09,2026-04-30,2026-04-30,2026-04-30,2026-05-01,2026-05-06,ALGN,ALGN,ALGN,35,Health Care,2026-04-30,Wikipedia,1349933445,momentum,2.0.0,0.3690304344721411,50.0,True,,0.3690304344721411,,35,0.0,50.0,453.0,False,False,False,False,,,0.0,True,,0.0,,not_selected_by_strategy_rule
R3,2026-04-09,2026-04-30,2026-04-30,2026-04-30,2026-05-01,2026-05-06,ALL,ALL,ALL,40,Financials,2026-04-30,Wikipedia,1349933445,momentum,2.0.0,-0.024587900979716082,269.0,True,,-0.024587900979716082,,40,0.0,269.0,234.0,False,False,False,False,,,0.0,True,,0.0,,not_selected_by_strategy_rule
R3,2026-04-09,2026-04-30,2026-04-30,2026-04-30,2026-05-01,2026-05-06,ALLE,ALLE,ALLE,20,Industrials,2026-04-30,Wikipedia,1349933445,momentum,2.0.0,-0.17767149019183281,409.0,True,,-0.17767149019183281,,20,0.0,409.0,94.0,False,False,False,False,,,0.0,True,,0.0,,not_selected_by_strategy_rule
R3,2026-04-09,2026-04-30,2026-04-30,2026-04-30,2026-05-01,2026-05-06,AMAT,AMAT,AMAT,45,Information Technology,2026-04-30,Wikipedia,1349933445,momentum,2.0.0,0.6747440841352772,13.0,True,,0.6747440841352772,,45,0.0,13.0,490.0,False,False,False,False,,,0.0,True,,0.0,,not_selected_by_strategy_rule
R3,2026-04-09,2026-04-30,2026-04-30,2026-04-30,2026-05-01,2026-05-06,AMCR,AMCR,AMCR,15,Materials,2026-04-30,Wikipedia,1349933445,momentum,2.0.0,-0.0002861326012876253,250.0,True,,-0.0002861326012876253,,15,0.0,250.0,253.0,False,False,False,False,,,0.0,True,,0.0,,not_selected_by_strategy_rule
R3,2026-04-09,2026-04-30,2026-04-30,2026-04-30,2026-05-01,2026-05-06,AMD,AMD,AMD,45,Information Technology,2026-04-30,Wikipedia,1349933445,momentum,2.0.0,0.2573706725854561,74.0,True,,0.2573706725854561,,45,0.0,74.0,429.0,False,False,False,False,,,0.0,True,,0.0,,not_selected_by_strategy_rule
R3,2026-04-09,2026-04-30,2026-04-30,2026-04-30,2026-05-01,2026-05-06,AME,AME,AME,20,Industrials,2026-04-30,Wikipedia,1349933445,momentum,2.0.0,0.14380283824808138,134.0,True,,0.14380283824808138,,20,0.0,134.0,369.0,False,False,False,False,,,0.0,True,,0.0,,not_selected_by_strategy_rule
R3,2026-04-09,2026-04-30,2026-04-30,2026-04-30,2026-05-01,2026-05-06,AMGN,AMGN,AMGN,35,Health Care,2026-04-30,Wikipedia,1349933445,momentum,2.0.0,0.2644043586594864,70.0,True,,0.2644043586594864,,35,0.0,70.0,433.0,False,False,False,False,,,0.0,True,,0.0,,not_selected_by_strategy_rule
R3,2026-04-09,2026-04-30,2026-04-30,2026-04-30,2026-05-01,2026-05-06,AMP,AMP,AMP,40,Financials,2026-04-30,Wikipedia,1349933445,momentum,2.0.0,-0.08953843554616225,336.0,True,,-0.08953843554616225,,40,0.0,336.0,167.0,False,False,False,False,,,0.0,True,,0.0,,not_selected_by_strategy_rule
R3,2026-04-09,2026-04-30,2026-04-30,2026-04-30,2026-05-01,2026-05-06,AMT,AMT,AMT,60,Real Estate,2026-04-30,Wikipedia,1349933445,momentum,2.0.0,-0.09390976909889737,339.0,True,,-0.09390976909889737,,60,0.0,339.0,164.0,False,False,False,False,,,0.0,True,,0.0,,not_selected_by_strategy_rule
R3,2026-04-09,2026-04-30,2026-04-30,2026-04-30,2026-05-01,2026-05-06,AMZN,AMZN,AMZN,25,Consumer Discretionary,2026-04-30,Wikipedia,1349933445,momentum,2.0.0,-0.051464237713815364,300.0,True,,-0.051464237713815364,,25,0.0,300.0,203.0,False,False,False,False,,,0.0,True,,0.0,,not_selected_by_strategy_rule
R3,2026-04-09,2026-04-30,2026-04-30,2026-04-30,2026-05-01,2026-05-06,ANET,ANET,ANET,45,Information Technology,2026-04-30,Wikipedia,1349933445,momentum,2.0.0,-0.15736742075373245,396.0,True,,-0.15736742075373245,,45,0.0,396.0,107.0,False,False,False,False,,,0.0,True,,0.0,,not_selected_by_strategy_rule
R3,2026-04-09,2026-04-30,2026-04-30,2026-04-30,2026-05-01,2026-05-06,AON,AON,AON,40,Financials,2026-04-30,Wikipedia,1349933445,momentum,2.0.0,-0.09478930635375804,341.0,True,,-0.09478930635375804,,40,0.0,341.0,162.0,False,False,False,False,,,0.0,True,,0.0,,not_selected_by_strategy_rule
R3,2026-04-09,2026-04-30,2026-04-30,2026-04-30,2026-05-01,2026-05-06,AOS,AOS,AOS,20,Industrials,2026-04-30,Wikipedia,1349933445,momentum,2.0.0,-0.09241758629379815,337.0,True,,-0.09241758629379815,,20,0.0,337.0,166.0,False,False,False,False,,,0.0,True,,0.0,,not_selected_by_strategy_rule
R3,2026-04-09,2026-04-30,2026-04-30,2026-04-30,2026-05-01,2026-05-06,APA,APA,APA,10,Energy,2026-04-30,Wikipedia,1349933445,momentum,2.0.0,0.784317657993638,11.0,True,,0.784317657993638,,10,0.0,11.0,492.0,False,False,False,False,,,0.0,True,,0.0,,not_selected_by_strategy_rule
R3,2026-04-09,2026-04-30,2026-04-30,2026-04-30,2026-05-01,2026-05-06,APD,APD,APD,15,Materials,2026-04-30,Wikipedia,1349933445,momentum,2.0.0,0.08002192885208759,172.0,True,,0.08002192885208759,,15,0.0,172.0,331.0,False,False,False,False,,,0.0,True,,0.0,,not_selected_by_strategy_rule
R3,2026-04-09,2026-04-30,2026-04-30,2026-04-30,2026-05-01,2026-05-06,APH,APH,APH,45,Information Technology,2026-04-30,Wikipedia,1349933445,momentum,2.0.0,0.025000732569441686,229.0,True,,0.025000732569441686,,45,0.0,229.0,274.0,False,False,False,False,,,0.0,True,,0.0,,not_selected_by_strategy_rule
R3,2026-04-09,2026-04-30,2026-04-30,2026-04-30,2026-05-01,2026-05-06,APO,APO,APO,40,Financials,2026-04-30,Wikipedia,1349933445,momentum,2.0.0,-0.1572467817305485,395.0,True,,-0.1572467817305485,,40,0.0,395.0,108.0,False,False,False,False,,,0.0,True,,0.0,,not_selected_by_strategy_rule
R3,2026-04-09,2026-04-30,2026-04-30,2026-04-30,2026-05-01,2026-05-06,APP,APP,APP,45,Information Technology,2026-04-30,Wikipedia,1349933445,momentum,2.0.0,-0.44609901721452405,492.0,True,,-0.44609901721452405,,45,0.0,492.0,11.0,False,False,False,False,,,0.0,True,,0.0,,not_selected_by_strategy_rule
R3,2026-04-09,2026-04-30,2026-04-30,2026-04-30,2026-05-01,2026-05-06,APTV,APTV,APTV,25,Consumer Discretionary,2026-04-30,Wikipedia,1349933445,momentum,2.0.0,-0.19461840108705153,418.0,True,,-0.19461840108705153,,25,0.0,418.0,85.0,False,False,False,False,,,0.0,True,,0.0,,not_selected_by_strategy_rule
R3,2026-04-09,2026-04-30,2026-04-30,2026-04-30,2026-05-01,2026-05-06,ARE,ARE,ARE,60,Real Estate,2026-04-30,Wikipedia,1349933445,momentum,2.0.0,-0.4258477328922571,490.0,True,,-0.4258477328922571,,60,0.0,490.0,13.0,False,False,False,False,,,0.0,True,,0.0,,not_selected_by_strategy_rule
R3,2026-04-09,2026-04-30,2026-04-30,2026-04-30,2026-05-01,2026-05-06,ARES,ARES,ARES,40,Financials,2026-04-30,Wikipedia,1349933445,momentum,2.0.0,-0.3038753197068198,473.0,True,,-0.3038753197068198,,40,0.0,473.0,30.0,False,False,False,False,,,0.0,True,,0.0,,not_selected_by_strategy_rule
R3,2026-04-09,2026-04-30,2026-04-30,2026-04-30,2026-05-01,2026-05-06,ATO,ATO,ATO,55,Utilities,2026-04-30,Wikipedia,1349933445,momentum,2.0.0,0.09407270837394566,165.0,True,,0.09407270837394566,,55,0.0,165.0,338.0,False,False,False,False,,,0.0,True,,0.0,,not_selected_by_strategy_rule
R3,2026-04-09,2026-04-30,2026-04-30,2026-04-30,2026-05-01,2026-05-06,AVB,AVB,AVB,60,Real Estate,2026-04-30,Wikipedia,1349933445,momentum,2.0.0,-0.13678564632818557,382.0,True,,-0.13678564632818557,,60,0.0,382.0,121.0,False,False,False,False,,,0.0,True,,0.0,,not_selected_by_strategy_rule
R3,2026-04-09,2026-04-30,2026-04-30,2026-04-30,2026-05-01,2026-05-06,AVGO,AVGO,AVGO,45,Information Technology,2026-04-30,Wikipedia,1349933445,momentum,2.0.0,-0.058068225713035604,306.0,True,,-0.058068225713035604,,45,0.0,306.0,197.0,False,False,False,False,,,0.0,True,,0.0,,not_selected_by_strategy_rule
R3,2026-04-09,2026-04-30,2026-04-30,2026-04-30,2026-05-01,2026-05-06,AVY,AVY,AVY,15,Materials,2026-04-30,Wikipedia,1349933445,momentum,2.0.0,0.07595766703864171,178.0,True,,0.07595766703864171,,15,0.0,178.0,325.0,False,False,False,False,,,0.0,True,,0.0,,not_selected_by_strategy_rule
R3,2026-04-09,2026-04-30,2026-04-30,2026-04-30,2026-05-01,2026-05-06,AWK,AWK,AWK,55,Utilities,2026-04-30,Wikipedia,1349933445,momentum,2.0.0,-0.009321702920861763,257.0,True,,-0.009321702920861763,,55,0.0,257.0,246.0,False,False,False,False,,,0.0,True,,0.0,,not_selected_by_strategy_rule
R3,2026-04-09,2026-04-30,2026-04-30,2026-04-30,2026-05-01,2026-05-06,AXON,AXON,AXON,20,Industrials,2026-04-30,Wikipedia,1349933445,momentum,2.0.0,-0.40821304028112704,489.0,True,,-0.40821304028112704,,20,0.0,489.0,14.0,False,False,False,False,,,0.0,True,,0.0,,not_selected_by_strategy_rule
R3,2026-04-09,2026-04-30,2026-04-30,2026-04-30,2026-05-01,2026-05-06,AXP,AXP,AXP,40,Financials,2026-04-30,Wikipedia,1349933445,momentum,2.0.0,-0.08501908575044226,334.0,True,,-0.08501908575044226,,40,0.0,334.0,169.0,False,False,False,False,,,0.0,True,,0.0,,not_selected_by_strategy_rule
R3,2026-04-09,2026-04-30,2026-04-30,2026-04-30,2026-05-01,2026-05-06,AZO,AZO,AZO,25,Consumer Discretionary,2026-04-30,Wikipedia,1349933445,momentum,2.0.0,-0.21268277654177836,434.0,True,,-0.21268277654177836,,25,0.0,434.0,69.0,False,False,False,False,,,0.0,True,,0.0,,not_selected_by_strategy_rule
R3,2026-04-09,2026-04-30,2026-04-30,2026-04-30,2026-05-01,2026-05-06,BA,BA,BA,20,Industrials,2026-04-30,Wikipedia,1349933445,momentum,2.0.0,-0.07783905346444076,330.0,True,,-0.07783905346444076,,20,0.0,330.0,173.0,False,False,False,False,,,0.0,True,,0.0,,not_selected_by_strategy_rule
R3,2026-04-09,2026-04-30,2026-04-30,2026-04-30,2026-05-01,2026-05-06,BAC,BAC,BAC,40,Financials,2026-04-30,Wikipedia,1349933445,momentum,2.0.0,-0.04476908601726248,288.0,True,,-0.04476908601726248,,40,0.0,288.0,215.0,False,False,False,False,,,0.0,True,,0.0,,not_selected_by_strategy_rule
R3,2026-04-09,2026-04-30,2026-04-30,2026-04-30,2026-05-01,2026-05-06,BALL,BALL,BALL,15,Materials,2026-04-30,Wikipedia,1349933445,momentum,2.0.0,0.18062282765470594,104.0,True,,0.18062282765470594,,15,0.0,104.0,399.0,False,False,False,False,,,0.0,True,,0.0,,not_selected_by_strategy_rule
R3,2026-04-09,2026-04-30,2026-04-30,2026-04-30,2026-05-01,2026-05-06,BAX,BAX,BAX,35,Health Care,2026-04-30,Wikipedia,1349933445,momentum,2.0.0,-0.2614339836608639,455.0,True,,-0.2614339836608639,,35,0.0,455.0,48.0,False,False,False,False,,,0.0,True,,0.0,,not_selected_by_strategy_rule
R3,2026-04-09,2026-04-30,2026-04-30,2026-04-30,2026-05-01,2026-05-06,BBY,BBY,BBY,25,Consumer Discretionary,2026-04-30,Wikipedia,1349933445,momentum,2.0.0,-0.1267098752221193,371.0,True,,-0.1267098752221193,,25,0.0,371.0,132.0,False,False,False,False,,,0.0,True,,0.0,,not_selected_by_strategy_rule
R3,2026-04-09,2026-04-30,2026-04-30,2026-04-30,2026-05-01,2026-05-06,BDX,BDX,BDX,35,Health Care,2026-04-30,Wikipedia,1349933445,momentum,2.0.0,0.08120624053276604,171.0,True,,0.08120624053276604,,35,0.0,171.0,332.0,False,False,False,False,,,0.0,True,,0.0,,not_selected_by_strategy_rule
R3,2026-04-09,2026-04-30,2026-04-30,2026-04-30,2026-05-01,2026-05-06,BEN,BEN,BEN,40,Financials,2026-04-30,Wikipedia,1349933445,momentum,2.0.0,0.050325845591003615,200.0,True,,0.050325845591003615,,40,0.0,200.0,303.0,False,False,False,False,,,0.0,True,,0.0,,not_selected_by_strategy_rule
R3,2026-04-09,2026-04-30,2026-04-30,2026-04-30,2026-05-01,2026-05-06,BF.B,BF.B,BF-B,30,Consumer Staples,2026-04-30,Wikipedia,1349933445,momentum,2.0.0,-0.006898358658094961,255.0,True,,-0.006898358658094961,,30,0.0,255.0,248.0,False,False,False,False,,,0.0,True,,0.0,,not_selected_by_strategy_rule
R3,2026-04-09,2026-04-30,2026-04-30,2026-04-30,2026-05-01,2026-05-06,BG,BG,BG,30,Consumer Staples,2026-04-30,Wikipedia,1349933445,momentum,2.0.0,0.586097566072932,22.0,True,,0.586097566072932,,30,0.0,22.0,481.0,False,False,False,False,,,0.0,True,,0.0,,not_selected_by_strategy_rule
R3,2026-04-09,2026-04-30,2026-04-30,2026-04-30,2026-05-01,2026-05-06,BIIB,BIIB,BIIB,35,Health Care,2026-04-30,Wikipedia,1349933445,momentum,2.0.0,0.3087521375975011,60.0,True,,0.3087521375975011,,35,0.0,60.0,443.0,False,False,False,False,,,0.0,True,,0.0,,not_selected_by_strategy_rule
R3,2026-04-09,2026-04-30,2026-04-30,2026-04-30,2026-05-01,2026-05-06,BK,BK,BNY,40,Financials,2026-04-30,Wikipedia,1349933445,momentum,2.0.0,0.09989198007299716,160.0,True,,0.09989198007299716,,40,0.0,160.0,343.0,False,False,False,False,,,0.0,True,,0.0,,not_selected_by_strategy_rule
R3,2026-04-09,2026-04-30,2026-04-30,2026-04-30,2026-05-01,2026-05-06,BKNG,BKNG,BKNG,25,Consumer Discretionary,2026-04-30,Wikipedia,1349933445,momentum,2.0.0,-0.21693143271409776,437.0,True,,-0.21693143271409776,,25,0.0,437.0,66.0,False,False,False,False,,,0.0,True,,0.0,,not_selected_by_strategy_rule
R3,2026-04-09,2026-04-30,2026-04-30,2026-04-30,2026-05-01,2026-05-06,BKR,BKR,BKR,10,Energy,2026-04-30,Wikipedia,1349933445,momentum,2.0.0,0.2637817210079725,71.0,True,,0.2637817210079725,,10,0.0,71.0,432.0,False,False,False,False,,,0.0,True,,0.0,,not_selected_by_strategy_rule
R3,2026-04-09,2026-04-30,2026-04-30,2026-04-30,2026-05-01,2026-05-06,BLDR,BLDR,BLDR,20,Industrials,2026-04-30,Wikipedia,1349933445,momentum,2.0.0,-0.32098967562016756,479.0,True,,-0.32098967562016756,,20,0.0,479.0,24.0,False,False,False,False,,,0.0,True,,0.0,,not_selected_by_strategy_rule
R3,2026-04-09,2026-04-30,2026-04-30,2026-04-30,2026-05-01,2026-05-06,BLK,BLK,BLK,40,Financials,2026-04-30,Wikipedia,1349933445,momentum,2.0.0,-0.1664841366223747,399.0,True,,-0.1664841366223747,,40,0.0,399.0,104.0,False,False,False,False,,,0.0,True,,0.0,,not_selected_by_strategy_rule
R3,2026-04-09,2026-04-30,2026-04-30,2026-04-30,2026-05-01,2026-05-06,BMY,BMY,BMY,35,Health Care,2026-04-30,Wikipedia,1349933445,momentum,2.0.0,0.3793832613020658,47.0,True,,0.3793832613020658,,35,0.0,47.0,456.0,False,False,False,False,,,0.0,True,,0.0,,not_selected_by_strategy_rule
R3,2026-04-09,2026-04-30,2026-04-30,2026-04-30,2026-05-01,2026-05-06,BR,BR,BR,20,Industrials,2026-04-30,Wikipedia,1349933445,momentum,2.0.0,-0.3111464162998132,476.0,True,,-0.3111464162998132,,20,0.0,476.0,27.0,False,False,False,False,,,0.0,True,,0.0,,not_selected_by_strategy_rule
R3,2026-04-09,2026-04-30,2026-04-30,2026-04-30,2026-05-01,2026-05-06,BRK.B,BRK.B,BRK-B,40,Financials,2026-04-30,Wikipedia,1349933445,momentum,2.0.0,-0.04682336492939321,294.0,True,,-0.04682336492939321,,40,0.0,294.0,209.0,False,False,False,False,,,0.0,True,,0.0,,not_selected_by_strategy_rule
R3,2026-04-09,2026-04-30,2026-04-30,2026-04-30,2026-05-01,2026-05-06,BRO,BRO,BRO,40,Financials,2026-04-30,Wikipedia,1349933445,momentum,2.0.0,-0.30166669486543196,472.0,True,,-0.30166669486543196,,40,0.0,472.0,31.0,False,False,False,False,,,0.0,True,,0.0,,not_selected_by_strategy_rule
R3,2026-04-09,2026-04-30,2026-04-30,2026-04-30,2026-05-01,2026-05-06,BSX,BSX,BSX,35,Health Care,2026-04-30,Wikipedia,1349933445,momentum,2.0.0,-0.35726721535062655,485.0,True,,-0.35726721535062655,,35,0.0,485.0,18.0,False,False,False,False,,,0.0,True,,0.0,,not_selected_by_strategy_rule
R3,2026-04-09,2026-04-30,2026-04-30,2026-04-30,2026-05-01,2026-05-06,BX,BX,BX,40,Financials,2026-04-30,Wikipedia,1349933445,momentum,2.0.0,-0.3130882194816834,477.0,True,,-0.3130882194816834,,40,0.0,477.0,26.0,False,False,False,False,,,0.0,True,,0.0,,not_selected_by_strategy_rule
R3,2026-04-09,2026-04-30,2026-04-30,2026-04-30,2026-05-01,2026-05-06,BXP,BXP,BXP,60,Real Estate,2026-04-30,Wikipedia,1349933445,momentum,2.0.0,-0.2850717048237096,462.0,True,,-0.2850717048237096,,60,0.0,462.0,41.0,False,False,False,False,,,0.0,True,,0.0,,not_selected_by_strategy_rule
R3,2026-04-09,2026-04-30,2026-04-30,2026-04-30,2026-05-01,2026-05-06,C,C,C,40,Financials,2026-04-30,Wikipedia,1349933445,momentum,2.0.0,0.1298608602663236,141.0,True,,0.1298608602663236,,40,0.0,141.0,362.0,False,False,False,False,,,0.0,True,,0.0,,not_selected_by_strategy_rule
R3,2026-04-09,2026-04-30,2026-04-30,2026-04-30,2026-05-01,2026-05-06,CAG,CAG,CAG,30,Consumer Staples,2026-04-30,Wikipedia,1349933445,momentum,2.0.0,-0.10652099184211405,355.0,True,,-0.10652099184211405,,30,0.0,355.0,148.0,False,False,False,False,,,0.0,True,,0.0,,not_selected_by_strategy_rule
R3,2026-04-09,2026-04-30,2026-04-30,2026-04-30,2026-05-01,2026-05-06,CAH,CAH,CAH,35,Health Care,2026-04-30,Wikipedia,1349933445,momentum,2.0.0,0.3540307634520854,54.0,True,,0.3540307634520854,,35,0.0,54.0,449.0,False,False,False,False,,,0.0,True,,0.0,,not_selected_by_strategy_rule
R3,2026-04-09,2026-04-30,2026-04-30,2026-04-30,2026-05-01,2026-05-06,CARR,CARR,CARR,20,Industrials,2026-04-30,Wikipedia,1349933445,momentum,2.0.0,-0.04909556196964604,296.0,True,,-0.04909556196964604,,20,0.0,296.0,207.0,False,False,False,False,,,0.0,True,,0.0,,not_selected_by_strategy_rule
R3,2026-04-09,2026-04-30,2026-04-30,2026-04-30,2026-05-01,2026-05-06,CASY,CASY,CASY,30,Consumer Staples,2026-04-30,Wikipedia,1349933445,momentum,2.0.0,0.2901382286973897,64.0,True,,0.2901382286973897,,30,0.0,64.0,439.0,False,False,False,False,,,0.0,True,,0.0,,not_selected_by_strategy_rule
R3,2026-04-09,2026-04-30,2026-04-30,2026-04-30,2026-05-01,2026-05-06,CAT,CAT,CAT,20,Industrials,2026-04-30,Wikipedia,1349933445,momentum,2.0.0,0.49252392508533793,32.0,True,,0.49252392508533793,,20,0.0,32.0,471.0,False,False,False,False,,,0.0,True,,0.0,,not_selected_by_strategy_rule
R3,2026-04-09,2026-04-30,2026-04-30,2026-04-30,2026-05-01,2026-05-06,CB,CB,CB,40,Financials,2026-04-30,Wikipedia,1349933445,momentum,2.0.0,0.15816519419101227,124.0,True,,0.15816519419101227,,40,0.0,124.0,379.0,False,False,False,False,,,0.0,True,,0.0,,not_selected_by_strategy_rule
R3,2026-04-09,2026-04-30,2026-04-30,2026-04-30,2026-05-01,2026-05-06,CBOE,CBOE,CBOE,40,Financials,2026-04-30,Wikipedia,1349933445,momentum,2.0.0,0.14888503519560992,128.0,True,,0.14888503519560992,,40,0.0,128.0,375.0,False,False,False,False,,,0.0,True,,0.0,,not_selected_by_strategy_rule
R3,2026-04-09,2026-04-30,2026-04-30,2026-04-30,2026-05-01,2026-05-06,CBRE,CBRE,CBRE,60,Real Estate,2026-04-30,Wikipedia,1349933445,momentum,2.0.0,-0.1402639704694586,384.0,True,,-0.1402639704694586,,60,0.0,384.0,119.0,False,False,False,False,,,0.0,True,,0.0,,not_selected_by_strategy_rule
R3,2026-04-09,2026-04-30,2026-04-30,2026-04-30,2026-05-01,2026-05-06,CCI,CCI,CCI,60,Real Estate,2026-04-30,Wikipedia,1349933445,momentum,2.0.0,-0.1367004557291558,381.0,True,,-0.1367004557291558,,60,0.0,381.0,122.0,False,False,False,False,,,0.0,True,,0.0,,not_selected_by_strategy_rule
R3,2026-04-09,2026-04-30,2026-04-30,2026-04-30,2026-05-01,2026-05-06,CCL,CCL,CCL,25,Consumer Discretionary,2026-04-30,Wikipedia,1349933445,momentum,2.0.0,-0.10067003417742759,344.0,True,,-0.10067003417742759,,25,0.0,344.0,159.0,False,False,False,False,,,0.0,True,,0.0,,not_selected_by_strategy_rule
R3,2026-04-09,2026-04-30,2026-04-30,2026-04-30,2026-05-01,2026-05-06,CDNS,CDNS,CDNS,45,Information Technology,2026-04-30,Wikipedia,1349933445,momentum,2.0.0,-0.20893358938697948,430.0,True,,-0.20893358938697948,,45,0.0,430.0,73.0,False,False,False,False,,,0.0,True,,0.0,,not_selected_by_strategy_rule
R3,2026-04-09,2026-04-30,2026-04-30,2026-04-30,2026-05-01,2026-05-06,CDW,CDW,CDW,45,Information Technology,2026-04-30,Wikipedia,1349933445,momentum,2.0.0,-0.23296856580380154,444.0,True,,-0.23296856580380154,,45,0.0,444.0,59.0,False,False,False,False,,,0.0,True,,0.0,,not_selected_by_strategy_rule
R3,2026-04-09,2026-04-30,2026-04-30,2026-04-30,2026-05-01,2026-05-06,CEG,CEG,CEG,55,Utilities,2026-04-30,Wikipedia,1349933445,momentum,2.0.0,-0.14928411512313267,391.0,True,,-0.14928411512313267,,55,0.0,391.0,112.0,False,False,False,False,,,0.0,True,,0.0,,not_selected_by_strategy_rule
R3,2026-04-09,2026-04-30,2026-04-30,2026-04-30,2026-05-01,2026-05-06,CF,CF,CF,15,Materials,2026-04-30,Wikipedia,1349933445,momentum,2.0.0,0.4638987433378292,34.0,True,,0.4638987433378292,,15,0.0,34.0,469.0,False,False,False,False,,,0.0,True,,0.0,,not_selected_by_strategy_rule
R3,2026-04-09,2026-04-30,2026-04-30,2026-04-30,2026-05-01,2026-05-06,CFG,CFG,CFG,40,Financials,2026-04-30,Wikipedia,1349933445,momentum,2.0.0,0.14629782324032914,132.0,True,,0.14629782324032914,,40,0.0,132.0,371.0,False,False,False,False,,,0.0,True,,0.0,,not_selected_by_strategy_rule
R3,2026-04-09,2026-04-30,2026-04-30,2026-04-30,2026-05-01,2026-05-06,CHD,CHD,CHD,30,Consumer Staples,2026-04-30,Wikipedia,1349933445,momentum,2.0.0,0.07194512667751929,184.0,True,,0.07194512667751929,,30,0.0,184.0,319.0,False,False,False,False,,,0.0,True,,0.0,,not_selected_by_strategy_rule
R3,2026-04-09,2026-04-30,2026-04-30,2026-04-30,2026-05-01,2026-05-06,CHRW,CHRW,CHRW,20,Industrials,2026-04-30,Wikipedia,1349933445,momentum,2.0.0,0.26363249077797524,72.0,True,,0.26363249077797524,,20,0.0,72.0,431.0,False,False,False,False,,,0.0,True,,0.0,,not_selected_by_strategy_rule
R3,2026-04-09,2026-04-30,2026-04-30,2026-04-30,2026-05-01,2026-05-06,CHTR,CHTR,CHTR,50,Communication Services,2026-04-30,Wikipedia,1349933445,momentum,2.0.0,-0.21529564037110516,436.0,True,,-0.21529564037110516,,50,0.0,436.0,67.0,False,False,False,False,,,0.0,True,,0.0,,not_selected_by_strategy_rule
R3,2026-04-09,2026-04-30,2026-04-30,2026-04-30,2026-05-01,2026-05-06,CI,CI,CI,35,Health Care,2026-04-30,Wikipedia,1349933445,momentum,2.0.0,-0.06426309174659983,314.0,True,,-0.06426309174659983,,35,0.0,314.0,189.0,False,False,False,False,,,0.0,True,,0.0,,not_selected_by_strategy_rule
R3,2026-04-09,2026-04-30,2026-04-30,2026-04-30,2026-05-01,2026-05-06,CIEN,CIEN,CIEN,45,Information Technology,2026-04-30,Wikipedia,1349933445,momentum,2.0.0,1.6651336298917658,3.0,True,,1.6651336298917658,,45,0.10499999999999998,3.0,500.0,True,False,True,False,,Long,0.10499999999999998,True,Long,0.10499999999999998,,selected_long
R3,2026-04-09,2026-04-30,2026-04-30,2026-04-30,2026-05-01,2026-05-06,CINF,CINF,CINF,40,Financials,2026-04-30,Wikipedia,1349933445,momentum,2.0.0,0.006364424847240535,245.0,True,,0.006364424847240535,,40,0.0,245.0,258.0,False,False,False,False,,,0.0,True,,0.0,,not_selected_by_strategy_rule
R3,2026-04-09,2026-04-30,2026-04-30,2026-04-30,2026-05-01,2026-05-06,CL,CL,CL,30,Consumer Staples,2026-04-30,Wikipedia,1349933445,momentum,2.0.0,0.07989524443340534,173.0,True,,0.07989524443340534,,30,0.0,173.0,330.0,False,False,False,False,,,0.0,True,,0.0,,not_selected_by_strategy_rule
R3,2026-04-09,2026-04-30,2026-04-30,2026-04-30,2026-05-01,2026-05-06,CLX,CLX,CLX,30,Consumer Staples,2026-04-30,Wikipedia,1349933445,momentum,2.0.0,-0.14133932204379895,385.0,True,,-0.14133932204379895,,30,0.0,385.0,118.0,False,False,False,False,,,0.0,True,,0.0,,not_selected_by_strategy_rule
R3,2026-04-09,2026-04-30,2026-04-30,2026-04-30,2026-05-01,2026-05-06,CMCSA,CMCSA,CMCSA,50,Communication Services,2026-04-30,Wikipedia,1349933445,momentum,2.0.0,-0.0031301741028193497,252.0,True,,-0.0031301741028193497,,50,0.0,252.0,251.0,False,False,False,False,,,0.0,True,,0.0,,not_selected_by_strategy_rule
R3,2026-04-09,2026-04-30,2026-04-30,2026-04-30,2026-05-01,2026-05-06,CME,CME,CME,40,Financials,2026-04-30,Wikipedia,1349933445,momentum,2.0.0,0.12441110847243486,147.0,True,,0.12441110847243486,,40,0.0,147.0,356.0,False,False,False,False,,,0.0,True,,0.0,,not_selected_by_strategy_rule
R3,2026-04-09,2026-04-30,2026-04-30,2026-04-30,2026-05-01,2026-05-06,CMG,CMG,CMG,25,Consumer Discretionary,2026-04-30,Wikipedia,1349933445,momentum,2.0.0,-0.18321001675877646,412.0,True,,-0.18321001675877646,,25,0.0,412.0,91.0,False,False,False,False,,,0.0,True,,0.0,,not_selected_by_strategy_rule
R3,2026-04-09,2026-04-30,2026-04-30,2026-04-30,2026-05-01,2026-05-06,CMI,CMI,CMI,20,Industrials,2026-04-30,Wikipedia,1349933445,momentum,2.0.0,0.28361334573244235,65.0,True,,0.28361334573244235,,20,0.0,65.0,438.0,False,False,False,False,,,0.0,True,,0.0,,not_selected_by_strategy_rule
R3,2026-04-09,2026-04-30,2026-04-30,2026-04-30,2026-05-01,2026-05-06,CMS,CMS,CMS,55,Utilities,2026-04-30,Wikipedia,1349933445,momentum,2.0.0,0.0749602209413116,179.0,True,,0.0749602209413116,,55,0.0,179.0,324.0,False,False,False,False,,,0.0,True,,0.0,,not_selected_by_strategy_rule
R3,2026-04-09,2026-04-30,2026-04-30,2026-04-30,2026-05-01,2026-05-06,CNC,CNC,CNC,35,Health Care,2026-04-30,Wikipedia,1349933445,momentum,2.0.0,-0.08239906394514529,332.0,True,,-0.08239906394514529,,35,0.0,332.0,171.0,False,False,False,False,,,0.0,True,,0.0,,not_selected_by_strategy_rule
R3,2026-04-09,2026-04-30,2026-04-30,2026-04-30,2026-05-01,2026-05-06,CNP,CNP,CNP,55,Utilities,2026-04-30,Wikipedia,1349933445,momentum,2.0.0,0.12475355723731485,146.0,True,,0.12475355723731485,,55,0.0,146.0,357.0,False,False,False,False,,,0.0,True,,0.0,,not_selected_by_strategy_rule
R3,2026-04-09,2026-04-30,2026-04-30,2026-04-30,2026-05-01,2026-05-06,COF,COF,COF,40,Financials,2026-04-30,Wikipedia,1349933445,momentum,2.0.0,-0.13526910575761053,380.0,True,,-0.13526910575761053,,40,0.0,380.0,123.0,False,False,False,False,,,0.0,True,,0.0,,not_selected_by_strategy_rule
R3,2026-04-09,2026-04-30,2026-04-30,2026-04-30,2026-05-01,2026-05-06,COHR,COHR,COHR,45,Information Technology,2026-04-30,Wikipedia,1349933445,momentum,2.0.0,1.2113813963463334,6.0,True,,1.2113813963463334,,45,0.0,6.0,497.0,False,False,True,False,,Long,0.10499999999999998,True,Long,0.10499999999999998,,selected_long
R3,2026-04-09,2026-04-30,2026-04-30,2026-04-30,2026-05-01,2026-05-06,COIN,COIN,COIN,40,Financials,2026-04-30,Wikipedia,1349933445,momentum,2.0.0,-0.4826216905304628,496.0,True,,-0.4826216905304628,,40,-0.04500000000000001,496.0,7.0,False,True,False,True,,Short,-0.04500000000000001,True,Short,-0.04500000000000001,,selected_short
R3,2026-04-09,2026-04-30,2026-04-30,2026-04-30,2026-05-01,2026-05-06,COO,COO,COO,35,Health Care,2026-04-30,Wikipedia,1349933445,momentum,2.0.0,0.04288218416130518,210.0,True,,0.04288218416130518,,35,0.0,210.0,293.0,False,False,False,False,,,0.0,True,,0.0,,not_selected_by_strategy_rule
R3,2026-04-09,2026-04-30,2026-04-30,2026-04-30,2026-05-01,2026-05-06,COP,COP,COP,10,Energy,2026-04-30,Wikipedia,1349933445,momentum,2.0.0,0.41940550505246743,39.0,True,,0.41940550505246743,,10,0.0,39.0,464.0,False,False,False,False,,,0.0,True,,0.0,,not_selected_by_strategy_rule
R3,2026-04-09,2026-04-30,2026-04-30,2026-04-30,2026-05-01,2026-05-06,COR,COR,COR,35,Health Care,2026-04-30,Wikipedia,1349933445,momentum,2.0.0,0.00852813682013931,242.0,True,,0.00852813682013931,,35,0.0,242.0,261.0,False,False,False,False,,,0.0,True,,0.0,,not_selected_by_strategy_rule
R3,2026-04-09,2026-04-30,2026-04-30,2026-04-30,2026-05-01,2026-05-06,COST,COST,COST,30,Consumer Staples,2026-04-30,Wikipedia,1349933445,momentum,2.0.0,0.07948412842377395,174.0,True,,0.07948412842377395,,30,0.0,174.0,329.0,False,False,False,False,,,0.0,True,,0.0,,not_selected_by_strategy_rule
R3,2026-04-09,2026-04-30,2026-04-30,2026-04-30,2026-05-01,2026-05-06,CPAY,CPAY,CPAY,40,Financials,2026-04-30,Wikipedia,1349933445,momentum,2.0.0,0.01017146671045599,241.0,True,,0.01017146671045599,,40,0.0,241.0,262.0,False,False,False,False,,,0.0,True,,0.0,,not_selected_by_strategy_rule
R3,2026-04-09,2026-04-30,2026-04-30,2026-04-30,2026-05-01,2026-05-06,CPB,CPB,CPB,30,Consumer Staples,2026-04-30,Wikipedia,1349933445,momentum,2.0.0,-0.2753412244803052,459.0,True,,-0.2753412244803052,,30,0.0,459.0,44.0,False,False,False,False,,,0.0,True,,0.0,,not_selected_by_strategy_rule
R3,2026-04-09,2026-04-30,2026-04-30,2026-04-30,2026-05-01,2026-05-06,CPRT,CPRT,CPRT,20,Industrials,2026-04-30,Wikipedia,1349933445,momentum,2.0.0,-0.26173004532508315,456.0,True,,-0.26173004532508315,,20,0.0,456.0,47.0,False,False,False,False,,,0.0,True,,0.0,,not_selected_by_strategy_rule
R3,2026-04-09,2026-04-30,2026-04-30,2026-04-30,2026-05-01,2026-05-06,CPT,CPT,CPT,60,Real Estate,2026-04-30,Wikipedia,1349933445,momentum,2.0.0,-0.06608916188989766,318.0,True,,-0.06608916188989766,,60,0.0,318.0,185.0,False,False,False,False,,,0.0,True,,0.0,,not_selected_by_strategy_rule
R3,2026-04-09,2026-04-30,2026-04-30,2026-04-30,2026-05-01,2026-05-06,CRH,CRH,CRH,15,Materials,2026-04-30,Wikipedia,1349933445,momentum,2.0.0,-0.12018087508967223,365.0,True,,-0.12018087508967223,,15,0.0,365.0,138.0,False,False,False,False,,,0.0,True,,0.0,,not_selected_by_strategy_rule
R3,2026-04-09,2026-04-30,2026-04-30,2026-04-30,2026-05-01,2026-05-06,CRL,CRL,CRL,35,Health Care,2026-04-30,Wikipedia,1349933445,momentum,2.0.0,0.10251816820810067,159.0,True,,0.10251816820810067,,35,0.0,159.0,344.0,False,False,False,False,,,0.0,True,,0.0,,not_selected_by_strategy_rule
R3,2026-04-09,2026-04-30,2026-04-30,2026-04-30,2026-05-01,2026-05-06,CRM,CRM,CRM,45,Information Technology,2026-04-30,Wikipedia,1349933445,momentum,2.0.0,-0.21109153785315227,432.0,True,,-0.21109153785315227,,45,0.0,432.0,71.0,False,False,False,False,,,0.0,True,,0.0,,not_selected_by_strategy_rule
R3,2026-04-09,2026-04-30,2026-04-30,2026-04-30,2026-05-01,2026-05-06,CRWD,CRWD,CRWD,45,Information Technology,2026-04-30,Wikipedia,1349933445,momentum,2.0.0,-0.20386231132036725,426.0,True,,-0.20386231132036725,,45,0.0,426.0,77.0,False,False,False,False,,,0.0,True,,0.0,,not_selected_by_strategy_rule
R3,2026-04-09,2026-04-30,2026-04-30,2026-04-30,2026-05-01,2026-05-06,CSCO,CSCO,CSCO,45,Information Technology,2026-04-30,Wikipedia,1349933445,momentum,2.0.0,0.14697747102783731,130.0,True,,0.14697747102783731,,45,0.0,130.0,373.0,False,False,False,False,,,0.0,True,,0.0,,not_selected_by_strategy_rule
R3,2026-04-09,2026-04-30,2026-04-30,2026-04-30,2026-05-01,2026-05-06,CSGP,CSGP,CSGP,60,Real Estate,2026-04-30,Wikipedia,1349933445,momentum,2.0.0,-0.5218679763024883,499.0,True,,-0.5218679763024883,,60,-0.04500000000000001,499.0,4.0,False,True,False,True,,Short,-0.04500000000000001,True,Short,-0.04500000000000001,,selected_short
R3,2026-04-09,2026-04-30,2026-04-30,2026-04-30,2026-05-01,2026-05-06,CSX,CSX,CSX,20,Industrials,2026-04-30,Wikipedia,1349933445,momentum,2.0.0,0.16410664073291437,118.0,True,,0.16410664073291437,,20,0.0,118.0,385.0,False,False,False,False,,,0.0,True,,0.0,,not_selected_by_strategy_rule
R3,2026-04-09,2026-04-30,2026-04-30,2026-04-30,2026-05-01,2026-05-06,CTAS,CTAS,CTAS,20,Industrials,2026-04-30,Wikipedia,1349933445,momentum,2.0.0,-0.17209404198480416,405.0,True,,-0.17209404198480416,,20,0.0,405.0,98.0,False,False,False,False,,,0.0,True,,0.0,,not_selected_by_strategy_rule
R3,2026-04-09,2026-04-30,2026-04-30,2026-04-30,2026-05-01,2026-05-06,CTRA,CTRA,CTRA,10,Energy,2026-04-30,Wikipedia,1349933445,momentum,2.0.0,0.5093707088450359,30.0,True,,0.5093707088450359,,10,0.0,30.0,473.0,False,False,False,False,,,0.0,True,,0.0,,not_selected_by_strategy_rule
R3,2026-04-09,2026-04-30,2026-04-30,2026-04-30,2026-05-01,2026-05-06,CTSH,CTSH,CTSH,45,Information Technology,2026-04-30,Wikipedia,1349933445,momentum,2.0.0,-0.07660722467546566,327.0,True,,-0.07660722467546566,,45,0.0,327.0,176.0,False,False,False,False,,,0.0,True,,0.0,,not_selected_by_strategy_rule
R3,2026-04-09,2026-04-30,2026-04-30,2026-04-30,2026-05-01,2026-05-06,CTVA,CTVA,CTVA,15,Materials,2026-04-30,Wikipedia,1349933445,momentum,2.0.0,0.24386976923413273,82.0,True,,0.24386976923413273,,15,0.0,82.0,421.0,False,False,False,False,,,0.0,True,,0.0,,not_selected_by_strategy_rule
R3,2026-04-09,2026-04-30,2026-04-30,2026-04-30,2026-05-01,2026-05-06,CVNA,CVNA,CVNA,25,Consumer Discretionary,2026-04-30,Wikipedia,1349933445,momentum,2.0.0,-0.16663130794246606,400.0,True,,-0.16663130794246606,,25,0.0,400.0,103.0,False,False,False,False,,,0.0,True,,0.0,,not_selected_by_strategy_rule
R3,2026-04-09,2026-04-30,2026-04-30,2026-04-30,2026-05-01,2026-05-06,CVS,CVS,CVS,35,Health Care,2026-04-30,Wikipedia,1349933445,momentum,2.0.0,-0.031663702784267556,274.0,True,,-0.031663702784267556,,35,0.0,274.0,229.0,False,False,False,False,,,0.0,True,,0.0,,not_selected_by_strategy_rule
R3,2026-04-09,2026-04-30,2026-04-30,2026-04-30,2026-05-01,2026-05-06,CVX,CVX,CVX,10,Energy,2026-04-30,Wikipedia,1349933445,momentum,2.0.0,0.3604052919424183,53.0,True,,0.3604052919424183,,10,0.0,53.0,450.0,False,False,False,False,,,0.0,True,,0.0,,not_selected_by_strategy_rule
R3,2026-04-09,2026-04-30,2026-04-30,2026-04-30,2026-05-01,2026-05-06,D,D,D,55,Utilities,2026-04-30,Wikipedia,1349933445,momentum,2.0.0,0.03292703426171184,220.0,True,,0.03292703426171184,,55,0.0,220.0,283.0,False,False,False,False,,,0.0,True,,0.0,,not_selected_by_strategy_rule
R3,2026-04-09,2026-04-30,2026-04-30,2026-04-30,2026-05-01,2026-05-06,DAL,DAL,DAL,20,Industrials,2026-04-30,Wikipedia,1349933445,momentum,2.0.0,0.17822673797925237,107.0,True,,0.17822673797925237,,20,0.0,107.0,396.0,False,False,False,False,,,0.0,True,,0.0,,not_selected_by_strategy_rule
R3,2026-04-09,2026-04-30,2026-04-30,2026-04-30,2026-05-01,2026-05-06,DASH,DASH,DASH,25,Consumer Discretionary,2026-04-30,Wikipedia,1349933445,momentum,2.0.0,-0.44795764812117,493.0,True,,-0.44795764812117,,25,0.0,493.0,10.0,False,False,False,False,,,0.0,True,,0.0,,not_selected_by_strategy_rule
R3,2026-04-09,2026-04-30,2026-04-30,2026-04-30,2026-05-01,2026-05-06,DD,DD,DD,15,Materials,2026-04-30,Wikipedia,1349933445,momentum,2.0.0,0.41798983387732047,40.0,True,,0.41798983387732047,,15,0.0,40.0,463.0,False,False,False,False,,,0.0,True,,0.0,,not_selected_by_strategy_rule
R3,2026-04-09,2026-04-30,2026-04-30,2026-04-30,2026-05-01,2026-05-06,DDOG,DDOG,DDOG,45,Information Technology,2026-04-30,Wikipedia,1349933445,momentum,2.0.0,-0.1709971340478248,403.0,True,,-0.1709971340478248,,45,0.0,403.0,100.0,False,False,False,False,,,0.0,True,,0.0,,not_selected_by_strategy_rule
R3,2026-04-09,2026-04-30,2026-04-30,2026-04-30,2026-05-01,2026-05-06,DE,DE,DE,20,Industrials,2026-04-30,Wikipedia,1349933445,momentum,2.0.0,0.23977998639578457,83.0,True,,0.23977998639578457,,20,0.0,83.0,420.0,False,False,False,False,,,0.0,True,,0.0,,not_selected_by_strategy_rule
R3,2026-04-09,2026-04-30,2026-04-30,2026-04-30,2026-05-01,2026-05-06,DECK,DECK,DECK,25,Consumer Discretionary,2026-04-30,Wikipedia,1349933445,momentum,2.0.0,-0.012627072842163689,260.0,True,,-0.012627072842163689,,25,0.0,260.0,243.0,False,False,False,False,,,0.0,True,,0.0,,not_selected_by_strategy_rule
R3,2026-04-09,2026-04-30,2026-04-30,2026-04-30,2026-05-01,2026-05-06,DELL,DELL,DELL,45,Information Technology,2026-04-30,Wikipedia,1349933445,momentum,2.0.0,0.16692814459960403,115.0,True,,0.16692814459960403,,45,0.0,115.0,388.0,False,False,False,False,,,0.0,True,,0.0,,not_selected_by_strategy_rule
R3,2026-04-09,2026-04-30,2026-04-30,2026-04-30,2026-05-01,2026-05-06,DG,DG,DG,30,Consumer Staples,2026-04-30,Wikipedia,1349933445,momentum,2.0.0,0.160692854458234,121.0,True,,0.160692854458234,,30,0.0,121.0,382.0,False,False,False,False,,,0.0,True,,0.0,,not_selected_by_strategy_rule
R3,2026-04-09,2026-04-30,2026-04-30,2026-04-30,2026-05-01,2026-05-06,DGX,DGX,DGX,35,Health Care,2026-04-30,Wikipedia,1349933445,momentum,2.0.0,0.03761893321164922,214.0,True,,0.03761893321164922,,35,0.0,214.0,289.0,False,False,False,False,,,0.0,True,,0.0,,not_selected_by_strategy_rule
R3,2026-04-09,2026-04-30,2026-04-30,2026-04-30,2026-05-01,2026-05-06,DHI,DHI,DHI,25,Consumer Discretionary,2026-04-30,Wikipedia,1349933445,momentum,2.0.0,-0.18547960086588589,416.0,True,,-0.18547960086588589,,25,0.0,416.0,87.0,False,False,False,False,,,0.0,True,,0.0,,not_selected_by_strategy_rule
R3,2026-04-09,2026-04-30,2026-04-30,2026-04-30,2026-05-01,2026-05-06,DHR,DHR,DHR,35,Health Care,2026-04-30,Wikipedia,1349933445,momentum,2.0.0,-0.04031461524280466,281.0,True,,-0.04031461524280466,,35,0.0,281.0,222.0,False,False,False,False,,,0.0,True,,0.0,,not_selected_by_strategy_rule
R3,2026-04-09,2026-04-30,2026-04-30,2026-04-30,2026-05-01,2026-05-06,DIS,DIS,DIS,50,Communication Services,2026-04-30,Wikipedia,1349933445,momentum,2.0.0,-0.15255810124033264,392.0,True,,-0.15255810124033264,,50,0.0,392.0,111.0,False,False,False,False,,,0.0,True,,0.0,,not_selected_by_strategy_rule
R3,2026-04-09,2026-04-30,2026-04-30,2026-04-30,2026-05-01,2026-05-06,DLR,DLR,DLR,60,Real Estate,2026-04-30,Wikipedia,1349933445,momentum,2.0.0,0.057897870535440266,194.0,True,,0.057897870535440266,,60,0.0,194.0,309.0,False,False,False,False,,,0.0,True,,0.0,,not_selected_by_strategy_rule
R3,2026-04-09,2026-04-30,2026-04-30,2026-04-30,2026-05-01,2026-05-06,DLTR,DLTR,DLTR,30,Consumer Staples,2026-04-30,Wikipedia,1349933445,momentum,2.0.0,0.1604323296493364,122.0,True,,0.1604323296493364,,30,0.0,122.0,381.0,False,False,False,False,,,0.0,True,,0.0,,not_selected_by_strategy_rule
R3,2026-04-09,2026-04-30,2026-04-30,2026-04-30,2026-05-01,2026-05-06,DOC,DOC,DOC,60,Real Estate,2026-04-30,Wikipedia,1349933445,momentum,2.0.0,-0.11091765993539582,358.0,True,,-0.11091765993539582,,60,0.0,358.0,145.0,False,False,False,False,,,0.0,True,,0.0,,not_selected_by_strategy_rule
R3,2026-04-09,2026-04-30,2026-04-30,2026-04-30,2026-05-01,2026-05-06,DOV,DOV,DOV,20,Industrials,2026-04-30,Wikipedia,1349933445,momentum,2.0.0,0.25584989684533754,76.0,True,,0.25584989684533754,,20,0.0,76.0,427.0,False,False,False,False,,,0.0,True,,0.0,,not_selected_by_strategy_rule
R3,2026-04-09,2026-04-30,2026-04-30,2026-04-30,2026-05-01,2026-05-06,DOW,DOW,DOW,15,Materials,2026-04-30,Wikipedia,1349933445,momentum,2.0.0,0.8652153427203919,10.0,True,,0.8652153427203919,,15,0.0,10.0,493.0,False,False,False,False,,,0.0,True,,0.0,,not_selected_by_strategy_rule
R3,2026-04-09,2026-04-30,2026-04-30,2026-04-30,2026-05-01,2026-05-06,DPZ,DPZ,DPZ,25,Consumer Discretionary,2026-04-30,Wikipedia,1349933445,momentum,2.0.0,-0.16133179284461385,397.0,True,,-0.16133179284461385,,25,0.0,397.0,106.0,False,False,False,False,,,0.0,True,,0.0,,not_selected_by_strategy_rule
R3,2026-04-09,2026-04-30,2026-04-30,2026-04-30,2026-05-01,2026-05-06,DRI,DRI,DRI,25,Consumer Discretionary,2026-04-30,Wikipedia,1349933445,momentum,2.0.0,0.04592724030583506,207.0,True,,0.04592724030583506,,25,0.0,207.0,296.0,False,False,False,False,,,0.0,True,,0.0,,not_selected_by_strategy_rule
R3,2026-04-09,2026-04-30,2026-04-30,2026-04-30,2026-05-01,2026-05-06,DTE,DTE,DTE,55,Utilities,2026-04-30,Wikipedia,1349933445,momentum,2.0.0,0.0514213011015503,198.0,True,,0.0514213011015503,,55,0.0,198.0,305.0,False,False,False,False,,,0.0,True,,0.0,,not_selected_by_strategy_rule
R3,2026-04-09,2026-04-30,2026-04-30,2026-04-30,2026-05-01,2026-05-06,DUK,DUK,DUK,55,Utilities,2026-04-30,Wikipedia,1349933445,momentum,2.0.0,0.07638831410757652,177.0,True,,0.07638831410757652,,55,0.0,177.0,326.0,False,False,False,False,,,0.0,True,,0.0,,not_selected_by_strategy_rule
R3,2026-04-09,2026-04-30,2026-04-30,2026-04-30,2026-05-01,2026-05-06,DVA,DVA,DVA,35,Health Care,2026-04-30,Wikipedia,1349933445,momentum,2.0.0,0.15669457431571443,125.0,True,,0.15669457431571443,,35,0.0,125.0,378.0,False,False,False,False,,,0.0,True,,0.0,,not_selected_by_strategy_rule
R3,2026-04-09,2026-04-30,2026-04-30,2026-04-30,2026-05-01,2026-05-06,DVN,DVN,DVN,10,Energy,2026-04-30,Wikipedia,1349933445,momentum,2.0.0,0.4520384047580499,36.0,True,,0.4520384047580499,,10,0.0,36.0,467.0,False,False,False,False,,,0.0,True,,0.0,,not_selected_by_strategy_rule
R3,2026-04-09,2026-04-30,2026-04-30,2026-04-30,2026-05-01,2026-05-06,DXCM,DXCM,DXCM,35,Health Care,2026-04-30,Wikipedia,1349933445,momentum,2.0.0,-0.06672613489934898,320.0,True,,-0.06672613489934898,,35,0.0,320.0,183.0,False,False,False,False,,,0.0,True,,0.0,,not_selected_by_strategy_rule
R3,2026-04-09,2026-04-30,2026-04-30,2026-04-30,2026-05-01,2026-05-06,EA,EA,EA,50,Communication Services,2026-04-30,Wikipedia,1349933445,momentum,2.0.0,0.012661567829470366,237.0,True,,0.012661567829470366,,50,0.0,237.0,266.0,False,False,False,False,,,0.0,True,,0.0,,not_selected_by_strategy_rule
R3,2026-04-09,2026-04-30,2026-04-30,2026-04-30,2026-05-01,2026-05-06,EBAY,EBAY,EBAY,25,Consumer Discretionary,2026-04-30,Wikipedia,1349933445,momentum,2.0.0,0.00765772592750924,243.0,True,,0.00765772592750924,,25,0.0,243.0,260.0,False,False,False,False,,,0.0,True,,0.0,,not_selected_by_strategy_rule
R3,2026-04-09,2026-04-30,2026-04-30,2026-04-30,2026-05-01,2026-05-06,ECL,ECL,ECL,15,Materials,2026-04-30,Wikipedia,1349933445,momentum,2.0.0,-0.023293803444318306,268.0,True,,-0.023293803444318306,,15,0.0,268.0,235.0,False,False,False,False,,,0.0,True,,0.0,,not_selected_by_strategy_rule
R3,2026-04-09,2026-04-30,2026-04-30,2026-04-30,2026-05-01,2026-05-06,ED,ED,ED,55,Utilities,2026-04-30,Wikipedia,1349933445,momentum,2.0.0,0.1442417566079346,133.0,True,,0.1442417566079346,,55,0.0,133.0,370.0,False,False,False,False,,,0.0,True,,0.0,,not_selected_by_strategy_rule
R3,2026-04-09,2026-04-30,2026-04-30,2026-04-30,2026-05-01,2026-05-06,EFX,EFX,EFX,20,Industrials,2026-04-30,Wikipedia,1349933445,momentum,2.0.0,-0.29450786790486805,467.0,True,,-0.29450786790486805,,20,0.0,467.0,36.0,False,False,False,False,,,0.0,True,,0.0,,not_selected_by_strategy_rule
R3,2026-04-09,2026-04-30,2026-04-30,2026-04-30,2026-05-01,2026-05-06,EG,EG,EG,40,Financials,2026-04-30,Wikipedia,1349933445,momentum,2.0.0,-0.060929588134356005,311.0,True,,-0.060929588134356005,,40,0.0,311.0,192.0,False,False,False,False,,,0.0,True,,0.0,,not_selected_by_strategy_rule
R3,2026-04-09,2026-04-30,2026-04-30,2026-04-30,2026-05-01,2026-05-06,EIX,EIX,EIX,55,Utilities,2026-04-30,Wikipedia,1349933445,momentum,2.0.0,0.36390523690882004,51.0,True,,0.36390523690882004,,55,0.0,51.0,452.0,False,False,False,False,,,0.0,True,,0.0,,not_selected_by_strategy_rule
R3,2026-04-09,2026-04-30,2026-04-30,2026-04-30,2026-05-01,2026-05-06,EL,EL,EL,30,Consumer Staples,2026-04-30,Wikipedia,1349933445,momentum,2.0.0,-0.17992379039601636,411.0,True,,-0.17992379039601636,,30,0.0,411.0,92.0,False,False,False,False,,,0.0,True,,0.0,,not_selected_by_strategy_rule
R3,2026-04-09,2026-04-30,2026-04-30,2026-04-30,2026-05-01,2026-05-06,ELV,ELV,ELV,35,Health Care,2026-04-30,Wikipedia,1349933445,momentum,2.0.0,-0.08370651916663363,333.0,True,,-0.08370651916663363,,35,0.0,333.0,170.0,False,False,False,False,,,0.0,True,,0.0,,not_selected_by_strategy_rule
R3,2026-04-09,2026-04-30,2026-04-30,2026-04-30,2026-05-01,2026-05-06,EME,EME,EME,20,Industrials,2026-04-30,Wikipedia,1349933445,momentum,2.0.0,0.13776630866812556,138.0,True,,0.13776630866812556,,20,0.0,138.0,365.0,False,False,False,False,,,0.0,True,,0.0,,not_selected_by_strategy_rule
R3,2026-04-09,2026-04-30,2026-04-30,2026-04-30,2026-05-01,2026-05-06,EMR,EMR,EMR,20,Industrials,2026-04-30,Wikipedia,1349933445,momentum,2.0.0,0.006969103409197874,244.0,True,,0.006969103409197874,,20,0.0,244.0,259.0,False,False,False,False,,,0.0,True,,0.0,,not_selected_by_strategy_rule
R3,2026-04-09,2026-04-30,2026-04-30,2026-04-30,2026-05-01,2026-05-06,EOG,EOG,EOG,10,Energy,2026-04-30,Wikipedia,1349933445,momentum,2.0.0,0.3142125822026782,59.0,True,,0.3142125822026782,,10,0.0,59.0,444.0,False,False,False,False,,,0.0,True,,0.0,,not_selected_by_strategy_rule
R3,2026-04-09,2026-04-30,2026-04-30,2026-04-30,2026-05-01,2026-05-06,EPAM,EPAM,EPAM,45,Information Technology,2026-04-30,Wikipedia,1349933445,momentum,2.0.0,-0.10206247148273973,345.0,True,,-0.10206247148273973,,45,0.0,345.0,158.0,False,False,False,False,,,0.0,True,,0.0,,not_selected_by_strategy_rule
R3,2026-04-09,2026-04-30,2026-04-30,2026-04-30,2026-05-01,2026-05-06,EQIX,EQIX,EQIX,60,Real Estate,2026-04-30,Wikipedia,1349933445,momentum,2.0.0,0.2659605611381952,69.0,True,,0.2659605611381952,,60,0.0,69.0,434.0,False,False,False,False,,,0.0,True,,0.0,,not_selected_by_strategy_rule
R3,2026-04-09,2026-04-30,2026-04-30,2026-04-30,2026-05-01,2026-05-06,EQR,EQR,VMRK,60,Real Estate,2026-04-30,Wikipedia,1349933445,momentum,2.0.0,-0.06485736649083695,315.0,True,,-0.06485736649083695,,60,0.0,315.0,188.0,False,False,False,False,,,0.0,True,,0.0,,not_selected_by_strategy_rule
R3,2026-04-09,2026-04-30,2026-04-30,2026-04-30,2026-05-01,2026-05-06,EQT,EQT,EQT,10,Energy,2026-04-30,Wikipedia,1349933445,momentum,2.0.0,0.17597818902631124,108.0,True,,0.17597818902631124,,10,0.0,108.0,395.0,False,False,False,False,,,0.0,True,,0.0,,not_selected_by_strategy_rule
R3,2026-04-09,2026-04-30,2026-04-30,2026-04-30,2026-05-01,2026-05-06,ERIE,ERIE,ERIE,40,Financials,2026-04-30,Wikipedia,1349933445,momentum,2.0.0,-0.20258370281271232,425.0,True,,-0.20258370281271232,,40,0.0,425.0,78.0,False,False,False,False,,,0.0,True,,0.0,,not_selected_by_strategy_rule
R3,2026-04-09,2026-04-30,2026-04-30,2026-04-30,2026-05-01,2026-05-06,ES,ES,ES,55,Utilities,2026-04-30,Wikipedia,1349933445,momentum,2.0.0,-0.004811280574144705,253.0,True,,-0.004811280574144705,,55,0.0,253.0,250.0,False,False,False,False,,,0.0,True,,0.0,,not_selected_by_strategy_rule
R3,2026-04-09,2026-04-30,2026-04-30,2026-04-30,2026-05-01,2026-05-06,ESS,ESS,ESS,60,Real Estate,2026-04-30,Wikipedia,1349933445,momentum,2.0.0,-0.07704714631457776,328.0,True,,-0.07704714631457776,,60,0.0,328.0,175.0,False,False,False,False,,,0.0,True,,0.0,,not_selected_by_strategy_rule
R3,2026-04-09,2026-04-30,2026-04-30,2026-04-30,2026-05-01,2026-05-06,ETN,ETN,ETN,20,Industrials,2026-04-30,Wikipedia,1349933445,momentum,2.0.0,-0.038674896849929086,279.0,True,,-0.038674896849929086,,20,0.0,279.0,224.0,False,False,False,False,,,0.0,True,,0.0,,not_selected_by_strategy_rule
R3,2026-04-09,2026-04-30,2026-04-30,2026-04-30,2026-05-01,2026-05-06,ETR,ETR,ETR,55,Utilities,2026-04-30,Wikipedia,1349933445,momentum,2.0.0,0.22173703674149348,88.0,True,,0.22173703674149348,,55,0.0,88.0,415.0,False,False,False,False,,,0.0,True,,0.0,,not_selected_by_strategy_rule
R3,2026-04-09,2026-04-30,2026-04-30,2026-04-30,2026-05-01,2026-05-06,EVRG,EVRG,EVRG,55,Utilities,2026-04-30,Wikipedia,1349933445,momentum,2.0.0,0.09676318775716997,163.0,True,,0.09676318775716997,,55,0.0,163.0,340.0,False,False,False,False,,,0.0,True,,0.0,,not_selected_by_strategy_rule
R3,2026-04-09,2026-04-30,2026-04-30,2026-04-30,2026-05-01,2026-05-06,EW,EW,EW,35,Health Care,2026-04-30,Wikipedia,1349933445,momentum,2.0.0,0.029703038288535488,225.0,True,,0.029703038288535488,,35,0.0,225.0,278.0,False,False,False,False,,,0.0,True,,0.0,,not_selected_by_strategy_rule
R3,2026-04-09,2026-04-30,2026-04-30,2026-04-30,2026-05-01,2026-05-06,EXC,EXC,EXC,55,Utilities,2026-04-30,Wikipedia,1349933445,momentum,2.0.0,0.1080079242690537,154.0,True,,0.1080079242690537,,55,0.0,154.0,349.0,False,False,False,False,,,0.0,True,,0.0,,not_selected_by_strategy_rule
R3,2026-04-09,2026-04-30,2026-04-30,2026-04-30,2026-05-01,2026-05-06,EXE,EXE,EXE,10,Energy,2026-04-30,Wikipedia,1349933445,momentum,2.0.0,0.043988198085933794,209.0,True,,0.043988198085933794,,10,0.0,209.0,294.0,False,False,False,False,,,0.0,True,,0.0,,not_selected_by_strategy_rule
R3,2026-04-09,2026-04-30,2026-04-30,2026-04-30,2026-05-01,2026-05-06,EXPD,EXPD,EXPD,20,Industrials,2026-04-30,Wikipedia,1349933445,momentum,2.0.0,0.1745224876579563,110.0,True,,0.1745224876579563,,20,0.0,110.0,393.0,False,False,False,False,,,0.0,True,,0.0,,not_selected_by_strategy_rule
R3,2026-04-09,2026-04-30,2026-04-30,2026-04-30,2026-05-01,2026-05-06,EXPE,EXPE,EXPE,25,Consumer Discretionary,2026-04-30,Wikipedia,1349933445,momentum,2.0.0,0.08433783374833737,169.0,True,,0.08433783374833737,,25,0.0,169.0,334.0,False,False,False,False,,,0.0,True,,0.0,,not_selected_by_strategy_rule
R3,2026-04-09,2026-04-30,2026-04-30,2026-04-30,2026-05-01,2026-05-06,EXR,EXR,EXR,60,Real Estate,2026-04-30,Wikipedia,1349933445,momentum,2.0.0,-0.04734274037013786,295.0,True,,-0.04734274037013786,,60,0.0,295.0,208.0,False,False,False,False,,,0.0,True,,0.0,,not_selected_by_strategy_rule
R3,2026-04-09,2026-04-30,2026-04-30,2026-04-30,2026-05-01,2026-05-06,F,F,F,25,Consumer Discretionary,2026-04-30,Wikipedia,1349933445,momentum,2.0.0,-0.013387149324771364,261.0,True,,-0.013387149324771364,,25,0.0,261.0,242.0,False,False,False,False,,,0.0,True,,0.0,,not_selected_by_strategy_rule
R3,2026-04-09,2026-04-30,2026-04-30,2026-04-30,2026-05-01,2026-05-06,FANG,FANG,FANG,10,Energy,2026-04-30,Wikipedia,1349933445,momentum,2.0.0,0.40002011439214247,42.0,True,,0.40002011439214247,,10,0.0,42.0,461.0,False,False,False,False,,,0.0,True,,0.0,,not_selected_by_strategy_rule
R3,2026-04-09,2026-04-30,2026-04-30,2026-04-30,2026-05-01,2026-05-06,FAST,FAST,FAST,20,Industrials,2026-04-30,Wikipedia,1349933445,momentum,2.0.0,-0.04365313822648664,286.0,True,,-0.04365313822648664,,20,0.0,286.0,217.0,False,False,False,False,,,0.0,True,,0.0,,not_selected_by_strategy_rule
R3,2026-04-09,2026-04-30,2026-04-30,2026-04-30,2026-05-01,2026-05-06,FCX,FCX,FCX,15,Materials,2026-04-30,Wikipedia,1349933445,momentum,2.0.0,0.5078483069943696,31.0,True,,0.5078483069943696,,15,0.0,31.0,472.0,False,False,False,False,,,0.0,True,,0.0,,not_selected_by_strategy_rule
R3,2026-04-09,2026-04-30,2026-04-30,2026-04-30,2026-05-01,2026-05-06,FDS,FDS,FDS,40,Financials,2026-04-30,Wikipedia,1349933445,momentum,2.0.0,-0.2356521306353968,448.0,True,,-0.2356521306353968,,40,-0.04500000000000001,448.0,55.0,False,False,False,False,,,0.0,True,,0.0,,not_selected_by_strategy_rule
R3,2026-04-09,2026-04-30,2026-04-30,2026-04-30,2026-05-01,2026-05-06,FDX,FDX,FDX,20,Industrials,2026-04-30,Wikipedia,1349933445,momentum,2.0.0,0.524350589560189,26.0,True,,0.524350589560189,,20,0.0,26.0,477.0,False,False,False,False,,,0.0,True,,0.0,,not_selected_by_strategy_rule
R3,2026-04-09,2026-04-30,2026-04-30,2026-04-30,2026-05-01,2026-05-06,FE,FE,FE,55,Utilities,2026-04-30,Wikipedia,1349933445,momentum,2.0.0,0.12713591538538016,144.0,True,,0.12713591538538016,,55,0.0,144.0,359.0,False,False,False,False,,,0.0,True,,0.0,,not_selected_by_strategy_rule
R3,2026-04-09,2026-04-30,2026-04-30,2026-04-30,2026-05-01,2026-05-06,FFIV,FFIV,FFIV,45,Information Technology,2026-04-30,Wikipedia,1349933445,momentum,2.0.0,-0.1047681413823417,348.0,True,,-0.1047681413823417,,45,0.0,348.0,155.0,False,False,False,False,,,0.0,True,,0.0,,not_selected_by_strategy_rule
R3,2026-04-09,2026-04-30,2026-04-30,2026-04-30,2026-05-01,2026-05-06,FICO,FICO,FICO,45,Information Technology,2026-04-30,Wikipedia,1349933445,momentum,2.0.0,-0.2866564531524505,464.0,True,,-0.2866564531524505,,45,0.0,464.0,39.0,False,False,False,False,,,0.0,True,,0.0,,not_selected_by_strategy_rule
R3,2026-04-09,2026-04-30,2026-04-30,2026-04-30,2026-05-01,2026-05-06,FIS,FIS,FIS,40,Financials,2026-04-30,Wikipedia,1349933445,momentum,2.0.0,-0.27809652626644443,460.0,True,,-0.27809652626644443,,40,0.0,460.0,43.0,False,False,False,False,,,0.0,True,,0.0,,not_selected_by_strategy_rule
R3,2026-04-09,2026-04-30,2026-04-30,2026-04-30,2026-05-01,2026-05-06,FISV,FISV,FISV,40,Financials,2026-04-30,Wikipedia,1349933445,momentum,2.0.0,-0.567206992888147,502.0,True,,-0.567206992888147,,40,-0.04500000000000001,502.0,1.0,False,True,False,True,,Short,-0.04500000000000001,True,Short,-0.04500000000000001,,selected_short
R3,2026-04-09,2026-04-30,2026-04-30,2026-04-30,2026-05-01,2026-05-06,FITB,FITB,FITB,40,Financials,2026-04-30,Wikipedia,1349933445,momentum,2.0.0,0.06122488199506648,191.0,True,,0.06122488199506648,,40,0.0,191.0,312.0,False,False,False,False,,,0.0,True,,0.0,,not_selected_by_strategy_rule
R3,2026-04-09,2026-04-30,2026-04-30,2026-04-30,2026-05-01,2026-05-06,FIX,FIX,FIX,20,Industrials,2026-04-30,Wikipedia,1349933445,momentum,2.0.0,0.6730380642154039,14.0,True,,0.6730380642154039,,20,0.0,14.0,489.0,False,False,False,False,,,0.0,True,,0.0,,not_selected_by_strategy_rule
R3,2026-04-09,2026-04-30,2026-04-30,2026-04-30,2026-05-01,2026-05-06,FOX,FOX,FOX,50,Communication Services,2026-04-30,Wikipedia,1349933445,momentum,2.0.0,-0.06815558128714705,321.0,True,,-0.06815558128714705,,50,0.0,321.0,182.0,False,False,False,False,,,0.0,True,,0.0,,not_selected_by_strategy_rule
R3,2026-04-09,2026-04-30,2026-04-30,2026-04-30,2026-05-01,2026-05-06,FOXA,FOXA,FOXA,50,Communication Services,2026-04-30,Wikipedia,1349933445,momentum,2.0.0,-0.06935500908244407,322.0,True,,-0.06935500908244407,,50,0.0,322.0,181.0,False,False,False,False,,,0.0,True,,0.0,,not_selected_by_strategy_rule
R3,2026-04-09,2026-04-30,2026-04-30,2026-04-30,2026-05-01,2026-05-06,FRT,FRT,FRT,60,Real Estate,2026-04-30,Wikipedia,1349933445,momentum,2.0.0,0.07221156668550188,183.0,True,,0.07221156668550188,,60,0.0,183.0,320.0,False,False,False,False,,,0.0,True,,0.0,,not_selected_by_strategy_rule
R3,2026-04-09,2026-04-30,2026-04-30,2026-04-30,2026-05-01,2026-05-06,FSLR,FSLR,FSLR,45,Information Technology,2026-04-30,Wikipedia,1349933445,momentum,2.0.0,-0.10551854351456846,350.0,True,,-0.10551854351456846,,45,0.0,350.0,153.0,False,False,False,False,,,0.0,True,,0.0,,not_selected_by_strategy_rule
R3,2026-04-09,2026-04-30,2026-04-30,2026-04-30,2026-05-01,2026-05-06,FTNT,FTNT,FTNT,45,Information Technology,2026-04-30,Wikipedia,1349933445,momentum,2.0.0,-0.02806851283249978,270.0,True,,-0.02806851283249978,,45,0.0,270.0,233.0,False,False,False,False,,,0.0,True,,0.0,,not_selected_by_strategy_rule
R3,2026-04-09,2026-04-30,2026-04-30,2026-04-30,2026-05-01,2026-05-06,FTV,FTV,FTV,20,Industrials,2026-04-30,Wikipedia,1349933445,momentum,2.0.0,0.13090298639722553,139.0,True,,0.13090298639722553,,20,0.0,139.0,364.0,False,False,False,False,,,0.0,True,,0.0,,not_selected_by_strategy_rule
R3,2026-04-09,2026-04-30,2026-04-30,2026-04-30,2026-05-01,2026-05-06,GD,GD,GD,20,Industrials,2026-04-30,Wikipedia,1349933445,momentum,2.0.0,0.015064057261013009,235.0,True,,0.015064057261013009,,20,0.0,235.0,268.0,False,False,False,False,,,0.0,True,,0.0,,not_selected_by_strategy_rule
R3,2026-04-09,2026-04-30,2026-04-30,2026-04-30,2026-05-01,2026-05-06,GDDY,GDDY,GDDY,45,Information Technology,2026-04-30,Wikipedia,1349933445,momentum,2.0.0,-0.3958196516651461,487.0,True,,-0.3958196516651461,,45,-0.04500000000000001,487.0,16.0,False,False,False,False,,,0.0,True,,0.0,,not_selected_by_strategy_rule
R3,2026-04-09,2026-04-30,2026-04-30,2026-04-30,2026-05-01,2026-05-06,GE,GE,GE,20,Industrials,2026-04-30,Wikipedia,1349933445,momentum,2.0.0,-0.05422392378879137,301.0,True,,-0.05422392378879137,,20,0.0,301.0,202.0,False,False,False,False,,,0.0,True,,0.0,,not_selected_by_strategy_rule
R3,2026-04-09,2026-04-30,2026-04-30,2026-04-30,2026-05-01,2026-05-06,GEHC,GEHC,GEHC,35,Health Care,2026-04-30,Wikipedia,1349933445,momentum,2.0.0,-0.05139082616169188,299.0,True,,-0.05139082616169188,,35,0.0,299.0,204.0,False,False,False,False,,,0.0,True,,0.0,,not_selected_by_strategy_rule
R3,2026-04-09,2026-04-30,2026-04-30,2026-04-30,2026-05-01,2026-05-06,GEN,GEN,GEN,45,Information Technology,2026-04-30,Wikipedia,1349933445,momentum,2.0.0,-0.33006259297054286,482.0,True,,-0.33006259297054286,,45,0.0,482.0,21.0,False,False,False,False,,,0.0,True,,0.0,,not_selected_by_strategy_rule
R3,2026-04-09,2026-04-30,2026-04-30,2026-04-30,2026-05-01,2026-05-06,GEV,GEV,GEV,20,Industrials,2026-04-30,Wikipedia,1349933445,momentum,2.0.0,0.4220771455728176,38.0,True,,0.4220771455728176,,20,0.0,38.0,465.0,False,False,False,False,,,0.0,True,,0.0,,not_selected_by_strategy_rule
R3,2026-04-09,2026-04-30,2026-04-30,2026-04-30,2026-05-01,2026-05-06,GILD,GILD,GILD,35,Health Care,2026-04-30,Wikipedia,1349933445,momentum,2.0.0,0.271056153546114,68.0,True,,0.271056153546114,,35,0.0,68.0,435.0,False,False,False,False,,,0.0,True,,0.0,,not_selected_by_strategy_rule
R3,2026-04-09,2026-04-30,2026-04-30,2026-04-30,2026-05-01,2026-05-06,GIS,GIS,GIS,30,Consumer Staples,2026-04-30,Wikipedia,1349933445,momentum,2.0.0,-0.24200768730461586,450.0,True,,-0.24200768730461586,,30,0.0,450.0,53.0,False,False,False,False,,,0.0,True,,0.0,,not_selected_by_strategy_rule
R3,2026-04-09,2026-04-30,2026-04-30,2026-04-30,2026-05-01,2026-05-06,GL,GL,GL,40,Financials,2026-04-30,Wikipedia,1349933445,momentum,2.0.0,-0.02278440182041952,266.0,True,,-0.02278440182041952,,40,0.0,266.0,237.0,False,False,False,False,,,0.0,True,,0.0,,not_selected_by_strategy_rule
R3,2026-04-09,2026-04-30,2026-04-30,2026-04-30,2026-05-01,2026-05-06,GLW,GLW,GLW,45,Information Technology,2026-04-30,Wikipedia,1349933445,momentum,2.0.0,0.6663231972806156,16.0,True,,0.6663231972806156,,45,0.0,16.0,487.0,False,False,False,False,,,0.0,True,,0.0,,not_selected_by_strategy_rule
R3,2026-04-09,2026-04-30,2026-04-30,2026-04-30,2026-05-01,2026-05-06,GM,GM,GM,25,Consumer Discretionary,2026-04-30,Wikipedia,1349933445,momentum,2.0.0,0.2272505051523679,85.0,True,,0.2272505051523679,,25,0.0,85.0,418.0,False,False,False,False,,,0.0,True,,0.0,,not_selected_by_strategy_rule
R3,2026-04-09,2026-04-30,2026-04-30,2026-04-30,2026-05-01,2026-05-06,GNRC,GNRC,GNRC,20,Industrials,2026-04-30,Wikipedia,1349933445,momentum,2.0.0,0.16684593161838146,116.0,True,,0.16684593161838146,,20,0.0,116.0,387.0,False,False,False,False,,,0.0,True,,0.0,,not_selected_by_strategy_rule
R3,2026-04-09,2026-04-30,2026-04-30,2026-04-30,2026-05-01,2026-05-06,GOOG,GOOG,GOOG,50,Communication Services,2026-04-30,Wikipedia,1349933445,momentum,2.0.0,0.1794266901335595,106.0,True,,0.1794266901335595,,50,0.0,106.0,397.0,False,False,False,False,,,0.0,True,,0.0,,not_selected_by_strategy_rule
R3,2026-04-09,2026-04-30,2026-04-30,2026-04-30,2026-05-01,2026-05-06,GOOGL,GOOGL,GOOGL,50,Communication Services,2026-04-30,Wikipedia,1349933445,momentum,2.0.0,0.1844946620856418,100.0,True,,0.1844946620856418,,50,0.0,100.0,403.0,False,False,False,False,,,0.0,True,,0.0,,not_selected_by_strategy_rule
R3,2026-04-09,2026-04-30,2026-04-30,2026-04-30,2026-05-01,2026-05-06,GPC,GPC,GPC,25,Consumer Discretionary,2026-04-30,Wikipedia,1349933445,momentum,2.0.0,-0.22389040339477495,440.0,True,,-0.22389040339477495,,25,0.0,440.0,63.0,False,False,False,False,,,0.0,True,,0.0,,not_selected_by_strategy_rule
R3,2026-04-09,2026-04-30,2026-04-30,2026-04-30,2026-05-01,2026-05-06,GPN,GPN,GPN,40,Financials,2026-04-30,Wikipedia,1349933445,momentum,2.0.0,-0.18479021410028063,414.0,True,,-0.18479021410028063,,40,0.0,414.0,89.0,False,False,False,False,,,0.0,True,,0.0,,not_selected_by_strategy_rule
R3,2026-04-09,2026-04-30,2026-04-30,2026-04-30,2026-05-01,2026-05-06,GRMN,GRMN,GRMN,25,Consumer Discretionary,2026-04-30,Wikipedia,1349933445,momentum,2.0.0,-0.05004536039766716,297.0,True,,-0.05004536039766716,,25,0.0,297.0,206.0,False,False,False,False,,,0.0,True,,0.0,,not_selected_by_strategy_rule
R3,2026-04-09,2026-04-30,2026-04-30,2026-04-30,2026-05-01,2026-05-06,GS,GS,GS,40,Financials,2026-04-30,Wikipedia,1349933445,momentum,2.0.0,0.07321952086036232,181.0,True,,0.07321952086036232,,40,0.0,181.0,322.0,False,False,False,False,,,0.0,True,,0.0,,not_selected_by_strategy_rule
R3,2026-04-09,2026-04-30,2026-04-30,2026-04-30,2026-05-01,2026-05-06,GWW,GWW,GWW,20,Industrials,2026-04-30,Wikipedia,1349933445,momentum,2.0.0,0.1495388734814831,127.0,True,,0.1495388734814831,,20,0.0,127.0,376.0,False,False,False,False,,,0.0,True,,0.0,,not_selected_by_strategy_rule
R3,2026-04-09,2026-04-30,2026-04-30,2026-04-30,2026-05-01,2026-05-06,HAL,HAL,HAL,10,Energy,2026-04-30,Wikipedia,1349933445,momentum,2.0.0,0.6027633706648206,19.0,True,,0.6027633706648206,,10,0.0,19.0,484.0,False,False,False,False,,,0.0,True,,0.0,,not_selected_by_strategy_rule
R3,2026-04-09,2026-04-30,2026-04-30,2026-04-30,2026-05-01,2026-05-06,HAS,HAS,HAS,25,Consumer Discretionary,2026-04-30,Wikipedia,1349933445,momentum,2.0.0,0.2540671349826562,78.0,True,,0.2540671349826562,,25,0.0,78.0,425.0,False,False,False,False,,,0.0,True,,0.0,,not_selected_by_strategy_rule
R3,2026-04-09,2026-04-30,2026-04-30,2026-04-30,2026-05-01,2026-05-06,HBAN,HBAN,HBAN,40,Financials,2026-04-30,Wikipedia,1349933445,momentum,2.0.0,-0.07652057458456074,326.0,True,,-0.07652057458456074,,40,0.0,326.0,177.0,False,False,False,False,,,0.0,True,,0.0,,not_selected_by_strategy_rule
R3,2026-04-09,2026-04-30,2026-04-30,2026-04-30,2026-05-01,2026-05-06,HCA,HCA,HCA,35,Health Care,2026-04-30,Wikipedia,1349933445,momentum,2.0.0,0.11367621177197296,150.0,True,,0.11367621177197296,,35,0.0,150.0,353.0,False,False,False,False,,,0.0,True,,0.0,,not_selected_by_strategy_rule
R3,2026-04-09,2026-04-30,2026-04-30,2026-04-30,2026-05-01,2026-05-06,HD,HD,HD,25,Consumer Discretionary,2026-04-30,Wikipedia,1349933445,momentum,2.0.0,-0.17759501051145854,408.0,True,,-0.17759501051145854,,25,0.0,408.0,95.0,False,False,False,False,,,0.0,True,,0.0,,not_selected_by_strategy_rule
R3,2026-04-09,2026-04-30,2026-04-30,2026-04-30,2026-05-01,2026-05-06,HIG,HIG,HIG,40,Financials,2026-04-30,Wikipedia,1349933445,momentum,2.0.0,0.02260944594817249,230.0,True,,0.02260944594817249,,40,0.0,230.0,273.0,False,False,False,False,,,0.0,True,,0.0,,not_selected_by_strategy_rule
R3,2026-04-09,2026-04-30,2026-04-30,2026-04-30,2026-05-01,2026-05-06,HII,HII,HII,20,Industrials,2026-04-30,Wikipedia,1349933445,momentum,2.0.0,0.3294698313331377,56.0,True,,0.3294698313331377,,20,0.0,56.0,447.0,False,False,False,False,,,0.0,True,,0.0,,not_selected_by_strategy_rule
R3,2026-04-09,2026-04-30,2026-04-30,2026-04-30,2026-05-01,2026-05-06,HLT,HLT,HLT,25,Consumer Discretionary,2026-04-30,Wikipedia,1349933445,momentum,2.0.0,0.17328207549460295,112.0,True,,0.17328207549460295,,25,0.0,112.0,391.0,False,False,False,False,,,0.0,True,,0.0,,not_selected_by_strategy_rule
R3,2026-04-09,2026-04-30,2026-04-30,2026-04-30,2026-05-01,2026-05-06,HON,HON,HON,20,Industrials,2026-04-30,Wikipedia,1349933445,momentum,2.0.0,0.15179104301287705,126.0,True,,0.15179104301287705,,20,0.0,126.0,377.0,False,False,False,False,,,0.0,True,,0.0,,not_selected_by_strategy_rule
R3,2026-04-09,2026-04-30,2026-04-30,2026-04-30,2026-05-01,2026-05-06,HOOD,HOOD,HOOD,40,Financials,2026-04-30,Wikipedia,1349933445,momentum,2.0.0,-0.5159938078172577,497.0,True,,-0.5159938078172577,,40,0.0,497.0,6.0,False,False,False,True,,Short,-0.04500000000000001,True,Short,-0.04500000000000001,,selected_short
R3,2026-04-09,2026-04-30,2026-04-30,2026-04-30,2026-05-01,2026-05-06,HPE,HPE,HPE,45,Information Technology,2026-04-30,Wikipedia,1349933445,momentum,2.0.0,-0.018418084509723598,264.0,True,,-0.018418084509723598,,45,0.0,264.0,239.0,False,False,False,False,,,0.0,True,,0.0,,not_selected_by_strategy_rule
R3,2026-04-09,2026-04-30,2026-04-30,2026-04-30,2026-05-01,2026-05-06,HPQ,HPQ,HPQ,45,Information Technology,2026-04-30,Wikipedia,1349933445,momentum,2.0.0,-0.2745437378294999,458.0,True,,-0.2745437378294999,,45,0.0,458.0,45.0,False,False,False,False,,,0.0,True,,0.0,,not_selected_by_strategy_rule
R3,2026-04-09,2026-04-30,2026-04-30,2026-04-30,2026-05-01,2026-05-06,HRL,HRL,HRL,30,Consumer Staples,2026-04-30,Wikipedia,1349933445,momentum,2.0.0,-0.06122330083064942,312.0,True,,-0.06122330083064942,,30,0.0,312.0,191.0,False,False,False,False,,,0.0,True,,0.0,,not_selected_by_strategy_rule
R3,2026-04-09,2026-04-30,2026-04-30,2026-04-30,2026-05-01,2026-05-06,HSIC,HSIC,HSIC,35,Health Care,2026-04-30,Wikipedia,1349933445,momentum,2.0.0,0.1104413725828517,152.0,True,,0.1104413725828517,,35,0.0,152.0,351.0,False,False,False,False,,,0.0,True,,0.0,,not_selected_by_strategy_rule
R3,2026-04-09,2026-04-30,2026-04-30,2026-04-30,2026-05-01,2026-05-06,HST,HST,HST,60,Real Estate,2026-04-30,Wikipedia,1349933445,momentum,2.0.0,0.159932537009148,123.0,True,,0.159932537009148,,60,0.0,123.0,380.0,False,False,False,False,,,0.0,True,,0.0,,not_selected_by_strategy_rule
R3,2026-04-09,2026-04-30,2026-04-30,2026-04-30,2026-05-01,2026-05-06,HSY,HSY,HSY,30,Consumer Staples,2026-04-30,Wikipedia,1349933445,momentum,2.0.0,0.1273305379049685,143.0,True,,0.1273305379049685,,30,0.0,143.0,360.0,False,False,False,False,,,0.0,True,,0.0,,not_selected_by_strategy_rule
R3,2026-04-09,2026-04-30,2026-04-30,2026-04-30,2026-05-01,2026-05-06,HUBB,HUBB,HUBB,20,Industrials,2026-04-30,Wikipedia,1349933445,momentum,2.0.0,0.14733380544110797,129.0,True,,0.14733380544110797,,20,0.0,129.0,374.0,False,False,False,False,,,0.0,True,,0.0,,not_selected_by_strategy_rule
R3,2026-04-09,2026-04-30,2026-04-30,2026-04-30,2026-05-01,2026-05-06,HUM,HUM,HUM,35,Health Care,2026-04-30,Wikipedia,1349933445,momentum,2.0.0,-0.32787200058814325,481.0,True,,-0.32787200058814325,,35,0.0,481.0,22.0,False,False,False,False,,,0.0,True,,0.0,,not_selected_by_strategy_rule
R3,2026-04-09,2026-04-30,2026-04-30,2026-04-30,2026-05-01,2026-05-06,HWM,HWM,HWM,20,Industrials,2026-04-30,Wikipedia,1349933445,momentum,2.0.0,0.1757966763473875,109.0,True,,0.1757966763473875,,20,0.0,109.0,394.0,False,False,False,False,,,0.0,True,,0.0,,not_selected_by_strategy_rule
R3,2026-04-09,2026-04-30,2026-04-30,2026-04-30,2026-05-01,2026-05-06,IBKR,IBKR,IBKR,40,Financials,2026-04-30,Wikipedia,1349933445,momentum,2.0.0,-0.023037911089841656,267.0,True,,-0.023037911089841656,,40,0.0,267.0,236.0,False,False,False,False,,,0.0,True,,0.0,,not_selected_by_strategy_rule
R3,2026-04-09,2026-04-30,2026-04-30,2026-04-30,2026-05-01,2026-05-06,IBM,IBM,IBM,45,Information Technology,2026-04-30,Wikipedia,1349933445,momentum,2.0.0,-0.13128705870368307,376.0,True,,-0.13128705870368307,,45,0.0,376.0,127.0,False,False,False,False,,,0.0,True,,0.0,,not_selected_by_strategy_rule
R3,2026-04-09,2026-04-30,2026-04-30,2026-04-30,2026-05-01,2026-05-06,ICE,ICE,ICE,40,Financials,2026-04-30,Wikipedia,1349933445,momentum,2.0.0,-0.06066747103144232,308.0,True,,-0.06066747103144232,,40,0.0,308.0,195.0,False,False,False,False,,,0.0,True,,0.0,,not_selected_by_strategy_rule
R3,2026-04-09,2026-04-30,2026-04-30,2026-04-30,2026-05-01,2026-05-06,IDXX,IDXX,IDXX,35,Health Care,2026-04-30,Wikipedia,1349933445,momentum,2.0.0,-0.12052152676446326,366.0,True,,-0.12052152676446326,,35,0.0,366.0,137.0,False,False,False,False,,,0.0,True,,0.0,,not_selected_by_strategy_rule
R3,2026-04-09,2026-04-30,2026-04-30,2026-04-30,2026-05-01,2026-05-06,IEX,IEX,IEX,20,Industrials,2026-04-30,Wikipedia,1349933445,momentum,2.0.0,0.17387284726298202,111.0,True,,0.17387284726298202,,20,0.0,111.0,392.0,False,False,False,False,,,0.0,True,,0.0,,not_selected_by_strategy_rule
R3,2026-04-09,2026-04-30,2026-04-30,2026-04-30,2026-05-01,2026-05-06,IFF,IFF,IFF,15,Materials,2026-04-30,Wikipedia,1349933445,momentum,2.0.0,0.19316695712102794,96.0,True,,0.19316695712102794,,15,0.0,96.0,407.0,False,False,False,False,,,0.0,True,,0.0,,not_selected_by_strategy_rule
R3,2026-04-09,2026-04-30,2026-04-30,2026-04-30,2026-05-01,2026-05-06,INCY,INCY,INCY,35,Health Care,2026-04-30,Wikipedia,1349933445,momentum,2.0.0,0.10977485504060036,153.0,True,,0.10977485504060036,,35,0.0,153.0,350.0,False,False,False,False,,,0.0,True,,0.0,,not_selected_by_strategy_rule
R3,2026-04-09,2026-04-30,2026-04-30,2026-04-30,2026-05-01,2026-05-06,INTC,INTC,INTC,45,Information Technology,2026-04-30,Wikipedia,1349933445,momentum,2.0.0,0.3153502852950183,58.0,True,,0.3153502852950183,,45,0.0,58.0,445.0,False,False,False,False,,,0.0,True,,0.0,,not_selected_by_strategy_rule
R3,2026-04-09,2026-04-30,2026-04-30,2026-04-30,2026-05-01,2026-05-06,INTU,INTU,INTU,45,Information Technology,2026-04-30,Wikipedia,1349933445,momentum,2.0.0,-0.36453112147800304,486.0,True,,-0.36453112147800304,,45,0.0,486.0,17.0,False,False,False,False,,,0.0,True,,0.0,,not_selected_by_strategy_rule
R3,2026-04-09,2026-04-30,2026-04-30,2026-04-30,2026-05-01,2026-05-06,INVH,INVH,INVH,60,Real Estate,2026-04-30,Wikipedia,1349933445,momentum,2.0.0,-0.13289327687310704,377.0,True,,-0.13289327687310704,,60,0.0,377.0,126.0,False,False,False,False,,,0.0,True,,0.0,,not_selected_by_strategy_rule
R3,2026-04-09,2026-04-30,2026-04-30,2026-04-30,2026-05-01,2026-05-06,IP,IP,IP,15,Materials,2026-04-30,Wikipedia,1349933445,momentum,2.0.0,-0.21331426636643647,435.0,True,,-0.21331426636643647,,15,0.0,435.0,68.0,False,False,False,False,,,0.0,True,,0.0,,not_selected_by_strategy_rule
R3,2026-04-09,2026-04-30,2026-04-30,2026-04-30,2026-05-01,2026-05-06,IQV,IQV,IQV,35,Health Care,2026-04-30,Wikipedia,1349933445,momentum,2.0.0,-0.10213756399870566,346.0,True,,-0.10213756399870566,,35,0.0,346.0,157.0,False,False,False,False,,,0.0,True,,0.0,,not_selected_by_strategy_rule
R3,2026-04-09,2026-04-30,2026-04-30,2026-04-30,2026-05-01,2026-05-06,IR,IR,IR,20,Industrials,2026-04-30,Wikipedia,1349933445,momentum,2.0.0,-0.029797389288705567,272.0,True,,-0.029797389288705567,,20,0.0,272.0,231.0,False,False,False,False,,,0.0,True,,0.0,,not_selected_by_strategy_rule
R3,2026-04-09,2026-04-30,2026-04-30,2026-04-30,2026-05-01,2026-05-06,IRM,IRM,IRM,60,Real Estate,2026-04-30,Wikipedia,1349933445,momentum,2.0.0,0.020711262145746367,232.0,True,,0.020711262145746367,,60,0.0,232.0,271.0,False,False,False,False,,,0.0,True,,0.0,,not_selected_by_strategy_rule
R3,2026-04-09,2026-04-30,2026-04-30,2026-04-30,2026-05-01,2026-05-06,ISRG,ISRG,ISRG,35,Health Care,2026-04-30,Wikipedia,1349933445,momentum,2.0.0,0.030767119625314088,223.0,True,,0.030767119625314088,,35,0.0,223.0,280.0,False,False,False,False,,,0.0,True,,0.0,,not_selected_by_strategy_rule
R3,2026-04-09,2026-04-30,2026-04-30,2026-04-30,2026-05-01,2026-05-06,IT,IT,IT,45,Information Technology,2026-04-30,Wikipedia,1349933445,momentum,2.0.0,-0.3976490307792542,488.0,True,,-0.3976490307792542,,45,-0.04500000000000001,488.0,15.0,False,True,False,True,,Short,-0.04500000000000001,True,Short,-0.04500000000000001,,selected_short
R3,2026-04-09,2026-04-30,2026-04-30,2026-04-30,2026-05-01,2026-05-06,ITW,ITW,ITW,20,Industrials,2026-04-30,Wikipedia,1349933445,momentum,2.0.0,0.010999624415866549,238.0,True,,0.010999624415866549,,20,0.0,238.0,265.0,False,False,False,False,,,0.0,True,,0.0,,not_selected_by_strategy_rule
R3,2026-04-09,2026-04-30,2026-04-30,2026-04-30,2026-05-01,2026-05-06,IVZ,IVZ,IVZ,40,Financials,2026-04-30,Wikipedia,1349933445,momentum,2.0.0,0.07682494283347774,175.0,True,,0.07682494283347774,,40,0.0,175.0,328.0,False,False,False,False,,,0.0,True,,0.0,,not_selected_by_strategy_rule
R3,2026-04-09,2026-04-30,2026-04-30,2026-04-30,2026-05-01,2026-05-06,J,J,J,20,Industrials,2026-04-30,Wikipedia,1349933445,momentum,2.0.0,-0.14641724672540624,389.0,True,,-0.14641724672540624,,20,0.0,389.0,114.0,False,False,False,False,,,0.0,True,,0.0,,not_selected_by_strategy_rule
R3,2026-04-09,2026-04-30,2026-04-30,2026-04-30,2026-05-01,2026-05-06,JBHT,JBHT,JBHT,20,Industrials,2026-04-30,Wikipedia,1349933445,momentum,2.0.0,0.5866311196029435,21.0,True,,0.5866311196029435,,20,0.0,21.0,482.0,False,False,False,False,,,0.0,True,,0.0,,not_selected_by_strategy_rule
R3,2026-04-09,2026-04-30,2026-04-30,2026-04-30,2026-05-01,2026-05-06,JBL,JBL,JBL,45,Information Technology,2026-04-30,Wikipedia,1349933445,momentum,2.0.0,0.22401270112816074,87.0,True,,0.22401270112816074,,45,0.0,87.0,416.0,False,False,False,False,,,0.0,True,,0.0,,not_selected_by_strategy_rule
R3,2026-04-09,2026-04-30,2026-04-30,2026-04-30,2026-05-01,2026-05-06,JCI,JCI,JCI,20,Industrials,2026-04-30,Wikipedia,1349933445,momentum,2.0.0,0.19466728595211702,95.0,True,,0.19466728595211702,,20,0.0,95.0,408.0,False,False,False,False,,,0.0,True,,0.0,,not_selected_by_strategy_rule
R3,2026-04-09,2026-04-30,2026-04-30,2026-04-30,2026-05-01,2026-05-06,JKHY,JKHY,JKHY,40,Financials,2026-04-30,Wikipedia,1349933445,momentum,2.0.0,0.06858477725385459,185.0,True,,0.06858477725385459,,40,0.0,185.0,318.0,False,False,False,False,,,0.0,True,,0.0,,not_selected_by_strategy_rule
R3,2026-04-09,2026-04-30,2026-04-30,2026-04-30,2026-05-01,2026-05-06,JNJ,JNJ,JNJ,35,Health Care,2026-04-30,Wikipedia,1349933445,momentum,2.0.0,0.3337272845538417,55.0,True,,0.3337272845538417,,35,0.0,55.0,448.0,False,False,False,False,,,0.0,True,,0.0,,not_selected_by_strategy_rule
R3,2026-04-09,2026-04-30,2026-04-30,2026-04-30,2026-05-01,2026-05-06,JPM,JPM,JPM,40,Financials,2026-04-30,Wikipedia,1349933445,momentum,2.0.0,-0.058670757384204686,307.0,True,,-0.058670757384204686,,40,0.0,307.0,196.0,False,False,False,False,,,0.0,True,,0.0,,not_selected_by_strategy_rule
R3,2026-04-09,2026-04-30,2026-04-30,2026-04-30,2026-05-01,2026-05-06,KDP,KDP,KDP,30,Consumer Staples,2026-04-30,Wikipedia,1349933445,momentum,2.0.0,0.04988160666881436,201.0,True,,0.04988160666881436,,30,0.0,201.0,302.0,False,False,False,False,,,0.0,True,,0.0,,not_selected_by_strategy_rule
R3,2026-04-09,2026-04-30,2026-04-30,2026-04-30,2026-05-01,2026-05-06,KEY,KEY,KEY,40,Financials,2026-04-30,Wikipedia,1349933445,momentum,2.0.0,0.09544809029869561,164.0,True,,0.09544809029869561,,40,0.0,164.0,339.0,False,False,False,False,,,0.0,True,,0.0,,not_selected_by_strategy_rule
R3,2026-04-09,2026-04-30,2026-04-30,2026-04-30,2026-05-01,2026-05-06,KEYS,KEYS,KEYS,45,Information Technology,2026-04-30,Wikipedia,1349933445,momentum,2.0.0,0.6142808030701117,18.0,True,,0.6142808030701117,,45,0.0,18.0,485.0,False,False,False,False,,,0.0,True,,0.0,,not_selected_by_strategy_rule
R3,2026-04-09,2026-04-30,2026-04-30,2026-04-30,2026-05-01,2026-05-06,KHC,KHC,KHC,30,Consumer Staples,2026-04-30,Wikipedia,1349933445,momentum,2.0.0,-0.10789231218450424,356.0,True,,-0.10789231218450424,,30,0.0,356.0,147.0,False,False,False,False,,,0.0,True,,0.0,,not_selected_by_strategy_rule
R3,2026-04-09,2026-04-30,2026-04-30,2026-04-30,2026-05-01,2026-05-06,KIM,KIM,KIM,60,Real Estate,2026-04-30,Wikipedia,1349933445,momentum,2.0.0,0.05332643113525459,195.0,True,,0.05332643113525459,,60,0.0,195.0,308.0,False,False,False,False,,,0.0,True,,0.0,,not_selected_by_strategy_rule
R3,2026-04-09,2026-04-30,2026-04-30,2026-04-30,2026-05-01,2026-05-06,KKR,KKR,KKR,40,Financials,2026-04-30,Wikipedia,1349933445,momentum,2.0.0,-0.28578909253822926,463.0,True,,-0.28578909253822926,,40,0.0,463.0,40.0,False,False,False,False,,,0.0,True,,0.0,,not_selected_by_strategy_rule
R3,2026-04-09,2026-04-30,2026-04-30,2026-04-30,2026-05-01,2026-05-06,KLAC,KLAC,KLAC,45,Information Technology,2026-04-30,Wikipedia,1349933445,momentum,2.0.0,0.3691794017311012,49.0,True,,0.3691794017311012,,45,0.0,49.0,454.0,False,False,False,False,,,0.0,True,,0.0,,not_selected_by_strategy_rule
R3,2026-04-09,2026-04-30,2026-04-30,2026-04-30,2026-05-01,2026-05-06,KMB,KMB,KMB,30,Consumer Staples,2026-04-30,Wikipedia,1349933445,momentum,2.0.0,-0.20501494923246588,429.0,True,,-0.20501494923246588,,30,0.0,429.0,74.0,False,False,False,False,,,0.0,True,,0.0,,not_selected_by_strategy_rule
R3,2026-04-09,2026-04-30,2026-04-30,2026-04-30,2026-05-01,2026-05-06,KMI,KMI,KMI,10,Energy,2026-04-30,Wikipedia,1349933445,momentum,2.0.0,0.20940933607223555,91.0,True,,0.20940933607223555,,10,0.0,91.0,412.0,False,False,False,False,,,0.0,True,,0.0,,not_selected_by_strategy_rule
R3,2026-04-09,2026-04-30,2026-04-30,2026-04-30,2026-05-01,2026-05-06,KO,KO,KO,30,Consumer Staples,2026-04-30,Wikipedia,1349933445,momentum,2.0.0,0.16270737590867013,119.0,True,,0.16270737590867013,,30,0.0,119.0,384.0,False,False,False,False,,,0.0,True,,0.0,,not_selected_by_strategy_rule
R3,2026-04-09,2026-04-30,2026-04-30,2026-04-30,2026-05-01,2026-05-06,KR,KR,KR,30,Consumer Staples,2026-04-30,Wikipedia,1349933445,momentum,2.0.0,0.0845687796775938,168.0,True,,0.0845687796775938,,30,0.0,168.0,335.0,False,False,False,False,,,0.0,True,,0.0,,not_selected_by_strategy_rule
R3,2026-04-09,2026-04-30,2026-04-30,2026-04-30,2026-05-01,2026-05-06,KVUE,KVUE,KVUE,30,Consumer Staples,2026-04-30,Wikipedia,1349933445,momentum,2.0.0,0.08796381210609505,167.0,True,,0.08796381210609505,,30,0.0,167.0,336.0,False,False,False,False,,,0.0,True,,0.0,,not_selected_by_strategy_rule
R3,2026-04-09,2026-04-30,2026-04-30,2026-04-30,2026-05-01,2026-05-06,L,L,L,40,Financials,2026-04-30,Wikipedia,1349933445,momentum,2.0.0,0.06448756683367729,188.0,True,,0.06448756683367729,,40,0.0,188.0,315.0,False,False,False,False,,,0.0,True,,0.0,,not_selected_by_strategy_rule
R3,2026-04-09,2026-04-30,2026-04-30,2026-04-30,2026-05-01,2026-05-06,LDOS,LDOS,LDOS,20,Industrials,2026-04-30,Wikipedia,1349933445,momentum,2.0.0,-0.17305395658653433,406.0,True,,-0.17305395658653433,,20,0.0,406.0,97.0,False,False,False,False,,,0.0,True,,0.0,,not_selected_by_strategy_rule
R3,2026-04-09,2026-04-30,2026-04-30,2026-04-30,2026-05-01,2026-05-06,LEN,LEN,LEN,25,Consumer Discretionary,2026-04-30,Wikipedia,1349933445,momentum,2.0.0,-0.30499015359235027,474.0,True,,-0.30499015359235027,,25,0.0,474.0,29.0,False,False,False,False,,,0.0,True,,0.0,,not_selected_by_strategy_rule
R3,2026-04-09,2026-04-30,2026-04-30,2026-04-30,2026-05-01,2026-05-06,LH,LH,LH,35,Health Care,2026-04-30,Wikipedia,1349933445,momentum,2.0.0,-0.06571728761606288,317.0,True,,-0.06571728761606288,,35,0.0,317.0,186.0,False,False,False,False,,,0.0,True,,0.0,,not_selected_by_strategy_rule
R3,2026-04-09,2026-04-30,2026-04-30,2026-04-30,2026-05-01,2026-05-06,LHX,LHX,LHX,20,Industrials,2026-04-30,Wikipedia,1349933445,momentum,2.0.0,0.1387788312878262,137.0,True,,0.1387788312878262,,20,0.0,137.0,366.0,False,False,False,False,,,0.0,True,,0.0,,not_selected_by_strategy_rule
R3,2026-04-09,2026-04-30,2026-04-30,2026-04-30,2026-05-01,2026-05-06,LII,LII,LII,20,Industrials,2026-04-30,Wikipedia,1349933445,momentum,2.0.0,-0.11832938141586102,362.0,True,,-0.11832938141586102,,20,0.0,362.0,141.0,False,False,False,False,,,0.0,True,,0.0,,not_selected_by_strategy_rule
R3,2026-04-09,2026-04-30,2026-04-30,2026-04-30,2026-05-01,2026-05-06,LIN,LIN,LIN,15,Materials,2026-04-30,Wikipedia,1349933445,momentum,2.0.0,0.05106768927073846,199.0,True,,0.05106768927073846,,15,0.0,199.0,304.0,False,False,False,False,,,0.0,True,,0.0,,not_selected_by_strategy_rule
R3,2026-04-09,2026-04-30,2026-04-30,2026-04-30,2026-05-01,2026-05-06,LITE,LITE,LITE,45,Information Technology,2026-04-30,Wikipedia,1349933445,momentum,2.0.0,3.319095204767952,2.0,True,,3.319095204767952,,45,0.10499999999999998,2.0,501.0,True,False,True,False,,Long,0.10499999999999998,True,Long,0.10499999999999998,,selected_long
R3,2026-04-09,2026-04-30,2026-04-30,2026-04-30,2026-05-01,2026-05-06,LLY,LLY,LLY,35,Health Care,2026-04-30,Wikipedia,1349933445,momentum,2.0.0,0.2092506232972624,92.0,True,,0.2092506232972624,,35,0.0,92.0,411.0,False,False,False,False,,,0.0,True,,0.0,,not_selected_by_strategy_rule
R3,2026-04-09,2026-04-30,2026-04-30,2026-04-30,2026-05-01,2026-05-06,LMT,LMT,LMT,20,Industrials,2026-04-30,Wikipedia,1349933445,momentum,2.0.0,0.22631373386154685,86.0,True,,0.22631373386154685,,20,0.0,86.0,417.0,False,False,False,False,,,0.0,True,,0.0,,not_selected_by_strategy_rule
R3,2026-04-09,2026-04-30,2026-04-30,2026-04-30,2026-05-01,2026-05-06,LNT,LNT,LNT,55,Utilities,2026-04-30,Wikipedia,1349933445,momentum,2.0.0,0.08125675028313983,170.0,True,,0.08125675028313983,,55,0.0,170.0,333.0,False,False,False,False,,,0.0,True,,0.0,,not_selected_by_strategy_rule
R3,2026-04-09,2026-04-30,2026-04-30,2026-04-30,2026-05-01,2026-05-06,LOW,LOW,LOW,25,Consumer Discretionary,2026-04-30,Wikipedia,1349933445,momentum,2.0.0,-0.050940885150704274,298.0,True,,-0.050940885150704274,,25,0.0,298.0,205.0,False,False,False,False,,,0.0,True,,0.0,,not_selected_by_strategy_rule
R3,2026-04-09,2026-04-30,2026-04-30,2026-04-30,2026-05-01,2026-05-06,LRCX,LRCX,LRCX,45,Information Technology,2026-04-30,Wikipedia,1349933445,momentum,2.0.0,0.600210373896785,20.0,True,,0.600210373896785,,45,0.10499999999999998,20.0,483.0,False,False,False,False,,,0.0,True,,0.0,,not_selected_by_strategy_rule
R3,2026-04-09,2026-04-30,2026-04-30,2026-04-30,2026-05-01,2026-05-06,LULU,LULU,LULU,25,Consumer Discretionary,2026-04-30,Wikipedia,1349933445,momentum,2.0.0,-0.1395491912232587,383.0,True,,-0.1395491912232587,,25,0.0,383.0,120.0,False,False,False,False,,,0.0,True,,0.0,,not_selected_by_strategy_rule
R3,2026-04-09,2026-04-30,2026-04-30,2026-04-30,2026-05-01,2026-05-06,LUV,LUV,LUV,20,Industrials,2026-04-30,Wikipedia,1349933445,momentum,2.0.0,0.18761322232313482,98.0,True,,0.18761322232313482,,20,0.0,98.0,405.0,False,False,False,False,,,0.0,True,,0.0,,not_selected_by_strategy_rule
R3,2026-04-09,2026-04-30,2026-04-30,2026-04-30,2026-05-01,2026-05-06,LVS,LVS,LVS,25,Consumer Discretionary,2026-04-30,Wikipedia,1349933445,momentum,2.0.0,0.010993729285728948,239.0,True,,0.010993729285728948,,25,0.0,239.0,264.0,False,False,False,False,,,0.0,True,,0.0,,not_selected_by_strategy_rule
R3,2026-04-09,2026-04-30,2026-04-30,2026-04-30,2026-05-01,2026-05-06,LYB,LYB,LYB,15,Materials,2026-04-30,Wikipedia,1349933445,momentum,2.0.0,0.7105202381349092,12.0,True,,0.7105202381349092,,15,0.0,12.0,491.0,False,False,False,False,,,0.0,True,,0.0,,not_selected_by_strategy_rule
R3,2026-04-09,2026-04-30,2026-04-30,2026-04-30,2026-05-01,2026-05-06,LYV,LYV,LYV,50,Communication Services,2026-04-30,Wikipedia,1349933445,momentum,2.0.0,-0.06664626558399611,319.0,True,,-0.06664626558399611,,50,0.0,319.0,184.0,False,False,False,False,,,0.0,True,,0.0,,not_selected_by_strategy_rule
R3,2026-04-09,2026-04-30,2026-04-30,2026-04-30,2026-05-01,2026-05-06,MA,MA,MA,40,Financials,2026-04-30,Wikipedia,1349933445,momentum,2.0.0,-0.11908859181737019,363.0,True,,-0.11908859181737019,,40,0.0,363.0,140.0,False,False,False,False,,,0.0,True,,0.0,,not_selected_by_strategy_rule
R3,2026-04-09,2026-04-30,2026-04-30,2026-04-30,2026-05-01,2026-05-06,MAA,MAA,MAA,60,Real Estate,2026-04-30,Wikipedia,1349933445,momentum,2.0.0,-0.1059787821328112,352.0,True,,-0.1059787821328112,,60,0.0,352.0,151.0,False,False,False,False,,,0.0,True,,0.0,,not_selected_by_strategy_rule
R3,2026-04-09,2026-04-30,2026-04-30,2026-04-30,2026-05-01,2026-05-06,MAR,MAR,MAR,25,Consumer Discretionary,2026-04-30,Wikipedia,1349933445,momentum,2.0.0,0.2612362086199522,73.0,True,,0.2612362086199522,,25,0.0,73.0,430.0,False,False,False,False,,,0.0,True,,0.0,,not_selected_by_strategy_rule
R3,2026-04-09,2026-04-30,2026-04-30,2026-04-30,2026-05-01,2026-05-06,MAS,MAS,MAS,20,Industrials,2026-04-30,Wikipedia,1349933445,momentum,2.0.0,-0.13435702355832968,378.0,True,,-0.13435702355832968,,20,0.0,378.0,125.0,False,False,False,False,,,0.0,True,,0.0,,not_selected_by_strategy_rule
R3,2026-04-09,2026-04-30,2026-04-30,2026-04-30,2026-05-01,2026-05-06,MCD,MCD,MCD,25,Consumer Discretionary,2026-04-30,Wikipedia,1349933445,momentum,2.0.0,0.03459005542344462,217.0,True,,0.03459005542344462,,25,0.0,217.0,286.0,False,False,False,False,,,0.0,True,,0.0,,not_selected_by_strategy_rule
R3,2026-04-09,2026-04-30,2026-04-30,2026-04-30,2026-05-01,2026-05-06,MCHP,MCHP,MCHP,45,Information Technology,2026-04-30,Wikipedia,1349933445,momentum,2.0.0,0.021124521493185,231.0,True,,0.021124521493185,,45,0.0,231.0,272.0,False,False,False,False,,,0.0,True,,0.0,,not_selected_by_strategy_rule
R3,2026-04-09,2026-04-30,2026-04-30,2026-04-30,2026-05-01,2026-05-06,MCK,MCK,MCK,35,Health Care,2026-04-30,Wikipedia,1349933445,momentum,2.0.0,0.12212441659470641,148.0,True,,0.12212441659470641,,35,0.0,148.0,355.0,False,False,False,False,,,0.0,True,,0.0,,not_selected_by_strategy_rule
R3,2026-04-09,2026-04-30,2026-04-30,2026-04-30,2026-05-01,2026-05-06,MCO,MCO,MCO,40,Financials,2026-04-30,Wikipedia,1349933445,momentum,2.0.0,-0.08063157163017132,331.0,True,,-0.08063157163017132,,40,0.0,331.0,172.0,False,False,False,False,,,0.0,True,,0.0,,not_selected_by_strategy_rule
R3,2026-04-09,2026-04-30,2026-04-30,2026-04-30,2026-05-01,2026-05-06,MDLZ,MDLZ,MDLZ,30,Consumer Staples,2026-04-30,Wikipedia,1349933445,momentum,2.0.0,-0.060760446425896286,309.0,True,,-0.060760446425896286,,30,0.0,309.0,194.0,False,False,False,False,,,0.0,True,,0.0,,not_selected_by_strategy_rule
R3,2026-04-09,2026-04-30,2026-04-30,2026-04-30,2026-05-01,2026-05-06,MDT,MDT,MDT,35,Health Care,2026-04-30,Wikipedia,1349933445,momentum,2.0.0,-0.07602052782047997,325.0,True,,-0.07602052782047997,,35,0.0,325.0,178.0,False,False,False,False,,,0.0,True,,0.0,,not_selected_by_strategy_rule
R3,2026-04-09,2026-04-30,2026-04-30,2026-04-30,2026-05-01,2026-05-06,MET,MET,MET,40,Financials,2026-04-30,Wikipedia,1349933445,momentum,2.0.0,-0.12903689237144833,374.0,True,,-0.12903689237144833,,40,0.0,374.0,129.0,False,False,False,False,,,0.0,True,,0.0,,not_selected_by_strategy_rule
R3,2026-04-09,2026-04-30,2026-04-30,2026-04-30,2026-05-01,2026-05-06,META,META,META,50,Communication Services,2026-04-30,Wikipedia,1349933445,momentum,2.0.0,-0.21963170957600797,439.0,True,,-0.21963170957600797,,50,0.0,439.0,64.0,False,False,False,False,,,0.0,True,,0.0,,not_selected_by_strategy_rule
R3,2026-04-09,2026-04-30,2026-04-30,2026-04-30,2026-05-01,2026-05-06,MGM,MGM,MGM,25,Consumer Discretionary,2026-04-30,Wikipedia,1349933445,momentum,2.0.0,0.06780145656280356,187.0,True,,0.06780145656280356,,25,0.0,187.0,316.0,False,False,False,False,,,0.0,True,,0.0,,not_selected_by_strategy_rule
R3,2026-04-09,2026-04-30,2026-04-30,2026-04-30,2026-05-01,2026-05-06,MKC,MKC,MKC,30,Consumer Staples,2026-04-30,Wikipedia,1349933445,momentum,2.0.0,-0.23560242610349502,447.0,True,,-0.23560242610349502,,30,0.0,447.0,56.0,False,False,False,False,,,0.0,True,,0.0,,not_selected_by_strategy_rule
R3,2026-04-09,2026-04-30,2026-04-30,2026-04-30,2026-05-01,2026-05-06,MLM,MLM,MLM,15,Materials,2026-04-30,Wikipedia,1349933445,momentum,2.0.0,-0.06360832623250157,313.0,True,,-0.06360832623250157,,15,0.0,313.0,190.0,False,False,False,False,,,0.0,True,,0.0,,not_selected_by_strategy_rule
R3,2026-04-09,2026-04-30,2026-04-30,2026-04-30,2026-05-01,2026-05-06,MMM,MMM,MMM,20,Industrials,2026-04-30,Wikipedia,1349933445,momentum,2.0.0,-0.05588026374519095,303.0,True,,-0.05588026374519095,,20,0.0,303.0,200.0,False,False,False,False,,,0.0,True,,0.0,,not_selected_by_strategy_rule
R3,2026-04-09,2026-04-30,2026-04-30,2026-04-30,2026-05-01,2026-05-06,MNST,MNST,MNST,30,Consumer Staples,2026-04-30,Wikipedia,1349933445,momentum,2.0.0,0.07651168790187213,176.0,True,,0.07651168790187213,,30,0.0,176.0,327.0,False,False,False,False,,,0.0,True,,0.0,,not_selected_by_strategy_rule
R3,2026-04-09,2026-04-30,2026-04-30,2026-04-30,2026-05-01,2026-05-06,MO,MO,MO,30,Consumer Staples,2026-04-30,Wikipedia,1349933445,momentum,2.0.0,0.03426694056314816,218.0,True,,0.03426694056314816,,30,0.0,218.0,285.0,False,False,False,False,,,0.0,True,,0.0,,not_selected_by_strategy_rule
R3,2026-04-09,2026-04-30,2026-04-30,2026-04-30,2026-05-01,2026-05-06,MOS,MOS,MOS,15,Materials,2026-04-30,Wikipedia,1349933445,momentum,2.0.0,-0.25170576616931306,453.0,True,,-0.25170576616931306,,15,0.0,453.0,50.0,False,False,False,False,,,0.0,True,,0.0,,not_selected_by_strategy_rule
R3,2026-04-09,2026-04-30,2026-04-30,2026-04-30,2026-05-01,2026-05-06,MPC,MPC,MPC,10,Energy,2026-04-30,Wikipedia,1349933445,momentum,2.0.0,0.27964769175008186,66.0,True,,0.27964769175008186,,10,0.0,66.0,437.0,False,False,False,False,,,0.0,True,,0.0,,not_selected_by_strategy_rule
R3,2026-04-09,2026-04-30,2026-04-30,2026-04-30,2026-05-01,2026-05-06,MPWR,MPWR,MPWR,45,Information Technology,2026-04-30,Wikipedia,1349933445,momentum,2.0.0,0.19198464868144405,97.0,True,,0.19198464868144405,,45,0.0,97.0,406.0,False,False,False,False,,,0.0,True,,0.0,,not_selected_by_strategy_rule
R3,2026-04-09,2026-04-30,2026-04-30,2026-04-30,2026-05-01,2026-05-06,MRK,MRK,MRK,35,Health Care,2026-04-30,Wikipedia,1349933445,momentum,2.0.0,0.4561742810790397,35.0,True,,0.4561742810790397,,35,0.0,35.0,468.0,False,False,False,False,,,0.0,True,,0.0,,not_selected_by_strategy_rule
R3,2026-04-09,2026-04-30,2026-04-30,2026-04-30,2026-05-01,2026-05-06,MRNA,MRNA,MRNA,35,Health Care,2026-04-30,Wikipedia,1349933445,momentum,2.0.0,0.9667053576116245,9.0,True,,0.9667053576116245,,35,0.0,9.0,494.0,False,False,True,False,,Long,0.10499999999999998,True,Long,0.10499999999999998,,selected_long
R3,2026-04-09,2026-04-30,2026-04-30,2026-04-30,2026-05-01,2026-05-06,MRSH,MRSH,MRSH,40,Financials,2026-04-30,Wikipedia,1349933445,momentum,2.0.0,-0.13107962163902587,375.0,True,,-0.13107962163902587,,40,0.0,375.0,128.0,False,False,False,False,,,0.0,True,,0.0,,not_selected_by_strategy_rule
R3,2026-04-09,2026-04-30,2026-04-30,2026-04-30,2026-05-01,2026-05-06,MS,MS,MS,40,Financials,2026-04-30,Wikipedia,1349933445,momentum,2.0.0,0.04733653110464475,206.0,True,,0.04733653110464475,,40,0.0,206.0,297.0,False,False,False,False,,,0.0,True,,0.0,,not_selected_by_strategy_rule
R3,2026-04-09,2026-04-30,2026-04-30,2026-04-30,2026-05-01,2026-05-06,MSCI,MSCI,MSCI,40,Financials,2026-04-30,Wikipedia,1349933445,momentum,2.0.0,-0.043304635028153626,285.0,True,,-0.043304635028153626,,40,0.0,285.0,218.0,False,False,False,False,,,0.0,True,,0.0,,not_selected_by_strategy_rule
R3,2026-04-09,2026-04-30,2026-04-30,2026-04-30,2026-05-01,2026-05-06,MSFT,MSFT,MSFT,45,Information Technology,2026-04-30,Wikipedia,1349933445,momentum,2.0.0,-0.2823452073830067,461.0,True,,-0.2823452073830067,,45,0.0,461.0,42.0,False,False,False,False,,,0.0,True,,0.0,,not_selected_by_strategy_rule
R3,2026-04-09,2026-04-30,2026-04-30,2026-04-30,2026-05-01,2026-05-06,MSI,MSI,MSI,45,Information Technology,2026-04-30,Wikipedia,1349933445,momentum,2.0.0,-0.04532123443883185,290.0,True,,-0.04532123443883185,,45,0.0,290.0,213.0,False,False,False,False,,,0.0,True,,0.0,,not_selected_by_strategy_rule
R3,2026-04-09,2026-04-30,2026-04-30,2026-04-30,2026-05-01,2026-05-06,MTB,MTB,MTB,40,Financials,2026-04-30,Wikipedia,1349933445,momentum,2.0.0,0.06170191997093677,190.0,True,,0.06170191997093677,,40,0.0,190.0,313.0,False,False,False,False,,,0.0,True,,0.0,,not_selected_by_strategy_rule
R3,2026-04-09,2026-04-30,2026-04-30,2026-04-30,2026-05-01,2026-05-06,MTD,MTD,MTD,35,Health Care,2026-04-30,Wikipedia,1349933445,momentum,2.0.0,0.027362082600438375,227.0,True,,0.027362082600438375,,35,0.0,227.0,276.0,False,False,False,False,,,0.0,True,,0.0,,not_selected_by_strategy_rule
R3,2026-04-09,2026-04-30,2026-04-30,2026-04-30,2026-05-01,2026-05-06,MU,MU,MU,45,Information Technology,2026-04-30,Wikipedia,1349933445,momentum,2.0.0,1.0220549838229411,8.0,True,,1.0220549838229411,,45,0.10499999999999998,8.0,495.0,True,False,True,False,,Long,0.10499999999999998,True,Long,0.10499999999999998,,selected_long
R3,2026-04-09,2026-04-30,2026-04-30,2026-04-30,2026-05-01,2026-05-06,NCLH,NCLH,NCLH,25,Consumer Discretionary,2026-04-30,Wikipedia,1349933445,momentum,2.0.0,-0.24076323994655702,449.0,True,,-0.24076323994655702,,25,0.0,449.0,54.0,False,False,False,False,,,0.0,True,,0.0,,not_selected_by_strategy_rule
R3,2026-04-09,2026-04-30,2026-04-30,2026-04-30,2026-05-01,2026-05-06,NDAQ,NDAQ,NDAQ,40,Financials,2026-04-30,Wikipedia,1349933445,momentum,2.0.0,-0.03432168057805851,276.0,True,,-0.03432168057805851,,40,0.0,276.0,227.0,False,False,False,False,,,0.0,True,,0.0,,not_selected_by_strategy_rule
R3,2026-04-09,2026-04-30,2026-04-30,2026-04-30,2026-05-01,2026-05-06,NDSN,NDSN,NDSN,20,Industrials,2026-04-30,Wikipedia,1349933445,momentum,2.0.0,0.18002644293391445,105.0,True,,0.18002644293391445,,20,0.0,105.0,398.0,False,False,False,False,,,0.0,True,,0.0,,not_selected_by_strategy_rule
R3,2026-04-09,2026-04-30,2026-04-30,2026-04-30,2026-05-01,2026-05-06,NEE,NEE,NEE,55,Utilities,2026-04-30,Wikipedia,1349933445,momentum,2.0.0,0.24713915033453726,81.0,True,,0.24713915033453726,,55,0.0,81.0,422.0,False,False,False,False,,,0.0,True,,0.0,,not_selected_by_strategy_rule
R3,2026-04-09,2026-04-30,2026-04-30,2026-04-30,2026-05-01,2026-05-06,NEM,NEM,NEM,15,Materials,2026-04-30,Wikipedia,1349933445,momentum,2.0.0,0.29028956532318784,63.0,True,,0.29028956532318784,,15,0.0,63.0,440.0,False,False,False,False,,,0.0,True,,0.0,,not_selected_by_strategy_rule
R3,2026-04-09,2026-04-30,2026-04-30,2026-04-30,2026-05-01,2026-05-06,NFLX,NFLX,NFLX,50,Communication Services,2026-04-30,Wikipedia,1349933445,momentum,2.0.0,-0.19802820124415155,422.0,True,,-0.19802820124415155,,50,0.0,422.0,81.0,False,False,False,False,,,0.0,True,,0.0,,not_selected_by_strategy_rule
R3,2026-04-09,2026-04-30,2026-04-30,2026-04-30,2026-05-01,2026-05-06,NI,NI,NI,55,Utilities,2026-04-30,Wikipedia,1349933445,momentum,2.0.0,0.09225009235837156,166.0,True,,0.09225009235837156,,55,0.0,166.0,337.0,False,False,False,False,,,0.0,True,,0.0,,not_selected_by_strategy_rule
R3,2026-04-09,2026-04-30,2026-04-30,2026-04-30,2026-05-01,2026-05-06,NKE,NKE,NKE,25,Consumer Discretionary,2026-04-30,Wikipedia,1349933445,momentum,2.0.0,-0.232610824376989,443.0,True,,-0.232610824376989,,25,0.0,443.0,60.0,False,False,False,False,,,0.0,True,,0.0,,not_selected_by_strategy_rule
R3,2026-04-09,2026-04-30,2026-04-30,2026-04-30,2026-05-01,2026-05-06,NOC,NOC,NOC,20,Industrials,2026-04-30,Wikipedia,1349933445,momentum,2.0.0,0.1278130794463661,142.0,True,,0.1278130794463661,,20,0.0,142.0,361.0,False,False,False,False,,,0.0,True,,0.0,,not_selected_by_strategy_rule
R3,2026-04-09,2026-04-30,2026-04-30,2026-04-30,2026-05-01,2026-05-06,NOW,NOW,NOW,45,Information Technology,2026-04-30,Wikipedia,1349933445,momentum,2.0.0,-0.4319663407308759,491.0,True,,-0.4319663407308759,,45,-0.04500000000000001,491.0,12.0,False,True,False,True,,Short,-0.04500000000000001,True,Short,-0.04500000000000001,,selected_short
R3,2026-04-09,2026-04-30,2026-04-30,2026-04-30,2026-05-01,2026-05-06,NRG,NRG,NRG,55,Utilities,2026-04-30,Wikipedia,1349933445,momentum,2.0.0,-0.09248224985861786,338.0,True,,-0.09248224985861786,,55,0.0,338.0,165.0,False,False,False,False,,,0.0,True,,0.0,,not_selected_by_strategy_rule
R3,2026-04-09,2026-04-30,2026-04-30,2026-04-30,2026-05-01,2026-05-06,NSC,NSC,NSC,20,Industrials,2026-04-30,Wikipedia,1349933445,momentum,2.0.0,-0.03580389139876694,278.0,True,,-0.03580389139876694,,20,0.0,278.0,225.0,False,False,False,False,,,0.0,True,,0.0,,not_selected_by_strategy_rule
R3,2026-04-09,2026-04-30,2026-04-30,2026-04-30,2026-05-01,2026-05-06,NTAP,NTAP,NTAP,45,Information Technology,2026-04-30,Wikipedia,1349933445,momentum,2.0.0,-0.1276621539175331,373.0,True,,-0.1276621539175331,,45,0.0,373.0,130.0,False,False,False,False,,,0.0,True,,0.0,,not_selected_by_strategy_rule
R3,2026-04-09,2026-04-30,2026-04-30,2026-04-30,2026-05-01,2026-05-06,NTRS,NTRS,NTRS,40,Financials,2026-04-30,Wikipedia,1349933445,momentum,2.0.0,0.049037431013130295,203.0,True,,0.049037431013130295,,40,0.0,203.0,300.0,False,False,False,False,,,0.0,True,,0.0,,not_selected_by_strategy_rule
R3,2026-04-09,2026-04-30,2026-04-30,2026-04-30,2026-05-01,2026-05-06,NUE,NUE,NUE,15,Materials,2026-04-30,Wikipedia,1349933445,momentum,2.0.0,0.25714621018620454,75.0,True,,0.25714621018620454,,15,0.0,75.0,428.0,False,False,False,False,,,0.0,True,,0.0,,not_selected_by_strategy_rule
R3,2026-04-09,2026-04-30,2026-04-30,2026-04-30,2026-05-01,2026-05-06,NVDA,NVDA,NVDA,45,Information Technology,2026-04-30,Wikipedia,1349933445,momentum,2.0.0,-0.06517769997939082,316.0,True,,-0.06517769997939082,,45,0.0,316.0,187.0,False,False,False,False,,,0.0,True,,0.0,,not_selected_by_strategy_rule
R3,2026-04-09,2026-04-30,2026-04-30,2026-04-30,2026-05-01,2026-05-06,NVR,NVR,NVR,25,Consumer Discretionary,2026-04-30,Wikipedia,1349933445,momentum,2.0.0,-0.1798246658884627,410.0,True,,-0.1798246658884627,,25,0.0,410.0,93.0,False,False,False,False,,,0.0,True,,0.0,,not_selected_by_strategy_rule
R3,2026-04-09,2026-04-30,2026-04-30,2026-04-30,2026-05-01,2026-05-06,NWS,NWS,NWS,50,Communication Services,2026-04-30,Wikipedia,1349933445,momentum,2.0.0,-0.17177637220613917,404.0,True,,-0.17177637220613917,,50,0.0,404.0,99.0,False,False,False,False,,,0.0,True,,0.0,,not_selected_by_strategy_rule
R3,2026-04-09,2026-04-30,2026-04-30,2026-04-30,2026-05-01,2026-05-06,NWSA,NWSA,NWSA,50,Communication Services,2026-04-30,Wikipedia,1349933445,momentum,2.0.0,-0.1848199812366772,415.0,True,,-0.1848199812366772,,50,0.0,415.0,88.0,False,False,False,False,,,0.0,True,,0.0,,not_selected_by_strategy_rule
R3,2026-04-09,2026-04-30,2026-04-30,2026-04-30,2026-05-01,2026-05-06,NXPI,NXPI,NXPI,45,Information Technology,2026-04-30,Wikipedia,1349933445,momentum,2.0.0,-0.1271880385735885,372.0,True,,-0.1271880385735885,,45,0.0,372.0,131.0,False,False,False,False,,,0.0,True,,0.0,,not_selected_by_strategy_rule
R3,2026-04-09,2026-04-30,2026-04-30,2026-04-30,2026-05-01,2026-05-06,O,O,O,60,Real Estate,2026-04-30,Wikipedia,1349933445,momentum,2.0.0,0.038687377036563,212.0,True,,0.038687377036563,,60,0.0,212.0,291.0,False,False,False,False,,,0.0,True,,0.0,,not_selected_by_strategy_rule
R3,2026-04-09,2026-04-30,2026-04-30,2026-04-30,2026-05-01,2026-05-06,ODFL,ODFL,ODFL,20,Industrials,2026-04-30,Wikipedia,1349933445,momentum,2.0.0,0.39267615599834826,43.0,True,,0.39267615599834826,,20,0.0,43.0,460.0,False,False,False,False,,,0.0,True,,0.0,,not_selected_by_strategy_rule
R3,2026-04-09,2026-04-30,2026-04-30,2026-04-30,2026-05-01,2026-05-06,OKE,OKE,OKE,10,Energy,2026-04-30,Wikipedia,1349933445,momentum,2.0.0,0.2753002109487668,67.0,True,,0.2753002109487668,,10,0.0,67.0,436.0,False,False,False,False,,,0.0,True,,0.0,,not_selected_by_strategy_rule
R3,2026-04-09,2026-04-30,2026-04-30,2026-04-30,2026-05-01,2026-05-06,OMC,OMC,OMC,50,Communication Services,2026-04-30,Wikipedia,1349933445,momentum,2.0.0,-0.057844560918608234,304.0,True,,-0.057844560918608234,,50,0.0,304.0,199.0,False,False,False,False,,,0.0,True,,0.0,,not_selected_by_strategy_rule
R3,2026-04-09,2026-04-30,2026-04-30,2026-04-30,2026-05-01,2026-05-06,ON,ON,ON,45,Information Technology,2026-04-30,Wikipedia,1349933445,momentum,2.0.0,0.25572898893660456,77.0,True,,0.25572898893660456,,45,0.0,77.0,426.0,False,False,False,False,,,0.0,True,,0.0,,not_selected_by_strategy_rule
R3,2026-04-09,2026-04-30,2026-04-30,2026-04-30,2026-05-01,2026-05-06,ORCL,ORCL,ORCL,45,Information Technology,2026-04-30,Wikipedia,1349933445,momentum,2.0.0,-0.474630806428442,495.0,True,,-0.474630806428442,,45,0.0,495.0,8.0,False,False,False,False,,,0.0,True,,0.0,,not_selected_by_strategy_rule
R3,2026-04-09,2026-04-30,2026-04-30,2026-04-30,2026-05-01,2026-05-06,ORLY,ORLY,ORLY,25,Consumer Discretionary,2026-04-30,Wikipedia,1349933445,momentum,2.0.0,-0.14377145302851801,387.0,True,,-0.14377145302851801,,25,0.0,387.0,116.0,False,False,False,False,,,0.0,True,,0.0,,not_selected_by_strategy_rule
R3,2026-04-09,2026-04-30,2026-04-30,2026-04-30,2026-05-01,2026-05-06,OTIS,OTIS,OTIS,20,Industrials,2026-04-30,Wikipedia,1349933445,momentum,2.0.0,-0.14912883087497442,390.0,True,,-0.14912883087497442,,20,0.0,390.0,113.0,False,False,False,False,,,0.0,True,,0.0,,not_selected_by_strategy_rule
R3,2026-04-09,2026-04-30,2026-04-30,2026-04-30,2026-05-01,2026-05-06,OXY,OXY,OXY,10,Energy,2026-04-30,Wikipedia,1349933445,momentum,2.0.0,0.3902232988883432,45.0,True,,0.3902232988883432,,10,0.0,45.0,458.0,False,False,False,False,,,0.0,True,,0.0,,not_selected_by_strategy_rule
R3,2026-04-09,2026-04-30,2026-04-30,2026-04-30,2026-05-01,2026-05-06,PANW,PANW,PANW,45,Information Technology,2026-04-30,Wikipedia,1349933445,momentum,2.0.0,-0.21265096174886322,433.0,True,,-0.21265096174886322,,45,0.0,433.0,70.0,False,False,False,False,,,0.0,True,,0.0,,not_selected_by_strategy_rule
R3,2026-04-09,2026-04-30,2026-04-30,2026-04-30,2026-05-01,2026-05-06,PAYX,PAYX,PAYX,20,Industrials,2026-04-30,Wikipedia,1349933445,momentum,2.0.0,-0.2586183050367754,454.0,True,,-0.2586183050367754,,20,0.0,454.0,49.0,False,False,False,False,,,0.0,True,,0.0,,not_selected_by_strategy_rule
R3,2026-04-09,2026-04-30,2026-04-30,2026-04-30,2026-05-01,2026-05-06,PCAR,PCAR,PCAR,20,Industrials,2026-04-30,Wikipedia,1349933445,momentum,2.0.0,0.19679992137992852,94.0,True,,0.19679992137992852,,20,0.0,94.0,409.0,False,False,False,False,,,0.0,True,,0.0,,not_selected_by_strategy_rule
R3,2026-04-09,2026-04-30,2026-04-30,2026-04-30,2026-05-01,2026-05-06,PCG,PCG,PCG,55,Utilities,2026-04-30,Wikipedia,1349933445,momentum,2.0.0,0.17210629119548826,114.0,True,,0.17210629119548826,,55,0.0,114.0,389.0,False,False,False,False,,,0.0,True,,0.0,,not_selected_by_strategy_rule
R3,2026-04-09,2026-04-30,2026-04-30,2026-04-30,2026-05-01,2026-05-06,PEG,PEG,PEG,55,Utilities,2026-04-30,Wikipedia,1349933445,momentum,2.0.0,-0.01445271645416002,262.0,True,,-0.01445271645416002,,55,0.0,262.0,241.0,False,False,False,False,,,0.0,True,,0.0,,not_selected_by_strategy_rule
R3,2026-04-09,2026-04-30,2026-04-30,2026-04-30,2026-05-01,2026-05-06,PEP,PEP,PEP,30,Consumer Staples,2026-04-30,Wikipedia,1349933445,momentum,2.0.0,0.1265296261518054,145.0,True,,0.1265296261518054,,30,0.0,145.0,358.0,False,False,False,False,,,0.0,True,,0.0,,not_selected_by_strategy_rule
R3,2026-04-09,2026-04-30,2026-04-30,2026-04-30,2026-05-01,2026-05-06,PFE,PFE,PFE,35,Health Care,2026-04-30,Wikipedia,1349933445,momentum,2.0.0,0.14023159289265696,135.0,True,,0.14023159289265696,,35,0.0,135.0,368.0,False,False,False,False,,,0.0,True,,0.0,,not_selected_by_strategy_rule
R3,2026-04-09,2026-04-30,2026-04-30,2026-04-30,2026-05-01,2026-05-06,PFG,PFG,PFG,40,Financials,2026-04-30,Wikipedia,1349933445,momentum,2.0.0,0.10698954685988382,155.0,True,,0.10698954685988382,,40,0.0,155.0,348.0,False,False,False,False,,,0.0,True,,0.0,,not_selected_by_strategy_rule
R3,2026-04-09,2026-04-30,2026-04-30,2026-04-30,2026-05-01,2026-05-06,PG,PG,PG,30,Consumer Staples,2026-04-30,Wikipedia,1349933445,momentum,2.0.0,-0.04664652276422154,293.0,True,,-0.04664652276422154,,30,0.0,293.0,210.0,False,False,False,False,,,0.0,True,,0.0,,not_selected_by_strategy_rule
R3,2026-04-09,2026-04-30,2026-04-30,2026-04-30,2026-05-01,2026-05-06,PGR,PGR,PGR,40,Financials,2026-04-30,Wikipedia,1349933445,momentum,2.0.0,-0.1459122659560067,388.0,True,,-0.1459122659560067,,40,0.0,388.0,115.0,False,False,False,False,,,0.0,True,,0.0,,not_selected_by_strategy_rule
R3,2026-04-09,2026-04-30,2026-04-30,2026-04-30,2026-05-01,2026-05-06,PH,PH,PH,20,Industrials,2026-04-30,Wikipedia,1349933445,momentum,2.0.0,0.18558080850513559,99.0,True,,0.18558080850513559,,20,0.0,99.0,404.0,False,False,False,False,,,0.0,True,,0.0,,not_selected_by_strategy_rule
R3,2026-04-09,2026-04-30,2026-04-30,2026-04-30,2026-05-01,2026-05-06,PHM,PHM,PHM,25,Consumer Discretionary,2026-04-30,Wikipedia,1349933445,momentum,2.0.0,-0.10615642422574456,353.0,True,,-0.10615642422574456,,25,0.0,353.0,150.0,False,False,False,False,,,0.0,True,,0.0,,not_selected_by_strategy_rule
R3,2026-04-09,2026-04-30,2026-04-30,2026-04-30,2026-05-01,2026-05-06,PKG,PKG,PKG,15,Materials,2026-04-30,Wikipedia,1349933445,momentum,2.0.0,-0.014473416979440268,263.0,True,,-0.014473416979440268,,15,0.0,263.0,240.0,False,False,False,False,,,0.0,True,,0.0,,not_selected_by_strategy_rule
R3,2026-04-09,2026-04-30,2026-04-30,2026-04-30,2026-05-01,2026-05-06,PLD,PLD,PLD,60,Real Estate,2026-04-30,Wikipedia,1349933445,momentum,2.0.0,0.17255840623412122,113.0,True,,0.17255840623412122,,60,0.0,113.0,390.0,False,False,False,False,,,0.0,True,,0.0,,not_selected_by_strategy_rule
R3,2026-04-09,2026-04-30,2026-04-30,2026-04-30,2026-05-01,2026-05-06,PLTR,PLTR,PLTR,45,Information Technology,2026-04-30,Wikipedia,1349933445,momentum,2.0.0,-0.1981142405021733,423.0,True,,-0.1981142405021733,,45,0.0,423.0,80.0,False,False,False,False,,,0.0,True,,0.0,,not_selected_by_strategy_rule
R3,2026-04-09,2026-04-30,2026-04-30,2026-04-30,2026-05-01,2026-05-06,PM,PM,PM,30,Consumer Staples,2026-04-30,Wikipedia,1349933445,momentum,2.0.0,0.0475910659510137,205.0,True,,0.0475910659510137,,30,0.0,205.0,298.0,False,False,False,False,,,0.0,True,,0.0,,not_selected_by_strategy_rule
R3,2026-04-09,2026-04-30,2026-04-30,2026-04-30,2026-05-01,2026-05-06,PNC,PNC,PNC,40,Financials,2026-04-30,Wikipedia,1349933445,momentum,2.0.0,0.05316174484794112,196.0,True,,0.05316174484794112,,40,0.0,196.0,307.0,False,False,False,False,,,0.0,True,,0.0,,not_selected_by_strategy_rule
R3,2026-04-09,2026-04-30,2026-04-30,2026-04-30,2026-05-01,2026-05-06,PNR,PNR,PNR,20,Industrials,2026-04-30,Wikipedia,1349933445,momentum,2.0.0,-0.20977149362329273,431.0,True,,-0.20977149362329273,,20,0.0,431.0,72.0,False,False,False,False,,,0.0,True,,0.0,,not_selected_by_strategy_rule
R3,2026-04-09,2026-04-30,2026-04-30,2026-04-30,2026-05-01,2026-05-06,PNW,PNW,PNW,55,Utilities,2026-04-30,Wikipedia,1349933445,momentum,2.0.0,0.1465126303808837,131.0,True,,0.1465126303808837,,55,0.0,131.0,372.0,False,False,False,False,,,0.0,True,,0.0,,not_selected_by_strategy_rule
R3,2026-04-09,2026-04-30,2026-04-30,2026-04-30,2026-05-01,2026-05-06,PODD,PODD,PODD,35,Health Care,2026-04-30,Wikipedia,1349933445,momentum,2.0.0,-0.32031228299608594,478.0,True,,-0.32031228299608594,,35,0.0,478.0,25.0,False,False,False,False,,,0.0,True,,0.0,,not_selected_by_strategy_rule
R3,2026-04-09,2026-04-30,2026-04-30,2026-04-30,2026-05-01,2026-05-06,POOL,POOL,POOL,25,Consumer Discretionary,2026-04-30,Wikipedia,1349933445,momentum,2.0.0,-0.34033663724975316,483.0,True,,-0.34033663724975316,,25,0.0,483.0,20.0,False,False,False,False,,,0.0,True,,0.0,,not_selected_by_strategy_rule
R3,2026-04-09,2026-04-30,2026-04-30,2026-04-30,2026-05-01,2026-05-06,PPG,PPG,PPG,15,Materials,2026-04-30,Wikipedia,1349933445,momentum,2.0.0,0.03028342510309412,224.0,True,,0.03028342510309412,,15,0.0,224.0,279.0,False,False,False,False,,,0.0,True,,0.0,,not_selected_by_strategy_rule
R3,2026-04-09,2026-04-30,2026-04-30,2026-04-30,2026-05-01,2026-05-06,PPL,PPL,PPL,55,Utilities,2026-04-30,Wikipedia,1349933445,momentum,2.0.0,0.04412517473401745,208.0,True,,0.04412517473401745,,55,0.0,208.0,295.0,False,False,False,False,,,0.0,True,,0.0,,not_selected_by_strategy_rule
R3,2026-04-09,2026-04-30,2026-04-30,2026-04-30,2026-05-01,2026-05-06,PRU,PRU,PRU,40,Financials,2026-04-30,Wikipedia,1349933445,momentum,2.0.0,-0.03293271974648282,275.0,True,,-0.03293271974648282,,40,0.0,275.0,228.0,False,False,False,False,,,0.0,True,,0.0,,not_selected_by_strategy_rule
R3,2026-04-09,2026-04-30,2026-04-30,2026-04-30,2026-05-01,2026-05-06,PSA,PSA,PSA,60,Real Estate,2026-04-30,Wikipedia,1349933445,momentum,2.0.0,-0.04221672490996142,283.0,True,,-0.04221672490996142,,60,0.0,283.0,220.0,False,False,False,False,,,0.0,True,,0.0,,not_selected_by_strategy_rule
R3,2026-04-09,2026-04-30,2026-04-30,2026-04-30,2026-05-01,2026-05-06,PSKY,PSKY,PSKY,50,Communication Services,2026-04-30,Wikipedia,1349933445,momentum,2.0.0,-0.5189546852642781,498.0,True,,-0.5189546852642781,,50,0.0,498.0,5.0,False,False,False,True,,Short,-0.04500000000000001,True,Short,-0.04500000000000001,,selected_short
R3,2026-04-09,2026-04-30,2026-04-30,2026-04-30,2026-05-01,2026-05-06,PSX,PSX,PSX,10,Energy,2026-04-30,Wikipedia,1349933445,momentum,2.0.0,0.3618556106848496,52.0,True,,0.3618556106848496,,10,0.0,52.0,451.0,False,False,False,False,,,0.0,True,,0.0,,not_selected_by_strategy_rule
R3,2026-04-09,2026-04-30,2026-04-30,2026-04-30,2026-05-01,2026-05-06,PTC,PTC,PTC,45,Information Technology,2026-04-30,Wikipedia,1349933445,momentum,2.0.0,-0.29814795343055567,471.0,True,,-0.29814795343055567,,45,0.0,471.0,32.0,False,False,False,False,,,0.0,True,,0.0,,not_selected_by_strategy_rule
R3,2026-04-09,2026-04-30,2026-04-30,2026-04-30,2026-05-01,2026-05-06,PWR,PWR,PWR,20,Industrials,2026-04-30,Wikipedia,1349933445,momentum,2.0.0,0.32545641225807986,57.0,True,,0.32545641225807986,,20,0.0,57.0,446.0,False,False,False,False,,,0.0,True,,0.0,,not_selected_by_strategy_rule
R3,2026-04-09,2026-04-30,2026-04-30,2026-04-30,2026-05-01,2026-05-06,PYPL,PYPL,PYPL,40,Financials,2026-04-30,Wikipedia,1349933445,momentum,2.0.0,-0.32192334345824813,480.0,True,,-0.32192334345824813,,40,0.0,480.0,23.0,False,False,False,False,,,0.0,True,,0.0,,not_selected_by_strategy_rule
R3,2026-04-09,2026-04-30,2026-04-30,2026-04-30,2026-05-01,2026-05-06,Q,Q,Q,45,Information Technology,2026-04-30,Wikipedia,1349933445,momentum,2.0.0,,,False,insufficient_signal_history,,,45,0.0,,,False,False,False,False,,,0.0,True,,0.0,,excluded_by_strategy_rule
R3,2026-04-09,2026-04-30,2026-04-30,2026-04-30,2026-05-01,2026-05-06,QCOM,QCOM,QCOM,45,Information Technology,2026-04-30,Wikipedia,1349933445,momentum,2.0.0,-0.2169447712186976,438.0,True,,-0.2169447712186976,,45,0.0,438.0,65.0,False,False,False,False,,,0.0,True,,0.0,,not_selected_by_strategy_rule
R3,2026-04-09,2026-04-30,2026-04-30,2026-04-30,2026-05-01,2026-05-06,RCL,RCL,RCL,25,Consumer Discretionary,2026-04-30,Wikipedia,1349933445,momentum,2.0.0,-0.1421292401985872,386.0,True,,-0.1421292401985872,,25,0.0,386.0,117.0,False,False,False,False,,,0.0,True,,0.0,,not_selected_by_strategy_rule
R3,2026-04-09,2026-04-30,2026-04-30,2026-04-30,2026-05-01,2026-05-06,REG,REG,REG,60,Real Estate,2026-04-30,Wikipedia,1349933445,momentum,2.0.0,0.0597915903429973,192.0,True,,0.0597915903429973,,60,0.0,192.0,311.0,False,False,False,False,,,0.0,True,,0.0,,not_selected_by_strategy_rule
R3,2026-04-09,2026-04-30,2026-04-30,2026-04-30,2026-05-01,2026-05-06,REGN,REGN,REGN,35,Health Care,2026-04-30,Wikipedia,1349933445,momentum,2.0.0,0.3775220578110716,48.0,True,,0.3775220578110716,,35,0.0,48.0,455.0,False,False,False,False,,,0.0,True,,0.0,,not_selected_by_strategy_rule
R3,2026-04-09,2026-04-30,2026-04-30,2026-04-30,2026-05-01,2026-05-06,RF,RF,RF,40,Financials,2026-04-30,Wikipedia,1349933445,momentum,2.0.0,0.010564621983173428,240.0,True,,0.010564621983173428,,40,0.0,240.0,263.0,False,False,False,False,,,0.0,True,,0.0,,not_selected_by_strategy_rule
R3,2026-04-09,2026-04-30,2026-04-30,2026-04-30,2026-05-01,2026-05-06,RJF,RJF,RJF,40,Financials,2026-04-30,Wikipedia,1349933445,momentum,2.0.0,-0.15584840023227642,394.0,True,,-0.15584840023227642,,40,0.0,394.0,109.0,False,False,False,False,,,0.0,True,,0.0,,not_selected_by_strategy_rule
R3,2026-04-09,2026-04-30,2026-04-30,2026-04-30,2026-05-01,2026-05-06,RL,RL,RL,25,Consumer Discretionary,2026-04-30,Wikipedia,1349933445,momentum,2.0.0,0.10284226336719615,158.0,True,,0.10284226336719615,,25,0.0,158.0,345.0,False,False,False,False,,,0.0,True,,0.0,,not_selected_by_strategy_rule
R3,2026-04-09,2026-04-30,2026-04-30,2026-04-30,2026-05-01,2026-05-06,RMD,RMD,RMD,35,Health Care,2026-04-30,Wikipedia,1349933445,momentum,2.0.0,-0.17606720249779118,407.0,True,,-0.17606720249779118,,35,0.0,407.0,96.0,False,False,False,False,,,0.0,True,,0.0,,not_selected_by_strategy_rule
R3,2026-04-09,2026-04-30,2026-04-30,2026-04-30,2026-05-01,2026-05-06,ROK,ROK,ROK,20,Industrials,2026-04-30,Wikipedia,1349933445,momentum,2.0.0,0.034099519633855824,219.0,True,,0.034099519633855824,,20,0.0,219.0,284.0,False,False,False,False,,,0.0,True,,0.0,,not_selected_by_strategy_rule
R3,2026-04-09,2026-04-30,2026-04-30,2026-04-30,2026-05-01,2026-05-06,ROL,ROL,ROL,20,Industrials,2026-04-30,Wikipedia,1349933445,momentum,2.0.0,-0.08512415523301253,335.0,True,,-0.08512415523301253,,20,0.0,335.0,168.0,False,False,False,False,,,0.0,True,,0.0,,not_selected_by_strategy_rule
R3,2026-04-09,2026-04-30,2026-04-30,2026-04-30,2026-05-01,2026-05-06,ROP,ROP,ROP,45,Information Technology,2026-04-30,Wikipedia,1349933445,momentum,2.0.0,-0.2877865362126508,465.0,True,,-0.2877865362126508,,45,0.0,465.0,38.0,False,False,False,False,,,0.0,True,,0.0,,not_selected_by_strategy_rule
R3,2026-04-09,2026-04-30,2026-04-30,2026-04-30,2026-05-01,2026-05-06,ROST,ROST,ROST,25,Consumer Discretionary,2026-04-30,Wikipedia,1349933445,momentum,2.0.0,0.4278164259216499,37.0,True,,0.4278164259216499,,25,0.0,37.0,466.0,False,False,False,False,,,0.0,True,,0.0,,not_selected_by_strategy_rule
R3,2026-04-09,2026-04-30,2026-04-30,2026-04-30,2026-05-01,2026-05-06,RSG,RSG,RSG,20,Industrials,2026-04-30,Wikipedia,1349933445,momentum,2.0.0,-0.0401188335506365,280.0,True,,-0.0401188335506365,,20,0.0,280.0,223.0,False,False,False,False,,,0.0,True,,0.0,,not_selected_by_strategy_rule
R3,2026-04-09,2026-04-30,2026-04-30,2026-04-30,2026-05-01,2026-05-06,RTX,RTX,RTX,20,Industrials,2026-04-30,Wikipedia,1349933445,momentum,2.0.0,0.16121231751613707,120.0,True,,0.16121231751613707,,20,0.0,120.0,383.0,False,False,False,False,,,0.0,True,,0.0,,not_selected_by_strategy_rule
R3,2026-04-09,2026-04-30,2026-04-30,2026-04-30,2026-05-01,2026-05-06,RVTY,RVTY,RVTY,35,Health Care,2026-04-30,Wikipedia,1349933445,momentum,2.0.0,0.0008959756944006969,248.0,True,,0.0008959756944006969,,35,0.0,248.0,255.0,False,False,False,False,,,0.0,True,,0.0,,not_selected_by_strategy_rule
R3,2026-04-09,2026-04-30,2026-04-30,2026-04-30,2026-05-01,2026-05-06,SATS,SATS,ECHO,50,Communication Services,2026-04-30,Wikipedia,1349933445,momentum,2.0.0,0.5331325138694918,23.0,True,,0.5331325138694918,,50,0.0,23.0,480.0,False,False,False,False,,,0.0,True,,0.0,,not_selected_by_strategy_rule
R3,2026-04-09,2026-04-30,2026-04-30,2026-04-30,2026-05-01,2026-05-06,SBAC,SBAC,SBAC,60,Real Estate,2026-04-30,Wikipedia,1349933445,momentum,2.0.0,-0.09882721785625315,343.0,True,,-0.09882721785625315,,60,0.0,343.0,160.0,False,False,False,False,,,0.0,True,,0.0,,not_selected_by_strategy_rule
R3,2026-04-09,2026-04-30,2026-04-30,2026-04-30,2026-05-01,2026-05-06,SBUX,SBUX,SBUX,25,Consumer Discretionary,2026-04-30,Wikipedia,1349933445,momentum,2.0.0,0.07351259067990035,180.0,True,,0.07351259067990035,,25,0.0,180.0,323.0,False,False,False,False,,,0.0,True,,0.0,,not_selected_by_strategy_rule
R3,2026-04-09,2026-04-30,2026-04-30,2026-04-30,2026-05-01,2026-05-06,SCHW,SCHW,SCHW,40,Financials,2026-04-30,Wikipedia,1349933445,momentum,2.0.0,-0.009478108739054525,258.0,True,,-0.009478108739054525,,40,0.0,258.0,245.0,False,False,False,False,,,0.0,True,,0.0,,not_selected_by_strategy_rule
R3,2026-04-09,2026-04-30,2026-04-30,2026-04-30,2026-05-01,2026-05-06,SHW,SHW,SHW,15,Materials,2026-04-30,Wikipedia,1349933445,momentum,2.0.0,-0.07003540152122445,323.0,True,,-0.07003540152122445,,15,0.0,323.0,180.0,False,False,False,False,,,0.0,True,,0.0,,not_selected_by_strategy_rule
R3,2026-04-09,2026-04-30,2026-04-30,2026-04-30,2026-05-01,2026-05-06,SJM,SJM,SJM,30,Consumer Staples,2026-04-30,Wikipedia,1349933445,momentum,2.0.0,-0.09404806488232476,340.0,True,,-0.09404806488232476,,30,0.0,340.0,163.0,False,False,False,False,,,0.0,True,,0.0,,not_selected_by_strategy_rule
R3,2026-04-09,2026-04-30,2026-04-30,2026-04-30,2026-05-01,2026-05-06,SLB,SLB,SLB,10,Energy,2026-04-30,Wikipedia,1349933445,momentum,2.0.0,0.5158985754887278,28.0,True,,0.5158985754887278,,10,0.0,28.0,475.0,False,False,False,False,,,0.0,True,,0.0,,not_selected_by_strategy_rule
R3,2026-04-09,2026-04-30,2026-04-30,2026-04-30,2026-05-01,2026-05-06,SMCI,SMCI,SMCI,45,Information Technology,2026-04-30,Wikipedia,1349933445,momentum,2.0.0,-0.5250312659567382,500.0,True,,-0.5250312659567382,,45,0.0,500.0,3.0,False,False,False,True,,Short,-0.04500000000000001,True,Short,-0.04500000000000001,,selected_short
R3,2026-04-09,2026-04-30,2026-04-30,2026-04-30,2026-05-01,2026-05-06,SNA,SNA,SNA,20,Industrials,2026-04-30,Wikipedia,1349933445,momentum,2.0.0,0.06267034409099348,189.0,True,,0.06267034409099348,,20,0.0,189.0,314.0,False,False,False,False,,,0.0,True,,0.0,,not_selected_by_strategy_rule
R3,2026-04-09,2026-04-30,2026-04-30,2026-04-30,2026-05-01,2026-05-06,SNDK,SNDK,SNDK,45,Information Technology,2026-04-30,Wikipedia,1349933445,momentum,2.0.0,4.66256723829102,1.0,True,,4.66256723829102,,45,0.10499999999999998,1.0,502.0,True,False,True,False,,Long,0.10499999999999998,True,Long,0.10499999999999998,,selected_long
R3,2026-04-09,2026-04-30,2026-04-30,2026-04-30,2026-05-01,2026-05-06,SNPS,SNPS,SNPS,45,Information Technology,2026-04-30,Wikipedia,1349933445,momentum,2.0.0,-0.19641662941063387,421.0,True,,-0.19641662941063387,,45,0.0,421.0,82.0,False,False,False,False,,,0.0,True,,0.0,,not_selected_by_strategy_rule
R3,2026-04-09,2026-04-30,2026-04-30,2026-04-30,2026-05-01,2026-05-06,SO,SO,SO,55,Utilities,2026-04-30,Wikipedia,1349933445,momentum,2.0.0,0.0349100592840883,216.0,True,,0.0349100592840883,,55,0.0,216.0,287.0,False,False,False,False,,,0.0,True,,0.0,,not_selected_by_strategy_rule
R3,2026-04-09,2026-04-30,2026-04-30,2026-04-30,2026-05-01,2026-05-06,SOLV,SOLV,SOLV,35,Health Care,2026-04-30,Wikipedia,1349933445,momentum,2.0.0,-0.10547941024989294,349.0,True,,-0.10547941024989294,,35,0.0,349.0,154.0,False,False,False,False,,,0.0,True,,0.0,,not_selected_by_strategy_rule
R3,2026-04-09,2026-04-30,2026-04-30,2026-04-30,2026-05-01,2026-05-06,SPG,SPG,SPG,60,Real Estate,2026-04-30,Wikipedia,1349933445,momentum,2.0.0,0.017763305485722247,233.0,True,,0.017763305485722247,,60,0.0,233.0,270.0,False,False,False,False,,,0.0,True,,0.0,,not_selected_by_strategy_rule
R3,2026-04-09,2026-04-30,2026-04-30,2026-04-30,2026-05-01,2026-05-06,SPGI,SPGI,SPGI,40,Financials,2026-04-30,Wikipedia,1349933445,momentum,2.0.0,-0.12233798068532786,369.0,True,,-0.12233798068532786,,40,0.0,369.0,134.0,False,False,False,False,,,0.0,True,,0.0,,not_selected_by_strategy_rule
R3,2026-04-09,2026-04-30,2026-04-30,2026-04-30,2026-05-01,2026-05-06,SRE,SRE,SRE,55,Utilities,2026-04-30,Wikipedia,1349933445,momentum,2.0.0,0.10327592718595291,157.0,True,,0.10327592718595291,,55,0.0,157.0,346.0,False,False,False,False,,,0.0,True,,0.0,,not_selected_by_strategy_rule
R3,2026-04-09,2026-04-30,2026-04-30,2026-04-30,2026-05-01,2026-05-06,STE,STE,STE,35,Health Care,2026-04-30,Wikipedia,1349933445,momentum,2.0.0,-0.10405593466121033,347.0,True,,-0.10405593466121033,,35,0.0,347.0,156.0,False,False,False,False,,,0.0,True,,0.0,,not_selected_by_strategy_rule
R3,2026-04-09,2026-04-30,2026-04-30,2026-04-30,2026-05-01,2026-05-06,STLD,STLD,STLD,15,Materials,2026-04-30,Wikipedia,1349933445,momentum,2.0.0,0.29876291972484714,62.0,True,,0.29876291972484714,,15,0.0,62.0,441.0,False,False,False,False,,,0.0,True,,0.0,,not_selected_by_strategy_rule
R3,2026-04-09,2026-04-30,2026-04-30,2026-04-30,2026-05-01,2026-05-06,STT,STT,STT,40,Financials,2026-04-30,Wikipedia,1349933445,momentum,2.0.0,0.1060992730208763,156.0,True,,0.1060992730208763,,40,0.0,156.0,347.0,False,False,False,False,,,0.0,True,,0.0,,not_selected_by_strategy_rule
R3,2026-04-09,2026-04-30,2026-04-30,2026-04-30,2026-05-01,2026-05-06,STX,STX,STX,45,Information Technology,2026-04-30,Wikipedia,1349933445,momentum,2.0.0,0.6668346099295204,15.0,True,,0.6668346099295204,,45,0.10499999999999998,15.0,488.0,True,False,True,False,,Long,0.10499999999999998,True,Long,0.10499999999999998,,selected_long
R3,2026-04-09,2026-04-30,2026-04-30,2026-04-30,2026-05-01,2026-05-06,STZ,STZ,STZ,30,Consumer Staples,2026-04-30,Wikipedia,1349933445,momentum,2.0.0,0.12988196111083905,140.0,True,,0.12988196111083905,,30,0.0,140.0,363.0,False,False,False,False,,,0.0,True,,0.0,,not_selected_by_strategy_rule
R3,2026-04-09,2026-04-30,2026-04-30,2026-04-30,2026-05-01,2026-05-06,SW,SW,SW,15,Materials,2026-04-30,Wikipedia,1349933445,momentum,2.0.0,-0.05561595585261658,302.0,True,,-0.05561595585261658,,15,0.0,302.0,201.0,False,False,False,False,,,0.0,True,,0.0,,not_selected_by_strategy_rule
R3,2026-04-09,2026-04-30,2026-04-30,2026-04-30,2026-05-01,2026-05-06,SWK,SWK,SWK,20,Industrials,2026-04-30,Wikipedia,1349933445,momentum,2.0.0,-0.0220340810085764,265.0,True,,-0.0220340810085764,,20,0.0,265.0,238.0,False,False,False,False,,,0.0,True,,0.0,,not_selected_by_strategy_rule
R3,2026-04-09,2026-04-30,2026-04-30,2026-04-30,2026-05-01,2026-05-06,SWKS,SWKS,SWKS,45,Information Technology,2026-04-30,Wikipedia,1349933445,momentum,2.0.0,-0.28799970899678795,466.0,True,,-0.28799970899678795,,45,0.0,466.0,37.0,False,False,False,False,,,0.0,True,,0.0,,not_selected_by_strategy_rule
R3,2026-04-09,2026-04-30,2026-04-30,2026-04-30,2026-05-01,2026-05-06,SYF,SYF,SYF,40,Financials,2026-04-30,Wikipedia,1349933445,momentum,2.0.0,-0.03479821708727682,277.0,True,,-0.03479821708727682,,40,0.0,277.0,226.0,False,False,False,False,,,0.0,True,,0.0,,not_selected_by_strategy_rule
R3,2026-04-09,2026-04-30,2026-04-30,2026-04-30,2026-05-01,2026-05-06,SYK,SYK,SYK,35,Health Care,2026-04-30,Wikipedia,1349933445,momentum,2.0.0,-0.10650074875896065,354.0,True,,-0.10650074875896065,,35,0.0,354.0,149.0,False,False,False,False,,,0.0,True,,0.0,,not_selected_by_strategy_rule
R3,2026-04-09,2026-04-30,2026-04-30,2026-04-30,2026-05-01,2026-05-06,SYY,SYY,SYY,30,Consumer Staples,2026-04-30,Wikipedia,1349933445,momentum,2.0.0,-0.12162276119242987,368.0,True,,-0.12162276119242987,,30,0.0,368.0,135.0,False,False,False,False,,,0.0,True,,0.0,,not_selected_by_strategy_rule
R3,2026-04-09,2026-04-30,2026-04-30,2026-04-30,2026-05-01,2026-05-06,T,T,T,50,Communication Services,2026-04-30,Wikipedia,1349933445,momentum,2.0.0,0.04977502199564898,202.0,True,,0.04977502199564898,,50,0.0,202.0,301.0,False,False,False,False,,,0.0,True,,0.0,,not_selected_by_strategy_rule
R3,2026-04-09,2026-04-30,2026-04-30,2026-04-30,2026-05-01,2026-05-06,TAP,TAP,TAP,30,Consumer Staples,2026-04-30,Wikipedia,1349933445,momentum,2.0.0,-0.028581039434190547,271.0,True,,-0.028581039434190547,,30,0.0,271.0,232.0,False,False,False,False,,,0.0,True,,0.0,,not_selected_by_strategy_rule
R3,2026-04-09,2026-04-30,2026-04-30,2026-04-30,2026-05-01,2026-05-06,TDG,TDG,TDG,20,Industrials,2026-04-30,Wikipedia,1349933445,momentum,2.0.0,-0.1206810641998588,367.0,True,,-0.1206810641998588,,20,0.0,367.0,136.0,False,False,False,False,,,0.0,True,,0.0,,not_selected_by_strategy_rule
R3,2026-04-09,2026-04-30,2026-04-30,2026-04-30,2026-05-01,2026-05-06,TDY,TDY,TDY,45,Information Technology,2026-04-30,Wikipedia,1349933445,momentum,2.0.0,0.03236985947978477,222.0,True,,0.03236985947978477,,45,0.0,222.0,281.0,False,False,False,False,,,0.0,True,,0.0,,not_selected_by_strategy_rule
R3,2026-04-09,2026-04-30,2026-04-30,2026-04-30,2026-05-01,2026-05-06,TECH,TECH,TECH,35,Health Care,2026-04-30,Wikipedia,1349933445,momentum,2.0.0,-0.0580459442351513,305.0,True,,-0.0580459442351513,,35,0.0,305.0,198.0,False,False,False,False,,,0.0,True,,0.0,,not_selected_by_strategy_rule
R3,2026-04-09,2026-04-30,2026-04-30,2026-04-30,2026-05-01,2026-05-06,TEL,TEL,TEL,45,Information Technology,2026-04-30,Wikipedia,1349933445,momentum,2.0.0,-0.04495732718453005,289.0,True,,-0.04495732718453005,,45,0.0,289.0,214.0,False,False,False,False,,,0.0,True,,0.0,,not_selected_by_strategy_rule
R3,2026-04-09,2026-04-30,2026-04-30,2026-04-30,2026-05-01,2026-05-06,TER,TER,TER,45,Information Technology,2026-04-30,Wikipedia,1349933445,momentum,2.0.0,1.1564087711396338,7.0,True,,1.1564087711396338,,45,0.10499999999999998,7.0,496.0,True,False,True,False,,Long,0.10499999999999998,True,Long,0.10499999999999998,,selected_long
R3,2026-04-09,2026-04-30,2026-04-30,2026-04-30,2026-05-01,2026-05-06,TFC,TFC,TFC,40,Financials,2026-04-30,Wikipedia,1349933445,momentum,2.0.0,0.027396319847724948,226.0,True,,0.027396319847724948,,40,0.0,226.0,277.0,False,False,False,False,,,0.0,True,,0.0,,not_selected_by_strategy_rule
R3,2026-04-09,2026-04-30,2026-04-30,2026-04-30,2026-05-01,2026-05-06,TGT,TGT,TGT,30,Consumer Staples,2026-04-30,Wikipedia,1349933445,momentum,2.0.0,0.3821172222233038,46.0,True,,0.3821172222233038,,30,0.0,46.0,457.0,False,False,False,False,,,0.0,True,,0.0,,not_selected_by_strategy_rule
R3,2026-04-09,2026-04-30,2026-04-30,2026-04-30,2026-05-01,2026-05-06,TJX,TJX,TJX,25,Consumer Discretionary,2026-04-30,Wikipedia,1349933445,momentum,2.0.0,0.11120729330033763,151.0,True,,0.11120729330033763,,25,0.0,151.0,352.0,False,False,False,False,,,0.0,True,,0.0,,not_selected_by_strategy_rule
R3,2026-04-09,2026-04-30,2026-04-30,2026-04-30,2026-05-01,2026-05-06,TKO,TKO,TKO,50,Communication Services,2026-04-30,Wikipedia,1349933445,momentum,2.0.0,0.0062494972709874475,246.0,True,,0.0062494972709874475,,50,0.0,246.0,257.0,False,False,False,False,,,0.0,True,,0.0,,not_selected_by_strategy_rule
R3,2026-04-09,2026-04-30,2026-04-30,2026-04-30,2026-05-01,2026-05-06,TMO,TMO,TMO,35,Health Care,2026-04-30,Wikipedia,1349933445,momentum,2.0.0,0.015186885792436655,234.0,True,,0.015186885792436655,,35,0.0,234.0,269.0,False,False,False,False,,,0.0,True,,0.0,,not_selected_by_strategy_rule
R3,2026-04-09,2026-04-30,2026-04-30,2026-04-30,2026-05-01,2026-05-06,TMUS,TMUS,TMUS,50,Communication Services,2026-04-30,Wikipedia,1349933445,momentum,2.0.0,-0.1140218208743945,361.0,True,,-0.1140218208743945,,50,0.0,361.0,142.0,False,False,False,False,,,0.0,True,,0.0,,not_selected_by_strategy_rule
R3,2026-04-09,2026-04-30,2026-04-30,2026-04-30,2026-05-01,2026-05-06,TPL,TPL,TPL,10,Energy,2026-04-30,Wikipedia,1349933445,momentum,2.0.0,0.5294489200155179,24.0,True,,0.5294489200155179,,10,0.0,24.0,479.0,False,False,False,False,,,0.0,True,,0.0,,not_selected_by_strategy_rule
R3,2026-04-09,2026-04-30,2026-04-30,2026-04-30,2026-05-01,2026-05-06,TPR,TPR,TPR,25,Consumer Discretionary,2026-04-30,Wikipedia,1349933445,momentum,2.0.0,0.2540355289950018,79.0,True,,0.2540355289950018,,25,0.0,79.0,424.0,False,False,False,False,,,0.0,True,,0.0,,not_selected_by_strategy_rule
R3,2026-04-09,2026-04-30,2026-04-30,2026-04-30,2026-05-01,2026-05-06,TRGP,TRGP,TRGP,10,Energy,2026-04-30,Wikipedia,1349933445,momentum,2.0.0,0.5139934628793306,29.0,True,,0.5139934628793306,,10,0.0,29.0,474.0,False,False,False,False,,,0.0,True,,0.0,,not_selected_by_strategy_rule
R3,2026-04-09,2026-04-30,2026-04-30,2026-04-30,2026-05-01,2026-05-06,TRMB,TRMB,TRMB,45,Information Technology,2026-04-30,Wikipedia,1349933445,momentum,2.0.0,-0.2011022395846619,424.0,True,,-0.2011022395846619,,45,0.0,424.0,79.0,False,False,False,False,,,0.0,True,,0.0,,not_selected_by_strategy_rule
R3,2026-04-09,2026-04-30,2026-04-30,2026-04-30,2026-05-01,2026-05-06,TROW,TROW,TROW,40,Financials,2026-04-30,Wikipedia,1349933445,momentum,2.0.0,-0.097782679476353,342.0,True,,-0.097782679476353,,40,0.0,342.0,161.0,False,False,False,False,,,0.0,True,,0.0,,not_selected_by_strategy_rule
R3,2026-04-09,2026-04-30,2026-04-30,2026-04-30,2026-05-01,2026-05-06,TRV,TRV,TRV,40,Financials,2026-04-30,Wikipedia,1349933445,momentum,2.0.0,0.052575581879213296,197.0,True,,0.052575581879213296,,40,0.0,197.0,306.0,False,False,False,False,,,0.0,True,,0.0,,not_selected_by_strategy_rule
R3,2026-04-09,2026-04-30,2026-04-30,2026-04-30,2026-05-01,2026-05-06,TSCO,TSCO,TSCO,25,Consumer Discretionary,2026-04-30,Wikipedia,1349933445,momentum,2.0.0,-0.19639046062869914,420.0,True,,-0.19639046062869914,,25,0.0,420.0,83.0,False,False,False,False,,,0.0,True,,0.0,,not_selected_by_strategy_rule
R3,2026-04-09,2026-04-30,2026-04-30,2026-04-30,2026-05-01,2026-05-06,TSLA,TSLA,TSLA,25,Consumer Discretionary,2026-04-30,Wikipedia,1349933445,momentum,2.0.0,-0.16408077221714612,398.0,True,,-0.16408077221714612,,25,0.0,398.0,105.0,False,False,False,False,,,0.0,True,,0.0,,not_selected_by_strategy_rule
R3,2026-04-09,2026-04-30,2026-04-30,2026-04-30,2026-05-01,2026-05-06,TSN,TSN,TSN,30,Consumer Staples,2026-04-30,Wikipedia,1349933445,momentum,2.0.0,0.20000564327232118,93.0,True,,0.20000564327232118,,30,0.0,93.0,410.0,False,False,False,False,,,0.0,True,,0.0,,not_selected_by_strategy_rule
R3,2026-04-09,2026-04-30,2026-04-30,2026-04-30,2026-05-01,2026-05-06,TT,TT,TT,20,Industrials,2026-04-30,Wikipedia,1349933445,momentum,2.0.0,-0.009988619665582066,259.0,True,,-0.009988619665582066,,20,0.0,259.0,244.0,False,False,False,False,,,0.0,True,,0.0,,not_selected_by_strategy_rule
R3,2026-04-09,2026-04-30,2026-04-30,2026-04-30,2026-05-01,2026-05-06,TTD,TTD,TTD,50,Communication Services,2026-04-30,Wikipedia,1349933445,momentum,2.0.0,-0.5370332317663341,501.0,True,,-0.5370332317663341,,50,-0.04500000000000001,501.0,2.0,False,True,False,True,,Short,-0.04500000000000001,True,Short,-0.04500000000000001,,selected_short
R3,2026-04-09,2026-04-30,2026-04-30,2026-04-30,2026-05-01,2026-05-06,TTWO,TTWO,TTWO,50,Communication Services,2026-04-30,Wikipedia,1349933445,momentum,2.0.0,-0.23556273727430155,446.0,True,,-0.23556273727430155,,50,0.0,446.0,57.0,False,False,False,False,,,0.0,True,,0.0,,not_selected_by_strategy_rule
R3,2026-04-09,2026-04-30,2026-04-30,2026-04-30,2026-05-01,2026-05-06,TXN,TXN,TXN,45,Information Technology,2026-04-30,Wikipedia,1349933445,momentum,2.0.0,0.07304931014598659,182.0,True,,0.07304931014598659,,45,0.0,182.0,321.0,False,False,False,False,,,0.0,True,,0.0,,not_selected_by_strategy_rule
R3,2026-04-09,2026-04-30,2026-04-30,2026-04-30,2026-05-01,2026-05-06,TXT,TXT,TXT,20,Industrials,2026-04-30,Wikipedia,1349933445,momentum,2.0.0,0.03680093910538251,215.0,True,,0.03680093910538251,,20,0.0,215.0,288.0,False,False,False,False,,,0.0,True,,0.0,,not_selected_by_strategy_rule
R3,2026-04-09,2026-04-30,2026-04-30,2026-04-30,2026-05-01,2026-05-06,TYL,TYL,TYL,45,Information Technology,2026-04-30,Wikipedia,1349933445,momentum,2.0.0,-0.3455538985047226,484.0,True,,-0.3455538985047226,,45,-0.04500000000000001,484.0,19.0,False,False,False,False,,,0.0,True,,0.0,,not_selected_by_strategy_rule
R3,2026-04-09,2026-04-30,2026-04-30,2026-04-30,2026-05-01,2026-05-06,UAL,UAL,UAL,20,Industrials,2026-04-30,Wikipedia,1349933445,momentum,2.0.0,-0.04590673891373864,291.0,True,,-0.04590673891373864,,20,0.0,291.0,212.0,False,False,False,False,,,0.0,True,,0.0,,not_selected_by_strategy_rule
R3,2026-04-09,2026-04-30,2026-04-30,2026-04-30,2026-05-01,2026-05-06,UBER,UBER,UBER,20,Industrials,2026-04-30,Wikipedia,1349933445,momentum,2.0.0,-0.2657956577632924,457.0,True,,-0.2657956577632924,,20,0.0,457.0,46.0,False,False,False,False,,,0.0,True,,0.0,,not_selected_by_strategy_rule
R3,2026-04-09,2026-04-30,2026-04-30,2026-04-30,2026-05-01,2026-05-06,UDR,UDR,UDR,60,Real Estate,2026-04-30,Wikipedia,1349933445,momentum,2.0.0,-0.07167293361855853,324.0,True,,-0.07167293361855853,,60,0.0,324.0,179.0,False,False,False,False,,,0.0,True,,0.0,,not_selected_by_strategy_rule
R3,2026-04-09,2026-04-30,2026-04-30,2026-04-30,2026-05-01,2026-05-06,UHS,UHS,UHS,35,Health Care,2026-04-30,Wikipedia,1349933445,momentum,2.0.0,-0.12301393649604253,370.0,True,,-0.12301393649604253,,35,0.0,370.0,133.0,False,False,False,False,,,0.0,True,,0.0,,not_selected_by_strategy_rule
R3,2026-04-09,2026-04-30,2026-04-30,2026-04-30,2026-05-01,2026-05-06,ULTA,ULTA,ULTA,25,Consumer Discretionary,2026-04-30,Wikipedia,1349933445,momentum,2.0.0,-0.043968866991026534,287.0,True,,-0.043968866991026534,,25,0.0,287.0,216.0,False,False,False,False,,,0.0,True,,0.0,,not_selected_by_strategy_rule
R3,2026-04-09,2026-04-30,2026-04-30,2026-04-30,2026-05-01,2026-05-06,UNH,UNH,UNH,35,Health Care,2026-04-30,Wikipedia,1349933445,momentum,2.0.0,-0.20496063947325371,428.0,True,,-0.20496063947325371,,35,0.0,428.0,75.0,False,False,False,False,,,0.0,True,,0.0,,not_selected_by_strategy_rule
R3,2026-04-09,2026-04-30,2026-04-30,2026-04-30,2026-05-01,2026-05-06,UNP,UNP,UNP,20,Industrials,2026-04-30,Wikipedia,1349933445,momentum,2.0.0,0.03784147137028082,213.0,True,,0.03784147137028082,,20,0.0,213.0,290.0,False,False,False,False,,,0.0,True,,0.0,,not_selected_by_strategy_rule
R3,2026-04-09,2026-04-30,2026-04-30,2026-04-30,2026-05-01,2026-05-06,UPS,UPS,UPS,20,Industrials,2026-04-30,Wikipedia,1349933445,momentum,2.0.0,0.21496532622645503,89.0,True,,0.21496532622645503,,20,0.0,89.0,414.0,False,False,False,False,,,0.0,True,,0.0,,not_selected_by_strategy_rule
R3,2026-04-09,2026-04-30,2026-04-30,2026-04-30,2026-05-01,2026-05-06,URI,URI,URI,20,Industrials,2026-04-30,Wikipedia,1349933445,momentum,2.0.0,-0.23351461588563693,445.0,True,,-0.23351461588563693,,20,0.0,445.0,58.0,False,False,False,False,,,0.0,True,,0.0,,not_selected_by_strategy_rule
R3,2026-04-09,2026-04-30,2026-04-30,2026-04-30,2026-05-01,2026-05-06,USB,USB,USB,40,Financials,2026-04-30,Wikipedia,1349933445,momentum,2.0.0,0.09776562262221011,161.0,True,,0.09776562262221011,,40,0.0,161.0,342.0,False,False,False,False,,,0.0,True,,0.0,,not_selected_by_strategy_rule
R3,2026-04-09,2026-04-30,2026-04-30,2026-04-30,2026-05-01,2026-05-06,V,V,V,40,Financials,2026-04-30,Wikipedia,1349933445,momentum,2.0.0,-0.11106930021261385,359.0,True,,-0.11106930021261385,,40,0.0,359.0,144.0,False,False,False,False,,,0.0,True,,0.0,,not_selected_by_strategy_rule
R3,2026-04-09,2026-04-30,2026-04-30,2026-04-30,2026-05-01,2026-05-06,VICI,VICI,VICI,60,Real Estate,2026-04-30,Wikipedia,1349933445,momentum,2.0.0,-0.1348331871847399,379.0,True,,-0.1348331871847399,,60,0.0,379.0,124.0,False,False,False,False,,,0.0,True,,0.0,,not_selected_by_strategy_rule
R3,2026-04-09,2026-04-30,2026-04-30,2026-04-30,2026-05-01,2026-05-06,VLO,VLO,VLO,10,Energy,2026-04-30,Wikipedia,1349933445,momentum,2.0.0,0.4692745048366833,33.0,True,,0.4692745048366833,,10,0.0,33.0,470.0,False,False,False,False,,,0.0,True,,0.0,,not_selected_by_strategy_rule
R3,2026-04-09,2026-04-30,2026-04-30,2026-04-30,2026-05-01,2026-05-06,VLTO,VLTO,VLTO,20,Industrials,2026-04-30,Wikipedia,1349933445,momentum,2.0.0,-0.16829976297356775,402.0,True,,-0.16829976297356775,,20,0.0,402.0,101.0,False,False,False,False,,,0.0,True,,0.0,,not_selected_by_strategy_rule
R3,2026-04-09,2026-04-30,2026-04-30,2026-04-30,2026-05-01,2026-05-06,VMC,VMC,VMC,15,Materials,2026-04-30,Wikipedia,1349933445,momentum,2.0.0,-0.11162484721928356,360.0,True,,-0.11162484721928356,,15,0.0,360.0,143.0,False,False,False,False,,,0.0,True,,0.0,,not_selected_by_strategy_rule
R3,2026-04-09,2026-04-30,2026-04-30,2026-04-30,2026-05-01,2026-05-06,VRSK,VRSK,VRSK,20,Industrials,2026-04-30,Wikipedia,1349933445,momentum,2.0.0,-0.24207651572465638,451.0,True,,-0.24207651572465638,,20,0.0,451.0,52.0,False,False,False,False,,,0.0,True,,0.0,,not_selected_by_strategy_rule
R3,2026-04-09,2026-04-30,2026-04-30,2026-04-30,2026-05-01,2026-05-06,VRSN,VRSN,VRSN,45,Information Technology,2026-04-30,Wikipedia,1349933445,momentum,2.0.0,-0.1055782770639837,351.0,True,,-0.1055782770639837,,45,0.0,351.0,152.0,False,False,False,False,,,0.0,True,,0.0,,not_selected_by_strategy_rule
R3,2026-04-09,2026-04-30,2026-04-30,2026-04-30,2026-05-01,2026-05-06,VRT,VRT,VRT,20,Industrials,2026-04-30,Wikipedia,1349933445,momentum,2.0.0,0.6620256648175156,17.0,True,,0.6620256648175156,,20,0.0,17.0,486.0,False,False,False,False,,,0.0,True,,0.0,,not_selected_by_strategy_rule
R3,2026-04-09,2026-04-30,2026-04-30,2026-04-30,2026-05-01,2026-05-06,VRTX,VRTX,VRTX,35,Health Care,2026-04-30,Wikipedia,1349933445,momentum,2.0.0,0.14017973609199852,136.0,True,,0.14017973609199852,,35,0.0,136.0,367.0,False,False,False,False,,,0.0,True,,0.0,,not_selected_by_strategy_rule
R3,2026-04-09,2026-04-30,2026-04-30,2026-04-30,2026-05-01,2026-05-06,VST,VST,VST,55,Utilities,2026-04-30,Wikipedia,1349933445,momentum,2.0.0,-0.23057912334633457,442.0,True,,-0.23057912334633457,,55,0.0,442.0,61.0,False,False,False,False,,,0.0,True,,0.0,,not_selected_by_strategy_rule
R3,2026-04-09,2026-04-30,2026-04-30,2026-04-30,2026-05-01,2026-05-06,VTR,VTR,VTR,60,Real Estate,2026-04-30,Wikipedia,1349933445,momentum,2.0.0,0.18314686990918982,102.0,True,,0.18314686990918982,,60,0.0,102.0,401.0,False,False,False,False,,,0.0,True,,0.0,,not_selected_by_strategy_rule
R3,2026-04-09,2026-04-30,2026-04-30,2026-04-30,2026-05-01,2026-05-06,VTRS,VTRS,VTRS,35,Health Care,2026-04-30,Wikipedia,1349933445,momentum,2.0.0,0.3922828594156387,44.0,True,,0.3922828594156387,,35,0.0,44.0,459.0,False,False,False,False,,,0.0,True,,0.0,,not_selected_by_strategy_rule
R3,2026-04-09,2026-04-30,2026-04-30,2026-04-30,2026-05-01,2026-05-06,VZ,VZ,VZ,50,Communication Services,2026-04-30,Wikipedia,1349933445,momentum,2.0.0,0.18199909722688434,103.0,True,,0.18199909722688434,,50,0.0,103.0,400.0,False,False,False,False,,,0.0,True,,0.0,,not_selected_by_strategy_rule
R3,2026-04-09,2026-04-30,2026-04-30,2026-04-30,2026-05-01,2026-05-06,WAB,WAB,WAB,20,Industrials,2026-04-30,Wikipedia,1349933445,momentum,2.0.0,0.24963395373780894,80.0,True,,0.24963395373780894,,20,0.0,80.0,423.0,False,False,False,False,,,0.0,True,,0.0,,not_selected_by_strategy_rule
R3,2026-04-09,2026-04-30,2026-04-30,2026-04-30,2026-05-01,2026-05-06,WAT,WAT,WAT,35,Health Care,2026-04-30,Wikipedia,1349933445,momentum,2.0.0,-0.006704278649787732,254.0,True,,-0.006704278649787732,,35,0.0,254.0,249.0,False,False,False,False,,,0.0,True,,0.0,,not_selected_by_strategy_rule
R3,2026-04-09,2026-04-30,2026-04-30,2026-04-30,2026-05-01,2026-05-06,WBD,WBD,WBD,50,Communication Services,2026-04-30,Wikipedia,1349933445,momentum,2.0.0,0.40604189037482374,41.0,True,,0.40604189037482374,,50,0.10499999999999998,41.0,462.0,False,False,False,False,,,0.0,True,,0.0,,not_selected_by_strategy_rule
R3,2026-04-09,2026-04-30,2026-04-30,2026-04-30,2026-05-01,2026-05-06,WDAY,WDAY,WDAY,45,Information Technology,2026-04-30,Wikipedia,1349933445,momentum,2.0.0,-0.46030822716421993,494.0,True,,-0.46030822716421993,,45,-0.04500000000000001,494.0,9.0,False,True,False,True,,Short,-0.04500000000000001,True,Short,-0.04500000000000001,,selected_short
R3,2026-04-09,2026-04-30,2026-04-30,2026-04-30,2026-05-01,2026-05-06,WDC,WDC,WDC,45,Information Technology,2026-04-30,Wikipedia,1349933445,momentum,2.0.0,1.2558473658037483,4.0,True,,1.2558473658037483,,45,0.10499999999999998,4.0,499.0,True,False,True,False,,Long,0.10499999999999998,True,Long,0.10499999999999998,,selected_long
R3,2026-04-09,2026-04-30,2026-04-30,2026-04-30,2026-05-01,2026-05-06,WEC,WEC,WEC,55,Utilities,2026-04-30,Wikipedia,1349933445,momentum,2.0.0,0.027019958969610514,228.0,True,,0.027019958969610514,,55,0.0,228.0,275.0,False,False,False,False,,,0.0,True,,0.0,,not_selected_by_strategy_rule
R3,2026-04-09,2026-04-30,2026-04-30,2026-04-30,2026-05-01,2026-05-06,WELL,WELL,WELL,60,Real Estate,2026-04-30,Wikipedia,1349933445,momentum,2.0.0,0.11814450145538546,149.0,True,,0.11814450145538546,,60,0.0,149.0,354.0,False,False,False,False,,,0.0,True,,0.0,,not_selected_by_strategy_rule
R3,2026-04-09,2026-04-30,2026-04-30,2026-04-30,2026-05-01,2026-05-06,WFC,WFC,WFC,40,Financials,2026-04-30,Wikipedia,1349933445,momentum,2.0.0,-0.040540588300398306,282.0,True,,-0.040540588300398306,,40,0.0,282.0,221.0,False,False,False,False,,,0.0,True,,0.0,,not_selected_by_strategy_rule
R3,2026-04-09,2026-04-30,2026-04-30,2026-04-30,2026-05-01,2026-05-06,WM,WM,WM,20,Industrials,2026-04-30,Wikipedia,1349933445,momentum,2.0.0,0.04875111761076378,204.0,True,,0.04875111761076378,,20,0.0,204.0,299.0,False,False,False,False,,,0.0,True,,0.0,,not_selected_by_strategy_rule
R3,2026-04-09,2026-04-30,2026-04-30,2026-04-30,2026-05-01,2026-05-06,WMB,WMB,WMB,10,Energy,2026-04-30,Wikipedia,1349933445,momentum,2.0.0,0.1666941445337462,117.0,True,,0.1666941445337462,,10,0.0,117.0,386.0,False,False,False,False,,,0.0,True,,0.0,,not_selected_by_strategy_rule
R3,2026-04-09,2026-04-30,2026-04-30,2026-04-30,2026-05-01,2026-05-06,WMT,WMT,WMT,30,Consumer Staples,2026-04-30,Wikipedia,1349933445,momentum,2.0.0,0.2108375830204421,90.0,True,,0.2108375830204421,,30,0.0,90.0,413.0,False,False,False,False,,,0.0,True,,0.0,,not_selected_by_strategy_rule
R3,2026-04-09,2026-04-30,2026-04-30,2026-04-30,2026-05-01,2026-05-06,WRB,WRB,WRB,40,Financials,2026-04-30,Wikipedia,1349933445,momentum,2.0.0,-0.12002013893985208,364.0,True,,-0.12002013893985208,,40,0.0,364.0,139.0,False,False,False,False,,,0.0,True,,0.0,,not_selected_by_strategy_rule
R3,2026-04-09,2026-04-30,2026-04-30,2026-04-30,2026-05-01,2026-05-06,WSM,WSM,WSM,25,Consumer Discretionary,2026-04-30,Wikipedia,1349933445,momentum,2.0.0,-0.06088018837892406,310.0,True,,-0.06088018837892406,,25,0.0,310.0,193.0,False,False,False,False,,,0.0,True,,0.0,,not_selected_by_strategy_rule
R3,2026-04-09,2026-04-30,2026-04-30,2026-04-30,2026-05-01,2026-05-06,WST,WST,WST,35,Health Care,2026-04-30,Wikipedia,1349933445,momentum,2.0.0,-0.042928497276789046,284.0,True,,-0.042928497276789046,,35,0.0,284.0,219.0,False,False,False,False,,,0.0,True,,0.0,,not_selected_by_strategy_rule
R3,2026-04-09,2026-04-30,2026-04-30,2026-04-30,2026-05-01,2026-05-06,WTW,WTW,WTW,40,Financials,2026-04-30,Wikipedia,1349933445,momentum,2.0.0,-0.15335624623726962,393.0,True,,-0.15335624623726962,,40,0.0,393.0,110.0,False,False,False,False,,,0.0,True,,0.0,,not_selected_by_strategy_rule
R3,2026-04-09,2026-04-30,2026-04-30,2026-04-30,2026-05-01,2026-05-06,WY,WY,WY,60,Real Estate,2026-04-30,Wikipedia,1349933445,momentum,2.0.0,0.0034823652875111133,247.0,True,,0.0034823652875111133,,60,0.0,247.0,256.0,False,False,False,False,,,0.0,True,,0.0,,not_selected_by_strategy_rule
R3,2026-04-09,2026-04-30,2026-04-30,2026-04-30,2026-05-01,2026-05-06,WYNN,WYNN,WYNN,25,Consumer Discretionary,2026-04-30,Wikipedia,1349933445,momentum,2.0.0,-0.20493756273399466,427.0,True,,-0.20493756273399466,,25,0.0,427.0,76.0,False,False,False,False,,,0.0,True,,0.0,,not_selected_by_strategy_rule
R3,2026-04-09,2026-04-30,2026-04-30,2026-04-30,2026-05-01,2026-05-06,XEL,XEL,XEL,55,Utilities,2026-04-30,Wikipedia,1349933445,momentum,2.0.0,-6.378971787779353e-05,249.0,True,,-6.378971787779353e-05,,55,0.0,249.0,254.0,False,False,False,False,,,0.0,True,,0.0,,not_selected_by_strategy_rule
R3,2026-04-09,2026-04-30,2026-04-30,2026-04-30,2026-05-01,2026-05-06,XOM,XOM,XOM,10,Energy,2026-04-30,Wikipedia,1349933445,momentum,2.0.0,0.5280237257518321,25.0,True,,0.5280237257518321,,10,0.0,25.0,478.0,False,False,False,False,,,0.0,True,,0.0,,not_selected_by_strategy_rule
R3,2026-04-09,2026-04-30,2026-04-30,2026-04-30,2026-05-01,2026-05-06,XYL,XYL,XYL,20,Industrials,2026-04-30,Wikipedia,1349933445,momentum,2.0.0,-0.18478460292738985,413.0,True,,-0.18478460292738985,,20,0.0,413.0,90.0,False,False,False,False,,,0.0,True,,0.0,,not_selected_by_strategy_rule
R3,2026-04-09,2026-04-30,2026-04-30,2026-04-30,2026-05-01,2026-05-06,XYZ,XYZ,XYZ,40,Financials,2026-04-30,Wikipedia,1349933445,momentum,2.0.0,-0.16728928877085458,401.0,True,,-0.16728928877085458,,40,0.0,401.0,102.0,False,False,False,False,,,0.0,True,,0.0,,not_selected_by_strategy_rule
R3,2026-04-09,2026-04-30,2026-04-30,2026-04-30,2026-05-01,2026-05-06,YUM,YUM,YUM,25,Consumer Discretionary,2026-04-30,Wikipedia,1349933445,momentum,2.0.0,0.032475380460533554,221.0,True,,0.032475380460533554,,25,0.0,221.0,282.0,False,False,False,False,,,0.0,True,,0.0,,not_selected_by_strategy_rule
R3,2026-04-09,2026-04-30,2026-04-30,2026-04-30,2026-05-01,2026-05-06,ZBH,ZBH,ZBH,35,Health Care,2026-04-30,Wikipedia,1349933445,momentum,2.0.0,-0.07709100187773366,329.0,True,,-0.07709100187773366,,35,0.0,329.0,174.0,False,False,False,False,,,0.0,True,,0.0,,not_selected_by_strategy_rule
R3,2026-04-09,2026-04-30,2026-04-30,2026-04-30,2026-05-01,2026-05-06,ZBRA,ZBRA,ZBRA,45,Information Technology,2026-04-30,Wikipedia,1349933445,momentum,2.0.0,-0.29640597908730504,468.0,True,,-0.29640597908730504,,45,0.0,468.0,35.0,False,False,False,False,,,0.0,True,,0.0,,not_selected_by_strategy_rule
R3,2026-04-09,2026-04-30,2026-04-30,2026-04-30,2026-05-01,2026-05-06,ZTS,ZTS,ZTS,35,Health Care,2026-04-30,Wikipedia,1349933445,momentum,2.0.0,-0.1858384557245878,417.0,True,,-0.1858384557245878,,35,0.0,417.0,86.0,False,False,False,False,,,0.0,True,,0.0,,not_selected_by_strategy_rule
