Scope,Dataset,Asset_ID,Provider,Provider_Symbol,Effective_Start,Effective_End,Status,Requested_Start,Requested_End,Observation_Count,Observation_Start,Observation_End,Attempted_At_UTC,Client,Client_Version,HTTP_Status,Error_Class,Error_Message,Migration_Note
live,prices,A,yahoo,A,,,ok,2023-01-01,2026-05-06,838,2023-01-03,2026-05-06,2026-09-24T16:01:18.635759Z,yfinance,1.5.1,200,,,"{""comparison"": {""Close"": {""maximum_relative_change"": 4.4874214771357463e-07, ""overlap_rows"": 588}, ""Open"": {""maximum_relative_change"": 4.487421477159479e-07, ""overlap_rows"": 588}, ""Volume"": {""maximum_relative_change"": 0.0, ""overlap_rows"": 588}}, ""missing_cached_dates"": {}, ""price_replacement"": ""accepted_provider_values"", ""provider_response"": ""replacement_responses/8d879bfddfe4a055afe329475b511a8ddc7a4538bf99ebbc71898c4ec4988eed.csv"", ""provider_response_sha256"": ""8d879bfddfe4a055afe329475b511a8ddc7a4538bf99ebbc71898c4ec4988eed"", ""review_reasons"": [], ""review_threshold"": 0.01}"
live,prices,AAL,yahoo,AAL,,,ok,2023-01-01,2026-05-06,838,2023-01-03,2026-05-06,2026-09-24T16:01:21.351383Z,yfinance,1.5.1,200,,,"{""comparison"": {}, ""missing_cached_dates"": {}, ""price_replacement"": ""accepted_provider_values"", ""provider_response"": ""replacement_responses/4487ff1f969a57e3d65bc007312fbc0fc4be9727ee39cd9a7511f7009ad13988.csv"", ""provider_response_sha256"": ""4487ff1f969a57e3d65bc007312fbc0fc4be9727ee39cd9a7511f7009ad13988"", ""review_reasons"": [], ""review_threshold"": 0.01}"
live,prices,AAP,yahoo,AAP,,,ok,2023-01-01,2026-05-06,838,2023-01-03,2026-05-06,2026-09-24T16:01:25.650141Z,yfinance,1.5.1,200,,,"{""comparison"": {}, ""missing_cached_dates"": {}, ""price_replacement"": ""accepted_provider_values"", ""provider_response"": ""replacement_responses/fca078dded5c7fff299603b87e86533a342639ed95c36400041a661de1d50ea1.csv"", ""provider_response_sha256"": ""fca078dded5c7fff299603b87e86533a342639ed95c36400041a661de1d50ea1"", ""review_reasons"": [], ""review_threshold"": 0.01}"
live,prices,AAPL,yahoo,AAPL,,,ok,2023-01-01,2026-05-06,838,2023-01-03,2026-05-06,2026-09-24T16:01:29.449520Z,yfinance,1.5.1,200,,,"{""comparison"": {""Close"": {""maximum_relative_change"": 0.0008619540876762129, ""overlap_rows"": 588}, ""Open"": {""maximum_relative_change"": 0.0008619540876763316, ""overlap_rows"": 588}, ""Volume"": {""maximum_relative_change"": 0.0, ""overlap_rows"": 588}}, ""missing_cached_dates"": {}, ""price_replacement"": ""accepted_provider_values"", ""provider_response"": ""replacement_responses/5cfd025c57d352fef7de1bbb3f9503ae30f5f22e4ef96738813ceeef34236bd8.csv"", ""provider_response_sha256"": ""5cfd025c57d352fef7de1bbb3f9503ae30f5f22e4ef96738813ceeef34236bd8"", ""review_reasons"": [], ""review_threshold"": 0.01}"
live,prices,ABBV,yahoo,ABBV,,,ok,2023-01-01,2026-05-06,838,2023-01-03,2026-05-06,2026-09-24T16:01:33.422070Z,yfinance,1.5.1,200,,,"{""comparison"": {""Close"": {""maximum_relative_change"": 3.836150346404376e-07, ""overlap_rows"": 588}, ""Open"": {""maximum_relative_change"": 3.836150346420974e-07, ""overlap_rows"": 588}, ""Volume"": {""maximum_relative_change"": 0.0, ""overlap_rows"": 588}}, ""missing_cached_dates"": {}, ""price_replacement"": ""accepted_provider_values"", ""provider_response"": ""replacement_responses/05953ddcf9c7336fca7381b8bab21030aeba2de74e327dfb137dbcd740c44497.csv"", ""provider_response_sha256"": ""05953ddcf9c7336fca7381b8bab21030aeba2de74e327dfb137dbcd740c44497"", ""review_reasons"": [], ""review_threshold"": 0.01}"
live,prices,ABC,yahoo,COR,,,ok,2023-01-01,2026-05-06,838,2023-01-03,2026-05-06,2026-09-24T16:01:35.979844Z,yfinance,1.5.1,200,,,"{""comparison"": {""Close"": {""maximum_relative_change"": 0.0019356753216747612, ""overlap_rows"": 588}, ""Open"": {""maximum_relative_change"": 0.001935675321674734, ""overlap_rows"": 588}, ""Volume"": {""maximum_relative_change"": 0.0, ""overlap_rows"": 588}}, ""missing_cached_dates"": {}, ""price_replacement"": ""accepted_provider_values"", ""provider_response"": ""replacement_responses/32eb4c750bfe8bf64667c492fbfb722c15e46720d5b0ebcef963cb7a1d9170c0.csv"", ""provider_response_sha256"": ""32eb4c750bfe8bf64667c492fbfb722c15e46720d5b0ebcef963cb7a1d9170c0"", ""review_reasons"": [], ""review_threshold"": 0.01}"
live,prices,ABNB,yahoo,ABNB,,,ok,2023-01-01,2026-05-06,838,2023-01-03,2026-05-06,2026-09-24T16:01:39.880536Z,yfinance,1.5.1,200,,,"{""comparison"": {""Close"": {""maximum_relative_change"": 1.3445788993221375e-16, ""overlap_rows"": 588}, ""Open"": {""maximum_relative_change"": 1.379560666002917e-16, ""overlap_rows"": 588}, ""Volume"": {""maximum_relative_change"": 0.0, ""overlap_rows"": 588}}, ""missing_cached_dates"": {}, ""price_replacement"": ""accepted_provider_values"", ""provider_response"": ""replacement_responses/8c50910ad4bc29a0d5ddc193cb37fb12d0b2a6252551ec768655262b19c0a41c.csv"", ""provider_response_sha256"": ""8c50910ad4bc29a0d5ddc193cb37fb12d0b2a6252551ec768655262b19c0a41c"", ""review_reasons"": [], ""review_threshold"": 0.01}"
live,prices,ABT,yahoo,ABT,,,ok,2023-01-01,2026-05-06,838,2023-01-03,2026-05-06,2026-09-24T16:01:43.136931Z,yfinance,1.5.1,200,,,"{""comparison"": {""Close"": {""maximum_relative_change"": 3.5308216010016237e-07, ""overlap_rows"": 588}, ""Open"": {""maximum_relative_change"": 3.5308216012584563e-07, ""overlap_rows"": 588}, ""Volume"": {""maximum_relative_change"": 0.0, ""overlap_rows"": 588}}, ""missing_cached_dates"": {}, ""price_replacement"": ""accepted_provider_values"", ""provider_response"": ""replacement_responses/19321ac0e0fb80fc9a61328e2e614f8d6e3e2977acc0677a6cbd40c3ce1f8fab.csv"", ""provider_response_sha256"": ""19321ac0e0fb80fc9a61328e2e614f8d6e3e2977acc0677a6cbd40c3ce1f8fab"", ""review_reasons"": [], ""review_threshold"": 0.01}"
live,prices,ACGL,yahoo,ACGL,,,ok,2023-01-01,2026-05-06,838,2023-01-03,2026-05-06,2026-09-24T16:01:45.630718Z,yfinance,1.5.1,200,,,"{""comparison"": {""Close"": {""maximum_relative_change"": 3.0655711170341504e-16, ""overlap_rows"": 588}, ""Open"": {""maximum_relative_change"": 3.0437188716855635e-16, ""overlap_rows"": 588}, ""Volume"": {""maximum_relative_change"": 0.0, ""overlap_rows"": 588}}, ""missing_cached_dates"": {}, ""price_replacement"": ""accepted_provider_values"", ""provider_response"": ""replacement_responses/0672ec723cb9757ef0c2227def0468440da15705b77142466341cb9b378c6529.csv"", ""provider_response_sha256"": ""0672ec723cb9757ef0c2227def0468440da15705b77142466341cb9b378c6529"", ""review_reasons"": [], ""review_threshold"": 0.01}"
live,prices,ACN,yahoo,ACN,,,ok,2023-01-01,2026-05-06,838,2023-01-03,2026-05-06,2026-09-24T16:01:49.270312Z,yfinance,1.5.1,200,,,"{""comparison"": {""Close"": {""maximum_relative_change"": 3.9187935837200775e-07, ""overlap_rows"": 588}, ""Open"": {""maximum_relative_change"": 3.9187935834308083e-07, ""overlap_rows"": 588}, ""Volume"": {""maximum_relative_change"": 0.0, ""overlap_rows"": 588}}, ""missing_cached_dates"": {}, ""price_replacement"": ""accepted_provider_values"", ""provider_response"": ""replacement_responses/9aff9936856fddfa757f1025ab5e912a9c8f3acd6250b7ce88001ce00c5779ad.csv"", ""provider_response_sha256"": ""9aff9936856fddfa757f1025ab5e912a9c8f3acd6250b7ce88001ce00c5779ad"", ""review_reasons"": [], ""review_threshold"": 0.01}"
live,prices,ADBE,yahoo,ADBE,,,ok,2023-01-01,2026-05-06,838,2023-01-03,2026-05-06,2026-09-24T16:01:52.442604Z,yfinance,1.5.1,200,,,"{""comparison"": {""Close"": {""maximum_relative_change"": 1.5712585506549528e-16, ""overlap_rows"": 588}, ""Open"": {""maximum_relative_change"": 1.5766188914849803e-16, ""overlap_rows"": 588}, ""Volume"": {""maximum_relative_change"": 0.0, ""overlap_rows"": 588}}, ""missing_cached_dates"": {}, ""price_replacement"": ""accepted_provider_values"", ""provider_response"": ""replacement_responses/3930f0d5baab3aa74f54ccde33795d8349b1a77d2d9cf199a5670d66ca3da70a.csv"", ""provider_response_sha256"": ""3930f0d5baab3aa74f54ccde33795d8349b1a77d2d9cf199a5670d66ca3da70a"", ""review_reasons"": [], ""review_threshold"": 0.01}"
live,prices,ADI,yahoo,ADI,,,ok,2023-01-01,2026-05-06,838,2023-01-03,2026-05-06,2026-09-24T16:01:55.547845Z,yfinance,1.5.1,200,,,"{""comparison"": {""Close"": {""maximum_relative_change"": 0.0030377831766881767, ""overlap_rows"": 588}, ""Open"": {""maximum_relative_change"": 0.003037783176688323, ""overlap_rows"": 588}, ""Volume"": {""maximum_relative_change"": 0.0, ""overlap_rows"": 588}}, ""missing_cached_dates"": {}, ""price_replacement"": ""accepted_provider_values"", ""provider_response"": ""replacement_responses/b170a4a18cc50676ebd786d9a0a009e71b5fe2874a53e278bb5d68d5dcb8a087.csv"", ""provider_response_sha256"": ""b170a4a18cc50676ebd786d9a0a009e71b5fe2874a53e278bb5d68d5dcb8a087"", ""review_reasons"": [], ""review_threshold"": 0.01}"
live,prices,ADM,yahoo,ADM,,,ok,2023-01-01,2026-05-06,838,2023-01-03,2026-05-06,2026-09-24T16:01:59.676344Z,yfinance,1.5.1,200,,,"{""comparison"": {""Close"": {""maximum_relative_change"": 0.0063071356167935695, ""overlap_rows"": 588}, ""Open"": {""maximum_relative_change"": 0.006307135616793556, ""overlap_rows"": 588}, ""Volume"": {""maximum_relative_change"": 0.0, ""overlap_rows"": 588}}, ""missing_cached_dates"": {}, ""price_replacement"": ""accepted_provider_values"", ""provider_response"": ""replacement_responses/b040dafc5ba2067a00e959dac73b989d4e57afb85558aa1e5be1f16b37c91fb0.csv"", ""provider_response_sha256"": ""b040dafc5ba2067a00e959dac73b989d4e57afb85558aa1e5be1f16b37c91fb0"", ""review_reasons"": [], ""review_threshold"": 0.01}"
live,prices,ADP,yahoo,ADP,,,ok,2023-01-01,2026-05-06,838,2023-01-03,2026-05-06,2026-09-24T16:02:02.726939Z,yfinance,1.5.1,200,,,"{""comparison"": {""Close"": {""maximum_relative_change"": 0.006359440528749621, ""overlap_rows"": 588}, ""Open"": {""maximum_relative_change"": 0.006359440528749667, ""overlap_rows"": 588}, ""Volume"": {""maximum_relative_change"": 0.0, ""overlap_rows"": 588}}, ""missing_cached_dates"": {}, ""price_replacement"": ""accepted_provider_values"", ""provider_response"": ""replacement_responses/31556c8d1ecb867d49070116d3ac1488e01e2c40a8726e94fdcfd4abd9d3c02c.csv"", ""provider_response_sha256"": ""31556c8d1ecb867d49070116d3ac1488e01e2c40a8726e94fdcfd4abd9d3c02c"", ""review_reasons"": [], ""review_threshold"": 0.01}"
live,prices,ADSK,yahoo,ADSK,,,ok,2023-01-01,2026-05-06,838,2023-01-03,2026-05-06,2026-09-24T16:02:06.224756Z,yfinance,1.5.1,200,,,"{""comparison"": {""Close"": {""maximum_relative_change"": 1.4098069727145893e-16, ""overlap_rows"": 588}, ""Open"": {""maximum_relative_change"": 1.3723664216696292e-16, ""overlap_rows"": 588}, ""Volume"": {""maximum_relative_change"": 0.0, ""overlap_rows"": 588}}, ""missing_cached_dates"": {}, ""price_replacement"": ""accepted_provider_values"", ""provider_response"": ""replacement_responses/27fe6539a915579c3f4a60e687003e1b613ebbaad67f5b4cecdf6d9bec4890a7.csv"", ""provider_response_sha256"": ""27fe6539a915579c3f4a60e687003e1b613ebbaad67f5b4cecdf6d9bec4890a7"", ""review_reasons"": [], ""review_threshold"": 0.01}"
live,prices,AEE,yahoo,AEE,,,ok,2023-01-01,2026-05-06,838,2023-01-03,2026-05-06,2026-09-24T16:02:10.434611Z,yfinance,1.5.1,200,,,"{""comparison"": {""Close"": {""maximum_relative_change"": 0.007044661451968851, ""overlap_rows"": 588}, ""Open"": {""maximum_relative_change"": 0.0070446614519688935, ""overlap_rows"": 588}, ""Volume"": {""maximum_relative_change"": 0.0, ""overlap_rows"": 588}}, ""missing_cached_dates"": {}, ""price_replacement"": ""accepted_provider_values"", ""provider_response"": ""replacement_responses/4059a637820ebf292ea5145e3fd26364e45e0ee40a99a693988de6065bb51a37.csv"", ""provider_response_sha256"": ""4059a637820ebf292ea5145e3fd26364e45e0ee40a99a693988de6065bb51a37"", ""review_reasons"": [], ""review_threshold"": 0.01}"
live,prices,AEP,yahoo,AEP,,,ok,2023-01-01,2026-05-06,838,2023-01-03,2026-05-06,2026-09-24T16:02:14.286962Z,yfinance,1.5.1,200,,,"{""comparison"": {""Close"": {""maximum_relative_change"": 0.007556194985709516, ""overlap_rows"": 588}, ""Open"": {""maximum_relative_change"": 0.0075561949857095665, ""overlap_rows"": 588}, ""Volume"": {""maximum_relative_change"": 0.0, ""overlap_rows"": 588}}, ""missing_cached_dates"": {}, ""price_replacement"": ""accepted_provider_values"", ""provider_response"": ""replacement_responses/8fdb404cd16e7e86eb3fb6720fc76d70f79428ba2e71a2276862b32b4d34ceb9.csv"", ""provider_response_sha256"": ""8fdb404cd16e7e86eb3fb6720fc76d70f79428ba2e71a2276862b32b4d34ceb9"", ""review_reasons"": [], ""review_threshold"": 0.01}"
live,prices,AES,yahoo,AES,,,ok,2023-01-01,2026-05-06,838,2023-01-03,2026-05-06,2026-09-24T16:40:19.203464Z,yfinance,1.5.1,,,,"{""approved_review_reasons"": [""Open revision 1.185% exceeds 1.0%"", ""Close revision 1.185% exceeds 1.0%""], ""comparison"": {""Close"": {""maximum_relative_change"": 0.011852208622670187, ""overlap_rows"": 588}, ""Open"": {""maximum_relative_change"": 0.011852208622670099, ""overlap_rows"": 588}, ""Volume"": {""maximum_relative_change"": 0.0, ""overlap_rows"": 588}}, ""missing_cached_dates"": {}, ""price_replacement"": ""accepted_provider_values"", ""provider_response"": ""replacement_responses/39931e779e3d819c6e9caf45eb74e10bbf6fcff88c0d500c056a75a5f003c009.csv"", ""provider_response_sha256"": ""39931e779e3d819c6e9caf45eb74e10bbf6fcff88c0d500c056a75a5f003c009"", ""review_approval"": {""approved_at_utc"": ""2026-09-24T21:36:40.013605Z"", ""authority"": ""User explicitly approved the existing held 1-2 percent revisions on 2026-09-24."", ""maximum_approved_relative_change"": 0.02, ""scope"": ""This saved provider response only; no global threshold change.""}, ""review_reasons"": [], ""review_threshold"": 0.01}"
live,prices,AFL,yahoo,AFL,,,ok,2023-01-01,2026-05-06,838,2023-01-03,2026-05-06,2026-09-24T16:02:21.739062Z,yfinance,1.5.1,200,,,"{""comparison"": {""Close"": {""maximum_relative_change"": 0.005011264624484439, ""overlap_rows"": 588}, ""Open"": {""maximum_relative_change"": 0.005011264624484421, ""overlap_rows"": 588}, ""Volume"": {""maximum_relative_change"": 0.0, ""overlap_rows"": 588}}, ""missing_cached_dates"": {}, ""price_replacement"": ""accepted_provider_values"", ""provider_response"": ""replacement_responses/bda49a94783309cd8fc38e901f9b62c867ebbe7fe2e8c0a1f9ced4b90d9ba489.csv"", ""provider_response_sha256"": ""bda49a94783309cd8fc38e901f9b62c867ebbe7fe2e8c0a1f9ced4b90d9ba489"", ""review_reasons"": [], ""review_threshold"": 0.01}"
live,prices,AIG,yahoo,AIG,,,ok,2023-01-01,2026-05-06,838,2023-01-03,2026-05-06,2026-09-24T16:02:30.888670Z,yfinance,1.5.1,200,,,"{""comparison"": {""Close"": {""maximum_relative_change"": 0.006581038252412603, ""overlap_rows"": 588}, ""Open"": {""maximum_relative_change"": 0.006581038252412685, ""overlap_rows"": 588}, ""Volume"": {""maximum_relative_change"": 0.0, ""overlap_rows"": 588}}, ""missing_cached_dates"": {}, ""price_replacement"": ""accepted_provider_values"", ""provider_response"": ""replacement_responses/6bca75614eac3ec12f95fb4ff0969fb899a121fd2c0e87d412678a3d1ced64e4.csv"", ""provider_response_sha256"": ""6bca75614eac3ec12f95fb4ff0969fb899a121fd2c0e87d412678a3d1ced64e4"", ""review_reasons"": [], ""review_threshold"": 0.01}"
live,prices,AIZ,yahoo,AIZ,,,ok,2023-01-01,2026-05-06,838,2023-01-03,2026-05-06,2026-09-24T16:02:33.743135Z,yfinance,1.5.1,200,,,"{""comparison"": {""Close"": {""maximum_relative_change"": 0.003080948162686648, ""overlap_rows"": 588}, ""Open"": {""maximum_relative_change"": 0.0030809481626865253, ""overlap_rows"": 588}, ""Volume"": {""maximum_relative_change"": 0.0, ""overlap_rows"": 588}}, ""missing_cached_dates"": {}, ""price_replacement"": ""accepted_provider_values"", ""provider_response"": ""replacement_responses/160ec0dc01eb2ef342986f7450b662c16b64e41dc414676c6c6c7e9428ed48bc.csv"", ""provider_response_sha256"": ""160ec0dc01eb2ef342986f7450b662c16b64e41dc414676c6c6c7e9428ed48bc"", ""review_reasons"": [], ""review_threshold"": 0.01}"
live,prices,AJG,yahoo,AJG,,,ok,2023-01-01,2026-05-06,838,2023-01-03,2026-05-06,2026-09-24T16:02:38.079465Z,yfinance,1.5.1,200,,,"{""comparison"": {""Close"": {""maximum_relative_change"": 0.002665067284298948, ""overlap_rows"": 588}, ""Open"": {""maximum_relative_change"": 0.002665067284298852, ""overlap_rows"": 588}, ""Volume"": {""maximum_relative_change"": 0.0, ""overlap_rows"": 588}}, ""missing_cached_dates"": {}, ""price_replacement"": ""accepted_provider_values"", ""provider_response"": ""replacement_responses/dc89a5aa35214faaa4b7ae8e7f5ceab4998c0de44530d43358503e9c6aa42d72.csv"", ""provider_response_sha256"": ""dc89a5aa35214faaa4b7ae8e7f5ceab4998c0de44530d43358503e9c6aa42d72"", ""review_reasons"": [], ""review_threshold"": 0.01}"
live,prices,AKAM,yahoo,AKAM,,,ok,2023-01-01,2026-05-06,838,2023-01-03,2026-05-06,2026-09-24T16:02:40.865443Z,yfinance,1.5.1,200,,,"{""comparison"": {""Close"": {""maximum_relative_change"": 1.566624943074722e-16, ""overlap_rows"": 588}, ""Open"": {""maximum_relative_change"": 1.576881300721107e-16, ""overlap_rows"": 588}, ""Volume"": {""maximum_relative_change"": 0.0, ""overlap_rows"": 588}}, ""missing_cached_dates"": {}, ""price_replacement"": ""accepted_provider_values"", ""provider_response"": ""replacement_responses/5642e74099476412a1d52ca3fabf9abc02f56f49345d9664baadfa786f32a4f7.csv"", ""provider_response_sha256"": ""5642e74099476412a1d52ca3fabf9abc02f56f49345d9664baadfa786f32a4f7"", ""review_reasons"": [], ""review_threshold"": 0.01}"
live,prices,ALB,yahoo,ALB,,,ok,2023-01-01,2026-05-06,838,2023-01-03,2026-05-06,2026-09-24T16:02:45.129370Z,yfinance,1.5.1,200,,,"{""comparison"": {""Close"": {""maximum_relative_change"": 0.0033578571596268787, ""overlap_rows"": 588}, ""Open"": {""maximum_relative_change"": 0.0033578571596267876, ""overlap_rows"": 588}, ""Volume"": {""maximum_relative_change"": 0.0, ""overlap_rows"": 588}}, ""missing_cached_dates"": {}, ""price_replacement"": ""accepted_provider_values"", ""provider_response"": ""replacement_responses/645b940026050c27f57a36ace136884d9f16ba483401a0675c269923b0174568.csv"", ""provider_response_sha256"": ""645b940026050c27f57a36ace136884d9f16ba483401a0675c269923b0174568"", ""review_reasons"": [], ""review_threshold"": 0.01}"
live,prices,ALGN,yahoo,ALGN,,,ok,2023-01-01,2026-05-06,838,2023-01-03,2026-05-06,2026-09-24T16:02:48.138915Z,yfinance,1.5.1,200,,,"{""comparison"": {""Close"": {""maximum_relative_change"": 1.5767064405034243e-16, ""overlap_rows"": 588}, ""Open"": {""maximum_relative_change"": 1.5766188914849803e-16, ""overlap_rows"": 588}, ""Volume"": {""maximum_relative_change"": 0.0, ""overlap_rows"": 588}}, ""missing_cached_dates"": {}, ""price_replacement"": ""accepted_provider_values"", ""provider_response"": ""replacement_responses/22aca239ceb41ed02db01971b6e5bbab83dce211fdd9d6663e4982e544aef5e2.csv"", ""provider_response_sha256"": ""22aca239ceb41ed02db01971b6e5bbab83dce211fdd9d6663e4982e544aef5e2"", ""review_reasons"": [], ""review_threshold"": 0.01}"
live,prices,ALK,yahoo,ALK,,,ok,2023-01-01,2026-05-06,838,2023-01-03,2026-05-06,2026-09-24T16:02:51.072293Z,yfinance,1.5.1,200,,,"{""comparison"": {}, ""missing_cached_dates"": {}, ""price_replacement"": ""accepted_provider_values"", ""provider_response"": ""replacement_responses/c94077e64daedb5cce9af1a19fbebf9b4d02913750c74131aab7d425621f5aac.csv"", ""provider_response_sha256"": ""c94077e64daedb5cce9af1a19fbebf9b4d02913750c74131aab7d425621f5aac"", ""review_reasons"": [], ""review_threshold"": 0.01}"
live,prices,ALL,yahoo,ALL,,,ok,2023-01-01,2026-05-06,838,2023-01-03,2026-05-06,2026-09-24T16:02:55.389836Z,yfinance,1.5.1,200,,,"{""comparison"": {""Close"": {""maximum_relative_change"": 0.0041448628478147065, ""overlap_rows"": 588}, ""Open"": {""maximum_relative_change"": 0.004144862847814634, ""overlap_rows"": 588}, ""Volume"": {""maximum_relative_change"": 0.0, ""overlap_rows"": 588}}, ""missing_cached_dates"": {}, ""price_replacement"": ""accepted_provider_values"", ""provider_response"": ""replacement_responses/2e973bd297fd6bdac117f36069a142e46f0d224547f006da1baf0824cc53aea0.csv"", ""provider_response_sha256"": ""2e973bd297fd6bdac117f36069a142e46f0d224547f006da1baf0824cc53aea0"", ""review_reasons"": [], ""review_threshold"": 0.01}"
live,prices,ALLE,yahoo,ALLE,,,ok,2023-01-01,2026-05-06,838,2023-01-03,2026-05-06,2026-09-24T16:02:58.542257Z,yfinance,1.5.1,200,,,"{""comparison"": {""Close"": {""maximum_relative_change"": 0.0035397206332609377, ""overlap_rows"": 588}, ""Open"": {""maximum_relative_change"": 0.0035397206332608293, ""overlap_rows"": 588}, ""Volume"": {""maximum_relative_change"": 0.0, ""overlap_rows"": 588}}, ""missing_cached_dates"": {}, ""price_replacement"": ""accepted_provider_values"", ""provider_response"": ""replacement_responses/aa55a302b26da99b8c1ba119fc3d4df7f6e1be8eef96b00a6f217ebff4153ebb.csv"", ""provider_response_sha256"": ""aa55a302b26da99b8c1ba119fc3d4df7f6e1be8eef96b00a6f217ebff4153ebb"", ""review_reasons"": [], ""review_threshold"": 0.01}"
live,prices,AMAT,yahoo,AMAT,,,ok,2023-01-01,2026-05-06,838,2023-01-03,2026-05-06,2026-09-24T16:03:01.159176Z,yfinance,1.5.1,200,,,"{""comparison"": {""Close"": {""maximum_relative_change"": 0.0010684557342601547, ""overlap_rows"": 588}, ""Open"": {""maximum_relative_change"": 0.001068455734260085, ""overlap_rows"": 588}, ""Volume"": {""maximum_relative_change"": 0.0, ""overlap_rows"": 588}}, ""missing_cached_dates"": {}, ""price_replacement"": ""accepted_provider_values"", ""provider_response"": ""replacement_responses/d41691cdbf87921b2e617869831989baf27a8d6a11d5f33a8424c8c027686eb5.csv"", ""provider_response_sha256"": ""d41691cdbf87921b2e617869831989baf27a8d6a11d5f33a8424c8c027686eb5"", ""review_reasons"": [], ""review_threshold"": 0.01}"
live,prices,AMCR,yahoo,AMCR,,,ok,2023-01-01,2026-05-06,838,2023-01-03,2026-05-06,2026-09-24T16:40:21.903992Z,yfinance,1.5.1,200,,,"{""accepted_comparison"": {""Close"": {""maximum_relative_change"": 0.043916478663195486, ""overlap_rows"": 588}, ""Open"": {""maximum_relative_change"": 0.043916478663194994, ""overlap_rows"": 588}, ""Volume"": {""maximum_relative_change"": 0.0, ""overlap_rows"": 588}}, ""approved_review_reasons"": [""Open revision 4.392% exceeds 1.0%"", ""Close revision 4.392% exceeds 1.0%""], ""comparison"": {""Close"": {""maximum_relative_change"": 0.043916478663195486, ""overlap_rows"": 588}, ""Open"": {""maximum_relative_change"": 0.043916478663194994, ""overlap_rows"": 588}, ""Volume"": {""maximum_relative_change"": 0.0, ""overlap_rows"": 588}}, ""missing_cached_dates"": {}, ""price_replacement"": ""accepted_provider_values"", ""provider_response"": ""replacement_responses/37f30cc9f696754096c2cb0c881f074414fa3edcbe3b02d0f9af22443191f0ac.csv"", ""provider_response_sha256"": ""37f30cc9f696754096c2cb0c881f074414fa3edcbe3b02d0f9af22443191f0ac"", ""review_approval"": {""approved_at_utc"": ""2026-09-24T22:20:54.925282Z"", ""authority"": ""User explicit approval on 2026-09-25 Europe/Brussels."", ""scope"": ""This saved response and, for APH/MNST, its documented 2:1 post-window split conversion only.""}, ""review_reasons"": [], ""review_threshold"": 0.01}"
live,prices,AMD,yahoo,AMD,,,ok,2023-01-01,2026-05-06,838,2023-01-03,2026-05-06,2026-09-24T16:03:07.427274Z,yfinance,1.5.1,200,,,"{""comparison"": {""Close"": {""maximum_relative_change"": 1.5766188914849803e-16, ""overlap_rows"": 588}, ""Open"": {""maximum_relative_change"": 1.5614607605359846e-16, ""overlap_rows"": 588}, ""Volume"": {""maximum_relative_change"": 0.0, ""overlap_rows"": 588}}, ""missing_cached_dates"": {}, ""price_replacement"": ""accepted_provider_values"", ""provider_response"": ""replacement_responses/4d30cadd04033dbe4b3bf45e2089a023c3f51fd07e7bef414c02f6d28304f574.csv"", ""provider_response_sha256"": ""4d30cadd04033dbe4b3bf45e2089a023c3f51fd07e7bef414c02f6d28304f574"", ""review_reasons"": [], ""review_threshold"": 0.01}"
live,prices,AME,yahoo,AME,,,ok,2023-01-01,2026-05-06,838,2023-01-03,2026-05-06,2026-09-24T16:03:11.374114Z,yfinance,1.5.1,200,,,"{""comparison"": {""Close"": {""maximum_relative_change"": 0.0014554539077986316, ""overlap_rows"": 588}, ""Open"": {""maximum_relative_change"": 0.0014554539077987379, ""overlap_rows"": 588}, ""Volume"": {""maximum_relative_change"": 0.0, ""overlap_rows"": 588}}, ""missing_cached_dates"": {}, ""price_replacement"": ""accepted_provider_values"", ""provider_response"": ""replacement_responses/42d79e2d7bd7e03ebc1877530d61631de5b1731f1cca6bb4cee2542b3c6804b9.csv"", ""provider_response_sha256"": ""42d79e2d7bd7e03ebc1877530d61631de5b1731f1cca6bb4cee2542b3c6804b9"", ""review_reasons"": [], ""review_threshold"": 0.01}"
live,prices,AMGN,yahoo,AMGN,,,ok,2023-01-01,2026-05-06,838,2023-01-03,2026-05-06,2026-09-24T16:03:14.278264Z,yfinance,1.5.1,200,,,"{""comparison"": {""Close"": {""maximum_relative_change"": 0.005810440657354055, ""overlap_rows"": 588}, ""Open"": {""maximum_relative_change"": 0.005810440657354068, ""overlap_rows"": 588}, ""Volume"": {""maximum_relative_change"": 0.0, ""overlap_rows"": 588}}, ""missing_cached_dates"": {}, ""price_replacement"": ""accepted_provider_values"", ""provider_response"": ""replacement_responses/682bd10088e3448fc0edab57edab6469ffb512b3f4c35599505cfdecf4baa58a.csv"", ""provider_response_sha256"": ""682bd10088e3448fc0edab57edab6469ffb512b3f4c35599505cfdecf4baa58a"", ""review_reasons"": [], ""review_threshold"": 0.01}"
live,prices,AMP,yahoo,AMP,,,ok,2023-01-01,2026-05-06,838,2023-01-03,2026-05-06,2026-09-24T16:03:17.853517Z,yfinance,1.5.1,200,,,"{""comparison"": {""Close"": {""maximum_relative_change"": 0.003114782130421931, ""overlap_rows"": 588}, ""Open"": {""maximum_relative_change"": 0.003114782130421668, ""overlap_rows"": 588}, ""Volume"": {""maximum_relative_change"": 0.0, ""overlap_rows"": 588}}, ""missing_cached_dates"": {}, ""price_replacement"": ""accepted_provider_values"", ""provider_response"": ""replacement_responses/420275fba593e9bacf87e62583cd38dec09cdd46eb878d7f14adf52bba9b64b2.csv"", ""provider_response_sha256"": ""420275fba593e9bacf87e62583cd38dec09cdd46eb878d7f14adf52bba9b64b2"", ""review_reasons"": [], ""review_threshold"": 0.01}"
live,prices,AMT,yahoo,AMT,,,ok,2023-01-01,2026-05-06,838,2023-01-03,2026-05-06,2026-09-24T16:03:20.444998Z,yfinance,1.5.1,200,,,"{""comparison"": {""Close"": {""maximum_relative_change"": 2.7557633115309587e-07, ""overlap_rows"": 588}, ""Open"": {""maximum_relative_change"": 2.755763310460967e-07, ""overlap_rows"": 588}, ""Volume"": {""maximum_relative_change"": 0.0, ""overlap_rows"": 588}}, ""missing_cached_dates"": {}, ""price_replacement"": ""accepted_provider_values"", ""provider_response"": ""replacement_responses/6e56a35886528a14abd0abb9218b159b7d02bb1a22b36dd881778fd0a3a3acba.csv"", ""provider_response_sha256"": ""6e56a35886528a14abd0abb9218b159b7d02bb1a22b36dd881778fd0a3a3acba"", ""review_reasons"": [], ""review_threshold"": 0.01}"
live,prices,AMTM,yahoo,AMTM,,,ok,2023-01-01,2026-05-06,405,2024-09-24,2026-05-06,2026-09-24T16:03:23.390149Z,yfinance,1.5.1,200,,,"{""comparison"": {}, ""missing_cached_dates"": {}, ""price_replacement"": ""accepted_provider_values"", ""provider_response"": ""replacement_responses/f3ab825f414960c2730c3985a988c4c8a4c3a4fa750ad41b11e1ed109a10da87.csv"", ""provider_response_sha256"": ""f3ab825f414960c2730c3985a988c4c8a4c3a4fa750ad41b11e1ed109a10da87"", ""review_reasons"": [], ""review_threshold"": 0.01}"
live,prices,AMZN,yahoo,AMZN,,,ok,2023-01-01,2026-05-06,838,2023-01-03,2026-05-06,2026-09-24T16:03:26.194482Z,yfinance,1.5.1,200,,,"{""comparison"": {""Close"": {""maximum_relative_change"": 1.57373801051332e-16, ""overlap_rows"": 588}, ""Open"": {""maximum_relative_change"": 1.5776691864189207e-16, ""overlap_rows"": 588}, ""Volume"": {""maximum_relative_change"": 0.0, ""overlap_rows"": 588}}, ""missing_cached_dates"": {}, ""price_replacement"": ""accepted_provider_values"", ""provider_response"": ""replacement_responses/57f92215c2a3b56054582635dd72e811f75f8f7332d272512c5a64ba3f032ebc.csv"", ""provider_response_sha256"": ""57f92215c2a3b56054582635dd72e811f75f8f7332d272512c5a64ba3f032ebc"", ""review_reasons"": [], ""review_threshold"": 0.01}"
live,prices,ANET,yahoo,ANET,,,ok,2023-01-01,2026-05-06,838,2023-01-03,2026-05-06,2026-09-24T16:03:30.058658Z,yfinance,1.5.1,200,,,"{""comparison"": {""Close"": {""maximum_relative_change"": 1.5747844693719262e-16, ""overlap_rows"": 588}, ""Open"": {""maximum_relative_change"": 1.571084802641542e-16, ""overlap_rows"": 588}, ""Volume"": {""maximum_relative_change"": 0.0, ""overlap_rows"": 588}}, ""missing_cached_dates"": {}, ""price_replacement"": ""accepted_provider_values"", ""provider_response"": ""replacement_responses/3b489995cb31e73b34275f50d3a2d6f31204ba9d5c6265aa3833cbb328ecb71b.csv"", ""provider_response_sha256"": ""3b489995cb31e73b34275f50d3a2d6f31204ba9d5c6265aa3833cbb328ecb71b"", ""review_reasons"": [], ""review_threshold"": 0.01}"
live,prices,ANSS,yahoo,ANSS,,,failed,2023-01-01,2026-05-06,0,,,2026-09-24T16:40:37.371440Z,yfinance,1.5.1,,RetryableProviderError,Yahoo returned an empty response for ANSS; absence was not confirmed,
live,prices,AON,yahoo,AON,,,ok,2023-01-01,2026-05-06,838,2023-01-03,2026-05-06,2026-09-24T16:03:47.629593Z,yfinance,1.5.1,200,,,"{""comparison"": {""Close"": {""maximum_relative_change"": 0.0022745402965944077, ""overlap_rows"": 588}, ""Open"": {""maximum_relative_change"": 0.0022745402965943036, ""overlap_rows"": 588}, ""Volume"": {""maximum_relative_change"": 0.0, ""overlap_rows"": 588}}, ""missing_cached_dates"": {}, ""price_replacement"": ""accepted_provider_values"", ""provider_response"": ""replacement_responses/d79ecab0b494cff4fecbc11b4805f2708d346911ea717dc0c1da2987a7196066.csv"", ""provider_response_sha256"": ""d79ecab0b494cff4fecbc11b4805f2708d346911ea717dc0c1da2987a7196066"", ""review_reasons"": [], ""review_threshold"": 0.01}"
live,prices,AOS,yahoo,AOS,,,ok,2023-01-01,2026-05-06,838,2023-01-03,2026-05-06,2026-09-24T16:03:51.385831Z,yfinance,1.5.1,200,,,"{""comparison"": {""Close"": {""maximum_relative_change"": 0.006019393186075903, ""overlap_rows"": 588}, ""Open"": {""maximum_relative_change"": 0.006019393186075732, ""overlap_rows"": 588}, ""Volume"": {""maximum_relative_change"": 0.0, ""overlap_rows"": 588}}, ""missing_cached_dates"": {}, ""price_replacement"": ""accepted_provider_values"", ""provider_response"": ""replacement_responses/0171a27126481dc11d3fae44e81769aa1c67f3879e0658f5db7872556d1c755f.csv"", ""provider_response_sha256"": ""0171a27126481dc11d3fae44e81769aa1c67f3879e0658f5db7872556d1c755f"", ""review_reasons"": [], ""review_threshold"": 0.01}"
live,prices,APA,yahoo,APA,,,ok,2023-01-01,2026-05-06,838,2023-01-03,2026-05-06,2026-09-24T16:03:54.879774Z,yfinance,1.5.1,200,,,"{""comparison"": {""Close"": {""maximum_relative_change"": 3.0078544102214114e-07, ""overlap_rows"": 588}, ""Open"": {""maximum_relative_change"": 3.007854409929114e-07, ""overlap_rows"": 588}, ""Volume"": {""maximum_relative_change"": 0.0, ""overlap_rows"": 588}}, ""missing_cached_dates"": {}, ""price_replacement"": ""accepted_provider_values"", ""provider_response"": ""replacement_responses/58d770b2daf41a7c74349d6d6fa18e1747b560b3697dd4f29188228518ccfc73.csv"", ""provider_response_sha256"": ""58d770b2daf41a7c74349d6d6fa18e1747b560b3697dd4f29188228518ccfc73"", ""review_reasons"": [], ""review_threshold"": 0.01}"
live,prices,APD,yahoo,APD,,,ok,2023-01-01,2026-05-06,838,2023-01-03,2026-05-06,2026-09-24T16:03:57.427210Z,yfinance,1.5.1,200,,,"{""comparison"": {""Close"": {""maximum_relative_change"": 3.316876833196365e-07, ""overlap_rows"": 588}, ""Open"": {""maximum_relative_change"": 3.3168768322756576e-07, ""overlap_rows"": 588}, ""Volume"": {""maximum_relative_change"": 0.0, ""overlap_rows"": 588}}, ""missing_cached_dates"": {}, ""price_replacement"": ""accepted_provider_values"", ""provider_response"": ""replacement_responses/240201d01cb58646a9aedef895e1b205a7ce96cb2a5506b5656a80820953f729.csv"", ""provider_response_sha256"": ""240201d01cb58646a9aedef895e1b205a7ce96cb2a5506b5656a80820953f729"", ""review_reasons"": [], ""review_threshold"": 0.01}"
live,prices,APH,yahoo,APH,,,ok,2023-01-01,2026-05-06,838,2023-01-03,2026-05-06,2026-09-24T16:40:39.890452Z,yfinance,1.5.1,200,,,"{""accepted_comparison"": {""Close"": {""maximum_relative_change"": 0.0015488693550995557, ""overlap_rows"": 588}, ""Open"": {""maximum_relative_change"": 0.0015488693550995158, ""overlap_rows"": 588}, ""Volume"": {""maximum_relative_change"": 0.00046533271288971617, ""overlap_rows"": 588}}, ""approved_review_reasons"": [""Open revision 50.077% exceeds 1.0%"", ""Close revision 50.077% exceeds 1.0%"", ""Volume revision 100.000% exceeds 1.0%""], ""comparison"": {""Close"": {""maximum_relative_change"": 0.5007744346775498, ""overlap_rows"": 588}, ""Open"": {""maximum_relative_change"": 0.5007744346775498, ""overlap_rows"": 588}, ""Volume"": {""maximum_relative_change"": 1.0, ""overlap_rows"": 588}}, ""missing_cached_dates"": {}, ""price_replacement"": ""accepted_reviewed_split_units"", ""provider_response"": ""replacement_responses/38a6542bd9199df99c9f4e4fbd8f9837cfd112eb7d48d3f42aaa5d779e01a02e.csv"", ""provider_response_sha256"": ""38a6542bd9199df99c9f4e4fbd8f9837cfd112eb7d48d3f42aaa5d779e01a02e"", ""review_approval"": {""approved_at_utc"": ""2026-09-24T22:20:54.925282Z"", ""authority"": ""User explicit approval on 2026-09-25 Europe/Brussels."", ""scope"": ""This saved response and, for APH/MNST, its documented 2:1 post-window split conversion only.""}, ""review_reasons"": [], ""review_threshold"": 0.01, ""unit_conversion"": {""basis_through"": ""2026-05-06"", ""price_multiplier"": 2.0, ""reason"": ""Reverse the documented post-window split only; retain Yahoo dividend adjustments."", ""source_url"": ""https://investors.amphenol.com/news-and-events/news-details/2026/Amphenol-Announces-Two-for-One-Stock-Split-and-Third-Quarter-2026-Dividend/default.aspx"", ""split_effective_date"": ""2026-09-03"", ""split_ratio"": ""2:1"", ""volume_multiplier"": 0.5}}"
live,prices,APO,yahoo,APO,,,ok,2023-01-01,2026-05-06,838,2023-01-03,2026-05-06,2026-09-24T16:04:03.462520Z,yfinance,1.5.1,200,,,"{""comparison"": {""Close"": {""maximum_relative_change"": 0.0042064071772745775, ""overlap_rows"": 588}, ""Open"": {""maximum_relative_change"": 0.004206407177274593, ""overlap_rows"": 588}, ""Volume"": {""maximum_relative_change"": 0.0, ""overlap_rows"": 588}}, ""missing_cached_dates"": {}, ""price_replacement"": ""accepted_provider_values"", ""provider_response"": ""replacement_responses/eb4912f240bab2510126b797c57bd15d7acf347d66a6d6b87d672a7e202f2819.csv"", ""provider_response_sha256"": ""eb4912f240bab2510126b797c57bd15d7acf347d66a6d6b87d672a7e202f2819"", ""review_reasons"": [], ""review_threshold"": 0.01}"
live,prices,APP,yahoo,APP,,,ok,2023-01-01,2026-05-06,838,2023-01-03,2026-05-06,2026-09-24T16:04:06.558845Z,yfinance,1.5.1,200,,,"{""comparison"": {""Close"": {""maximum_relative_change"": 1.5770125380980406e-16, ""overlap_rows"": 588}, ""Open"": {""maximum_relative_change"": 1.5767064405034243e-16, ""overlap_rows"": 588}, ""Volume"": {""maximum_relative_change"": 0.0, ""overlap_rows"": 588}}, ""missing_cached_dates"": {}, ""price_replacement"": ""accepted_provider_values"", ""provider_response"": ""replacement_responses/daedbf064f34b0c2a13f6910e0777d0b9c5462e487a233c616029cd81bf1643e.csv"", ""provider_response_sha256"": ""daedbf064f34b0c2a13f6910e0777d0b9c5462e487a233c616029cd81bf1643e"", ""review_reasons"": [], ""review_threshold"": 0.01}"
live,prices,APTV,yahoo,APTV,,,ok,2023-01-01,2026-05-06,838,2023-01-03,2026-05-06,2026-09-24T16:04:09.653483Z,yfinance,1.5.1,200,,,"{""comparison"": {""Close"": {""maximum_relative_change"": 1.576006987221637e-16, ""overlap_rows"": 588}, ""Open"": {""maximum_relative_change"": 0.0, ""overlap_rows"": 588}, ""Volume"": {""maximum_relative_change"": 0.0, ""overlap_rows"": 588}}, ""missing_cached_dates"": {}, ""price_replacement"": ""accepted_provider_values"", ""provider_response"": ""replacement_responses/8d6d1fa5f6b3bdffbafa5486ad1710e429f2403f6f34f69ea835ba3d38648481.csv"", ""provider_response_sha256"": ""8d6d1fa5f6b3bdffbafa5486ad1710e429f2403f6f34f69ea835ba3d38648481"", ""review_reasons"": [], ""review_threshold"": 0.01}"
live,prices,ARE,yahoo,ARE,,,ok,2023-01-01,2026-05-06,838,2023-01-03,2026-05-06,2026-09-24T16:04:14.199213Z,yfinance,1.5.1,200,,,"{""comparison"": {""Close"": {""maximum_relative_change"": 2.5782558666278555e-07, ""overlap_rows"": 588}, ""Open"": {""maximum_relative_change"": 2.578255865520682e-07, ""overlap_rows"": 588}, ""Volume"": {""maximum_relative_change"": 0.0, ""overlap_rows"": 588}}, ""missing_cached_dates"": {}, ""price_replacement"": ""accepted_provider_values"", ""provider_response"": ""replacement_responses/8aeb3388f764e8949eba818d63d57c2a84cfc3c4bfacc2d23dc6f7c7a3b9182e.csv"", ""provider_response_sha256"": ""8aeb3388f764e8949eba818d63d57c2a84cfc3c4bfacc2d23dc6f7c7a3b9182e"", ""review_reasons"": [], ""review_threshold"": 0.01}"
live,prices,ARES,yahoo,ARES,,,ok,2023-01-01,2026-05-06,838,2023-01-03,2026-05-06,2026-09-24T16:40:42.625678Z,yfinance,1.5.1,,,,"{""approved_review_reasons"": [""Open revision 1.046% exceeds 1.0%"", ""Close revision 1.046% exceeds 1.0%""], ""comparison"": {""Close"": {""maximum_relative_change"": 0.010457383821685474, ""overlap_rows"": 588}, ""Open"": {""maximum_relative_change"": 0.010457383821685646, ""overlap_rows"": 588}, ""Volume"": {""maximum_relative_change"": 0.0, ""overlap_rows"": 588}}, ""missing_cached_dates"": {}, ""price_replacement"": ""accepted_provider_values"", ""provider_response"": ""replacement_responses/a73f800d41050e61802100ebede54c59e8f2566811aaa79c1ce4094acf7a5de7.csv"", ""provider_response_sha256"": ""a73f800d41050e61802100ebede54c59e8f2566811aaa79c1ce4094acf7a5de7"", ""review_approval"": {""approved_at_utc"": ""2026-09-24T21:36:40.013605Z"", ""authority"": ""User explicitly approved the existing held 1-2 percent revisions on 2026-09-24."", ""maximum_approved_relative_change"": 0.02, ""scope"": ""This saved provider response only; no global threshold change.""}, ""review_reasons"": [], ""review_threshold"": 0.01}"
live,prices,ATO,yahoo,ATO,,,ok,2023-01-01,2026-05-06,838,2023-01-03,2026-05-06,2026-09-24T16:04:21.404970Z,yfinance,1.5.1,200,,,"{""comparison"": {""Close"": {""maximum_relative_change"": 0.005993749298452742, ""overlap_rows"": 588}, ""Open"": {""maximum_relative_change"": 0.005993749298452784, ""overlap_rows"": 588}, ""Volume"": {""maximum_relative_change"": 0.0, ""overlap_rows"": 588}}, ""missing_cached_dates"": {}, ""price_replacement"": ""accepted_provider_values"", ""provider_response"": ""replacement_responses/07746bc47fda62993f84b94a14c5eb05cfc4232b94b38d6f466d004f7fb0d5d4.csv"", ""provider_response_sha256"": ""07746bc47fda62993f84b94a14c5eb05cfc4232b94b38d6f466d004f7fb0d5d4"", ""review_reasons"": [], ""review_threshold"": 0.01}"
live,prices,ATVI,yahoo,ATVI,,,failed,2023-01-01,2026-05-06,0,,,2026-09-24T16:40:55.183846Z,yfinance,1.5.1,,RetryableProviderError,Yahoo returned an empty response for ATVI; absence was not confirmed,
live,prices,AVB,yahoo,AVB,,,failed,2023-01-01,2026-05-06,0,,,2026-09-24T16:41:10.170802Z,yfinance,1.5.1,,RetryableProviderError,Yahoo returned an empty response for AVB; absence was not confirmed,
live,prices,AVGO,yahoo,AVGO,,,ok,2023-01-01,2026-05-06,838,2023-01-03,2026-05-06,2026-09-24T16:04:50.377403Z,yfinance,1.5.1,200,,,"{""comparison"": {""Close"": {""maximum_relative_change"": 0.0018179997152841158, ""overlap_rows"": 588}, ""Open"": {""maximum_relative_change"": 0.0018179997152841171, ""overlap_rows"": 588}, ""Volume"": {""maximum_relative_change"": 0.0, ""overlap_rows"": 588}}, ""missing_cached_dates"": {}, ""price_replacement"": ""accepted_provider_values"", ""provider_response"": ""replacement_responses/8ce32495c186f5b3452afd52d35883080649b69b8ce05afe23ef94d1dff17976.csv"", ""provider_response_sha256"": ""8ce32495c186f5b3452afd52d35883080649b69b8ce05afe23ef94d1dff17976"", ""review_reasons"": [], ""review_threshold"": 0.01}"
live,prices,AVY,yahoo,AVY,,,ok,2023-01-01,2026-05-06,838,2023-01-03,2026-05-06,2026-09-24T16:04:53.260135Z,yfinance,1.5.1,200,,,"{""comparison"": {""Close"": {""maximum_relative_change"": 0.00577821495541146, ""overlap_rows"": 588}, ""Open"": {""maximum_relative_change"": 0.0057782149554117266, ""overlap_rows"": 588}, ""Volume"": {""maximum_relative_change"": 0.0, ""overlap_rows"": 588}}, ""missing_cached_dates"": {}, ""price_replacement"": ""accepted_provider_values"", ""provider_response"": ""replacement_responses/62c7af4a6475561af7f77665326454d701bd3cd8c173e5777672941f79f92052.csv"", ""provider_response_sha256"": ""62c7af4a6475561af7f77665326454d701bd3cd8c173e5777672941f79f92052"", ""review_reasons"": [], ""review_threshold"": 0.01}"
live,prices,AWK,yahoo,AWK,,,ok,2023-01-01,2026-05-06,838,2023-01-03,2026-05-06,2026-09-24T16:04:57.349229Z,yfinance,1.5.1,200,,,"{""comparison"": {""Close"": {""maximum_relative_change"": 0.006607873606512448, ""overlap_rows"": 588}, ""Open"": {""maximum_relative_change"": 0.006607873606512451, ""overlap_rows"": 588}, ""Volume"": {""maximum_relative_change"": 0.0, ""overlap_rows"": 588}}, ""missing_cached_dates"": {}, ""price_replacement"": ""accepted_provider_values"", ""provider_response"": ""replacement_responses/9325b4324942e797de87e0962605615cc92a3d5b5195c5fe0c0a823f89774525.csv"", ""provider_response_sha256"": ""9325b4324942e797de87e0962605615cc92a3d5b5195c5fe0c0a823f89774525"", ""review_reasons"": [], ""review_threshold"": 0.01}"
live,prices,AXON,yahoo,AXON,,,ok,2023-01-01,2026-05-06,838,2023-01-03,2026-05-06,2026-09-24T16:05:00.620802Z,yfinance,1.5.1,200,,,"{""comparison"": {""Close"": {""maximum_relative_change"": 1.57151917844845e-16, ""overlap_rows"": 588}, ""Open"": {""maximum_relative_change"": 1.5640816665210806e-16, ""overlap_rows"": 588}, ""Volume"": {""maximum_relative_change"": 0.0, ""overlap_rows"": 588}}, ""missing_cached_dates"": {}, ""price_replacement"": ""accepted_provider_values"", ""provider_response"": ""replacement_responses/257971ac08a5f7b657cccfbf896ead0b6ed11b72dfbd745d542f7a014504fb67.csv"", ""provider_response_sha256"": ""257971ac08a5f7b657cccfbf896ead0b6ed11b72dfbd745d542f7a014504fb67"", ""review_reasons"": [], ""review_threshold"": 0.01}"
live,prices,AXP,yahoo,AXP,,,ok,2023-01-01,2026-05-06,838,2023-01-03,2026-05-06,2026-09-24T16:05:04.050060Z,yfinance,1.5.1,200,,,"{""comparison"": {""Close"": {""maximum_relative_change"": 3.364193076423365e-07, ""overlap_rows"": 588}, ""Open"": {""maximum_relative_change"": 3.3641930766884286e-07, ""overlap_rows"": 588}, ""Volume"": {""maximum_relative_change"": 0.0, ""overlap_rows"": 588}}, ""missing_cached_dates"": {}, ""price_replacement"": ""accepted_provider_values"", ""provider_response"": ""replacement_responses/890fe0c467d84e8ee1e2a0f758f25a4e024e64919046c191d87244310f9b5f50.csv"", ""provider_response_sha256"": ""890fe0c467d84e8ee1e2a0f758f25a4e024e64919046c191d87244310f9b5f50"", ""review_reasons"": [], ""review_threshold"": 0.01}"
live,prices,AZO,yahoo,AZO,,,ok,2023-01-01,2026-05-06,838,2023-01-03,2026-05-06,2026-09-24T16:05:08.446714Z,yfinance,1.5.1,200,,,"{""comparison"": {""Close"": {""maximum_relative_change"": 0.0, ""overlap_rows"": 588}, ""Open"": {""maximum_relative_change"": 0.0, ""overlap_rows"": 588}, ""Volume"": {""maximum_relative_change"": 0.0, ""overlap_rows"": 588}}, ""missing_cached_dates"": {}, ""price_replacement"": ""accepted_provider_values"", ""provider_response"": ""replacement_responses/c04e71a21642b210464342c5399685d797213c395fa11c80bccee89380acb1fb.csv"", ""provider_response_sha256"": ""c04e71a21642b210464342c5399685d797213c395fa11c80bccee89380acb1fb"", ""review_reasons"": [], ""review_threshold"": 0.01}"
live,prices,BA,yahoo,BA,,,ok,2023-01-01,2026-05-06,838,2023-01-03,2026-05-06,2026-09-24T16:05:11.758810Z,yfinance,1.5.1,200,,,"{""comparison"": {""Close"": {""maximum_relative_change"": 1.5769688788857464e-16, ""overlap_rows"": 588}, ""Open"": {""maximum_relative_change"": 1.5769688788857464e-16, ""overlap_rows"": 588}, ""Volume"": {""maximum_relative_change"": 0.0, ""overlap_rows"": 588}}, ""missing_cached_dates"": {}, ""price_replacement"": ""accepted_provider_values"", ""provider_response"": ""replacement_responses/3256520e210d7f2a85595d2b60d8e3fcb7c80aeb55989c40c726d04dd9ea0d2e.csv"", ""provider_response_sha256"": ""3256520e210d7f2a85595d2b60d8e3fcb7c80aeb55989c40c726d04dd9ea0d2e"", ""review_reasons"": [], ""review_threshold"": 0.01}"
live,prices,BAC,yahoo,BAC,,,ok,2023-01-01,2026-05-06,838,2023-01-03,2026-05-06,2026-09-24T16:05:16.347337Z,yfinance,1.5.1,200,,,"{""comparison"": {""Close"": {""maximum_relative_change"": 0.005076475416271305, ""overlap_rows"": 588}, ""Open"": {""maximum_relative_change"": 0.005076475416271322, ""overlap_rows"": 588}, ""Volume"": {""maximum_relative_change"": 0.0, ""overlap_rows"": 588}}, ""missing_cached_dates"": {}, ""price_replacement"": ""accepted_provider_values"", ""provider_response"": ""replacement_responses/dab30c7631ab78e214bc74c3afd7865d818d08911a5da23f52223c51330a80ad.csv"", ""provider_response_sha256"": ""dab30c7631ab78e214bc74c3afd7865d818d08911a5da23f52223c51330a80ad"", ""review_reasons"": [], ""review_threshold"": 0.01}"
live,prices,BALL,yahoo,BALL,,,ok,2023-01-01,2026-05-06,838,2023-01-03,2026-05-06,2026-09-24T16:05:20.245142Z,yfinance,1.5.1,200,,,"{""comparison"": {""Close"": {""maximum_relative_change"": 0.0031764316593735032, ""overlap_rows"": 588}, ""Open"": {""maximum_relative_change"": 0.0031764316593735848, ""overlap_rows"": 588}, ""Volume"": {""maximum_relative_change"": 0.0, ""overlap_rows"": 588}}, ""missing_cached_dates"": {}, ""price_replacement"": ""accepted_provider_values"", ""provider_response"": ""replacement_responses/1c59c611b82c0d9e96969d030411141d38cc29fe7538d962265d54e3c1d77db2.csv"", ""provider_response_sha256"": ""1c59c611b82c0d9e96969d030411141d38cc29fe7538d962265d54e3c1d77db2"", ""review_reasons"": [], ""review_threshold"": 0.01}"
live,prices,BAX,yahoo,BAX,,,ok,2023-01-01,2026-05-06,838,2023-01-03,2026-05-06,2026-09-24T16:05:24.489546Z,yfinance,1.5.1,200,,,"{""comparison"": {""Close"": {""maximum_relative_change"": 0.0003860281397693624, ""overlap_rows"": 588}, ""Open"": {""maximum_relative_change"": 0.00038602813976931267, ""overlap_rows"": 588}, ""Volume"": {""maximum_relative_change"": 0.0, ""overlap_rows"": 588}}, ""missing_cached_dates"": {}, ""price_replacement"": ""accepted_provider_values"", ""provider_response"": ""replacement_responses/3380615e601f4c5db81755d0a995d8750ab63664d7fa27c020c8940be03f5638.csv"", ""provider_response_sha256"": ""3380615e601f4c5db81755d0a995d8750ab63664d7fa27c020c8940be03f5638"", ""review_reasons"": [], ""review_threshold"": 0.01}"
live,prices,BBWI,yahoo,BBWI,,,ok,2023-01-01,2026-05-06,838,2023-01-03,2026-05-06,2026-09-24T16:05:27.207845Z,yfinance,1.5.1,200,,,"{""comparison"": {}, ""missing_cached_dates"": {}, ""price_replacement"": ""accepted_provider_values"", ""provider_response"": ""replacement_responses/adf6b20e88e603539b450ff467212cef205059878852e0fa2c8bb238a918ece4.csv"", ""provider_response_sha256"": ""adf6b20e88e603539b450ff467212cef205059878852e0fa2c8bb238a918ece4"", ""review_reasons"": [], ""review_threshold"": 0.01}"
live,prices,BBY,yahoo,BBY,,,ok,2023-01-01,2026-05-06,838,2023-01-03,2026-05-06,2026-09-24T16:41:12.807066Z,yfinance,1.5.1,,,,"{""approved_review_reasons"": [""Open revision 1.038% exceeds 1.0%"", ""Close revision 1.038% exceeds 1.0%""], ""comparison"": {""Close"": {""maximum_relative_change"": 0.010384370573248394, ""overlap_rows"": 588}, ""Open"": {""maximum_relative_change"": 0.01038437057324833, ""overlap_rows"": 588}, ""Volume"": {""maximum_relative_change"": 0.0, ""overlap_rows"": 588}}, ""missing_cached_dates"": {}, ""price_replacement"": ""accepted_provider_values"", ""provider_response"": ""replacement_responses/107707ea2290e8f8678ccb70252a32995ad1574cbad5e2ac452adbe30fc71d1f.csv"", ""provider_response_sha256"": ""107707ea2290e8f8678ccb70252a32995ad1574cbad5e2ac452adbe30fc71d1f"", ""review_approval"": {""approved_at_utc"": ""2026-09-24T21:36:40.013605Z"", ""authority"": ""User explicitly approved the existing held 1-2 percent revisions on 2026-09-24."", ""maximum_approved_relative_change"": 0.02, ""scope"": ""This saved provider response only; no global threshold change.""}, ""review_reasons"": [], ""review_threshold"": 0.01}"
live,prices,BDX,yahoo,BDX,,,ok,2023-01-01,2026-05-06,838,2023-01-03,2026-05-06,2026-09-24T16:05:33.394743Z,yfinance,1.5.1,200,,,"{""comparison"": {""Close"": {""maximum_relative_change"": 0.005862917110695484, ""overlap_rows"": 588}, ""Open"": {""maximum_relative_change"": 0.0058629171106954455, ""overlap_rows"": 588}, ""Volume"": {""maximum_relative_change"": 0.0, ""overlap_rows"": 588}}, ""missing_cached_dates"": {}, ""price_replacement"": ""accepted_provider_values"", ""provider_response"": ""replacement_responses/41f93538b2137466c4744dbd7c4df88268a0e66bae51ebf4b1b14ad589439c2a.csv"", ""provider_response_sha256"": ""41f93538b2137466c4744dbd7c4df88268a0e66bae51ebf4b1b14ad589439c2a"", ""review_reasons"": [], ""review_threshold"": 0.01}"
live,prices,BEN,yahoo,BEN,,,ok,2023-01-01,2026-05-06,838,2023-01-03,2026-05-06,2026-09-24T16:05:37.426775Z,yfinance,1.5.1,200,,,"{""comparison"": {""Close"": {""maximum_relative_change"": 2.98537108646475e-07, ""overlap_rows"": 588}, ""Open"": {""maximum_relative_change"": 2.985371084577198e-07, ""overlap_rows"": 588}, ""Volume"": {""maximum_relative_change"": 0.0, ""overlap_rows"": 588}}, ""missing_cached_dates"": {}, ""price_replacement"": ""accepted_provider_values"", ""provider_response"": ""replacement_responses/c18096f8384154da7c5671be9796971c606f4ba45cf32e0e7c97a14ce044a675.csv"", ""provider_response_sha256"": ""c18096f8384154da7c5671be9796971c606f4ba45cf32e0e7c97a14ce044a675"", ""review_reasons"": [], ""review_threshold"": 0.01}"
live,prices,BF.B,yahoo,BF-B,,,ok,2023-01-01,2026-05-06,838,2023-01-03,2026-05-06,2026-09-24T16:05:40.224226Z,yfinance,1.5.1,200,,,"{""comparison"": {""Close"": {""maximum_relative_change"": 0.008437063650430838, ""overlap_rows"": 588}, ""Open"": {""maximum_relative_change"": 0.008437063650430896, ""overlap_rows"": 588}, ""Volume"": {""maximum_relative_change"": 0.0, ""overlap_rows"": 588}}, ""missing_cached_dates"": {}, ""price_replacement"": ""accepted_provider_values"", ""provider_response"": ""replacement_responses/5d374ae73ac9b02841541351083dd6a35d19a08dfa7d49563fcb4a98c910e22c.csv"", ""provider_response_sha256"": ""5d374ae73ac9b02841541351083dd6a35d19a08dfa7d49563fcb4a98c910e22c"", ""review_reasons"": [], ""review_threshold"": 0.01}"
live,prices,BG,yahoo,BG,,,ok,2023-01-01,2026-05-06,838,2023-01-03,2026-05-06,2026-09-24T16:05:43.290623Z,yfinance,1.5.1,200,,,"{""comparison"": {""Close"": {""maximum_relative_change"": 0.006266040345302147, ""overlap_rows"": 588}, ""Open"": {""maximum_relative_change"": 0.006266040345302147, ""overlap_rows"": 588}, ""Volume"": {""maximum_relative_change"": 0.0, ""overlap_rows"": 588}}, ""missing_cached_dates"": {}, ""price_replacement"": ""accepted_provider_values"", ""provider_response"": ""replacement_responses/5f0cd9a52be83f22c6b34e9f4fe1256096ee3d0e902a6d0c713717aad758f41b.csv"", ""provider_response_sha256"": ""5f0cd9a52be83f22c6b34e9f4fe1256096ee3d0e902a6d0c713717aad758f41b"", ""review_reasons"": [], ""review_threshold"": 0.01}"
live,prices,BIIB,yahoo,BIIB,,,ok,2023-01-01,2026-05-06,838,2023-01-03,2026-05-06,2026-09-24T16:05:46.409412Z,yfinance,1.5.1,200,,,"{""comparison"": {""Close"": {""maximum_relative_change"": 1.5618040497680345e-16, ""overlap_rows"": 588}, ""Open"": {""maximum_relative_change"": 1.5776691864189207e-16, ""overlap_rows"": 588}, ""Volume"": {""maximum_relative_change"": 0.0, ""overlap_rows"": 588}}, ""missing_cached_dates"": {}, ""price_replacement"": ""accepted_provider_values"", ""provider_response"": ""replacement_responses/416181036164d28adc75de3ca55dcfe2cca2ddf7aee8acb5673b99249d453912.csv"", ""provider_response_sha256"": ""416181036164d28adc75de3ca55dcfe2cca2ddf7aee8acb5673b99249d453912"", ""review_reasons"": [], ""review_threshold"": 0.01}"
live,prices,BIO,yahoo,BIO,,,ok,2023-01-01,2026-05-06,838,2023-01-03,2026-05-06,2026-09-24T16:05:48.978011Z,yfinance,1.5.1,200,,,"{""comparison"": {}, ""missing_cached_dates"": {}, ""price_replacement"": ""accepted_provider_values"", ""provider_response"": ""replacement_responses/cd527be7186f9111e96c2b1c453d4aa08cec7189582946cdc6f81827cfc35528.csv"", ""provider_response_sha256"": ""cd527be7186f9111e96c2b1c453d4aa08cec7189582946cdc6f81827cfc35528"", ""review_reasons"": [], ""review_threshold"": 0.01}"
live,prices,BK,yahoo,BK,,,failed,2024-01-01,2026-05-06,0,,,2026-07-30T11:17:53.899863Z,yfinance,1.5.1,,RetryableProviderError,Yahoo returned an empty response for BK; absence was not confirmed,
live,prices,BK,yahoo,BNY,,,ok,2023-01-01,2026-05-06,838,2023-01-03,2026-05-06,2026-09-24T16:05:51.999345Z,yfinance,1.5.1,200,,,"{""comparison"": {""Close"": {""maximum_relative_change"": 0.0008436224958363965, ""overlap_rows"": 588}, ""Open"": {""maximum_relative_change"": 0.0008436224958364955, ""overlap_rows"": 588}, ""Volume"": {""maximum_relative_change"": 0.0, ""overlap_rows"": 588}}, ""missing_cached_dates"": {}, ""price_replacement"": ""accepted_provider_values"", ""provider_response"": ""replacement_responses/97ef2ebd20300eeba34c1c9726921391287833df2a1173278b4e11499585def3.csv"", ""provider_response_sha256"": ""97ef2ebd20300eeba34c1c9726921391287833df2a1173278b4e11499585def3"", ""review_reasons"": [], ""review_threshold"": 0.01}"
live,prices,BKNG,yahoo,BKNG,,,ok,2023-01-01,2026-05-06,838,2023-01-03,2026-05-06,2026-09-24T16:05:55.953885Z,yfinance,1.5.1,200,,,"{""comparison"": {""Close"": {""maximum_relative_change"": 0.0024096770110942686, ""overlap_rows"": 588}, ""Open"": {""maximum_relative_change"": 0.0024096770110941966, ""overlap_rows"": 588}, ""Volume"": {""maximum_relative_change"": 0.0, ""overlap_rows"": 588}}, ""missing_cached_dates"": {}, ""price_replacement"": ""accepted_provider_values"", ""provider_response"": ""replacement_responses/fac5b40bc4f046f2f2a8afb1cb071b00d0c9317db58e76a3fbf84c0cd48ed5d0.csv"", ""provider_response_sha256"": ""fac5b40bc4f046f2f2a8afb1cb071b00d0c9317db58e76a3fbf84c0cd48ed5d0"", ""review_reasons"": [], ""review_threshold"": 0.01}"
live,prices,BKR,yahoo,BKR,,,ok,2023-01-01,2026-05-06,838,2023-01-03,2026-05-06,2026-09-24T16:05:58.552116Z,yfinance,1.5.1,200,,,"{""comparison"": {""Close"": {""maximum_relative_change"": 0.0036656526165875624, ""overlap_rows"": 588}, ""Open"": {""maximum_relative_change"": 0.0036656526165875438, ""overlap_rows"": 588}, ""Volume"": {""maximum_relative_change"": 0.0, ""overlap_rows"": 588}}, ""missing_cached_dates"": {}, ""price_replacement"": ""accepted_provider_values"", ""provider_response"": ""replacement_responses/ee5a3bfab351a9133e21ca3b1f7cc578b201fde47b07e4d1753fea5242e36595.csv"", ""provider_response_sha256"": ""ee5a3bfab351a9133e21ca3b1f7cc578b201fde47b07e4d1753fea5242e36595"", ""review_reasons"": [], ""review_threshold"": 0.01}"
live,prices,BLDR,yahoo,BLDR,,,ok,2023-01-01,2026-05-06,838,2023-01-03,2026-05-06,2026-09-24T16:06:02.582069Z,yfinance,1.5.1,200,,,"{""comparison"": {""Close"": {""maximum_relative_change"": 1.5765314856252327e-16, ""overlap_rows"": 588}, ""Open"": {""maximum_relative_change"": 1.5745227574824217e-16, ""overlap_rows"": 588}, ""Volume"": {""maximum_relative_change"": 0.0, ""overlap_rows"": 588}}, ""missing_cached_dates"": {}, ""price_replacement"": ""accepted_provider_values"", ""provider_response"": ""replacement_responses/155b53ce81f4031ebb6ede0c3a5b135de86a0eab1e4128cb6580dc46942b06a8.csv"", ""provider_response_sha256"": ""155b53ce81f4031ebb6ede0c3a5b135de86a0eab1e4128cb6580dc46942b06a8"", ""review_reasons"": [], ""review_threshold"": 0.01}"
live,prices,BLK,yahoo,BLK,,,ok,2023-01-01,2026-05-06,838,2023-01-03,2026-05-06,2026-09-24T16:06:06.809603Z,yfinance,1.5.1,200,,,"{""comparison"": {""Close"": {""maximum_relative_change"": 0.0051058506954420714, ""overlap_rows"": 588}, ""Open"": {""maximum_relative_change"": 0.0051058506954419405, ""overlap_rows"": 588}, ""Volume"": {""maximum_relative_change"": 0.0, ""overlap_rows"": 588}}, ""missing_cached_dates"": {}, ""price_replacement"": ""accepted_provider_values"", ""provider_response"": ""replacement_responses/beaf0cd3733a1eaf48bdc35f2a43b0924c688afe45611d1ec2565e90d18ceeed.csv"", ""provider_response_sha256"": ""beaf0cd3733a1eaf48bdc35f2a43b0924c688afe45611d1ec2565e90d18ceeed"", ""review_reasons"": [], ""review_threshold"": 0.01}"
live,prices,BMY,yahoo,BMY,,,ok,2023-01-01,2026-05-06,838,2023-01-03,2026-05-06,2026-09-24T16:06:10.595285Z,yfinance,1.5.1,200,,,"{""comparison"": {""Close"": {""maximum_relative_change"": 2.999723127417984e-07, ""overlap_rows"": 588}, ""Open"": {""maximum_relative_change"": 2.999723126064142e-07, ""overlap_rows"": 588}, ""Volume"": {""maximum_relative_change"": 0.0, ""overlap_rows"": 588}}, ""missing_cached_dates"": {}, ""price_replacement"": ""accepted_provider_values"", ""provider_response"": ""replacement_responses/a91c783e57859e4c94c9943db95be03fdfb53cb85878cf2b3520ce3191cd3c42.csv"", ""provider_response_sha256"": ""a91c783e57859e4c94c9943db95be03fdfb53cb85878cf2b3520ce3191cd3c42"", ""review_reasons"": [], ""review_threshold"": 0.01}"
live,prices,BR,yahoo,BR,,,ok,2023-01-01,2026-05-06,838,2023-01-03,2026-05-06,2026-09-24T16:06:14.210542Z,yfinance,1.5.1,200,,,"{""comparison"": {""Close"": {""maximum_relative_change"": 0.006121758599360308, ""overlap_rows"": 588}, ""Open"": {""maximum_relative_change"": 0.0061217585993605375, ""overlap_rows"": 588}, ""Volume"": {""maximum_relative_change"": 0.0, ""overlap_rows"": 588}}, ""missing_cached_dates"": {}, ""price_replacement"": ""accepted_provider_values"", ""provider_response"": ""replacement_responses/5cd8fb7fd5cbd494a4cf881ca73925afaa14051384592aa6460b97fd46b345d6.csv"", ""provider_response_sha256"": ""5cd8fb7fd5cbd494a4cf881ca73925afaa14051384592aa6460b97fd46b345d6"", ""review_reasons"": [], ""review_threshold"": 0.01}"
live,prices,BRK.B,yahoo,BRK-B,,,ok,2023-01-01,2026-05-06,838,2023-01-03,2026-05-06,2026-09-24T16:06:17.397994Z,yfinance,1.5.1,200,,,"{""comparison"": {""Close"": {""maximum_relative_change"": 1.5682674005650351e-16, ""overlap_rows"": 588}, ""Open"": {""maximum_relative_change"": 1.5445742230783094e-16, ""overlap_rows"": 588}, ""Volume"": {""maximum_relative_change"": 0.0, ""overlap_rows"": 588}}, ""missing_cached_dates"": {}, ""price_replacement"": ""accepted_provider_values"", ""provider_response"": ""replacement_responses/5b6f1fbfe8ad8d2f7d5b66be0122f0c823010ff2fdd48926b4633008a20b0938.csv"", ""provider_response_sha256"": ""5b6f1fbfe8ad8d2f7d5b66be0122f0c823010ff2fdd48926b4633008a20b0938"", ""review_reasons"": [], ""review_threshold"": 0.01}"
live,prices,BRO,yahoo,BRO,,,ok,2023-01-01,2026-05-06,838,2023-01-03,2026-05-06,2026-09-24T16:06:21.651427Z,yfinance,1.5.1,200,,,"{""comparison"": {""Close"": {""maximum_relative_change"": 0.0023099177056187096, ""overlap_rows"": 588}, ""Open"": {""maximum_relative_change"": 0.0023099177056185283, ""overlap_rows"": 588}, ""Volume"": {""maximum_relative_change"": 0.0, ""overlap_rows"": 588}}, ""missing_cached_dates"": {}, ""price_replacement"": ""accepted_provider_values"", ""provider_response"": ""replacement_responses/978f1f23710613b2f1ecfc089320e5ad0eea861abe70e7d5fefd43008d8b10e4.csv"", ""provider_response_sha256"": ""978f1f23710613b2f1ecfc089320e5ad0eea861abe70e7d5fefd43008d8b10e4"", ""review_reasons"": [], ""review_threshold"": 0.01}"
live,prices,BSX,yahoo,BSX,,,ok,2023-01-01,2026-05-06,838,2023-01-03,2026-05-06,2026-09-24T16:06:24.652106Z,yfinance,1.5.1,200,,,"{""comparison"": {""Close"": {""maximum_relative_change"": 1.576006987221637e-16, ""overlap_rows"": 588}, ""Open"": {""maximum_relative_change"": 1.576881300721107e-16, ""overlap_rows"": 588}, ""Volume"": {""maximum_relative_change"": 0.0, ""overlap_rows"": 588}}, ""missing_cached_dates"": {}, ""price_replacement"": ""accepted_provider_values"", ""provider_response"": ""replacement_responses/6b399dd31be0547702eedad5c760ebe8b02e4ff6a171b91580ba7faabb31f624.csv"", ""provider_response_sha256"": ""6b399dd31be0547702eedad5c760ebe8b02e4ff6a171b91580ba7faabb31f624"", ""review_reasons"": [], ""review_threshold"": 0.01}"
live,prices,BWA,yahoo,BWA,,,ok,2023-01-01,2026-05-06,838,2023-01-03,2026-05-06,2026-09-24T16:06:28.564953Z,yfinance,1.5.1,200,,,"{""comparison"": {}, ""missing_cached_dates"": {}, ""price_replacement"": ""accepted_provider_values"", ""provider_response"": ""replacement_responses/9336186b479c11d7ec49cea81576d1bfdab83acf099a582481d106f93ffe6fe4.csv"", ""provider_response_sha256"": ""9336186b479c11d7ec49cea81576d1bfdab83acf099a582481d106f93ffe6fe4"", ""review_reasons"": [], ""review_threshold"": 0.01}"
live,prices,BX,yahoo,BX,,,ok,2023-01-01,2026-05-06,838,2023-01-03,2026-05-06,2026-09-24T16:41:15.889439Z,yfinance,1.5.1,,,,"{""approved_review_reasons"": [""Open revision 1.010% exceeds 1.0%"", ""Close revision 1.010% exceeds 1.0%""], ""comparison"": {""Close"": {""maximum_relative_change"": 0.010098127227507046, ""overlap_rows"": 588}, ""Open"": {""maximum_relative_change"": 0.01009812722750723, ""overlap_rows"": 588}, ""Volume"": {""maximum_relative_change"": 0.0, ""overlap_rows"": 588}}, ""missing_cached_dates"": {}, ""price_replacement"": ""accepted_provider_values"", ""provider_response"": ""replacement_responses/0c9999f86957cb8fffd911c6a6f53e16cae76c6373140fc71ae8237fc05ae54e.csv"", ""provider_response_sha256"": ""0c9999f86957cb8fffd911c6a6f53e16cae76c6373140fc71ae8237fc05ae54e"", ""review_approval"": {""approved_at_utc"": ""2026-09-24T21:36:40.013605Z"", ""authority"": ""User explicitly approved the existing held 1-2 percent revisions on 2026-09-24."", ""maximum_approved_relative_change"": 0.02, ""scope"": ""This saved provider response only; no global threshold change.""}, ""review_reasons"": [], ""review_threshold"": 0.01}"
live,prices,BXP,yahoo,BXP,,,ok,2023-01-01,2026-05-06,838,2023-01-03,2026-05-06,2026-09-24T16:06:35.072121Z,yfinance,1.5.1,200,,,"{""comparison"": {""Close"": {""maximum_relative_change"": 3.4165646442502063e-07, ""overlap_rows"": 588}, ""Open"": {""maximum_relative_change"": 3.416564642130174e-07, ""overlap_rows"": 588}, ""Volume"": {""maximum_relative_change"": 0.0, ""overlap_rows"": 588}}, ""missing_cached_dates"": {}, ""price_replacement"": ""accepted_provider_values"", ""provider_response"": ""replacement_responses/2f2bf414c79fd06a88d11142bca7aa6cc225fcf91ca40c04e73555d460b181ea.csv"", ""provider_response_sha256"": ""2f2bf414c79fd06a88d11142bca7aa6cc225fcf91ca40c04e73555d460b181ea"", ""review_reasons"": [], ""review_threshold"": 0.01}"
live,prices,C,yahoo,C,,,ok,2023-01-01,2026-05-06,838,2023-01-03,2026-05-06,2026-09-24T16:06:39.199620Z,yfinance,1.5.1,200,,,"{""comparison"": {""Close"": {""maximum_relative_change"": 0.005058788299487194, ""overlap_rows"": 588}, ""Open"": {""maximum_relative_change"": 0.00505878829948722, ""overlap_rows"": 588}, ""Volume"": {""maximum_relative_change"": 0.0, ""overlap_rows"": 588}}, ""missing_cached_dates"": {}, ""price_replacement"": ""accepted_provider_values"", ""provider_response"": ""replacement_responses/3139ee7d52318430cc502353fcf5b23a876c318ff601e5bbd67f89d4646cc863.csv"", ""provider_response_sha256"": ""3139ee7d52318430cc502353fcf5b23a876c318ff601e5bbd67f89d4646cc863"", ""review_reasons"": [], ""review_threshold"": 0.01}"
live,prices,CAG,yahoo,CAG,,,ok,2023-01-01,2026-05-06,838,2023-01-03,2026-05-06,2026-09-24T16:41:18.950128Z,yfinance,1.5.1,,,,"{""approved_review_reasons"": [""Open revision 1.129% exceeds 1.0%"", ""Close revision 1.129% exceeds 1.0%""], ""comparison"": {""Close"": {""maximum_relative_change"": 0.011290534135974653, ""overlap_rows"": 588}, ""Open"": {""maximum_relative_change"": 0.011290534135974563, ""overlap_rows"": 588}, ""Volume"": {""maximum_relative_change"": 0.0, ""overlap_rows"": 588}}, ""missing_cached_dates"": {}, ""price_replacement"": ""accepted_provider_values"", ""provider_response"": ""replacement_responses/ab09efb8112750080bd5c296337d77e420e376bb100e325b49e9a8a2f8fbcde7.csv"", ""provider_response_sha256"": ""ab09efb8112750080bd5c296337d77e420e376bb100e325b49e9a8a2f8fbcde7"", ""review_approval"": {""approved_at_utc"": ""2026-09-24T21:36:40.013605Z"", ""authority"": ""User explicitly approved the existing held 1-2 percent revisions on 2026-09-24."", ""maximum_approved_relative_change"": 0.02, ""scope"": ""This saved provider response only; no global threshold change.""}, ""review_reasons"": [], ""review_threshold"": 0.01}"
live,prices,CAH,yahoo,CAH,,,ok,2023-01-01,2026-05-06,838,2023-01-03,2026-05-06,2026-09-24T16:06:45.659206Z,yfinance,1.5.1,200,,,"{""comparison"": {""Close"": {""maximum_relative_change"": 3.4989919404219645e-07, ""overlap_rows"": 588}, ""Open"": {""maximum_relative_change"": 3.49899194257668e-07, ""overlap_rows"": 588}, ""Volume"": {""maximum_relative_change"": 0.0, ""overlap_rows"": 588}}, ""missing_cached_dates"": {}, ""price_replacement"": ""accepted_provider_values"", ""provider_response"": ""replacement_responses/240eee0d84b34ef3012226247496b050c9e11ca3eb9dafc1bda019cafeae58e6.csv"", ""provider_response_sha256"": ""240eee0d84b34ef3012226247496b050c9e11ca3eb9dafc1bda019cafeae58e6"", ""review_reasons"": [], ""review_threshold"": 0.01}"
live,prices,CARR,yahoo,CARR,,,ok,2023-01-01,2026-05-06,838,2023-01-03,2026-05-06,2026-09-24T16:06:48.866657Z,yfinance,1.5.1,200,,,"{""comparison"": {""Close"": {""maximum_relative_change"": 3.193226272971671e-07, ""overlap_rows"": 588}, ""Open"": {""maximum_relative_change"": 3.1932262719850596e-07, ""overlap_rows"": 588}, ""Volume"": {""maximum_relative_change"": 0.0, ""overlap_rows"": 588}}, ""missing_cached_dates"": {}, ""price_replacement"": ""accepted_provider_values"", ""provider_response"": ""replacement_responses/312d79c04e9b2a358a383ff42ddd8fc293804959f9ede5ea76e89f1ca8eb4949.csv"", ""provider_response_sha256"": ""312d79c04e9b2a358a383ff42ddd8fc293804959f9ede5ea76e89f1ca8eb4949"", ""review_reasons"": [], ""review_threshold"": 0.01}"
live,prices,CASY,yahoo,CASY,,,ok,2023-01-01,2026-05-06,838,2023-01-03,2026-05-06,2026-09-24T16:06:51.691556Z,yfinance,1.5.1,200,,,"{""comparison"": {""Close"": {""maximum_relative_change"": 0.0007496733802765686, ""overlap_rows"": 588}, ""Open"": {""maximum_relative_change"": 0.0007496733802765378, ""overlap_rows"": 588}, ""Volume"": {""maximum_relative_change"": 0.0, ""overlap_rows"": 588}}, ""missing_cached_dates"": {}, ""price_replacement"": ""accepted_provider_values"", ""provider_response"": ""replacement_responses/ad75ff52e024ae15893c8314475e72bb1468f9ad8a7265ecc87d42ad7d925052.csv"", ""provider_response_sha256"": ""ad75ff52e024ae15893c8314475e72bb1468f9ad8a7265ecc87d42ad7d925052"", ""review_reasons"": [], ""review_threshold"": 0.01}"
live,prices,CAT,yahoo,CAT,,,ok,2023-01-01,2026-05-06,838,2023-01-03,2026-05-06,2026-09-24T16:06:56.097726Z,yfinance,1.5.1,200,,,"{""comparison"": {""Close"": {""maximum_relative_change"": 2.9062867826920933e-07, ""overlap_rows"": 588}, ""Open"": {""maximum_relative_change"": 2.9062867829570685e-07, ""overlap_rows"": 588}, ""Volume"": {""maximum_relative_change"": 0.0, ""overlap_rows"": 588}}, ""missing_cached_dates"": {}, ""price_replacement"": ""accepted_provider_values"", ""provider_response"": ""replacement_responses/393e7b473fecad2154c73bddd3a73b23f097f90408b1780441d4bcbd46656fa5.csv"", ""provider_response_sha256"": ""393e7b473fecad2154c73bddd3a73b23f097f90408b1780441d4bcbd46656fa5"", ""review_reasons"": [], ""review_threshold"": 0.01}"
live,prices,CB,yahoo,CB,,,ok,2023-01-01,2026-05-06,838,2023-01-03,2026-05-06,2026-09-24T16:06:59.315834Z,yfinance,1.5.1,200,,,"{""comparison"": {""Close"": {""maximum_relative_change"": 0.0030120481927710845, ""overlap_rows"": 588}, ""Open"": {""maximum_relative_change"": 0.0030120481927710984, ""overlap_rows"": 588}, ""Volume"": {""maximum_relative_change"": 0.0, ""overlap_rows"": 588}}, ""missing_cached_dates"": {}, ""price_replacement"": ""accepted_provider_values"", ""provider_response"": ""replacement_responses/7306667f563b08e843d6096aa508c4fd5733b63aa79b70a6f678993425f68165.csv"", ""provider_response_sha256"": ""7306667f563b08e843d6096aa508c4fd5733b63aa79b70a6f678993425f68165"", ""review_reasons"": [], ""review_threshold"": 0.01}"
live,prices,CBOE,yahoo,CBOE,,,ok,2023-01-01,2026-05-06,838,2023-01-03,2026-05-06,2026-09-24T16:07:02.341399Z,yfinance,1.5.1,200,,,"{""comparison"": {""Close"": {""maximum_relative_change"": 0.002770399876558287, ""overlap_rows"": 588}, ""Open"": {""maximum_relative_change"": 0.002770399876558241, ""overlap_rows"": 588}, ""Volume"": {""maximum_relative_change"": 0.0, ""overlap_rows"": 588}}, ""missing_cached_dates"": {}, ""price_replacement"": ""accepted_provider_values"", ""provider_response"": ""replacement_responses/d35db3648a29c3932ed123953b73c15ff6d861b88cadf366a4ac6f62c0c4d363.csv"", ""provider_response_sha256"": ""d35db3648a29c3932ed123953b73c15ff6d861b88cadf366a4ac6f62c0c4d363"", ""review_reasons"": [], ""review_threshold"": 0.01}"
live,prices,CBRE,yahoo,CBRE,,,ok,2023-01-01,2026-05-06,838,2023-01-03,2026-05-06,2026-09-24T16:07:06.016267Z,yfinance,1.5.1,200,,,"{""comparison"": {""Close"": {""maximum_relative_change"": 1.5756574266016208e-16, ""overlap_rows"": 588}, ""Open"": {""maximum_relative_change"": 1.5733895884873832e-16, ""overlap_rows"": 588}, ""Volume"": {""maximum_relative_change"": 0.0, ""overlap_rows"": 588}}, ""missing_cached_dates"": {}, ""price_replacement"": ""accepted_provider_values"", ""provider_response"": ""replacement_responses/f9701b49b356f0404294059cc0e0965eb8ea4218cad25617b319cfcb83eccb8a.csv"", ""provider_response_sha256"": ""f9701b49b356f0404294059cc0e0965eb8ea4218cad25617b319cfcb83eccb8a"", ""review_reasons"": [], ""review_threshold"": 0.01}"
live,prices,CCI,yahoo,CCI,,,ok,2023-01-01,2026-05-06,838,2023-01-03,2026-05-06,2026-09-24T16:41:22.841279Z,yfinance,1.5.1,,,,"{""approved_review_reasons"": [""Open revision 1.433% exceeds 1.0%"", ""Close revision 1.433% exceeds 1.0%""], ""comparison"": {""Close"": {""maximum_relative_change"": 0.01433223146542928, ""overlap_rows"": 588}, ""Open"": {""maximum_relative_change"": 0.014332231465429321, ""overlap_rows"": 588}, ""Volume"": {""maximum_relative_change"": 0.0, ""overlap_rows"": 588}}, ""missing_cached_dates"": {}, ""price_replacement"": ""accepted_provider_values"", ""provider_response"": ""replacement_responses/7d62d400effa0946834c485e22f376468013783cd8266297ae31901bf61b8e25.csv"", ""provider_response_sha256"": ""7d62d400effa0946834c485e22f376468013783cd8266297ae31901bf61b8e25"", ""review_approval"": {""approved_at_utc"": ""2026-09-24T21:36:40.013605Z"", ""authority"": ""User explicitly approved the existing held 1-2 percent revisions on 2026-09-24."", ""maximum_approved_relative_change"": 0.02, ""scope"": ""This saved provider response only; no global threshold change.""}, ""review_reasons"": [], ""review_threshold"": 0.01}"
live,prices,CCL,yahoo,CCL,,,ok,2023-01-01,2026-05-06,838,2023-01-03,2026-05-06,2026-09-24T16:07:13.459117Z,yfinance,1.5.1,200,,,"{""comparison"": {""Close"": {""maximum_relative_change"": 0.005210328256603237, ""overlap_rows"": 588}, ""Open"": {""maximum_relative_change"": 0.005210328256603237, ""overlap_rows"": 588}, ""Volume"": {""maximum_relative_change"": 0.0, ""overlap_rows"": 588}}, ""missing_cached_dates"": {}, ""price_replacement"": ""accepted_provider_values"", ""provider_response"": ""replacement_responses/d7745b6e4a9a72286cc0af4632a36c75d4cb1faaadf37a42d3838c17d88bee2b.csv"", ""provider_response_sha256"": ""d7745b6e4a9a72286cc0af4632a36c75d4cb1faaadf37a42d3838c17d88bee2b"", ""review_reasons"": [], ""review_threshold"": 0.01}"
live,prices,CDAY,yahoo,DAY,,,failed,2023-01-01,2026-05-06,0,,,2026-09-24T16:41:36.149338Z,yfinance,1.5.1,,RetryableProviderError,Yahoo returned an empty response for DAY; absence was not confirmed,
live,prices,CDNS,yahoo,CDNS,,,ok,2023-01-01,2026-05-06,838,2023-01-03,2026-05-06,2026-09-24T16:07:33.582147Z,yfinance,1.5.1,200,,,"{""comparison"": {""Close"": {""maximum_relative_change"": 1.5712585506549528e-16, ""overlap_rows"": 588}, ""Open"": {""maximum_relative_change"": 1.5658481786430557e-16, ""overlap_rows"": 588}, ""Volume"": {""maximum_relative_change"": 0.0, ""overlap_rows"": 588}}, ""missing_cached_dates"": {}, ""price_replacement"": ""accepted_provider_values"", ""provider_response"": ""replacement_responses/8051e51f1be6a8844cf767f0c15d3bae23cbfed9e66f0f6a3cc098b55c24d529.csv"", ""provider_response_sha256"": ""8051e51f1be6a8844cf767f0c15d3bae23cbfed9e66f0f6a3cc098b55c24d529"", ""review_reasons"": [], ""review_threshold"": 0.01}"
live,prices,CDW,yahoo,CDW,,,ok,2023-01-01,2026-05-06,838,2023-01-03,2026-05-06,2026-09-24T16:07:38.025001Z,yfinance,1.5.1,200,,,"{""comparison"": {""Close"": {""maximum_relative_change"": 0.004754659233555231, ""overlap_rows"": 588}, ""Open"": {""maximum_relative_change"": 0.004754659233555267, ""overlap_rows"": 588}, ""Volume"": {""maximum_relative_change"": 0.0, ""overlap_rows"": 588}}, ""missing_cached_dates"": {}, ""price_replacement"": ""accepted_provider_values"", ""provider_response"": ""replacement_responses/73f57325cd51a1386993077f1c0dc4c967b4c2cdd15722563c3df478bf80fa21.csv"", ""provider_response_sha256"": ""73f57325cd51a1386993077f1c0dc4c967b4c2cdd15722563c3df478bf80fa21"", ""review_reasons"": [], ""review_threshold"": 0.01}"
live,prices,CE,yahoo,CE,,,ok,2023-01-01,2026-05-06,838,2023-01-03,2026-05-06,2026-09-24T16:07:41.963637Z,yfinance,1.5.1,200,,,"{""comparison"": {}, ""missing_cached_dates"": {}, ""price_replacement"": ""accepted_provider_values"", ""provider_response"": ""replacement_responses/e44d64940820e9eec24b34144b19711f2f2d63ab2633a699f0df7b5921971b57.csv"", ""provider_response_sha256"": ""e44d64940820e9eec24b34144b19711f2f2d63ab2633a699f0df7b5921971b57"", ""review_reasons"": [], ""review_threshold"": 0.01}"
live,prices,CEG,yahoo,CEG,,,ok,2023-01-01,2026-05-06,838,2023-01-03,2026-05-06,2026-09-24T16:07:44.953940Z,yfinance,1.5.1,200,,,"{""comparison"": {""Close"": {""maximum_relative_change"": 0.0015354809983499482, ""overlap_rows"": 588}, ""Open"": {""maximum_relative_change"": 0.0015354809983500037, ""overlap_rows"": 588}, ""Volume"": {""maximum_relative_change"": 0.0, ""overlap_rows"": 588}}, ""missing_cached_dates"": {}, ""price_replacement"": ""accepted_provider_values"", ""provider_response"": ""replacement_responses/453d197a6b3d408bc3c4cea3d1ab791bbeba20af82207e21a507f21d574ddc00.csv"", ""provider_response_sha256"": ""453d197a6b3d408bc3c4cea3d1ab791bbeba20af82207e21a507f21d574ddc00"", ""review_reasons"": [], ""review_threshold"": 0.01}"
live,prices,CF,yahoo,CF,,,ok,2023-01-01,2026-05-06,838,2023-01-03,2026-05-06,2026-09-24T16:07:48.380350Z,yfinance,1.5.1,200,,,"{""comparison"": {""Close"": {""maximum_relative_change"": 0.005126434363026368, ""overlap_rows"": 588}, ""Open"": {""maximum_relative_change"": 0.0051264343630264015, ""overlap_rows"": 588}, ""Volume"": {""maximum_relative_change"": 0.0, ""overlap_rows"": 588}}, ""missing_cached_dates"": {}, ""price_replacement"": ""accepted_provider_values"", ""provider_response"": ""replacement_responses/45fb9d1a53138ab863f07cf79c1b5d77ae79a306dbaff6fbd7a5356ba04c850e.csv"", ""provider_response_sha256"": ""45fb9d1a53138ab863f07cf79c1b5d77ae79a306dbaff6fbd7a5356ba04c850e"", ""review_reasons"": [], ""review_threshold"": 0.01}"
live,prices,CFG,yahoo,CFG,,,ok,2023-01-01,2026-05-06,838,2023-01-03,2026-05-06,2026-09-24T16:07:51.643937Z,yfinance,1.5.1,200,,,"{""comparison"": {""Close"": {""maximum_relative_change"": 0.006450985275884837, ""overlap_rows"": 588}, ""Open"": {""maximum_relative_change"": 0.006450985275885122, ""overlap_rows"": 588}, ""Volume"": {""maximum_relative_change"": 0.0, ""overlap_rows"": 588}}, ""missing_cached_dates"": {}, ""price_replacement"": ""accepted_provider_values"", ""provider_response"": ""replacement_responses/c570129d1e63e4ed43cfced324830cb34159d861f28aeba6035c5383e89a5cef.csv"", ""provider_response_sha256"": ""c570129d1e63e4ed43cfced324830cb34159d861f28aeba6035c5383e89a5cef"", ""review_reasons"": [], ""review_threshold"": 0.01}"
live,prices,CHD,yahoo,CHD,,,ok,2023-01-01,2026-05-06,838,2023-01-03,2026-05-06,2026-09-24T16:07:55.080737Z,yfinance,1.5.1,200,,,"{""comparison"": {""Close"": {""maximum_relative_change"": 0.0030401229706722085, ""overlap_rows"": 588}, ""Open"": {""maximum_relative_change"": 0.0030401229706722953, ""overlap_rows"": 588}, ""Volume"": {""maximum_relative_change"": 0.0, ""overlap_rows"": 588}}, ""missing_cached_dates"": {}, ""price_replacement"": ""accepted_provider_values"", ""provider_response"": ""replacement_responses/3e491c142ae0cd5001b4171ece6a130944e657fb134e7a15514102e091272e22.csv"", ""provider_response_sha256"": ""3e491c142ae0cd5001b4171ece6a130944e657fb134e7a15514102e091272e22"", ""review_reasons"": [], ""review_threshold"": 0.01}"
live,prices,CHRW,yahoo,CHRW,,,ok,2023-01-01,2026-05-06,838,2023-01-03,2026-05-06,2026-09-24T16:07:58.825722Z,yfinance,1.5.1,200,,,"{""comparison"": {""Close"": {""maximum_relative_change"": 0.004295027350287525, ""overlap_rows"": 588}, ""Open"": {""maximum_relative_change"": 0.004295027350287545, ""overlap_rows"": 588}, ""Volume"": {""maximum_relative_change"": 0.0, ""overlap_rows"": 588}}, ""missing_cached_dates"": {}, ""price_replacement"": ""accepted_provider_values"", ""provider_response"": ""replacement_responses/e81de52642974d602822007656c76b28659cdbf309861e2c6496f42b762155f4.csv"", ""provider_response_sha256"": ""e81de52642974d602822007656c76b28659cdbf309861e2c6496f42b762155f4"", ""review_reasons"": [], ""review_threshold"": 0.01}"
live,prices,CHTR,yahoo,CHTR,,,ok,2023-01-01,2026-05-06,838,2023-01-03,2026-05-06,2026-09-24T16:08:03.125180Z,yfinance,1.5.1,200,,,"{""comparison"": {""Close"": {""maximum_relative_change"": 1.5756138423879228e-16, ""overlap_rows"": 588}, ""Open"": {""maximum_relative_change"": 1.568310579290009e-16, ""overlap_rows"": 588}, ""Volume"": {""maximum_relative_change"": 0.0, ""overlap_rows"": 588}}, ""missing_cached_dates"": {}, ""price_replacement"": ""accepted_provider_values"", ""provider_response"": ""replacement_responses/08292539d3dd937e673bad3c3ad43de94ab415db37e6a37756e0198aac151c0a.csv"", ""provider_response_sha256"": ""08292539d3dd937e673bad3c3ad43de94ab415db37e6a37756e0198aac151c0a"", ""review_reasons"": [], ""review_threshold"": 0.01}"
live,prices,CI,yahoo,CI,,,ok,2023-01-01,2026-05-06,838,2023-01-03,2026-05-06,2026-09-24T16:08:05.793930Z,yfinance,1.5.1,200,,,"{""comparison"": {""Close"": {""maximum_relative_change"": 0.00552205260188028, ""overlap_rows"": 588}, ""Open"": {""maximum_relative_change"": 0.005522052601880311, ""overlap_rows"": 588}, ""Volume"": {""maximum_relative_change"": 0.0, ""overlap_rows"": 588}}, ""missing_cached_dates"": {}, ""price_replacement"": ""accepted_provider_values"", ""provider_response"": ""replacement_responses/585f696bb613eec0f6fec09245da13964aafc9ed189d9f65d52609bdfd742540.csv"", ""provider_response_sha256"": ""585f696bb613eec0f6fec09245da13964aafc9ed189d9f65d52609bdfd742540"", ""review_reasons"": [], ""review_threshold"": 0.01}"
live,prices,CIEN,yahoo,CIEN,,,ok,2023-01-01,2026-05-06,838,2023-01-03,2026-05-06,2026-09-24T16:08:08.520479Z,yfinance,1.5.1,200,,,"{""comparison"": {""Close"": {""maximum_relative_change"": 1.5661070145204495e-16, ""overlap_rows"": 588}, ""Open"": {""maximum_relative_change"": 1.576881300721107e-16, ""overlap_rows"": 588}, ""Volume"": {""maximum_relative_change"": 0.0, ""overlap_rows"": 588}}, ""missing_cached_dates"": {}, ""price_replacement"": ""accepted_provider_values"", ""provider_response"": ""replacement_responses/dd0a5ee1cb68907e4013ebdc89685b3f3f90b3d78144efcf2553ba864de3bb12.csv"", ""provider_response_sha256"": ""dd0a5ee1cb68907e4013ebdc89685b3f3f90b3d78144efcf2553ba864de3bb12"", ""review_reasons"": [], ""review_threshold"": 0.01}"
live,prices,CINF,yahoo,CINF,,,ok,2023-01-01,2026-05-06,838,2023-01-03,2026-05-06,2026-09-24T16:08:11.446102Z,yfinance,1.5.1,200,,,"{""comparison"": {""Close"": {""maximum_relative_change"": 3.1312863835907234e-07, ""overlap_rows"": 588}, ""Open"": {""maximum_relative_change"": 3.1312863859059116e-07, ""overlap_rows"": 588}, ""Volume"": {""maximum_relative_change"": 0.0, ""overlap_rows"": 588}}, ""missing_cached_dates"": {}, ""price_replacement"": ""accepted_provider_values"", ""provider_response"": ""replacement_responses/038753efb2ed7ac3e0ea4e13d82955411eb1b10e4720c5804f8c0b525565dbe9.csv"", ""provider_response_sha256"": ""038753efb2ed7ac3e0ea4e13d82955411eb1b10e4720c5804f8c0b525565dbe9"", ""review_reasons"": [], ""review_threshold"": 0.01}"
live,prices,CL,yahoo,CL,,,ok,2023-01-01,2026-05-06,838,2023-01-03,2026-05-06,2026-09-24T16:08:15.776588Z,yfinance,1.5.1,200,,,"{""comparison"": {""Close"": {""maximum_relative_change"": 2.866006733587287e-07, ""overlap_rows"": 588}, ""Open"": {""maximum_relative_change"": 2.8660067326216087e-07, ""overlap_rows"": 588}, ""Volume"": {""maximum_relative_change"": 0.0, ""overlap_rows"": 588}}, ""missing_cached_dates"": {}, ""price_replacement"": ""accepted_provider_values"", ""provider_response"": ""replacement_responses/5ffa998276c56b97d961fac53e96a732b148a1788b8e23e09573fbdd35c58ace.csv"", ""provider_response_sha256"": ""5ffa998276c56b97d961fac53e96a732b148a1788b8e23e09573fbdd35c58ace"", ""review_reasons"": [], ""review_threshold"": 0.01}"
live,prices,CLX,yahoo,CLX,,,ok,2023-01-01,2026-05-06,838,2023-01-03,2026-05-06,2026-09-24T16:41:39.605483Z,yfinance,1.5.1,,,,"{""approved_review_reasons"": [""Open revision 1.155% exceeds 1.0%"", ""Close revision 1.155% exceeds 1.0%""], ""comparison"": {""Close"": {""maximum_relative_change"": 0.011547683138617787, ""overlap_rows"": 588}, ""Open"": {""maximum_relative_change"": 0.011547683138617815, ""overlap_rows"": 588}, ""Volume"": {""maximum_relative_change"": 0.0, ""overlap_rows"": 588}}, ""missing_cached_dates"": {}, ""price_replacement"": ""accepted_provider_values"", ""provider_response"": ""replacement_responses/ac6794081daa93391aea8b79a83e1c7a3739c2adebf1121b94e70faf831360c2.csv"", ""provider_response_sha256"": ""ac6794081daa93391aea8b79a83e1c7a3739c2adebf1121b94e70faf831360c2"", ""review_approval"": {""approved_at_utc"": ""2026-09-24T21:36:40.013605Z"", ""authority"": ""User explicitly approved the existing held 1-2 percent revisions on 2026-09-24."", ""maximum_approved_relative_change"": 0.02, ""scope"": ""This saved provider response only; no global threshold change.""}, ""review_reasons"": [], ""review_threshold"": 0.01}"
live,prices,CMA,yahoo,CMA,,,failed,2023-01-01,2026-05-06,0,,,2026-09-24T16:41:55.432446Z,yfinance,1.5.1,,RetryableProviderError,Yahoo returned an empty response for CMA; absence was not confirmed,
live,prices,CMCSA,yahoo,CMCSA,,,ok,2023-01-01,2026-05-06,838,2023-01-03,2026-05-06,2026-09-24T16:08:33.932647Z,yfinance,1.5.1,200,,,"{""comparison"": {""Close"": {""maximum_relative_change"": 4.6018655732940857e-07, ""overlap_rows"": 588}, ""Open"": {""maximum_relative_change"": 4.6018655734055775e-07, ""overlap_rows"": 588}, ""Volume"": {""maximum_relative_change"": 0.0, ""overlap_rows"": 588}}, ""missing_cached_dates"": {}, ""price_replacement"": ""accepted_provider_values"", ""provider_response"": ""replacement_responses/9d215aa6a41c8ba61b8643b8e978bb69ad5e8d70189e49613f6e12bdfd55e32e.csv"", ""provider_response_sha256"": ""9d215aa6a41c8ba61b8643b8e978bb69ad5e8d70189e49613f6e12bdfd55e32e"", ""review_reasons"": [], ""review_threshold"": 0.01}"
live,prices,CME,yahoo,CME,,,ok,2023-01-01,2026-05-06,838,2023-01-03,2026-05-06,2026-09-24T16:08:37.529487Z,yfinance,1.5.1,200,,,"{""comparison"": {""Close"": {""maximum_relative_change"": 0.004672665183686745, ""overlap_rows"": 588}, ""Open"": {""maximum_relative_change"": 0.004672665183686832, ""overlap_rows"": 588}, ""Volume"": {""maximum_relative_change"": 0.0, ""overlap_rows"": 588}}, ""missing_cached_dates"": {}, ""price_replacement"": ""accepted_provider_values"", ""provider_response"": ""replacement_responses/7f56a616ef4e75df9e0e98c38790f3bf035ef4e65861fb5097c6cb361e66cc1a.csv"", ""provider_response_sha256"": ""7f56a616ef4e75df9e0e98c38790f3bf035ef4e65861fb5097c6cb361e66cc1a"", ""review_reasons"": [], ""review_threshold"": 0.01}"
live,prices,CMG,yahoo,CMG,,,ok,2023-01-01,2026-05-06,838,2023-01-03,2026-05-06,2026-09-24T16:08:41.114090Z,yfinance,1.5.1,200,,,"{""comparison"": {""Close"": {""maximum_relative_change"": 1.6055285778891825e-16, ""overlap_rows"": 588}, ""Open"": {""maximum_relative_change"": 1.5256799634413785e-16, ""overlap_rows"": 588}, ""Volume"": {""maximum_relative_change"": 0.0, ""overlap_rows"": 588}}, ""missing_cached_dates"": {}, ""price_replacement"": ""accepted_provider_values"", ""provider_response"": ""replacement_responses/db11185bc5c7e67e03ecd00dd6cf42f7d266675c0ec3357eb5bf06d2472b6041.csv"", ""provider_response_sha256"": ""db11185bc5c7e67e03ecd00dd6cf42f7d266675c0ec3357eb5bf06d2472b6041"", ""review_reasons"": [], ""review_threshold"": 0.01}"
live,prices,CMI,yahoo,CMI,,,ok,2023-01-01,2026-05-06,838,2023-01-03,2026-05-06,2026-09-24T16:08:44.905078Z,yfinance,1.5.1,200,,,"{""comparison"": {""Close"": {""maximum_relative_change"": 0.003708790179978797, ""overlap_rows"": 588}, ""Open"": {""maximum_relative_change"": 0.0037087901799786422, ""overlap_rows"": 588}, ""Volume"": {""maximum_relative_change"": 0.0, ""overlap_rows"": 588}}, ""missing_cached_dates"": {}, ""price_replacement"": ""accepted_provider_values"", ""provider_response"": ""replacement_responses/d826eec8205cdaaa5d23bcb7b3d3bd12ec22fed2c0e66ba6b9ac58d0381c12f9.csv"", ""provider_response_sha256"": ""d826eec8205cdaaa5d23bcb7b3d3bd12ec22fed2c0e66ba6b9ac58d0381c12f9"", ""review_reasons"": [], ""review_threshold"": 0.01}"
live,prices,CMS,yahoo,CMS,,,ok,2023-01-01,2026-05-06,838,2023-01-03,2026-05-06,2026-09-24T16:08:49.346884Z,yfinance,1.5.1,200,,,"{""comparison"": {""Close"": {""maximum_relative_change"": 0.00800603501790744, ""overlap_rows"": 588}, ""Open"": {""maximum_relative_change"": 0.008006035017907531, ""overlap_rows"": 588}, ""Volume"": {""maximum_relative_change"": 0.0, ""overlap_rows"": 588}}, ""missing_cached_dates"": {}, ""price_replacement"": ""accepted_provider_values"", ""provider_response"": ""replacement_responses/9139b97ba3cf1e5e4e097c874cfde473445967a4eaee7d3b711e5feaf14e84bc.csv"", ""provider_response_sha256"": ""9139b97ba3cf1e5e4e097c874cfde473445967a4eaee7d3b711e5feaf14e84bc"", ""review_reasons"": [], ""review_threshold"": 0.01}"
live,prices,CNC,yahoo,CNC,,,ok,2023-01-01,2026-05-06,838,2023-01-03,2026-05-06,2026-09-24T16:08:52.699377Z,yfinance,1.5.1,200,,,"{""comparison"": {""Close"": {""maximum_relative_change"": 1.3722339754944054e-16, ""overlap_rows"": 588}, ""Open"": {""maximum_relative_change"": 1.285352300018878e-16, ""overlap_rows"": 588}, ""Volume"": {""maximum_relative_change"": 0.0, ""overlap_rows"": 588}}, ""missing_cached_dates"": {}, ""price_replacement"": ""accepted_provider_values"", ""provider_response"": ""replacement_responses/d29cdd387ba5f90e57f7164aabab8f4eeca13e3dc78f73562015733c9dbde2e7.csv"", ""provider_response_sha256"": ""d29cdd387ba5f90e57f7164aabab8f4eeca13e3dc78f73562015733c9dbde2e7"", ""review_reasons"": [], ""review_threshold"": 0.01}"
live,prices,CNP,yahoo,CNP,,,ok,2023-01-01,2026-05-06,838,2023-01-03,2026-05-06,2026-09-24T16:08:55.756610Z,yfinance,1.5.1,200,,,"{""comparison"": {""Close"": {""maximum_relative_change"": 0.005940835717690058, ""overlap_rows"": 588}, ""Open"": {""maximum_relative_change"": 0.00594083571769002, ""overlap_rows"": 588}, ""Volume"": {""maximum_relative_change"": 0.0, ""overlap_rows"": 588}}, ""missing_cached_dates"": {}, ""price_replacement"": ""accepted_provider_values"", ""provider_response"": ""replacement_responses/3b5ada78b4b343a26c8046499c9a214439697be287995c01e0c37f93548ac9cc.csv"", ""provider_response_sha256"": ""3b5ada78b4b343a26c8046499c9a214439697be287995c01e0c37f93548ac9cc"", ""review_reasons"": [], ""review_threshold"": 0.01}"
live,prices,COF,yahoo,COF,,,ok,2023-01-01,2026-05-06,838,2023-01-03,2026-05-06,2026-09-24T16:08:59.439865Z,yfinance,1.5.1,200,,,"{""comparison"": {""Close"": {""maximum_relative_change"": 0.003519226920112447, ""overlap_rows"": 588}, ""Open"": {""maximum_relative_change"": 0.0035192269201122827, ""overlap_rows"": 588}, ""Volume"": {""maximum_relative_change"": 0.0, ""overlap_rows"": 588}}, ""missing_cached_dates"": {}, ""price_replacement"": ""accepted_provider_values"", ""provider_response"": ""replacement_responses/a5b96e3d03906276404fde9f3d26fd7488d7826b9db4b2dfdd06d012aa963803.csv"", ""provider_response_sha256"": ""a5b96e3d03906276404fde9f3d26fd7488d7826b9db4b2dfdd06d012aa963803"", ""review_reasons"": [], ""review_threshold"": 0.01}"
live,prices,COHR,yahoo,COHR,,,ok,2023-01-01,2026-05-06,838,2023-01-03,2026-05-06,2026-09-24T16:09:03.249059Z,yfinance,1.5.1,200,,,"{""comparison"": {""Close"": {""maximum_relative_change"": 1.5704337551865232e-16, ""overlap_rows"": 588}, ""Open"": {""maximum_relative_change"": 1.57373801051332e-16, ""overlap_rows"": 588}, ""Volume"": {""maximum_relative_change"": 0.0, ""overlap_rows"": 588}}, ""missing_cached_dates"": {}, ""price_replacement"": ""accepted_provider_values"", ""provider_response"": ""replacement_responses/7abdfc0164c51b12b131ad7114a0764f164c17412cb46ffe4c9c788a0ffe192d.csv"", ""provider_response_sha256"": ""7abdfc0164c51b12b131ad7114a0764f164c17412cb46ffe4c9c788a0ffe192d"", ""review_reasons"": [], ""review_threshold"": 0.01}"
live,prices,COIN,yahoo,COIN,,,ok,2023-01-01,2026-05-06,838,2023-01-03,2026-05-06,2026-09-24T16:09:06.362842Z,yfinance,1.5.1,200,,,"{""comparison"": {""Close"": {""maximum_relative_change"": 1.5727366298512773e-16, ""overlap_rows"": 588}, ""Open"": {""maximum_relative_change"": 1.56671125388111e-16, ""overlap_rows"": 588}, ""Volume"": {""maximum_relative_change"": 0.0, ""overlap_rows"": 588}}, ""missing_cached_dates"": {}, ""price_replacement"": ""accepted_provider_values"", ""provider_response"": ""replacement_responses/8ab06cb0db29240838e1b9f84bd9bba0a8fc247dfc07110ce32c49bc5b06e322.csv"", ""provider_response_sha256"": ""8ab06cb0db29240838e1b9f84bd9bba0a8fc247dfc07110ce32c49bc5b06e322"", ""review_reasons"": [], ""review_threshold"": 0.01}"
live,prices,COO,yahoo,COO,,,ok,2023-01-01,2026-05-06,838,2023-01-03,2026-05-06,2026-09-24T16:09:08.936180Z,yfinance,1.5.1,200,,,"{""comparison"": {""Close"": {""maximum_relative_change"": 1.5765314856252327e-16, ""overlap_rows"": 588}, ""Open"": {""maximum_relative_change"": 1.576881300721107e-16, ""overlap_rows"": 588}, ""Volume"": {""maximum_relative_change"": 0.0, ""overlap_rows"": 588}}, ""missing_cached_dates"": {}, ""price_replacement"": ""accepted_provider_values"", ""provider_response"": ""replacement_responses/732b3be342ec2f4d0a245926040ee6aa1012ad9e0afddf16aaef5a0e5a7d7f76.csv"", ""provider_response_sha256"": ""732b3be342ec2f4d0a245926040ee6aa1012ad9e0afddf16aaef5a0e5a7d7f76"", ""review_reasons"": [], ""review_threshold"": 0.01}"
live,prices,COP,yahoo,COP,,,ok,2023-01-01,2026-05-06,838,2023-01-03,2026-05-06,2026-09-24T16:09:13.320422Z,yfinance,1.5.1,200,,,"{""comparison"": {""Close"": {""maximum_relative_change"": 0.006625865177958133, ""overlap_rows"": 588}, ""Open"": {""maximum_relative_change"": 0.006625865177958176, ""overlap_rows"": 588}, ""Volume"": {""maximum_relative_change"": 0.0, ""overlap_rows"": 588}}, ""missing_cached_dates"": {}, ""price_replacement"": ""accepted_provider_values"", ""provider_response"": ""replacement_responses/7cb3f8a60c9b34fa1706e8dd1b8b065f9d62d34182e81c03c1736e4aa1c44e2a.csv"", ""provider_response_sha256"": ""7cb3f8a60c9b34fa1706e8dd1b8b065f9d62d34182e81c03c1736e4aa1c44e2a"", ""review_reasons"": [], ""review_threshold"": 0.01}"
live,prices,COR,yahoo,COR,,,ok,2023-01-01,2026-05-06,838,2023-01-03,2026-05-06,2026-09-24T16:09:15.889339Z,yfinance,1.5.1,200,,,"{""comparison"": {""Close"": {""maximum_relative_change"": 3.816596143921169e-07, ""overlap_rows"": 838}, ""Open"": {""maximum_relative_change"": 3.8165961424041365e-07, ""overlap_rows"": 838}, ""Volume"": {""maximum_relative_change"": 0.0, ""overlap_rows"": 838}}, ""missing_cached_dates"": {}, ""price_replacement"": ""accepted_provider_values"", ""provider_response"": ""replacement_responses/ae0a8d0ad20b21e6d0431d1638325d3962c9c359ae9ac8b2c4613edba5e35a61.csv"", ""provider_response_sha256"": ""ae0a8d0ad20b21e6d0431d1638325d3962c9c359ae9ac8b2c4613edba5e35a61"", ""review_reasons"": [], ""review_threshold"": 0.01}"
live,prices,COST,yahoo,COST,,,ok,2023-01-01,2026-05-06,838,2023-01-03,2026-05-06,2026-09-24T16:09:19.472847Z,yfinance,1.5.1,200,,,"{""comparison"": {""Close"": {""maximum_relative_change"": 3.4812623231246767e-07, ""overlap_rows"": 588}, ""Open"": {""maximum_relative_change"": 3.4812623218170336e-07, ""overlap_rows"": 588}, ""Volume"": {""maximum_relative_change"": 0.0, ""overlap_rows"": 588}}, ""missing_cached_dates"": {}, ""price_replacement"": ""accepted_provider_values"", ""provider_response"": ""replacement_responses/a78d188dda5431c3d8dd61abc070fa9d02833b38bdb3598a5e301e1e16f5ebfa.csv"", ""provider_response_sha256"": ""a78d188dda5431c3d8dd61abc070fa9d02833b38bdb3598a5e301e1e16f5ebfa"", ""review_reasons"": [], ""review_threshold"": 0.01}"
live,prices,CPAY,yahoo,CPAY,,,ok,2023-01-01,2026-05-06,838,2023-01-03,2026-05-06,2026-09-24T16:09:23.112789Z,yfinance,1.5.1,200,,,"{""comparison"": {""Close"": {""maximum_relative_change"": 1.5736073175536742e-16, ""overlap_rows"": 588}, ""Open"": {""maximum_relative_change"": 1.5639525724204392e-16, ""overlap_rows"": 588}, ""Volume"": {""maximum_relative_change"": 0.0, ""overlap_rows"": 588}}, ""missing_cached_dates"": {}, ""price_replacement"": ""accepted_provider_values"", ""provider_response"": ""replacement_responses/d2eb24d0faf7ad11b6f530d00e1885d5bac1eb0f9f07e34bae0fc4377436555a.csv"", ""provider_response_sha256"": ""d2eb24d0faf7ad11b6f530d00e1885d5bac1eb0f9f07e34bae0fc4377436555a"", ""review_reasons"": [], ""review_threshold"": 0.01}"
live,prices,CPB,yahoo,CPB,,,ok,2023-01-01,2026-05-06,838,2023-01-03,2026-05-06,2026-09-24T16:09:25.758743Z,yfinance,1.5.1,200,,,"{""comparison"": {""Close"": {""maximum_relative_change"": 3.0108885774514954e-07, ""overlap_rows"": 588}, ""Open"": {""maximum_relative_change"": 3.010888575520511e-07, ""overlap_rows"": 588}, ""Volume"": {""maximum_relative_change"": 0.0, ""overlap_rows"": 588}}, ""missing_cached_dates"": {}, ""price_replacement"": ""accepted_provider_values"", ""provider_response"": ""replacement_responses/59df7b2ebbac95c5be53f088ff12a3dcecafa0f1da64bbf7b85eaf8f7feab37b.csv"", ""provider_response_sha256"": ""59df7b2ebbac95c5be53f088ff12a3dcecafa0f1da64bbf7b85eaf8f7feab37b"", ""review_reasons"": [], ""review_threshold"": 0.01}"
live,prices,CPRT,yahoo,CPRT,,,ok,2023-01-01,2026-05-06,838,2023-01-03,2026-05-06,2026-09-24T16:09:29.407238Z,yfinance,1.5.1,200,,,"{""comparison"": {""Close"": {""maximum_relative_change"": 0.0, ""overlap_rows"": 588}, ""Open"": {""maximum_relative_change"": 0.0, ""overlap_rows"": 588}, ""Volume"": {""maximum_relative_change"": 0.0, ""overlap_rows"": 588}}, ""missing_cached_dates"": {}, ""price_replacement"": ""accepted_provider_values"", ""provider_response"": ""replacement_responses/982b61c1562e0bb230a9363501d7a7f2b50d0649c701cfde4a151d0e3b814910.csv"", ""provider_response_sha256"": ""982b61c1562e0bb230a9363501d7a7f2b50d0649c701cfde4a151d0e3b814910"", ""review_reasons"": [], ""review_threshold"": 0.01}"
live,prices,CPT,yahoo,CPT,,,ok,2023-01-01,2026-05-06,838,2023-01-03,2026-05-06,2026-09-24T16:09:32.567678Z,yfinance,1.5.1,200,,,"{""comparison"": {""Close"": {""maximum_relative_change"": 2.899453547238586e-07, ""overlap_rows"": 588}, ""Open"": {""maximum_relative_change"": 2.899453548813412e-07, ""overlap_rows"": 588}, ""Volume"": {""maximum_relative_change"": 0.0, ""overlap_rows"": 588}}, ""missing_cached_dates"": {}, ""price_replacement"": ""accepted_provider_values"", ""provider_response"": ""replacement_responses/0c0b95999882e8f388b3837aa33f2c7713e7d8611dfe0974a7ae10f246741dc5.csv"", ""provider_response_sha256"": ""0c0b95999882e8f388b3837aa33f2c7713e7d8611dfe0974a7ae10f246741dc5"", ""review_reasons"": [], ""review_threshold"": 0.01}"
live,prices,CRH,yahoo,CRH,,,ok,2023-01-01,2026-05-06,838,2023-01-03,2026-05-06,2026-09-24T16:09:35.770765Z,yfinance,1.5.1,200,,,"{""comparison"": {""Close"": {""maximum_relative_change"": 0.00399212392568933, ""overlap_rows"": 588}, ""Open"": {""maximum_relative_change"": 0.0039921239256893, ""overlap_rows"": 588}, ""Volume"": {""maximum_relative_change"": 0.0, ""overlap_rows"": 588}}, ""missing_cached_dates"": {}, ""price_replacement"": ""accepted_provider_values"", ""provider_response"": ""replacement_responses/a8566d951b35d16d9a5c43e590ef51040053790fc15324c50729c2d1a8ee4292.csv"", ""provider_response_sha256"": ""a8566d951b35d16d9a5c43e590ef51040053790fc15324c50729c2d1a8ee4292"", ""review_reasons"": [], ""review_threshold"": 0.01}"
live,prices,CRL,yahoo,CRL,,,ok,2023-01-01,2026-05-06,838,2023-01-03,2026-05-06,2026-09-24T16:09:38.728582Z,yfinance,1.5.1,200,,,"{""comparison"": {""Close"": {""maximum_relative_change"": 1.5776691864189207e-16, ""overlap_rows"": 588}, ""Open"": {""maximum_relative_change"": 1.575482837694147e-16, ""overlap_rows"": 588}, ""Volume"": {""maximum_relative_change"": 0.0, ""overlap_rows"": 588}}, ""missing_cached_dates"": {}, ""price_replacement"": ""accepted_provider_values"", ""provider_response"": ""replacement_responses/0c6d3dcf7158d162ef091a7e2d3592f8ef7f42c629901ec3f4dc56dbb516aa45.csv"", ""provider_response_sha256"": ""0c6d3dcf7158d162ef091a7e2d3592f8ef7f42c629901ec3f4dc56dbb516aa45"", ""review_reasons"": [], ""review_threshold"": 0.01}"
live,prices,CRM,yahoo,CRM,,,ok,2023-01-01,2026-05-06,838,2023-01-03,2026-05-06,2026-09-24T16:09:43.003045Z,yfinance,1.5.1,200,,,"{""comparison"": {""Close"": {""maximum_relative_change"": 0.0017565624594107663, ""overlap_rows"": 588}, ""Open"": {""maximum_relative_change"": 0.0017565624594108554, ""overlap_rows"": 588}, ""Volume"": {""maximum_relative_change"": 0.0, ""overlap_rows"": 588}}, ""missing_cached_dates"": {}, ""price_replacement"": ""accepted_provider_values"", ""provider_response"": ""replacement_responses/1f7a090debd38a820adb97edebdf2449a4d75782f19769a32e9f4a28c15c1ce3.csv"", ""provider_response_sha256"": ""1f7a090debd38a820adb97edebdf2449a4d75782f19769a32e9f4a28c15c1ce3"", ""review_reasons"": [], ""review_threshold"": 0.01}"
live,prices,CRWD,yahoo,CRWD,,,ok,2023-01-01,2026-05-06,838,2023-01-03,2026-05-06,2026-09-24T16:09:45.756467Z,yfinance,1.5.1,200,,,"{""comparison"": {""Close"": {""maximum_relative_change"": 1.5692198650963252e-16, ""overlap_rows"": 588}, ""Open"": {""maximum_relative_change"": 2.9122990198957556e-16, ""overlap_rows"": 588}, ""Volume"": {""maximum_relative_change"": 0.0, ""overlap_rows"": 588}}, ""missing_cached_dates"": {}, ""price_replacement"": ""accepted_provider_values"", ""provider_response"": ""replacement_responses/aeb46e07e6a3f62643ae61684d39cc684c3d60e1891f185469a9d0c33c422fe1.csv"", ""provider_response_sha256"": ""aeb46e07e6a3f62643ae61684d39cc684c3d60e1891f185469a9d0c33c422fe1"", ""review_reasons"": [], ""review_threshold"": 0.01}"
live,prices,CSCO,yahoo,CSCO,,,ok,2023-01-01,2026-05-06,838,2023-01-03,2026-05-06,2026-09-24T16:09:48.660612Z,yfinance,1.5.1,200,,,"{""comparison"": {""Close"": {""maximum_relative_change"": 3.493856228514968e-07, ""overlap_rows"": 588}, ""Open"": {""maximum_relative_change"": 3.493856228870259e-07, ""overlap_rows"": 588}, ""Volume"": {""maximum_relative_change"": 0.0, ""overlap_rows"": 588}}, ""missing_cached_dates"": {}, ""price_replacement"": ""accepted_provider_values"", ""provider_response"": ""replacement_responses/2806174cfd37d53c1c26314602625b85ecd5320d003895c41b136b75457a3099.csv"", ""provider_response_sha256"": ""2806174cfd37d53c1c26314602625b85ecd5320d003895c41b136b75457a3099"", ""review_reasons"": [], ""review_threshold"": 0.01}"
live,prices,CSGP,yahoo,CSGP,,,ok,2023-01-01,2026-05-06,838,2023-01-03,2026-05-06,2026-09-24T16:09:53.063738Z,yfinance,1.5.1,200,,,"{""comparison"": {""Close"": {""maximum_relative_change"": 1.5733895884873832e-16, ""overlap_rows"": 588}, ""Open"": {""maximum_relative_change"": 1.5765314856252327e-16, ""overlap_rows"": 588}, ""Volume"": {""maximum_relative_change"": 0.0, ""overlap_rows"": 588}}, ""missing_cached_dates"": {}, ""price_replacement"": ""accepted_provider_values"", ""provider_response"": ""replacement_responses/40498755be6ce7a7375f16ea67a677d2e56d6d604887b947f3c0bea7d9050343.csv"", ""provider_response_sha256"": ""40498755be6ce7a7375f16ea67a677d2e56d6d604887b947f3c0bea7d9050343"", ""review_reasons"": [], ""review_threshold"": 0.01}"
live,prices,CSX,yahoo,CSX,,,ok,2023-01-01,2026-05-06,838,2023-01-03,2026-05-06,2026-09-24T16:09:57.106396Z,yfinance,1.5.1,200,,,"{""comparison"": {""Close"": {""maximum_relative_change"": 0.002730536864539195, ""overlap_rows"": 588}, ""Open"": {""maximum_relative_change"": 0.0027305368645393147, ""overlap_rows"": 588}, ""Volume"": {""maximum_relative_change"": 0.0, ""overlap_rows"": 588}}, ""missing_cached_dates"": {}, ""price_replacement"": ""accepted_provider_values"", ""provider_response"": ""replacement_responses/f9e4662a64aa795e62f6100b1baa097587c6f0a1b9ad0e099f2f2908a729ce73.csv"", ""provider_response_sha256"": ""f9e4662a64aa795e62f6100b1baa097587c6f0a1b9ad0e099f2f2908a729ce73"", ""review_reasons"": [], ""review_threshold"": 0.01}"
live,prices,CTAS,yahoo,CTAS,,,ok,2023-01-01,2026-05-06,838,2023-01-03,2026-05-06,2026-09-24T16:10:01.331510Z,yfinance,1.5.1,200,,,"{""comparison"": {""Close"": {""maximum_relative_change"": 0.0025912698412698413, ""overlap_rows"": 588}, ""Open"": {""maximum_relative_change"": 0.0025912698412698726, ""overlap_rows"": 588}, ""Volume"": {""maximum_relative_change"": 0.0, ""overlap_rows"": 588}}, ""missing_cached_dates"": {}, ""price_replacement"": ""accepted_provider_values"", ""provider_response"": ""replacement_responses/ce9e0ceb954b061f0e289a8e6691875d01e4b6c077b443dac357190921cc7823.csv"", ""provider_response_sha256"": ""ce9e0ceb954b061f0e289a8e6691875d01e4b6c077b443dac357190921cc7823"", ""review_reasons"": [], ""review_threshold"": 0.01}"
live,prices,CTLT,yahoo,CTLT,,,failed,2023-01-01,2026-05-06,0,,,2026-09-24T16:42:10.387174Z,yfinance,1.5.1,,RetryableProviderError,Yahoo returned an empty response for CTLT; absence was not confirmed,
live,prices,CTRA,yahoo,CTRA,,,failed,2023-01-01,2026-05-06,0,,,2026-09-24T16:42:23.546189Z,yfinance,1.5.1,,RetryableProviderError,Yahoo returned an empty response for CTRA; absence was not confirmed,
live,prices,CTRA,yahoo_supplement,CTRA,,,ok,2024-03-01,2026-05-06,547,2024-03-01,2026-05-06,,validated_supplement,,,,,Authoritative Yahoo supplement; current Yahoo provider status remains independently truthful.
live,prices,CTSH,yahoo,CTSH,,,ok,2023-01-01,2026-05-06,838,2023-01-03,2026-05-06,2026-09-24T16:10:33.841579Z,yfinance,1.5.1,200,,,"{""comparison"": {""Close"": {""maximum_relative_change"": 0.005829649740865976, ""overlap_rows"": 588}, ""Open"": {""maximum_relative_change"": 0.005829649740865961, ""overlap_rows"": 588}, ""Volume"": {""maximum_relative_change"": 0.0, ""overlap_rows"": 588}}, ""missing_cached_dates"": {}, ""price_replacement"": ""accepted_provider_values"", ""provider_response"": ""replacement_responses/af7344897ecde5a9bdd2af13daf858d94f5402972d8acbc8befc9d357396a5de.csv"", ""provider_response_sha256"": ""af7344897ecde5a9bdd2af13daf858d94f5402972d8acbc8befc9d357396a5de"", ""review_reasons"": [], ""review_threshold"": 0.01}"
live,prices,CTVA,yahoo,CTVA,,,ok,2023-01-01,2026-05-06,838,2023-01-03,2026-05-06,2026-09-24T16:10:36.827527Z,yfinance,1.5.1,200,,,"{""comparison"": {""Close"": {""maximum_relative_change"": 0.0021271479713449717, ""overlap_rows"": 588}, ""Open"": {""maximum_relative_change"": 0.0021271479713450047, ""overlap_rows"": 588}, ""Volume"": {""maximum_relative_change"": 0.0, ""overlap_rows"": 588}}, ""missing_cached_dates"": {}, ""price_replacement"": ""accepted_provider_values"", ""provider_response"": ""replacement_responses/11675d558184e8d4a1cd6ee34204e3cb910a03020c09b6ef8f86a9f902c9a3b4.csv"", ""provider_response_sha256"": ""11675d558184e8d4a1cd6ee34204e3cb910a03020c09b6ef8f86a9f902c9a3b4"", ""review_reasons"": [], ""review_threshold"": 0.01}"
live,prices,CVNA,yahoo,CVNA,,,ok,2023-01-01,2026-05-06,838,2023-01-03,2026-05-06,2026-09-24T16:10:40.178363Z,yfinance,1.5.1,200,,,"{""comparison"": {""Close"": {""maximum_relative_change"": 1.9718674805382133e-16, ""overlap_rows"": 588}, ""Open"": {""maximum_relative_change"": 1.9663014848256178e-16, ""overlap_rows"": 588}, ""Volume"": {""maximum_relative_change"": 0.0, ""overlap_rows"": 588}}, ""missing_cached_dates"": {}, ""price_replacement"": ""accepted_provider_values"", ""provider_response"": ""replacement_responses/624958ab736146096551b47b010db4004a36844a670624e9ac853a4438df921d.csv"", ""provider_response_sha256"": ""624958ab736146096551b47b010db4004a36844a670624e9ac853a4438df921d"", ""review_reasons"": [], ""review_threshold"": 0.01}"
live,prices,CVS,yahoo,CVS,,,ok,2023-01-01,2026-05-06,838,2023-01-03,2026-05-06,2026-09-24T16:10:43.699866Z,yfinance,1.5.1,200,,,"{""comparison"": {""Close"": {""maximum_relative_change"": 3.3876256809127616e-07, ""overlap_rows"": 588}, ""Open"": {""maximum_relative_change"": 3.387625681359808e-07, ""overlap_rows"": 588}, ""Volume"": {""maximum_relative_change"": 0.0, ""overlap_rows"": 588}}, ""missing_cached_dates"": {}, ""price_replacement"": ""accepted_provider_values"", ""provider_response"": ""replacement_responses/74418fea9685276348b3ba940f8811f5b4e261791f58c9ad078691c7ba82071a.csv"", ""provider_response_sha256"": ""74418fea9685276348b3ba940f8811f5b4e261791f58c9ad078691c7ba82071a"", ""review_reasons"": [], ""review_threshold"": 0.01}"
live,prices,CVX,yahoo,CVX,,,ok,2023-01-01,2026-05-06,838,2023-01-03,2026-05-06,2026-09-24T16:10:48.212797Z,yfinance,1.5.1,200,,,"{""comparison"": {""Close"": {""maximum_relative_change"": 0.008652004963366468, ""overlap_rows"": 588}, ""Open"": {""maximum_relative_change"": 0.008652004963366586, ""overlap_rows"": 588}, ""Volume"": {""maximum_relative_change"": 0.0, ""overlap_rows"": 588}}, ""missing_cached_dates"": {}, ""price_replacement"": ""accepted_provider_values"", ""provider_response"": ""replacement_responses/36d809951300df2e9b0147013315238b377fca96e1d5de021ab0b578076c26ab.csv"", ""provider_response_sha256"": ""36d809951300df2e9b0147013315238b377fca96e1d5de021ab0b578076c26ab"", ""review_reasons"": [], ""review_threshold"": 0.01}"
live,prices,CZR,yahoo,CZR,,,ok,2023-01-01,2026-05-06,838,2023-01-03,2026-05-06,2026-09-24T16:10:51.210146Z,yfinance,1.5.1,200,,,"{""comparison"": {}, ""missing_cached_dates"": {}, ""price_replacement"": ""accepted_provider_values"", ""provider_response"": ""replacement_responses/6139a2bead3d7cc4dcaaef515e08fc50bef63e00210bc6df0c1b8683673bab12.csv"", ""provider_response_sha256"": ""6139a2bead3d7cc4dcaaef515e08fc50bef63e00210bc6df0c1b8683673bab12"", ""review_reasons"": [], ""review_threshold"": 0.01}"
live,prices,D,yahoo,D,,,ok,2023-01-01,2026-05-06,838,2023-01-03,2026-05-06,2026-09-24T16:42:27.065195Z,yfinance,1.5.1,,,,"{""approved_review_reasons"": [""Open revision 1.000% exceeds 1.0%"", ""Close revision 1.000% exceeds 1.0%""], ""comparison"": {""Close"": {""maximum_relative_change"": 0.010001729145759562, ""overlap_rows"": 588}, ""Open"": {""maximum_relative_change"": 0.010001729145759704, ""overlap_rows"": 588}, ""Volume"": {""maximum_relative_change"": 0.0, ""overlap_rows"": 588}}, ""missing_cached_dates"": {}, ""price_replacement"": ""accepted_provider_values"", ""provider_response"": ""replacement_responses/19d0e72a34e0262b6ace6aba2fe5d4159bb08fb4ee1d5b3e39a0ee7c35ffc52e.csv"", ""provider_response_sha256"": ""19d0e72a34e0262b6ace6aba2fe5d4159bb08fb4ee1d5b3e39a0ee7c35ffc52e"", ""review_approval"": {""approved_at_utc"": ""2026-09-24T21:36:40.013605Z"", ""authority"": ""User explicitly approved the existing held 1-2 percent revisions on 2026-09-24."", ""maximum_approved_relative_change"": 0.02, ""scope"": ""This saved provider response only; no global threshold change.""}, ""review_reasons"": [], ""review_threshold"": 0.01}"
live,prices,DAL,yahoo,DAL,,,ok,2023-01-01,2026-05-06,838,2023-01-03,2026-05-06,2026-09-24T16:10:59.232923Z,yfinance,1.5.1,200,,,"{""comparison"": {""Close"": {""maximum_relative_change"": 3.444243326147111e-07, ""overlap_rows"": 588}, ""Open"": {""maximum_relative_change"": 3.44424332456484e-07, ""overlap_rows"": 588}, ""Volume"": {""maximum_relative_change"": 0.0, ""overlap_rows"": 588}}, ""missing_cached_dates"": {}, ""price_replacement"": ""accepted_provider_values"", ""provider_response"": ""replacement_responses/05c2ab81f3528332790d459440390475075b369f969b70660fd614496e2de1f4.csv"", ""provider_response_sha256"": ""05c2ab81f3528332790d459440390475075b369f969b70660fd614496e2de1f4"", ""review_reasons"": [], ""review_threshold"": 0.01}"
live,prices,DASH,yahoo,DASH,,,ok,2023-01-01,2026-05-06,838,2023-01-03,2026-05-06,2026-09-24T16:11:02.521282Z,yfinance,1.5.1,200,,,"{""comparison"": {""Close"": {""maximum_relative_change"": 1.5753954245040173e-16, ""overlap_rows"": 588}, ""Open"": {""maximum_relative_change"": 1.5769688788857464e-16, ""overlap_rows"": 588}, ""Volume"": {""maximum_relative_change"": 0.0, ""overlap_rows"": 588}}, ""missing_cached_dates"": {}, ""price_replacement"": ""accepted_provider_values"", ""provider_response"": ""replacement_responses/d69a2c462e40dd5e8966c142b66d3ea4a15e2071a0487b96ef84e4260190ee29.csv"", ""provider_response_sha256"": ""d69a2c462e40dd5e8966c142b66d3ea4a15e2071a0487b96ef84e4260190ee29"", ""review_reasons"": [], ""review_threshold"": 0.01}"
live,prices,DAY,yahoo,DAY,,,failed,2023-01-01,2026-05-06,0,,,2026-09-24T16:42:41.951047Z,yfinance,1.5.1,,RetryableProviderError,Yahoo returned an empty response for DAY; absence was not confirmed,
live,prices,DD,yahoo,DD,,,ok,2023-01-01,2026-05-06,838,2023-01-03,2026-05-06,2026-09-24T16:11:20.244383Z,yfinance,1.5.1,200,,,"{""comparison"": {""Close"": {""maximum_relative_change"": 0.004380546584904666, ""overlap_rows"": 588}, ""Open"": {""maximum_relative_change"": 0.004380546584904673, ""overlap_rows"": 588}, ""Volume"": {""maximum_relative_change"": 0.0, ""overlap_rows"": 588}}, ""missing_cached_dates"": {}, ""price_replacement"": ""accepted_provider_values"", ""provider_response"": ""replacement_responses/f8580fe3d45acd481a0511df7f378b079b37cef9004a62fc40e4106054545d12.csv"", ""provider_response_sha256"": ""f8580fe3d45acd481a0511df7f378b079b37cef9004a62fc40e4106054545d12"", ""review_reasons"": [], ""review_threshold"": 0.01}"
live,prices,DDOG,yahoo,DDOG,,,ok,2023-01-01,2026-05-06,838,2023-01-03,2026-05-06,2026-09-24T16:11:23.557224Z,yfinance,1.5.1,200,,,"{""comparison"": {""Close"": {""maximum_relative_change"": 1.5767064405034243e-16, ""overlap_rows"": 588}, ""Open"": {""maximum_relative_change"": 1.5757448688701378e-16, ""overlap_rows"": 588}, ""Volume"": {""maximum_relative_change"": 0.0, ""overlap_rows"": 588}}, ""missing_cached_dates"": {}, ""price_replacement"": ""accepted_provider_values"", ""provider_response"": ""replacement_responses/6fc730e3fdafbf3bf700881e087da36046cc4c36416d287bc97f8550eaea59e2.csv"", ""provider_response_sha256"": ""6fc730e3fdafbf3bf700881e087da36046cc4c36416d287bc97f8550eaea59e2"", ""review_reasons"": [], ""review_threshold"": 0.01}"
live,prices,DE,yahoo,DE,,,ok,2023-01-01,2026-05-06,838,2023-01-03,2026-05-06,2026-09-24T16:11:26.656764Z,yfinance,1.5.1,200,,,"{""comparison"": {""Close"": {""maximum_relative_change"": 2.583625498316768e-07, ""overlap_rows"": 588}, ""Open"": {""maximum_relative_change"": 2.5836254989232647e-07, ""overlap_rows"": 588}, ""Volume"": {""maximum_relative_change"": 0.0, ""overlap_rows"": 588}}, ""missing_cached_dates"": {}, ""price_replacement"": ""accepted_provider_values"", ""provider_response"": ""replacement_responses/792f6f621701a38675ba87f97efd8b4e3b324a41aa5796c829ff020a643ea91c.csv"", ""provider_response_sha256"": ""792f6f621701a38675ba87f97efd8b4e3b324a41aa5796c829ff020a643ea91c"", ""review_reasons"": [], ""review_threshold"": 0.01}"
live,prices,DECK,yahoo,DECK,,,ok,2023-01-01,2026-05-06,838,2023-01-03,2026-05-06,2026-09-24T16:11:30.684973Z,yfinance,1.5.1,200,,,"{""comparison"": {""Close"": {""maximum_relative_change"": 1.562404972691673e-16, ""overlap_rows"": 588}, ""Open"": {""maximum_relative_change"": 1.5772459622948253e-16, ""overlap_rows"": 588}, ""Volume"": {""maximum_relative_change"": 0.0, ""overlap_rows"": 588}}, ""missing_cached_dates"": {}, ""price_replacement"": ""accepted_provider_values"", ""provider_response"": ""replacement_responses/a58fb5cc4e006fce95643dcdb5b8e749fdd8e86d61192c2a1331cb2c35c4d22d.csv"", ""provider_response_sha256"": ""a58fb5cc4e006fce95643dcdb5b8e749fdd8e86d61192c2a1331cb2c35c4d22d"", ""review_reasons"": [], ""review_threshold"": 0.01}"
live,prices,DELL,yahoo,DELL,,,ok,2023-01-01,2026-05-06,838,2023-01-03,2026-05-06,2026-09-24T16:11:35.084549Z,yfinance,1.5.1,200,,,"{""comparison"": {""Close"": {""maximum_relative_change"": 3.1678859155581004e-07, ""overlap_rows"": 588}, ""Open"": {""maximum_relative_change"": 3.1678859169883674e-07, ""overlap_rows"": 588}, ""Volume"": {""maximum_relative_change"": 0.0, ""overlap_rows"": 588}}, ""missing_cached_dates"": {}, ""price_replacement"": ""accepted_provider_values"", ""provider_response"": ""replacement_responses/c5dc7dd7e1fb23e468dcb78f7b615df211d961e4ec4c54f59e31d3954a4788fa.csv"", ""provider_response_sha256"": ""c5dc7dd7e1fb23e468dcb78f7b615df211d961e4ec4c54f59e31d3954a4788fa"", ""review_reasons"": [], ""review_threshold"": 0.01}"
live,prices,DFS,yahoo,DFS,,,failed,2023-01-01,2026-05-06,0,,,2026-09-24T16:42:56.333295Z,yfinance,1.5.1,,RetryableProviderError,Yahoo returned an empty response for DFS; absence was not confirmed,
live,prices,DG,yahoo,DG,,,ok,2023-01-01,2026-05-06,838,2023-01-03,2026-05-06,2026-09-24T16:11:54.547001Z,yfinance,1.5.1,200,,,"{""comparison"": {""Close"": {""maximum_relative_change"": 3.0507999697010685e-07, ""overlap_rows"": 588}, ""Open"": {""maximum_relative_change"": 3.050799969364201e-07, ""overlap_rows"": 588}, ""Volume"": {""maximum_relative_change"": 0.0, ""overlap_rows"": 588}}, ""missing_cached_dates"": {}, ""price_replacement"": ""accepted_provider_values"", ""provider_response"": ""replacement_responses/099ce67123307cd82389af4fad168f840426b0f59848fa86e800567be9c1bc55.csv"", ""provider_response_sha256"": ""099ce67123307cd82389af4fad168f840426b0f59848fa86e800567be9c1bc55"", ""review_reasons"": [], ""review_threshold"": 0.01}"
live,prices,DGX,yahoo,DGX,,,ok,2023-01-01,2026-05-06,838,2023-01-03,2026-05-06,2026-09-24T16:11:58.087453Z,yfinance,1.5.1,200,,,"{""comparison"": {""Close"": {""maximum_relative_change"": 3.5252975351119635e-07, ""overlap_rows"": 588}, ""Open"": {""maximum_relative_change"": 3.5252975346010644e-07, ""overlap_rows"": 588}, ""Volume"": {""maximum_relative_change"": 0.0, ""overlap_rows"": 588}}, ""missing_cached_dates"": {}, ""price_replacement"": ""accepted_provider_values"", ""provider_response"": ""replacement_responses/e0bd00ecfab41b786dd530f719f017cc65f31854caf72441d5e5cf688262b9e5.csv"", ""provider_response_sha256"": ""e0bd00ecfab41b786dd530f719f017cc65f31854caf72441d5e5cf688262b9e5"", ""review_reasons"": [], ""review_threshold"": 0.01}"
live,prices,DHI,yahoo,DHI,,,ok,2023-01-01,2026-05-06,838,2023-01-03,2026-05-06,2026-09-24T16:12:01.324983Z,yfinance,1.5.1,200,,,"{""comparison"": {""Close"": {""maximum_relative_change"": 0.0029715918828960713, ""overlap_rows"": 588}, ""Open"": {""maximum_relative_change"": 0.0029715918828960783, ""overlap_rows"": 588}, ""Volume"": {""maximum_relative_change"": 0.0, ""overlap_rows"": 588}}, ""missing_cached_dates"": {}, ""price_replacement"": ""accepted_provider_values"", ""provider_response"": ""replacement_responses/638971591a1896141b2e2c738980abccc7f26b7d9312c821e28e05da569a0358.csv"", ""provider_response_sha256"": ""638971591a1896141b2e2c738980abccc7f26b7d9312c821e28e05da569a0358"", ""review_reasons"": [], ""review_threshold"": 0.01}"
live,prices,DHR,yahoo,DHR,,,ok,2023-01-01,2026-05-06,838,2023-01-03,2026-05-06,2026-09-24T16:12:04.040280Z,yfinance,1.5.1,200,,,"{""comparison"": {""Close"": {""maximum_relative_change"": 4.7369096685536935e-07, ""overlap_rows"": 588}, ""Open"": {""maximum_relative_change"": 4.7369096696165007e-07, ""overlap_rows"": 588}, ""Volume"": {""maximum_relative_change"": 0.0, ""overlap_rows"": 588}}, ""missing_cached_dates"": {}, ""price_replacement"": ""accepted_provider_values"", ""provider_response"": ""replacement_responses/97e0b8aa4a542e0ac043ff6bfcbf1ecc134b2276f2c01db37ff83bd11c4c185f.csv"", ""provider_response_sha256"": ""97e0b8aa4a542e0ac043ff6bfcbf1ecc134b2276f2c01db37ff83bd11c4c185f"", ""review_reasons"": [], ""review_threshold"": 0.01}"
live,prices,DIS,yahoo,DIS,,,ok,2023-01-01,2026-05-06,838,2023-01-03,2026-05-06,2026-09-24T16:12:08.365521Z,yfinance,1.5.1,200,,,"{""comparison"": {""Close"": {""maximum_relative_change"": 1.7568231717949066e-07, ""overlap_rows"": 588}, ""Open"": {""maximum_relative_change"": 1.7568231721232523e-07, ""overlap_rows"": 588}, ""Volume"": {""maximum_relative_change"": 0.0, ""overlap_rows"": 588}}, ""missing_cached_dates"": {}, ""price_replacement"": ""accepted_provider_values"", ""provider_response"": ""replacement_responses/9e0791f1178255b39a1b9a3ee72cbf5a048e2ca244921ccf7249f5604c553f5e.csv"", ""provider_response_sha256"": ""9e0791f1178255b39a1b9a3ee72cbf5a048e2ca244921ccf7249f5604c553f5e"", ""review_reasons"": [], ""review_threshold"": 0.01}"
live,prices,DISH,yahoo,DISH,,,failed,2023-01-01,2026-05-06,0,,,2026-09-24T16:43:10.298507Z,yfinance,1.5.1,,RetryableProviderError,Yahoo returned an empty response for DISH; absence was not confirmed,
live,prices,DLR,yahoo,DLR,,,ok,2023-01-01,2026-05-06,838,2023-01-03,2026-05-06,2026-09-24T16:12:26.798194Z,yfinance,1.5.1,200,,,"{""comparison"": {""Close"": {""maximum_relative_change"": 0.006810682182853796, ""overlap_rows"": 588}, ""Open"": {""maximum_relative_change"": 0.006810682182853765, ""overlap_rows"": 588}, ""Volume"": {""maximum_relative_change"": 0.0, ""overlap_rows"": 588}}, ""missing_cached_dates"": {}, ""price_replacement"": ""accepted_provider_values"", ""provider_response"": ""replacement_responses/058338e2623ea92242369159be1a33e5ed222c7fd3292e03281895979150dc59.csv"", ""provider_response_sha256"": ""058338e2623ea92242369159be1a33e5ed222c7fd3292e03281895979150dc59"", ""review_reasons"": [], ""review_threshold"": 0.01}"
live,prices,DLTR,yahoo,DLTR,,,ok,2023-01-01,2026-05-06,838,2023-01-03,2026-05-06,2026-09-24T16:12:30.165366Z,yfinance,1.5.1,200,,,"{""comparison"": {""Close"": {""maximum_relative_change"": 1.5747844693719262e-16, ""overlap_rows"": 588}, ""Open"": {""maximum_relative_change"": 1.576881300721107e-16, ""overlap_rows"": 588}, ""Volume"": {""maximum_relative_change"": 0.0, ""overlap_rows"": 588}}, ""missing_cached_dates"": {}, ""price_replacement"": ""accepted_provider_values"", ""provider_response"": ""replacement_responses/0a8dccf92d6f562543d533bab00de3fc2302102176443406ad15385005c31ded.csv"", ""provider_response_sha256"": ""0a8dccf92d6f562543d533bab00de3fc2302102176443406ad15385005c31ded"", ""review_reasons"": [], ""review_threshold"": 0.01}"
live,prices,DOC,yahoo,DOC,,,ok,2023-01-01,2026-05-06,838,2023-01-03,2026-05-06,2026-09-24T16:12:34.242982Z,yfinance,1.5.1,200,,,"{""comparison"": {""Close"": {""maximum_relative_change"": 0.009906660454041205, ""overlap_rows"": 588}, ""Open"": {""maximum_relative_change"": 0.009906660454041111, ""overlap_rows"": 588}, ""Volume"": {""maximum_relative_change"": 0.0, ""overlap_rows"": 588}}, ""missing_cached_dates"": {}, ""price_replacement"": ""accepted_provider_values"", ""provider_response"": ""replacement_responses/0d3774084c7b4a9bac963731ace323d852a9bf8d49770e51805a190079da047c.csv"", ""provider_response_sha256"": ""0d3774084c7b4a9bac963731ace323d852a9bf8d49770e51805a190079da047c"", ""review_reasons"": [], ""review_threshold"": 0.01}"
live,prices,DOV,yahoo,DOV,,,ok,2023-01-01,2026-05-06,838,2023-01-03,2026-05-06,2026-09-24T16:12:37.514857Z,yfinance,1.5.1,200,,,"{""comparison"": {""Close"": {""maximum_relative_change"": 0.002642716483241824, ""overlap_rows"": 588}, ""Open"": {""maximum_relative_change"": 0.0026427164832419766, ""overlap_rows"": 588}, ""Volume"": {""maximum_relative_change"": 0.0, ""overlap_rows"": 588}}, ""missing_cached_dates"": {}, ""price_replacement"": ""accepted_provider_values"", ""provider_response"": ""replacement_responses/6e00aa3ae321f7eedffac6504cea9afae0cad5f8abf2663d04b68a337937af38.csv"", ""provider_response_sha256"": ""6e00aa3ae321f7eedffac6504cea9afae0cad5f8abf2663d04b68a337937af38"", ""review_reasons"": [], ""review_threshold"": 0.01}"
live,prices,DOW,yahoo,DOW,,,ok,2023-01-01,2026-05-06,838,2023-01-03,2026-05-06,2026-09-24T16:43:12.721895Z,yfinance,1.5.1,,,,"{""approved_review_reasons"": [""Open revision 1.147% exceeds 1.0%"", ""Close revision 1.147% exceeds 1.0%""], ""comparison"": {""Close"": {""maximum_relative_change"": 0.01147188942033405, ""overlap_rows"": 588}, ""Open"": {""maximum_relative_change"": 0.011471889420333982, ""overlap_rows"": 588}, ""Volume"": {""maximum_relative_change"": 0.0, ""overlap_rows"": 588}}, ""missing_cached_dates"": {}, ""price_replacement"": ""accepted_provider_values"", ""provider_response"": ""replacement_responses/a5950eea15560a5e21f920e60fbf5de7241f626b006c34ad3d96e6420252a98b.csv"", ""provider_response_sha256"": ""a5950eea15560a5e21f920e60fbf5de7241f626b006c34ad3d96e6420252a98b"", ""review_approval"": {""approved_at_utc"": ""2026-09-24T21:36:40.013605Z"", ""authority"": ""User explicitly approved the existing held 1-2 percent revisions on 2026-09-24."", ""maximum_approved_relative_change"": 0.02, ""scope"": ""This saved provider response only; no global threshold change.""}, ""review_reasons"": [], ""review_threshold"": 0.01}"
live,prices,DPZ,yahoo,DPZ,,,ok,2023-01-01,2026-05-06,838,2023-01-03,2026-05-06,2026-09-24T16:12:45.793969Z,yfinance,1.5.1,200,,,"{""comparison"": {""Close"": {""maximum_relative_change"": 0.006146537719761333, ""overlap_rows"": 588}, ""Open"": {""maximum_relative_change"": 0.006146537719761153, ""overlap_rows"": 588}, ""Volume"": {""maximum_relative_change"": 0.0, ""overlap_rows"": 588}}, ""missing_cached_dates"": {}, ""price_replacement"": ""accepted_provider_values"", ""provider_response"": ""replacement_responses/9d9c87d917c3ae338f654cccd26a8305582f53889ba0b8d58a2a152dc18ec9bd.csv"", ""provider_response_sha256"": ""9d9c87d917c3ae338f654cccd26a8305582f53889ba0b8d58a2a152dc18ec9bd"", ""review_reasons"": [], ""review_threshold"": 0.01}"
live,prices,DRI,yahoo,DRI,,,ok,2023-01-01,2026-05-06,838,2023-01-03,2026-05-06,2026-09-24T16:12:48.464919Z,yfinance,1.5.1,200,,,"{""comparison"": {""Close"": {""maximum_relative_change"": 3.3912391180788767e-07, ""overlap_rows"": 588}, ""Open"": {""maximum_relative_change"": 3.391239117899032e-07, ""overlap_rows"": 588}, ""Volume"": {""maximum_relative_change"": 0.0, ""overlap_rows"": 588}}, ""missing_cached_dates"": {}, ""price_replacement"": ""accepted_provider_values"", ""provider_response"": ""replacement_responses/fe57d325bd7c9379c0c031b8a8fca197148b5f6ea8fa6c407a6d96d5cad21305.csv"", ""provider_response_sha256"": ""fe57d325bd7c9379c0c031b8a8fca197148b5f6ea8fa6c407a6d96d5cad21305"", ""review_reasons"": [], ""review_threshold"": 0.01}"
live,prices,DTE,yahoo,DTE,,,ok,2023-01-01,2026-05-06,838,2023-01-03,2026-05-06,2026-09-24T16:12:52.941011Z,yfinance,1.5.1,200,,,"{""comparison"": {""Close"": {""maximum_relative_change"": 0.009065010641544033, ""overlap_rows"": 588}, ""Open"": {""maximum_relative_change"": 0.009065010641544045, ""overlap_rows"": 588}, ""Volume"": {""maximum_relative_change"": 0.0, ""overlap_rows"": 588}}, ""missing_cached_dates"": {}, ""price_replacement"": ""accepted_provider_values"", ""provider_response"": ""replacement_responses/2c9d5004a945fd0f1192f851b562fd6136add673ab68ad2de2d969304e791513.csv"", ""provider_response_sha256"": ""2c9d5004a945fd0f1192f851b562fd6136add673ab68ad2de2d969304e791513"", ""review_reasons"": [], ""review_threshold"": 0.01}"
live,prices,DUK,yahoo,DUK,,,ok,2023-01-01,2026-05-06,838,2023-01-03,2026-05-06,2026-09-24T16:12:55.698367Z,yfinance,1.5.1,200,,,"{""comparison"": {""Close"": {""maximum_relative_change"": 0.008715823873318727, ""overlap_rows"": 588}, ""Open"": {""maximum_relative_change"": 0.00871582387331885, ""overlap_rows"": 588}, ""Volume"": {""maximum_relative_change"": 0.0, ""overlap_rows"": 588}}, ""missing_cached_dates"": {}, ""price_replacement"": ""accepted_provider_values"", ""provider_response"": ""replacement_responses/50487140ff68de3341e93e78629e1f91292fa3c35fa76e3d2de2e834aeeab42d.csv"", ""provider_response_sha256"": ""50487140ff68de3341e93e78629e1f91292fa3c35fa76e3d2de2e834aeeab42d"", ""review_reasons"": [], ""review_threshold"": 0.01}"
live,prices,DVA,yahoo,DVA,,,ok,2023-01-01,2026-05-06,838,2023-01-03,2026-05-06,2026-09-24T16:12:59.751254Z,yfinance,1.5.1,200,,,"{""comparison"": {""Close"": {""maximum_relative_change"": 1.3681384749621206e-16, ""overlap_rows"": 588}, ""Open"": {""maximum_relative_change"": 1.3677434558711176e-16, ""overlap_rows"": 588}, ""Volume"": {""maximum_relative_change"": 0.0, ""overlap_rows"": 588}}, ""missing_cached_dates"": {}, ""price_replacement"": ""accepted_provider_values"", ""provider_response"": ""replacement_responses/73de26056abf6c06adce2a0a4b3bd489bd2d51439c7b344f8120e8d44c7b0805.csv"", ""provider_response_sha256"": ""73de26056abf6c06adce2a0a4b3bd489bd2d51439c7b344f8120e8d44c7b0805"", ""review_reasons"": [], ""review_threshold"": 0.01}"
live,prices,DVN,yahoo,DVN,,,ok,2023-01-01,2026-05-06,838,2023-01-03,2026-05-06,2026-09-24T16:13:02.824299Z,yfinance,1.5.1,200,,,"{""comparison"": {""Close"": {""maximum_relative_change"": 0.006435052380612384, ""overlap_rows"": 588}, ""Open"": {""maximum_relative_change"": 0.006435052380612368, ""overlap_rows"": 588}, ""Volume"": {""maximum_relative_change"": 0.0, ""overlap_rows"": 588}}, ""missing_cached_dates"": {}, ""price_replacement"": ""accepted_provider_values"", ""provider_response"": ""replacement_responses/db8ae3bd08bddf282e2d5110577bef40c1fad68345a338bad84aaa04e1458eb2.csv"", ""provider_response_sha256"": ""db8ae3bd08bddf282e2d5110577bef40c1fad68345a338bad84aaa04e1458eb2"", ""review_reasons"": [], ""review_threshold"": 0.01}"
live,prices,DXC,yahoo,DXC,,,ok,2023-01-01,2026-05-06,838,2023-01-03,2026-05-06,2026-09-24T16:13:06.523866Z,yfinance,1.5.1,200,,,"{""comparison"": {}, ""missing_cached_dates"": {}, ""price_replacement"": ""accepted_provider_values"", ""provider_response"": ""replacement_responses/e1130081a58ede5df02c6650c4dc9815bbc9120248614e7ddf3bd47003c46565.csv"", ""provider_response_sha256"": ""e1130081a58ede5df02c6650c4dc9815bbc9120248614e7ddf3bd47003c46565"", ""review_reasons"": [], ""review_threshold"": 0.01}"
live,prices,DXCM,yahoo,DXCM,,,ok,2023-01-01,2026-05-06,838,2023-01-03,2026-05-06,2026-09-24T16:13:10.268992Z,yfinance,1.5.1,200,,,"{""comparison"": {""Close"": {""maximum_relative_change"": 1.317649969055117e-16, ""overlap_rows"": 588}, ""Open"": {""maximum_relative_change"": 1.566624943074722e-16, ""overlap_rows"": 588}, ""Volume"": {""maximum_relative_change"": 0.0, ""overlap_rows"": 588}}, ""missing_cached_dates"": {}, ""price_replacement"": ""accepted_provider_values"", ""provider_response"": ""replacement_responses/447e7f0794f2069885016b60237d7f36bf73a1cb7972546dba40a749c2881e18.csv"", ""provider_response_sha256"": ""447e7f0794f2069885016b60237d7f36bf73a1cb7972546dba40a749c2881e18"", ""review_reasons"": [], ""review_threshold"": 0.01}"
live,prices,EA,yahoo,EA,,,failed,2023-01-01,2026-05-06,0,,,2026-09-24T16:43:27.496724Z,yfinance,1.5.1,,RetryableProviderError,Yahoo returned an empty response for EA; absence was not confirmed,
live,prices,EBAY,yahoo,EBAY,,,ok,2023-01-01,2026-05-06,838,2023-01-03,2026-05-06,2026-09-24T16:13:26.634597Z,yfinance,1.5.1,200,,,"{""comparison"": {""Close"": {""maximum_relative_change"": 0.003031479433401014, ""overlap_rows"": 588}, ""Open"": {""maximum_relative_change"": 0.0030314794334013076, ""overlap_rows"": 588}, ""Volume"": {""maximum_relative_change"": 0.0, ""overlap_rows"": 588}}, ""missing_cached_dates"": {}, ""price_replacement"": ""accepted_provider_values"", ""provider_response"": ""replacement_responses/6355a26904cdd3e0704ff8c702ef7b57f69c2b55a4baf37297bd156641854d51.csv"", ""provider_response_sha256"": ""6355a26904cdd3e0704ff8c702ef7b57f69c2b55a4baf37297bd156641854d51"", ""review_reasons"": [], ""review_threshold"": 0.01}"
live,prices,ECL,yahoo,ECL,,,ok,2023-01-01,2026-05-06,838,2023-01-03,2026-05-06,2026-09-24T16:13:29.321549Z,yfinance,1.5.1,200,,,"{""comparison"": {""Close"": {""maximum_relative_change"": 0.0026498826915718407, ""overlap_rows"": 588}, ""Open"": {""maximum_relative_change"": 0.002649882691571887, ""overlap_rows"": 588}, ""Volume"": {""maximum_relative_change"": 0.0, ""overlap_rows"": 588}}, ""missing_cached_dates"": {}, ""price_replacement"": ""accepted_provider_values"", ""provider_response"": ""replacement_responses/faf6e7d656792b10aede7679fb4d0819144709725bdd80fdee725215852d37a6.csv"", ""provider_response_sha256"": ""faf6e7d656792b10aede7679fb4d0819144709725bdd80fdee725215852d37a6"", ""review_reasons"": [], ""review_threshold"": 0.01}"
live,prices,ED,yahoo,ED,,,ok,2023-01-01,2026-05-06,838,2023-01-03,2026-05-06,2026-09-24T16:13:31.945185Z,yfinance,1.5.1,200,,,"{""comparison"": {""Close"": {""maximum_relative_change"": 0.00813514638945303, ""overlap_rows"": 588}, ""Open"": {""maximum_relative_change"": 0.008135146389453122, ""overlap_rows"": 588}, ""Volume"": {""maximum_relative_change"": 0.0, ""overlap_rows"": 588}}, ""missing_cached_dates"": {}, ""price_replacement"": ""accepted_provider_values"", ""provider_response"": ""replacement_responses/20e15501b82066dc6913de400690bd795bb19da54c972cb39155687447e8644c.csv"", ""provider_response_sha256"": ""20e15501b82066dc6913de400690bd795bb19da54c972cb39155687447e8644c"", ""review_reasons"": [], ""review_threshold"": 0.01}"
live,prices,EFX,yahoo,EFX,,,ok,2023-01-01,2026-05-06,838,2023-01-03,2026-05-06,2026-09-24T16:13:35.517351Z,yfinance,1.5.1,200,,,"{""comparison"": {""Close"": {""maximum_relative_change"": 0.002881676045094336, ""overlap_rows"": 588}, ""Open"": {""maximum_relative_change"": 0.00288167604509429, ""overlap_rows"": 588}, ""Volume"": {""maximum_relative_change"": 0.0, ""overlap_rows"": 588}}, ""missing_cached_dates"": {}, ""price_replacement"": ""accepted_provider_values"", ""provider_response"": ""replacement_responses/ed128e252bb79785e3b8a2baa5f442a0ca07f0b72b810bcd2b764da4cad5d53f.csv"", ""provider_response_sha256"": ""ed128e252bb79785e3b8a2baa5f442a0ca07f0b72b810bcd2b764da4cad5d53f"", ""review_reasons"": [], ""review_threshold"": 0.01}"
live,prices,EG,yahoo,EG,,,ok,2023-01-01,2026-05-06,838,2023-01-03,2026-05-06,2026-09-24T16:13:38.387254Z,yfinance,1.5.1,200,,,"{""comparison"": {""Close"": {""maximum_relative_change"": 0.005408140941231833, ""overlap_rows"": 588}, ""Open"": {""maximum_relative_change"": 0.005408140941231744, ""overlap_rows"": 588}, ""Volume"": {""maximum_relative_change"": 0.0, ""overlap_rows"": 588}}, ""missing_cached_dates"": {}, ""price_replacement"": ""accepted_provider_values"", ""provider_response"": ""replacement_responses/daf459f70f8449c38b2cb96b8013b9c8f393af95afd181043d6f07a61274cf53.csv"", ""provider_response_sha256"": ""daf459f70f8449c38b2cb96b8013b9c8f393af95afd181043d6f07a61274cf53"", ""review_reasons"": [], ""review_threshold"": 0.01}"
live,prices,EIX,yahoo,EIX,,,ok,2023-01-01,2026-05-06,838,2023-01-03,2026-05-06,2026-09-24T16:13:42.555307Z,yfinance,1.5.1,200,,,"{""comparison"": {""Close"": {""maximum_relative_change"": 3.594191570770141e-07, ""overlap_rows"": 588}, ""Open"": {""maximum_relative_change"": 3.5941915708488454e-07, ""overlap_rows"": 588}, ""Volume"": {""maximum_relative_change"": 0.0, ""overlap_rows"": 588}}, ""missing_cached_dates"": {}, ""price_replacement"": ""accepted_provider_values"", ""provider_response"": ""replacement_responses/b7a156495dabccdbb9b89a83a448cd1940087aaae36eef79265be5949aa4bfd8.csv"", ""provider_response_sha256"": ""b7a156495dabccdbb9b89a83a448cd1940087aaae36eef79265be5949aa4bfd8"", ""review_reasons"": [], ""review_threshold"": 0.01}"
live,prices,EL,yahoo,EL,,,ok,2023-01-01,2026-05-06,838,2023-01-03,2026-05-06,2026-09-24T16:13:46.501386Z,yfinance,1.5.1,200,,,"{""comparison"": {""Close"": {""maximum_relative_change"": 0.0033855062137862517, ""overlap_rows"": 588}, ""Open"": {""maximum_relative_change"": 0.003385506213786335, ""overlap_rows"": 588}, ""Volume"": {""maximum_relative_change"": 0.0, ""overlap_rows"": 588}}, ""missing_cached_dates"": {}, ""price_replacement"": ""accepted_provider_values"", ""provider_response"": ""replacement_responses/5eb1ffde7320b2d3202f8d463b728a701b0c8f3eb46931d19380aad5e3ffeb97.csv"", ""provider_response_sha256"": ""5eb1ffde7320b2d3202f8d463b728a701b0c8f3eb46931d19380aad5e3ffeb97"", ""review_reasons"": [], ""review_threshold"": 0.01}"
live,prices,ELV,yahoo,ELV,,,ok,2023-01-01,2026-05-06,838,2023-01-03,2026-05-06,2026-09-24T16:13:49.152002Z,yfinance,1.5.1,200,,,"{""comparison"": {""Close"": {""maximum_relative_change"": 0.004334004719152651, ""overlap_rows"": 588}, ""Open"": {""maximum_relative_change"": 0.004334004719152591, ""overlap_rows"": 588}, ""Volume"": {""maximum_relative_change"": 0.0, ""overlap_rows"": 588}}, ""missing_cached_dates"": {}, ""price_replacement"": ""accepted_provider_values"", ""provider_response"": ""replacement_responses/b9de992c3734ff3a3cf4c9ee981401326a3edd8b3a41686a241adb7246e74840.csv"", ""provider_response_sha256"": ""b9de992c3734ff3a3cf4c9ee981401326a3edd8b3a41686a241adb7246e74840"", ""review_reasons"": [], ""review_threshold"": 0.01}"
live,prices,EME,yahoo,EME,,,ok,2023-01-01,2026-05-06,838,2023-01-03,2026-05-06,2026-09-24T16:13:52.573971Z,yfinance,1.5.1,200,,,"{""comparison"": {""Close"": {""maximum_relative_change"": 3.551644221853693e-07, ""overlap_rows"": 588}, ""Open"": {""maximum_relative_change"": 3.5516442200921123e-07, ""overlap_rows"": 588}, ""Volume"": {""maximum_relative_change"": 0.0, ""overlap_rows"": 588}}, ""missing_cached_dates"": {}, ""price_replacement"": ""accepted_provider_values"", ""provider_response"": ""replacement_responses/79e4d9a182f63fbf2fad1373072e2eff35df16811c093191d748102734610e67.csv"", ""provider_response_sha256"": ""79e4d9a182f63fbf2fad1373072e2eff35df16811c093191d748102734610e67"", ""review_reasons"": [], ""review_threshold"": 0.01}"
live,prices,EMN,yahoo,EMN,,,ok,2023-01-01,2026-05-06,838,2023-01-03,2026-05-06,2026-09-24T16:13:56.129268Z,yfinance,1.5.1,200,,,"{""comparison"": {}, ""missing_cached_dates"": {}, ""price_replacement"": ""accepted_provider_values"", ""provider_response"": ""replacement_responses/6e08ce0ae751aa68397e8df9fdff0c8f2bf4c54307828ee837fbf735d96669ed.csv"", ""provider_response_sha256"": ""6e08ce0ae751aa68397e8df9fdff0c8f2bf4c54307828ee837fbf735d96669ed"", ""review_reasons"": [], ""review_threshold"": 0.01}"
live,prices,EMR,yahoo,EMR,,,ok,2023-01-01,2026-05-06,838,2023-01-03,2026-05-06,2026-09-24T16:13:59.032492Z,yfinance,1.5.1,200,,,"{""comparison"": {""Close"": {""maximum_relative_change"": 0.0033801745374126856, ""overlap_rows"": 588}, ""Open"": {""maximum_relative_change"": 0.0033801745374126223, ""overlap_rows"": 588}, ""Volume"": {""maximum_relative_change"": 0.0, ""overlap_rows"": 588}}, ""missing_cached_dates"": {}, ""price_replacement"": ""accepted_provider_values"", ""provider_response"": ""replacement_responses/89cbd2c909b9eb175378ea8c5210a78e85c18f03b23cd9f51c78afa61b835f96.csv"", ""provider_response_sha256"": ""89cbd2c909b9eb175378ea8c5210a78e85c18f03b23cd9f51c78afa61b835f96"", ""review_reasons"": [], ""review_threshold"": 0.01}"
live,prices,ENPH,yahoo,ENPH,,,ok,2023-01-01,2026-05-06,838,2023-01-03,2026-05-06,2026-09-24T16:14:02.755447Z,yfinance,1.5.1,200,,,"{""comparison"": {}, ""missing_cached_dates"": {}, ""price_replacement"": ""accepted_provider_values"", ""provider_response"": ""replacement_responses/5b0909014d43e04d7de9e9632805d4b4dd9c2b50cbbd33c202f36bc1f04850b9.csv"", ""provider_response_sha256"": ""5b0909014d43e04d7de9e9632805d4b4dd9c2b50cbbd33c202f36bc1f04850b9"", ""review_reasons"": [], ""review_threshold"": 0.01}"
live,prices,EOG,yahoo,EOG,,,ok,2023-01-01,2026-05-06,838,2023-01-03,2026-05-06,2026-09-24T16:14:06.423769Z,yfinance,1.5.1,200,,,"{""comparison"": {""Close"": {""maximum_relative_change"": 2.9207104511343965e-07, ""overlap_rows"": 588}, ""Open"": {""maximum_relative_change"": 2.9207104502972877e-07, ""overlap_rows"": 588}, ""Volume"": {""maximum_relative_change"": 0.0, ""overlap_rows"": 588}}, ""missing_cached_dates"": {}, ""price_replacement"": ""accepted_provider_values"", ""provider_response"": ""replacement_responses/4f9a302420b348ac30b60d2152e0f16862920d378b43710fddfd6dea800f92cc.csv"", ""provider_response_sha256"": ""4f9a302420b348ac30b60d2152e0f16862920d378b43710fddfd6dea800f92cc"", ""review_reasons"": [], ""review_threshold"": 0.01}"
live,prices,EPAM,yahoo,EPAM,,,ok,2023-01-01,2026-05-06,838,2023-01-03,2026-05-06,2026-09-24T16:14:08.977030Z,yfinance,1.5.1,200,,,"{""comparison"": {""Close"": {""maximum_relative_change"": 1.577581530454951e-16, ""overlap_rows"": 588}, ""Open"": {""maximum_relative_change"": 1.5776691864189207e-16, ""overlap_rows"": 588}, ""Volume"": {""maximum_relative_change"": 0.0, ""overlap_rows"": 588}}, ""missing_cached_dates"": {}, ""price_replacement"": ""accepted_provider_values"", ""provider_response"": ""replacement_responses/8e59ce64c0d5d1baebf8b8ec5e06b86c3a1816c671c37735762eebb45139fd4f.csv"", ""provider_response_sha256"": ""8e59ce64c0d5d1baebf8b8ec5e06b86c3a1816c671c37735762eebb45139fd4f"", ""review_reasons"": [], ""review_threshold"": 0.01}"
live,prices,EQIX,yahoo,EQIX,,,ok,2023-01-01,2026-05-06,838,2023-01-03,2026-05-06,2026-09-24T16:14:12.566517Z,yfinance,1.5.1,200,,,"{""comparison"": {""Close"": {""maximum_relative_change"": 0.00475573845440917, ""overlap_rows"": 588}, ""Open"": {""maximum_relative_change"": 0.004755738454409087, ""overlap_rows"": 588}, ""Volume"": {""maximum_relative_change"": 0.0, ""overlap_rows"": 588}}, ""missing_cached_dates"": {}, ""price_replacement"": ""accepted_provider_values"", ""provider_response"": ""replacement_responses/51183554481eedb8e520ce94c2a414b4ade899322ebdfa846b7f493bb4688ebc.csv"", ""provider_response_sha256"": ""51183554481eedb8e520ce94c2a414b4ade899322ebdfa846b7f493bb4688ebc"", ""review_reasons"": [], ""review_threshold"": 0.01}"
live,prices,EQR,yahoo,VMRK,,,ok,2023-01-01,2026-05-06,838,2023-01-03,2026-05-06,2026-09-24T21:42:01.764010Z,yfinance,1.5.1,200,,,"{""accepted_comparison"": {""Close"": {""maximum_relative_change"": 2.4934155129840875e-07, ""overlap_rows"": 588}, ""Open"": {""maximum_relative_change"": 2.4934155129375483e-07, ""overlap_rows"": 588}, ""Volume"": {""maximum_relative_change"": 0.0, ""overlap_rows"": 588}}, ""missing_cached_dates"": {}, ""price_replacement"": ""accepted_provider_values"", ""prior_provider_error"": ""Yahoo returned an empty response for EQR; absence was not confirmed"", ""prior_provider_symbol"": ""EQR"", ""provider_response"": ""replacement_responses/a3c605733f26894bcd9114954f7d2c5772162114fcb0f0fba00db6a4056e5225.csv"", ""provider_response_sha256"": ""a3c605733f26894bcd9114954f7d2c5772162114fcb0f0fba00db6a4056e5225"", ""review_approval"": {""approved_at_utc"": ""2026-09-24T22:20:54.925282Z"", ""authority"": ""User explicit approval on 2026-09-25 Europe/Brussels."", ""scope"": ""This saved response and, for APH/MNST, its documented 2:1 post-window split conversion only.""}, ""review_reasons"": [], ""review_threshold"": 0.01, ""source_normalization"": ""Open times Adj Close / Close; Close = Adj Close; Volume unchanged; exchange-local dates."", ""source_response"": ""replacement_responses/cf3afd724cc5d7dae0cc3d71ffe9cb5e019b86caddc9d4551d1845da6f1bddb5.csv"", ""source_response_sha256"": ""cf3afd724cc5d7dae0cc3d71ffe9cb5e019b86caddc9d4551d1845da6f1bddb5""}"
live,prices,EQT,yahoo,EQT,,,ok,2023-01-01,2026-05-06,838,2023-01-03,2026-05-06,2026-09-24T16:14:31.318034Z,yfinance,1.5.1,200,,,"{""comparison"": {""Close"": {""maximum_relative_change"": 0.003127389024695146, ""overlap_rows"": 588}, ""Open"": {""maximum_relative_change"": 0.003127389024695122, ""overlap_rows"": 588}, ""Volume"": {""maximum_relative_change"": 0.0, ""overlap_rows"": 588}}, ""missing_cached_dates"": {}, ""price_replacement"": ""accepted_provider_values"", ""provider_response"": ""replacement_responses/2c1f9f28f34e0d9b278013e57aacd4a131ec4f1dc7ef4fd67378d89d14934dbe.csv"", ""provider_response_sha256"": ""2c1f9f28f34e0d9b278013e57aacd4a131ec4f1dc7ef4fd67378d89d14934dbe"", ""review_reasons"": [], ""review_threshold"": 0.01}"
live,prices,ERIE,yahoo,ERIE,,,ok,2023-01-01,2026-05-06,838,2023-01-03,2026-05-06,2026-09-24T16:14:35.203938Z,yfinance,1.5.1,200,,,"{""comparison"": {""Close"": {""maximum_relative_change"": 2.748341513313791e-07, ""overlap_rows"": 588}, ""Open"": {""maximum_relative_change"": 2.7483415139678057e-07, ""overlap_rows"": 588}, ""Volume"": {""maximum_relative_change"": 0.0, ""overlap_rows"": 588}}, ""missing_cached_dates"": {}, ""price_replacement"": ""accepted_provider_values"", ""provider_response"": ""replacement_responses/4e074c5ce13e01d6816ab93fdb262169583417be8d69d7223ee771d6656984e0.csv"", ""provider_response_sha256"": ""4e074c5ce13e01d6816ab93fdb262169583417be8d69d7223ee771d6656984e0"", ""review_reasons"": [], ""review_threshold"": 0.01}"
live,prices,ES,yahoo,ES,,,ok,2023-01-01,2026-05-06,838,2023-01-03,2026-05-06,2026-09-24T16:43:46.352624Z,yfinance,1.5.1,,,,"{""approved_review_reasons"": [""Open revision 1.164% exceeds 1.0%"", ""Close revision 1.164% exceeds 1.0%""], ""comparison"": {""Close"": {""maximum_relative_change"": 0.011636357920241277, ""overlap_rows"": 588}, ""Open"": {""maximum_relative_change"": 0.011636357920241187, ""overlap_rows"": 588}, ""Volume"": {""maximum_relative_change"": 0.0, ""overlap_rows"": 588}}, ""missing_cached_dates"": {}, ""price_replacement"": ""accepted_provider_values"", ""provider_response"": ""replacement_responses/16c8a4e276b2575db76de86751dc36c6cab9a94980656c7c71549b0694a7d524.csv"", ""provider_response_sha256"": ""16c8a4e276b2575db76de86751dc36c6cab9a94980656c7c71549b0694a7d524"", ""review_approval"": {""approved_at_utc"": ""2026-09-24T21:36:40.013605Z"", ""authority"": ""User explicitly approved the existing held 1-2 percent revisions on 2026-09-24."", ""maximum_approved_relative_change"": 0.02, ""scope"": ""This saved provider response only; no global threshold change.""}, ""review_reasons"": [], ""review_threshold"": 0.01}"
live,prices,ESS,yahoo,ESS,,,ok,2023-01-01,2026-05-06,838,2023-01-03,2026-05-06,2026-09-24T16:14:41.977706Z,yfinance,1.5.1,200,,,"{""comparison"": {""Close"": {""maximum_relative_change"": 3.320993628009526e-07, ""overlap_rows"": 588}, ""Open"": {""maximum_relative_change"": 3.3209936282090577e-07, ""overlap_rows"": 588}, ""Volume"": {""maximum_relative_change"": 0.0, ""overlap_rows"": 588}}, ""missing_cached_dates"": {}, ""price_replacement"": ""accepted_provider_values"", ""provider_response"": ""replacement_responses/6b3ebf3e8d3871fd1919a3efbf7a962361f39b3b7e43dcd04e04b7316d7569b3.csv"", ""provider_response_sha256"": ""6b3ebf3e8d3871fd1919a3efbf7a962361f39b3b7e43dcd04e04b7316d7569b3"", ""review_reasons"": [], ""review_threshold"": 0.01}"
live,prices,ETN,yahoo,ETN,,,ok,2023-01-01,2026-05-06,838,2023-01-03,2026-05-06,2026-09-24T16:14:46.550200Z,yfinance,1.5.1,200,,,"{""comparison"": {""Close"": {""maximum_relative_change"": 0.0024546557970698793, ""overlap_rows"": 588}, ""Open"": {""maximum_relative_change"": 0.002454655797069845, ""overlap_rows"": 588}, ""Volume"": {""maximum_relative_change"": 0.0, ""overlap_rows"": 588}}, ""missing_cached_dates"": {}, ""price_replacement"": ""accepted_provider_values"", ""provider_response"": ""replacement_responses/d4aac5fced0d89bfbf7db74ee9646413ffa58f62112c069f06a4e1c57f0927bc.csv"", ""provider_response_sha256"": ""d4aac5fced0d89bfbf7db74ee9646413ffa58f62112c069f06a4e1c57f0927bc"", ""review_reasons"": [], ""review_threshold"": 0.01}"
live,prices,ETR,yahoo,ETR,,,ok,2023-01-01,2026-05-06,838,2023-01-03,2026-05-06,2026-09-24T16:14:49.908266Z,yfinance,1.5.1,200,,,"{""comparison"": {""Close"": {""maximum_relative_change"": 0.005934488361090123, ""overlap_rows"": 588}, ""Open"": {""maximum_relative_change"": 0.005934488361090275, ""overlap_rows"": 588}, ""Volume"": {""maximum_relative_change"": 0.0, ""overlap_rows"": 588}}, ""missing_cached_dates"": {}, ""price_replacement"": ""accepted_provider_values"", ""provider_response"": ""replacement_responses/62d81732db30c6c181d6f85f934daceb5520ab0d3faf7e83a411a88adec08592.csv"", ""provider_response_sha256"": ""62d81732db30c6c181d6f85f934daceb5520ab0d3faf7e83a411a88adec08592"", ""review_reasons"": [], ""review_threshold"": 0.01}"
live,prices,ETSY,yahoo,ETSY,,,ok,2023-01-01,2026-05-06,838,2023-01-03,2026-05-06,2026-09-24T16:14:52.657010Z,yfinance,1.5.1,200,,,"{""comparison"": {}, ""missing_cached_dates"": {}, ""price_replacement"": ""accepted_provider_values"", ""provider_response"": ""replacement_responses/c92c5f6bdecfeb6a415ab575e9cfa31455d370b045921a435b573bc013dce0b9.csv"", ""provider_response_sha256"": ""c92c5f6bdecfeb6a415ab575e9cfa31455d370b045921a435b573bc013dce0b9"", ""review_reasons"": [], ""review_threshold"": 0.01}"
live,prices,EVRG,yahoo,EVRG,,,ok,2023-01-01,2026-05-06,838,2023-01-03,2026-05-06,2026-09-24T16:14:57.259919Z,yfinance,1.5.1,200,,,"{""comparison"": {""Close"": {""maximum_relative_change"": 0.008280953794693206, ""overlap_rows"": 588}, ""Open"": {""maximum_relative_change"": 0.008280953794693317, ""overlap_rows"": 588}, ""Volume"": {""maximum_relative_change"": 0.0, ""overlap_rows"": 588}}, ""missing_cached_dates"": {}, ""price_replacement"": ""accepted_provider_values"", ""provider_response"": ""replacement_responses/60e23dc94fdad06df35314ca4445504723c5ffc3c78a1b19c4d154e5197ed595.csv"", ""provider_response_sha256"": ""60e23dc94fdad06df35314ca4445504723c5ffc3c78a1b19c4d154e5197ed595"", ""review_reasons"": [], ""review_threshold"": 0.01}"
live,prices,EW,yahoo,EW,,,ok,2023-01-01,2026-05-06,838,2023-01-03,2026-05-06,2026-09-24T16:15:00.953185Z,yfinance,1.5.1,200,,,"{""comparison"": {""Close"": {""maximum_relative_change"": 1.5761816923233176e-16, ""overlap_rows"": 588}, ""Open"": {""maximum_relative_change"": 1.5753081542429638e-16, ""overlap_rows"": 588}, ""Volume"": {""maximum_relative_change"": 0.0, ""overlap_rows"": 588}}, ""missing_cached_dates"": {}, ""price_replacement"": ""accepted_provider_values"", ""provider_response"": ""replacement_responses/bdcc94891b81cfc27add94e1c60239f875cacd6c3e07352007ca5461a6b1e9c7.csv"", ""provider_response_sha256"": ""bdcc94891b81cfc27add94e1c60239f875cacd6c3e07352007ca5461a6b1e9c7"", ""review_reasons"": [], ""review_threshold"": 0.01}"
live,prices,EXC,yahoo,EXC,,,ok,2023-01-01,2026-05-06,838,2023-01-03,2026-05-06,2026-09-24T16:15:03.772656Z,yfinance,1.5.1,200,,,"{""comparison"": {""Close"": {""maximum_relative_change"": 0.009432198775486197, ""overlap_rows"": 588}, ""Open"": {""maximum_relative_change"": 0.009432198775486083, ""overlap_rows"": 588}, ""Volume"": {""maximum_relative_change"": 0.0, ""overlap_rows"": 588}}, ""missing_cached_dates"": {}, ""price_replacement"": ""accepted_provider_values"", ""provider_response"": ""replacement_responses/2641f63ba9dbb6cd10def4673138ab9bc7e36f3ada807368f5114b658a9df1fe.csv"", ""provider_response_sha256"": ""2641f63ba9dbb6cd10def4673138ab9bc7e36f3ada807368f5114b658a9df1fe"", ""review_reasons"": [], ""review_threshold"": 0.01}"
live,prices,EXE,yahoo,EXE,,,ok,2023-01-01,2026-05-06,838,2023-01-03,2026-05-06,2026-09-24T16:15:06.796363Z,yfinance,1.5.1,200,,,"{""comparison"": {""Close"": {""maximum_relative_change"": 0.005972426375726421, ""overlap_rows"": 588}, ""Open"": {""maximum_relative_change"": 0.005972426375726447, ""overlap_rows"": 588}, ""Volume"": {""maximum_relative_change"": 0.0, ""overlap_rows"": 588}}, ""missing_cached_dates"": {}, ""price_replacement"": ""accepted_provider_values"", ""provider_response"": ""replacement_responses/249203e7392b0a584f2ac1b433ce41270dab15a269a7448ff03921e660e24fd0.csv"", ""provider_response_sha256"": ""249203e7392b0a584f2ac1b433ce41270dab15a269a7448ff03921e660e24fd0"", ""review_reasons"": [], ""review_threshold"": 0.01}"
live,prices,EXPD,yahoo,EXPD,,,ok,2023-01-01,2026-05-06,838,2023-01-03,2026-05-06,2026-09-24T16:15:09.880715Z,yfinance,1.5.1,200,,,"{""comparison"": {""Close"": {""maximum_relative_change"": 1.8744491462571436e-07, ""overlap_rows"": 588}, ""Open"": {""maximum_relative_change"": 1.874449147235524e-07, ""overlap_rows"": 588}, ""Volume"": {""maximum_relative_change"": 0.0, ""overlap_rows"": 588}}, ""missing_cached_dates"": {}, ""price_replacement"": ""accepted_provider_values"", ""provider_response"": ""replacement_responses/836145c30248f5e4f930634375588bdbb79b8b081fbe45d468605e8ca8664926.csv"", ""provider_response_sha256"": ""836145c30248f5e4f930634375588bdbb79b8b081fbe45d468605e8ca8664926"", ""review_reasons"": [], ""review_threshold"": 0.01}"
live,prices,EXPE,yahoo,EXPE,,,ok,2023-01-01,2026-05-06,838,2023-01-03,2026-05-06,2026-09-24T16:15:12.614400Z,yfinance,1.5.1,200,,,"{""comparison"": {""Close"": {""maximum_relative_change"": 0.0014398016444597478, ""overlap_rows"": 588}, ""Open"": {""maximum_relative_change"": 0.0014398016444597847, ""overlap_rows"": 588}, ""Volume"": {""maximum_relative_change"": 0.0, ""overlap_rows"": 588}}, ""missing_cached_dates"": {}, ""price_replacement"": ""accepted_provider_values"", ""provider_response"": ""replacement_responses/e0eae63d83da51261a18fd2102e7e48e313d8feec493c2c75e555b5787aa2791.csv"", ""provider_response_sha256"": ""e0eae63d83da51261a18fd2102e7e48e313d8feec493c2c75e555b5787aa2791"", ""review_reasons"": [], ""review_threshold"": 0.01}"
live,prices,EXR,yahoo,EXR,,,ok,2023-01-01,2026-05-06,838,2023-01-03,2026-05-06,2026-09-24T16:43:48.866003Z,yfinance,1.5.1,,,,"{""approved_review_reasons"": [""Open revision 1.162% exceeds 1.0%"", ""Close revision 1.162% exceeds 1.0%""], ""comparison"": {""Close"": {""maximum_relative_change"": 0.011621530708613, ""overlap_rows"": 588}, ""Open"": {""maximum_relative_change"": 0.011621530708613229, ""overlap_rows"": 588}, ""Volume"": {""maximum_relative_change"": 0.0, ""overlap_rows"": 588}}, ""missing_cached_dates"": {}, ""price_replacement"": ""accepted_provider_values"", ""provider_response"": ""replacement_responses/c7167c99f7cf8c4294d3eb347589b7934e1b340c1eff906cd4b6f421188aabef.csv"", ""provider_response_sha256"": ""c7167c99f7cf8c4294d3eb347589b7934e1b340c1eff906cd4b6f421188aabef"", ""review_approval"": {""approved_at_utc"": ""2026-09-24T21:36:40.013605Z"", ""authority"": ""User explicitly approved the existing held 1-2 percent revisions on 2026-09-24."", ""maximum_approved_relative_change"": 0.02, ""scope"": ""This saved provider response only; no global threshold change.""}, ""review_reasons"": [], ""review_threshold"": 0.01}"
live,prices,F,yahoo,F,,,ok,2023-01-01,2026-05-06,838,2023-01-03,2026-05-06,2026-09-24T16:43:52.628317Z,yfinance,1.5.1,,,,"{""approved_review_reasons"": [""Open revision 1.071% exceeds 1.0%"", ""Close revision 1.071% exceeds 1.0%""], ""comparison"": {""Close"": {""maximum_relative_change"": 0.01071460082188701, ""overlap_rows"": 588}, ""Open"": {""maximum_relative_change"": 0.01071460082188696, ""overlap_rows"": 588}, ""Volume"": {""maximum_relative_change"": 0.0, ""overlap_rows"": 588}}, ""missing_cached_dates"": {}, ""price_replacement"": ""accepted_provider_values"", ""provider_response"": ""replacement_responses/89c12f5a30f798f681dcdb03a9b6ad20879e5f91e72a708b9642930a2a9363cc.csv"", ""provider_response_sha256"": ""89c12f5a30f798f681dcdb03a9b6ad20879e5f91e72a708b9642930a2a9363cc"", ""review_approval"": {""approved_at_utc"": ""2026-09-24T21:36:40.013605Z"", ""authority"": ""User explicitly approved the existing held 1-2 percent revisions on 2026-09-24."", ""maximum_approved_relative_change"": 0.02, ""scope"": ""This saved provider response only; no global threshold change.""}, ""review_reasons"": [], ""review_threshold"": 0.01}"
live,prices,FANG,yahoo,FANG,,,ok,2023-01-01,2026-05-06,838,2023-01-03,2026-05-06,2026-09-24T16:15:21.292534Z,yfinance,1.5.1,200,,,"{""comparison"": {""Close"": {""maximum_relative_change"": 0.005477283377031577, ""overlap_rows"": 588}, ""Open"": {""maximum_relative_change"": 0.005477283377031588, ""overlap_rows"": 588}, ""Volume"": {""maximum_relative_change"": 0.0, ""overlap_rows"": 588}}, ""missing_cached_dates"": {}, ""price_replacement"": ""accepted_provider_values"", ""provider_response"": ""replacement_responses/ea88dbea8b45e1b0f1adf50e4b6edda8e4ce4cc02af6708a16bac6cb9e2e5aec.csv"", ""provider_response_sha256"": ""ea88dbea8b45e1b0f1adf50e4b6edda8e4ce4cc02af6708a16bac6cb9e2e5aec"", ""review_reasons"": [], ""review_threshold"": 0.01}"
live,prices,FAST,yahoo,FAST,,,ok,2023-01-01,2026-05-06,838,2023-01-03,2026-05-06,2026-09-24T16:15:24.910985Z,yfinance,1.5.1,200,,,"{""comparison"": {""Close"": {""maximum_relative_change"": 3.616541482092454e-07, ""overlap_rows"": 588}, ""Open"": {""maximum_relative_change"": 3.6165414826786684e-07, ""overlap_rows"": 588}, ""Volume"": {""maximum_relative_change"": 0.0, ""overlap_rows"": 588}}, ""missing_cached_dates"": {}, ""price_replacement"": ""accepted_provider_values"", ""provider_response"": ""replacement_responses/134616b1a656f58e934857a0a8f10c49ea4242af901477cc59f5aa793d67c5b9.csv"", ""provider_response_sha256"": ""134616b1a656f58e934857a0a8f10c49ea4242af901477cc59f5aa793d67c5b9"", ""review_reasons"": [], ""review_threshold"": 0.01}"
live,prices,FCX,yahoo,FCX,,,ok,2023-01-01,2026-05-06,838,2023-01-03,2026-05-06,2026-09-24T16:15:28.270846Z,yfinance,1.5.1,200,,,"{""comparison"": {""Close"": {""maximum_relative_change"": 3.1560771686116345e-07, ""overlap_rows"": 588}, ""Open"": {""maximum_relative_change"": 3.156077164836987e-07, ""overlap_rows"": 588}, ""Volume"": {""maximum_relative_change"": 0.0, ""overlap_rows"": 588}}, ""missing_cached_dates"": {}, ""price_replacement"": ""accepted_provider_values"", ""provider_response"": ""replacement_responses/14779a9afa546c3a7d3e473c7295fb60f6871966db218a958bbe276b0e61c747.csv"", ""provider_response_sha256"": ""14779a9afa546c3a7d3e473c7295fb60f6871966db218a958bbe276b0e61c747"", ""review_reasons"": [], ""review_threshold"": 0.01}"
live,prices,FDS,yahoo,FDS,,,ok,2023-01-01,2026-05-06,838,2023-01-03,2026-05-06,2026-09-24T16:15:31.371433Z,yfinance,1.5.1,200,,,"{""comparison"": {""Close"": {""maximum_relative_change"": 0.0037545622945968317, ""overlap_rows"": 588}, ""Open"": {""maximum_relative_change"": 0.00375456229459689, ""overlap_rows"": 588}, ""Volume"": {""maximum_relative_change"": 0.0, ""overlap_rows"": 588}}, ""missing_cached_dates"": {}, ""price_replacement"": ""accepted_provider_values"", ""provider_response"": ""replacement_responses/a74299a2950c748a8c9535dae4a8e1d70155931cf78dc9e15fdf1bc8f4cf6d80.csv"", ""provider_response_sha256"": ""a74299a2950c748a8c9535dae4a8e1d70155931cf78dc9e15fdf1bc8f4cf6d80"", ""review_reasons"": [], ""review_threshold"": 0.01}"
live,prices,FDX,yahoo,FDX,,,ok,2023-01-01,2026-05-06,838,2023-01-03,2026-05-06,2026-09-24T16:15:36.790573Z,yfinance,1.5.1,200,,,"{""comparison"": {""Close"": {""maximum_relative_change"": 0.003910657911197028, ""overlap_rows"": 588}, ""Open"": {""maximum_relative_change"": 0.003910657911197209, ""overlap_rows"": 588}, ""Volume"": {""maximum_relative_change"": 0.0, ""overlap_rows"": 588}}, ""missing_cached_dates"": {}, ""price_replacement"": ""accepted_provider_values"", ""provider_response"": ""replacement_responses/9b86fb42e49b3486d0b7de8d686044a499d09255562ae5cde0ec2271420a7221.csv"", ""provider_response_sha256"": ""9b86fb42e49b3486d0b7de8d686044a499d09255562ae5cde0ec2271420a7221"", ""review_reasons"": [], ""review_threshold"": 0.01}"
live,prices,FE,yahoo,FE,,,ok,2023-01-01,2026-05-06,838,2023-01-03,2026-05-06,2026-09-24T16:15:39.559912Z,yfinance,1.5.1,200,,,"{""comparison"": {""Close"": {""maximum_relative_change"": 0.009816771732050464, ""overlap_rows"": 588}, ""Open"": {""maximum_relative_change"": 0.009816771732050264, ""overlap_rows"": 588}, ""Volume"": {""maximum_relative_change"": 0.0, ""overlap_rows"": 588}}, ""missing_cached_dates"": {}, ""price_replacement"": ""accepted_provider_values"", ""provider_response"": ""replacement_responses/e291955d5fb07238bd2ae5ea94339012e0ae82b7d31d490beba1b9044fc95aae.csv"", ""provider_response_sha256"": ""e291955d5fb07238bd2ae5ea94339012e0ae82b7d31d490beba1b9044fc95aae"", ""review_reasons"": [], ""review_threshold"": 0.01}"
live,prices,FFIV,yahoo,FFIV,,,ok,2023-01-01,2026-05-06,838,2023-01-03,2026-05-06,2026-09-24T16:15:42.583600Z,yfinance,1.5.1,200,,,"{""comparison"": {""Close"": {""maximum_relative_change"": 1.5769688788857464e-16, ""overlap_rows"": 588}, ""Open"": {""maximum_relative_change"": 1.5688733084491855e-16, ""overlap_rows"": 588}, ""Volume"": {""maximum_relative_change"": 0.0, ""overlap_rows"": 588}}, ""missing_cached_dates"": {}, ""price_replacement"": ""accepted_provider_values"", ""provider_response"": ""replacement_responses/019bc51194c64d68697a00c8796619a5d092baf1b47d5d196de018374bf0fda0.csv"", ""provider_response_sha256"": ""019bc51194c64d68697a00c8796619a5d092baf1b47d5d196de018374bf0fda0"", ""review_reasons"": [], ""review_threshold"": 0.01}"
live,prices,FI,yahoo,FISV,,,ok,2023-01-01,2026-05-06,837,2023-01-03,2026-05-06,2026-09-24T16:15:46.310956Z,yfinance,1.5.1,200,,,"{""comparison"": {""Close"": {""maximum_relative_change"": 1.5529291206928806e-16, ""overlap_rows"": 587}, ""Open"": {""maximum_relative_change"": 1.576881300721107e-16, ""overlap_rows"": 587}, ""Volume"": {""maximum_relative_change"": 0.0, ""overlap_rows"": 587}}, ""missing_cached_dates"": {}, ""price_replacement"": ""accepted_provider_values"", ""provider_response"": ""replacement_responses/593e9edf81fcbee0e6e9dfe437cd6be877542fefb6639429c6152393bbc991e8.csv"", ""provider_response_sha256"": ""593e9edf81fcbee0e6e9dfe437cd6be877542fefb6639429c6152393bbc991e8"", ""review_reasons"": [], ""review_threshold"": 0.01}"
live,prices,FICO,yahoo,FICO,,,ok,2023-01-01,2026-05-06,838,2023-01-03,2026-05-06,2026-09-24T16:15:49.740858Z,yfinance,1.5.1,200,,,"{""comparison"": {""Close"": {""maximum_relative_change"": 2.465102688150042e-16, ""overlap_rows"": 588}, ""Open"": {""maximum_relative_change"": 1.1718480117575526e-16, ""overlap_rows"": 588}, ""Volume"": {""maximum_relative_change"": 0.0, ""overlap_rows"": 588}}, ""missing_cached_dates"": {}, ""price_replacement"": ""accepted_provider_values"", ""provider_response"": ""replacement_responses/91c73f98b30e5be177eeb8ba500f037ac8b31c05c61052ac9c6c1cebf8290565.csv"", ""provider_response_sha256"": ""91c73f98b30e5be177eeb8ba500f037ac8b31c05c61052ac9c6c1cebf8290565"", ""review_reasons"": [], ""review_threshold"": 0.01}"
live,prices,FIS,yahoo,FIS,,,ok,2023-01-01,2026-05-06,838,2023-01-03,2026-05-06,2026-09-24T16:43:55.218484Z,yfinance,1.5.1,,,,"{""approved_review_reasons"": [""Open revision 1.142% exceeds 1.0%"", ""Close revision 1.142% exceeds 1.0%""], ""comparison"": {""Close"": {""maximum_relative_change"": 0.011422951087469985, ""overlap_rows"": 588}, ""Open"": {""maximum_relative_change"": 0.011422951087470115, ""overlap_rows"": 588}, ""Volume"": {""maximum_relative_change"": 0.0, ""overlap_rows"": 588}}, ""missing_cached_dates"": {}, ""price_replacement"": ""accepted_provider_values"", ""provider_response"": ""replacement_responses/edf714e7bb777170d85a385cdc9ec95d853dc79d9f1c00560884cf1d8c98b8fb.csv"", ""provider_response_sha256"": ""edf714e7bb777170d85a385cdc9ec95d853dc79d9f1c00560884cf1d8c98b8fb"", ""review_approval"": {""approved_at_utc"": ""2026-09-24T21:36:40.013605Z"", ""authority"": ""User explicitly approved the existing held 1-2 percent revisions on 2026-09-24."", ""maximum_approved_relative_change"": 0.02, ""scope"": ""This saved provider response only; no global threshold change.""}, ""review_reasons"": [], ""review_threshold"": 0.01}"
live,prices,FISV,yahoo,FISV,,,ok,2023-01-01,2026-05-06,837,2023-01-03,2026-05-06,2026-09-24T16:15:55.543892Z,yfinance,1.5.1,200,,,"{""comparison"": {""Close"": {""maximum_relative_change"": 0.0, ""overlap_rows"": 837}, ""Open"": {""maximum_relative_change"": 0.0, ""overlap_rows"": 837}, ""Volume"": {""maximum_relative_change"": 0.0, ""overlap_rows"": 837}}, ""missing_cached_dates"": {}, ""price_replacement"": ""accepted_provider_values"", ""provider_response"": ""replacement_responses/593e9edf81fcbee0e6e9dfe437cd6be877542fefb6639429c6152393bbc991e8.csv"", ""provider_response_sha256"": ""593e9edf81fcbee0e6e9dfe437cd6be877542fefb6639429c6152393bbc991e8"", ""review_reasons"": [], ""review_threshold"": 0.01}"
live,prices,FITB,yahoo,FITB,,,ok,2023-01-01,2026-05-06,838,2023-01-03,2026-05-06,2026-09-24T16:15:59.289745Z,yfinance,1.5.1,200,,,"{""comparison"": {""Close"": {""maximum_relative_change"": 3.588833989033241e-07, ""overlap_rows"": 588}, ""Open"": {""maximum_relative_change"": 3.5888339884446446e-07, ""overlap_rows"": 588}, ""Volume"": {""maximum_relative_change"": 0.0, ""overlap_rows"": 588}}, ""missing_cached_dates"": {}, ""price_replacement"": ""accepted_provider_values"", ""provider_response"": ""replacement_responses/185ab120a6c8c67b46c09fa7d55a4110f23db461a616e923adadd539783eb2cc.csv"", ""provider_response_sha256"": ""185ab120a6c8c67b46c09fa7d55a4110f23db461a616e923adadd539783eb2cc"", ""review_reasons"": [], ""review_threshold"": 0.01}"
live,prices,FIX,yahoo,FIX,,,ok,2023-01-01,2026-05-06,838,2023-01-03,2026-05-06,2026-09-24T16:16:03.118495Z,yfinance,1.5.1,200,,,"{""comparison"": {""Close"": {""maximum_relative_change"": 0.0005178889499610629, ""overlap_rows"": 588}, ""Open"": {""maximum_relative_change"": 0.0005178889499611182, ""overlap_rows"": 588}, ""Volume"": {""maximum_relative_change"": 0.0, ""overlap_rows"": 588}}, ""missing_cached_dates"": {}, ""price_replacement"": ""accepted_provider_values"", ""provider_response"": ""replacement_responses/77a76b2427c59379a8edf4f3b48a0bca916aa7e5abd34522a73a9d3b7a0e3a93.csv"", ""provider_response_sha256"": ""77a76b2427c59379a8edf4f3b48a0bca916aa7e5abd34522a73a9d3b7a0e3a93"", ""review_reasons"": [], ""review_threshold"": 0.01}"
live,prices,FLT,yahoo,CPAY,,,ok,2023-01-01,2026-05-06,838,2023-01-03,2026-05-06,2026-09-24T16:16:06.100235Z,yfinance,1.5.1,200,,,"{""comparison"": {""Close"": {""maximum_relative_change"": 0.0, ""overlap_rows"": 838}, ""Open"": {""maximum_relative_change"": 0.0, ""overlap_rows"": 838}, ""Volume"": {""maximum_relative_change"": 0.0, ""overlap_rows"": 838}}, ""missing_cached_dates"": {}, ""price_replacement"": ""accepted_provider_values"", ""provider_response"": ""replacement_responses/d2eb24d0faf7ad11b6f530d00e1885d5bac1eb0f9f07e34bae0fc4377436555a.csv"", ""provider_response_sha256"": ""d2eb24d0faf7ad11b6f530d00e1885d5bac1eb0f9f07e34bae0fc4377436555a"", ""review_reasons"": [], ""review_threshold"": 0.01}"
live,prices,FMC,yahoo,FMC,,,ok,2023-01-01,2026-05-06,838,2023-01-03,2026-05-06,2026-09-24T16:16:10.244440Z,yfinance,1.5.1,200,,,"{""comparison"": {}, ""missing_cached_dates"": {}, ""price_replacement"": ""accepted_provider_values"", ""provider_response"": ""replacement_responses/2e1ac583bce7a9af828e34903598bc973fb6e80add8e6c36261ed44f7ab793ef.csv"", ""provider_response_sha256"": ""2e1ac583bce7a9af828e34903598bc973fb6e80add8e6c36261ed44f7ab793ef"", ""review_reasons"": [], ""review_threshold"": 0.01}"
live,prices,FOX,yahoo,FOX,,,ok,2023-01-01,2026-05-06,838,2023-01-03,2026-05-06,2026-09-24T16:16:13.804092Z,yfinance,1.5.1,200,,,"{""comparison"": {""Close"": {""maximum_relative_change"": 0.004912938239426713, ""overlap_rows"": 588}, ""Open"": {""maximum_relative_change"": 0.0049129382394267436, ""overlap_rows"": 588}, ""Volume"": {""maximum_relative_change"": 0.0, ""overlap_rows"": 588}}, ""missing_cached_dates"": {}, ""price_replacement"": ""accepted_provider_values"", ""provider_response"": ""replacement_responses/ba8589f4df3dbb574ef375452f3bb20fa61b84cc70492e9410f53d97846c52a2.csv"", ""provider_response_sha256"": ""ba8589f4df3dbb574ef375452f3bb20fa61b84cc70492e9410f53d97846c52a2"", ""review_reasons"": [], ""review_threshold"": 0.01}"
live,prices,FOXA,yahoo,FOXA,,,ok,2023-01-01,2026-05-06,838,2023-01-03,2026-05-06,2026-09-24T16:16:17.700191Z,yfinance,1.5.1,200,,,"{""comparison"": {""Close"": {""maximum_relative_change"": 0.004398826673303936, ""overlap_rows"": 588}, ""Open"": {""maximum_relative_change"": 0.004398826673303816, ""overlap_rows"": 588}, ""Volume"": {""maximum_relative_change"": 0.0, ""overlap_rows"": 588}}, ""missing_cached_dates"": {}, ""price_replacement"": ""accepted_provider_values"", ""provider_response"": ""replacement_responses/290ca969776ae98fa17c00006dd05a6731c6c8588c892d80fa8d95e652463573.csv"", ""provider_response_sha256"": ""290ca969776ae98fa17c00006dd05a6731c6c8588c892d80fa8d95e652463573"", ""review_reasons"": [], ""review_threshold"": 0.01}"
live,prices,FRC,yahoo,FRCB,,,ok,2023-01-01,2026-05-06,838,2023-01-03,2026-05-06,2026-09-24T21:42:01.952083Z,yfinance,1.5.1,200,,,"{""accepted_comparison"": {""Close"": {""maximum_relative_change"": 0.0, ""overlap_rows"": 0}, ""Open"": {""maximum_relative_change"": 0.0, ""overlap_rows"": 0}, ""Volume"": {""maximum_relative_change"": 0.0, ""overlap_rows"": 0}}, ""missing_cached_dates"": {}, ""price_replacement"": ""accepted_provider_values"", ""prior_provider_error"": ""Yahoo returned an empty response for FRC; absence was not confirmed"", ""prior_provider_symbol"": ""FRC"", ""provider_response"": ""replacement_responses/b886234c90d60dae64d9a586a534193423a90ced4603d3b26de099ebd359855f.csv"", ""provider_response_sha256"": ""b886234c90d60dae64d9a586a534193423a90ced4603d3b26de099ebd359855f"", ""review_approval"": {""approved_at_utc"": ""2026-09-24T22:20:54.925282Z"", ""authority"": ""User explicit approval on 2026-09-25 Europe/Brussels."", ""scope"": ""This saved response and, for APH/MNST, its documented 2:1 post-window split conversion only.""}, ""review_reasons"": [], ""review_threshold"": 0.01, ""source_normalization"": ""Open times Adj Close / Close; Close = Adj Close; Volume unchanged; exchange-local dates."", ""source_response"": ""replacement_responses/21e63f7845059e2ea8280160c6566972c83707d72c3a456c089b1c79b253e95c.csv"", ""source_response_sha256"": ""21e63f7845059e2ea8280160c6566972c83707d72c3a456c089b1c79b253e95c""}"
live,prices,FRT,yahoo,FRT,,,ok,2023-01-01,2026-05-06,838,2023-01-03,2026-05-06,2026-09-24T16:16:35.105002Z,yfinance,1.5.1,200,,,"{""comparison"": {""Close"": {""maximum_relative_change"": 3.3649003043131714e-07, ""overlap_rows"": 588}, ""Open"": {""maximum_relative_change"": 3.364900301733073e-07, ""overlap_rows"": 588}, ""Volume"": {""maximum_relative_change"": 0.0, ""overlap_rows"": 588}}, ""missing_cached_dates"": {}, ""price_replacement"": ""accepted_provider_values"", ""provider_response"": ""replacement_responses/ab7c92ace2786c0ca010f4aad0764ff2197b1a22d597bda3be724e83e1c9707f.csv"", ""provider_response_sha256"": ""ab7c92ace2786c0ca010f4aad0764ff2197b1a22d597bda3be724e83e1c9707f"", ""review_reasons"": [], ""review_threshold"": 0.01}"
live,prices,FSLR,yahoo,FSLR,,,ok,2023-01-01,2026-05-06,838,2023-01-03,2026-05-06,2026-09-24T16:16:39.281550Z,yfinance,1.5.1,200,,,"{""comparison"": {""Close"": {""maximum_relative_change"": 1.5745227574824217e-16, ""overlap_rows"": 588}, ""Open"": {""maximum_relative_change"": 1.5776691864189207e-16, ""overlap_rows"": 588}, ""Volume"": {""maximum_relative_change"": 0.0, ""overlap_rows"": 588}}, ""missing_cached_dates"": {}, ""price_replacement"": ""accepted_provider_values"", ""provider_response"": ""replacement_responses/d0dac98b0be194c0931b54fd3a9a0e53091288ed6687c064e7baac1bbab4a852.csv"", ""provider_response_sha256"": ""d0dac98b0be194c0931b54fd3a9a0e53091288ed6687c064e7baac1bbab4a852"", ""review_reasons"": [], ""review_threshold"": 0.01}"
live,prices,FTNT,yahoo,FTNT,,,ok,2023-01-01,2026-05-06,838,2023-01-03,2026-05-06,2026-09-24T16:16:42.940424Z,yfinance,1.5.1,200,,,"{""comparison"": {""Close"": {""maximum_relative_change"": 1.536474758722935e-16, ""overlap_rows"": 588}, ""Open"": {""maximum_relative_change"": 1.5503877533747603e-16, ""overlap_rows"": 588}, ""Volume"": {""maximum_relative_change"": 0.0, ""overlap_rows"": 588}}, ""missing_cached_dates"": {}, ""price_replacement"": ""accepted_provider_values"", ""provider_response"": ""replacement_responses/266110c6e6f09d341dc5beffaa65605063b3f3c01cee1ac56577338a2c6b00ad.csv"", ""provider_response_sha256"": ""266110c6e6f09d341dc5beffaa65605063b3f3c01cee1ac56577338a2c6b00ad"", ""review_reasons"": [], ""review_threshold"": 0.01}"
live,prices,FTV,yahoo,FTV,,,ok,2023-01-01,2026-05-06,838,2023-01-03,2026-05-06,2026-09-24T16:16:45.561514Z,yfinance,1.5.1,200,,,"{""comparison"": {""Close"": {""maximum_relative_change"": 0.001216175986965839, ""overlap_rows"": 588}, ""Open"": {""maximum_relative_change"": 0.0012161759869658297, ""overlap_rows"": 588}, ""Volume"": {""maximum_relative_change"": 0.0, ""overlap_rows"": 588}}, ""missing_cached_dates"": {}, ""price_replacement"": ""accepted_provider_values"", ""provider_response"": ""replacement_responses/1bd831dba923c8e453aecae666c8a1879f70ec9cfa7fe22a6e7dd17d19832c87.csv"", ""provider_response_sha256"": ""1bd831dba923c8e453aecae666c8a1879f70ec9cfa7fe22a6e7dd17d19832c87"", ""review_reasons"": [], ""review_threshold"": 0.01}"
live,prices,GD,yahoo,GD,,,ok,2023-01-01,2026-05-06,838,2023-01-03,2026-05-06,2026-09-24T16:16:50.016632Z,yfinance,1.5.1,200,,,"{""comparison"": {""Close"": {""maximum_relative_change"": 3.294901239179407e-07, ""overlap_rows"": 588}, ""Open"": {""maximum_relative_change"": 3.2949012387799856e-07, ""overlap_rows"": 588}, ""Volume"": {""maximum_relative_change"": 0.0, ""overlap_rows"": 588}}, ""missing_cached_dates"": {}, ""price_replacement"": ""accepted_provider_values"", ""provider_response"": ""replacement_responses/acdb5a1a6234ce54f7b86bfc55fe0058789290c3f711f0aed6c39d6091960ac0.csv"", ""provider_response_sha256"": ""acdb5a1a6234ce54f7b86bfc55fe0058789290c3f711f0aed6c39d6091960ac0"", ""review_reasons"": [], ""review_threshold"": 0.01}"
live,prices,GDDY,yahoo,GDDY,,,ok,2023-01-01,2026-05-06,838,2023-01-03,2026-05-06,2026-09-24T16:16:53.616965Z,yfinance,1.5.1,200,,,"{""comparison"": {""Close"": {""maximum_relative_change"": 1.5753081542429638e-16, ""overlap_rows"": 588}, ""Open"": {""maximum_relative_change"": 1.5732153688849406e-16, ""overlap_rows"": 588}, ""Volume"": {""maximum_relative_change"": 0.0, ""overlap_rows"": 588}}, ""missing_cached_dates"": {}, ""price_replacement"": ""accepted_provider_values"", ""provider_response"": ""replacement_responses/f2da991d167986f04946f2a57f868d70bc4ebef354e55422b1860fe17c457d38.csv"", ""provider_response_sha256"": ""f2da991d167986f04946f2a57f868d70bc4ebef354e55422b1860fe17c457d38"", ""review_reasons"": [], ""review_threshold"": 0.01}"
live,prices,GE,yahoo,GE,,,ok,2023-01-01,2026-05-06,838,2023-01-03,2026-05-06,2026-09-24T16:16:57.701921Z,yfinance,1.5.1,200,,,"{""comparison"": {""Close"": {""maximum_relative_change"": 2.8248369457034326e-07, ""overlap_rows"": 588}, ""Open"": {""maximum_relative_change"": 2.8248369460591097e-07, ""overlap_rows"": 588}, ""Volume"": {""maximum_relative_change"": 0.0, ""overlap_rows"": 588}}, ""missing_cached_dates"": {}, ""price_replacement"": ""accepted_provider_values"", ""provider_response"": ""replacement_responses/2cdd4d5e7fd6d17e9c47105faec3d968b2f0dffc6658bbdd5847502de8400f92.csv"", ""provider_response_sha256"": ""2cdd4d5e7fd6d17e9c47105faec3d968b2f0dffc6658bbdd5847502de8400f92"", ""review_reasons"": [], ""review_threshold"": 0.01}"
live,prices,GEHC,yahoo,GEHC,,,ok,2023-01-01,2026-05-06,838,2023-01-03,2026-05-06,2026-09-24T16:17:01.220441Z,yfinance,1.5.1,200,,,"{""comparison"": {""Close"": {""maximum_relative_change"": 3.013334910981567e-07, ""overlap_rows"": 588}, ""Open"": {""maximum_relative_change"": 3.0133349100425186e-07, ""overlap_rows"": 588}, ""Volume"": {""maximum_relative_change"": 0.0, ""overlap_rows"": 588}}, ""missing_cached_dates"": {}, ""price_replacement"": ""accepted_provider_values"", ""provider_response"": ""replacement_responses/30a76b6d79822a4d1ff12c22a36da35e6ea3652e05f619e2e43c9c89910ee12d.csv"", ""provider_response_sha256"": ""30a76b6d79822a4d1ff12c22a36da35e6ea3652e05f619e2e43c9c89910ee12d"", ""review_reasons"": [], ""review_threshold"": 0.01}"
live,prices,GEN,yahoo,GEN,,,ok,2023-01-01,2026-05-06,838,2023-01-03,2026-05-06,2026-09-24T16:17:05.250713Z,yfinance,1.5.1,200,,,"{""comparison"": {""Close"": {""maximum_relative_change"": 0.004389362746434944, ""overlap_rows"": 588}, ""Open"": {""maximum_relative_change"": 0.004389362746435081, ""overlap_rows"": 588}, ""Volume"": {""maximum_relative_change"": 0.0, ""overlap_rows"": 588}}, ""missing_cached_dates"": {}, ""price_replacement"": ""accepted_provider_values"", ""provider_response"": ""replacement_responses/276840869e9463394b751e293252c9ca22ad8f6b88a688b27392db38aabf9b73.csv"", ""provider_response_sha256"": ""276840869e9463394b751e293252c9ca22ad8f6b88a688b27392db38aabf9b73"", ""review_reasons"": [], ""review_threshold"": 0.01}"
live,prices,GEV,yahoo,GEV,,,ok,2023-01-01,2026-05-06,529,2024-03-27,2026-05-06,2026-09-24T16:17:09.358307Z,yfinance,1.5.1,200,,,"{""comparison"": {""Close"": {""maximum_relative_change"": 2.826823692325494e-07, ""overlap_rows"": 529}, ""Open"": {""maximum_relative_change"": 2.8268236933547725e-07, ""overlap_rows"": 529}, ""Volume"": {""maximum_relative_change"": 0.0, ""overlap_rows"": 529}}, ""missing_cached_dates"": {}, ""price_replacement"": ""accepted_provider_values"", ""provider_response"": ""replacement_responses/c6fc46c27749da925f90eeeb20f8d1ab9a63514ade479abf99ed4dd742622196.csv"", ""provider_response_sha256"": ""c6fc46c27749da925f90eeeb20f8d1ab9a63514ade479abf99ed4dd742622196"", ""review_reasons"": [], ""review_threshold"": 0.01}"
live,prices,GILD,yahoo,GILD,,,ok,2023-01-01,2026-05-06,838,2023-01-03,2026-05-06,2026-09-24T16:17:12.792788Z,yfinance,1.5.1,200,,,"{""comparison"": {""Close"": {""maximum_relative_change"": 0.005601075275654063, ""overlap_rows"": 588}, ""Open"": {""maximum_relative_change"": 0.0056010752756541484, ""overlap_rows"": 588}, ""Volume"": {""maximum_relative_change"": 0.0, ""overlap_rows"": 588}}, ""missing_cached_dates"": {}, ""price_replacement"": ""accepted_provider_values"", ""provider_response"": ""replacement_responses/8ae105a0902b5c21cd51a66eb1f0607ab9d7b4d2db1e57983d4a00e9a0b2dc3e.csv"", ""provider_response_sha256"": ""8ae105a0902b5c21cd51a66eb1f0607ab9d7b4d2db1e57983d4a00e9a0b2dc3e"", ""review_reasons"": [], ""review_threshold"": 0.01}"
live,prices,GIS,yahoo,GIS,,,ok,2023-01-01,2026-05-06,838,2023-01-03,2026-05-06,2026-09-24T16:17:17.161652Z,yfinance,1.5.1,200,,,"{""comparison"": {""Close"": {""maximum_relative_change"": 3.574788021028333e-07, ""overlap_rows"": 588}, ""Open"": {""maximum_relative_change"": 3.574788021142493e-07, ""overlap_rows"": 588}, ""Volume"": {""maximum_relative_change"": 0.0, ""overlap_rows"": 588}}, ""missing_cached_dates"": {}, ""price_replacement"": ""accepted_provider_values"", ""provider_response"": ""replacement_responses/91252fe56893a58aecc4e63b10ad0f3772b3f7b5f28faace99837f96b51fa837.csv"", ""provider_response_sha256"": ""91252fe56893a58aecc4e63b10ad0f3772b3f7b5f28faace99837f96b51fa837"", ""review_reasons"": [], ""review_threshold"": 0.01}"
live,prices,GL,yahoo,GL,,,ok,2023-01-01,2026-05-06,838,2023-01-03,2026-05-06,2026-09-24T16:17:21.658465Z,yfinance,1.5.1,200,,,"{""comparison"": {""Close"": {""maximum_relative_change"": 2.3808925751984086e-07, ""overlap_rows"": 588}, ""Open"": {""maximum_relative_change"": 2.3808925763469003e-07, ""overlap_rows"": 588}, ""Volume"": {""maximum_relative_change"": 0.0, ""overlap_rows"": 588}}, ""missing_cached_dates"": {}, ""price_replacement"": ""accepted_provider_values"", ""provider_response"": ""replacement_responses/3995ea7d50ef9c5b8fe59a8173e5f3a9ce2746ce79bd24411e9a2c3ffce79504.csv"", ""provider_response_sha256"": ""3995ea7d50ef9c5b8fe59a8173e5f3a9ce2746ce79bd24411e9a2c3ffce79504"", ""review_reasons"": [], ""review_threshold"": 0.01}"
live,prices,GLW,yahoo,GLW,,,ok,2023-01-01,2026-05-06,838,2023-01-03,2026-05-06,2026-09-24T16:17:24.456292Z,yfinance,1.5.1,200,,,"{""comparison"": {""Close"": {""maximum_relative_change"": 0.0018797371938719146, ""overlap_rows"": 588}, ""Open"": {""maximum_relative_change"": 0.0018797371938718474, ""overlap_rows"": 588}, ""Volume"": {""maximum_relative_change"": 0.0, ""overlap_rows"": 588}}, ""missing_cached_dates"": {}, ""price_replacement"": ""accepted_provider_values"", ""provider_response"": ""replacement_responses/e0ac275d8b73518eeaf8b2dbc224ab7dd67e49fb141f9146cb43499d215c74da.csv"", ""provider_response_sha256"": ""e0ac275d8b73518eeaf8b2dbc224ab7dd67e49fb141f9146cb43499d215c74da"", ""review_reasons"": [], ""review_threshold"": 0.01}"
live,prices,GM,yahoo,GM,,,ok,2023-01-01,2026-05-06,838,2023-01-03,2026-05-06,2026-09-24T16:17:28.785408Z,yfinance,1.5.1,200,,,"{""comparison"": {""Close"": {""maximum_relative_change"": 0.002064002751249488, ""overlap_rows"": 588}, ""Open"": {""maximum_relative_change"": 0.0020640027512495818, ""overlap_rows"": 588}, ""Volume"": {""maximum_relative_change"": 0.0, ""overlap_rows"": 588}}, ""missing_cached_dates"": {}, ""price_replacement"": ""accepted_provider_values"", ""provider_response"": ""replacement_responses/5021e88524eac2275b244550e52b24fe214511280d6041cdca92427c024c1d4b.csv"", ""provider_response_sha256"": ""5021e88524eac2275b244550e52b24fe214511280d6041cdca92427c024c1d4b"", ""review_reasons"": [], ""review_threshold"": 0.01}"
live,prices,GNRC,yahoo,GNRC,,,ok,2023-01-01,2026-05-06,838,2023-01-03,2026-05-06,2026-09-24T16:17:32.340292Z,yfinance,1.5.1,200,,,"{""comparison"": {""Close"": {""maximum_relative_change"": 1.5523354633724522e-16, ""overlap_rows"": 588}, ""Open"": {""maximum_relative_change"": 1.5523354633724522e-16, ""overlap_rows"": 588}, ""Volume"": {""maximum_relative_change"": 0.0, ""overlap_rows"": 588}}, ""missing_cached_dates"": {}, ""price_replacement"": ""accepted_provider_values"", ""provider_response"": ""replacement_responses/8b692f7fe868fd5337eb8d0a3900effd1bce40a532ad7a937330227a71968cfe.csv"", ""provider_response_sha256"": ""8b692f7fe868fd5337eb8d0a3900effd1bce40a532ad7a937330227a71968cfe"", ""review_reasons"": [], ""review_threshold"": 0.01}"
live,prices,GOOG,yahoo,GOOG,,,ok,2023-01-01,2026-05-06,838,2023-01-03,2026-05-06,2026-09-24T16:17:36.745798Z,yfinance,1.5.1,200,,,"{""comparison"": {""Close"": {""maximum_relative_change"": 0.000649119837971977, ""overlap_rows"": 588}, ""Open"": {""maximum_relative_change"": 0.0006491198379718662, ""overlap_rows"": 588}, ""Volume"": {""maximum_relative_change"": 0.0, ""overlap_rows"": 588}}, ""missing_cached_dates"": {}, ""price_replacement"": ""accepted_provider_values"", ""provider_response"": ""replacement_responses/34ab1fd276c5b91ff3e75e7c4560d3bc946a6975c2fdfc5d34fb07d7d7e20467.csv"", ""provider_response_sha256"": ""34ab1fd276c5b91ff3e75e7c4560d3bc946a6975c2fdfc5d34fb07d7d7e20467"", ""review_reasons"": [], ""review_threshold"": 0.01}"
live,prices,GOOGL,yahoo,GOOGL,,,ok,2023-01-01,2026-05-06,838,2023-01-03,2026-05-06,2026-09-24T16:17:40.210160Z,yfinance,1.5.1,200,,,"{""comparison"": {""Close"": {""maximum_relative_change"": 0.0006428262140945183, ""overlap_rows"": 588}, ""Open"": {""maximum_relative_change"": 0.0006428262140942905, ""overlap_rows"": 588}, ""Volume"": {""maximum_relative_change"": 0.0, ""overlap_rows"": 588}}, ""missing_cached_dates"": {}, ""price_replacement"": ""accepted_provider_values"", ""provider_response"": ""replacement_responses/518ac0f52a5ead36537729b2c19b93c34f2e216f43643088c22297d56790889c.csv"", ""provider_response_sha256"": ""518ac0f52a5ead36537729b2c19b93c34f2e216f43643088c22297d56790889c"", ""review_reasons"": [], ""review_threshold"": 0.01}"
live,prices,GPC,yahoo,GPC,,,ok,2023-01-01,2026-05-06,838,2023-01-03,2026-05-06,2026-09-24T16:17:43.746961Z,yfinance,1.5.1,200,,,"{""comparison"": {""Close"": {""maximum_relative_change"": 0.007724641785864429, ""overlap_rows"": 588}, ""Open"": {""maximum_relative_change"": 0.007724641785864346, ""overlap_rows"": 588}, ""Volume"": {""maximum_relative_change"": 0.0, ""overlap_rows"": 588}}, ""missing_cached_dates"": {}, ""price_replacement"": ""accepted_provider_values"", ""provider_response"": ""replacement_responses/dcc9f357a71d42a74a43522a68f50bbca26f11b380351cf570adb0d99dbca2ea.csv"", ""provider_response_sha256"": ""dcc9f357a71d42a74a43522a68f50bbca26f11b380351cf570adb0d99dbca2ea"", ""review_reasons"": [], ""review_threshold"": 0.01}"
live,prices,GPN,yahoo,GPN,,,ok,2023-01-01,2026-05-06,838,2023-01-03,2026-05-06,2026-09-24T16:17:47.474263Z,yfinance,1.5.1,200,,,"{""comparison"": {""Close"": {""maximum_relative_change"": 0.0028236876520677657, ""overlap_rows"": 588}, ""Open"": {""maximum_relative_change"": 0.002823687652067633, ""overlap_rows"": 588}, ""Volume"": {""maximum_relative_change"": 0.0, ""overlap_rows"": 588}}, ""missing_cached_dates"": {}, ""price_replacement"": ""accepted_provider_values"", ""provider_response"": ""replacement_responses/df491ba9c74aae4d989f33d45d3a6a781ad0517e0addb6fd718383ddc1aa0f80.csv"", ""provider_response_sha256"": ""df491ba9c74aae4d989f33d45d3a6a781ad0517e0addb6fd718383ddc1aa0f80"", ""review_reasons"": [], ""review_threshold"": 0.01}"
live,prices,GRMN,yahoo,GRMN,,,ok,2023-01-01,2026-05-06,838,2023-01-03,2026-05-06,2026-09-24T16:17:51.691693Z,yfinance,1.5.1,200,,,"{""comparison"": {""Close"": {""maximum_relative_change"": 0.003857726587609691, ""overlap_rows"": 588}, ""Open"": {""maximum_relative_change"": 0.0038577265876097474, ""overlap_rows"": 588}, ""Volume"": {""maximum_relative_change"": 0.0, ""overlap_rows"": 588}}, ""missing_cached_dates"": {}, ""price_replacement"": ""accepted_provider_values"", ""provider_response"": ""replacement_responses/1a67f9966216028eb70506f7e2da2f834aaadd3245445c09b8c2ec6ff2e254f3.csv"", ""provider_response_sha256"": ""1a67f9966216028eb70506f7e2da2f834aaadd3245445c09b8c2ec6ff2e254f3"", ""review_reasons"": [], ""review_threshold"": 0.01}"
live,prices,GS,yahoo,GS,,,ok,2023-01-01,2026-05-06,838,2023-01-03,2026-05-06,2026-09-24T16:17:55.923155Z,yfinance,1.5.1,200,,,"{""comparison"": {""Close"": {""maximum_relative_change"": 0.004873981988175329, ""overlap_rows"": 588}, ""Open"": {""maximum_relative_change"": 0.004873981988175235, ""overlap_rows"": 588}, ""Volume"": {""maximum_relative_change"": 0.0, ""overlap_rows"": 588}}, ""missing_cached_dates"": {}, ""price_replacement"": ""accepted_provider_values"", ""provider_response"": ""replacement_responses/ca5259cf30bc94ffb30309d683aa69e611a6b536f6e64cfb05773c2d67a0583c.csv"", ""provider_response_sha256"": ""ca5259cf30bc94ffb30309d683aa69e611a6b536f6e64cfb05773c2d67a0583c"", ""review_reasons"": [], ""review_threshold"": 0.01}"
live,prices,GWW,yahoo,GWW,,,ok,2023-01-01,2026-05-06,838,2023-01-03,2026-05-06,2026-09-24T16:17:58.913993Z,yfinance,1.5.1,200,,,"{""comparison"": {""Close"": {""maximum_relative_change"": 0.001949410624601238, ""overlap_rows"": 588}, ""Open"": {""maximum_relative_change"": 0.001949410624601189, ""overlap_rows"": 588}, ""Volume"": {""maximum_relative_change"": 0.0, ""overlap_rows"": 588}}, ""missing_cached_dates"": {}, ""price_replacement"": ""accepted_provider_values"", ""provider_response"": ""replacement_responses/22e8bd1b35763f7fea48f6ee62dfe40edaa37718fd59f20b768c960a5688218c.csv"", ""provider_response_sha256"": ""22e8bd1b35763f7fea48f6ee62dfe40edaa37718fd59f20b768c960a5688218c"", ""review_reasons"": [], ""review_threshold"": 0.01}"
live,prices,HAL,yahoo,HAL,,,ok,2023-01-01,2026-05-06,838,2023-01-03,2026-05-06,2026-09-24T16:18:02.910004Z,yfinance,1.5.1,200,,,"{""comparison"": {""Close"": {""maximum_relative_change"": 0.004619900545413035, ""overlap_rows"": 588}, ""Open"": {""maximum_relative_change"": 0.0046199005454130165, ""overlap_rows"": 588}, ""Volume"": {""maximum_relative_change"": 0.0, ""overlap_rows"": 588}}, ""missing_cached_dates"": {}, ""price_replacement"": ""accepted_provider_values"", ""provider_response"": ""replacement_responses/68e7fb0979da93aebd095bb1604c95c333878492cddedb8940490f593255cc21.csv"", ""provider_response_sha256"": ""68e7fb0979da93aebd095bb1604c95c333878492cddedb8940490f593255cc21"", ""review_reasons"": [], ""review_threshold"": 0.01}"
live,prices,HAS,yahoo,HAS,,,ok,2023-01-01,2026-05-06,838,2023-01-03,2026-05-06,2026-09-24T16:18:05.741561Z,yfinance,1.5.1,200,,,"{""comparison"": {""Close"": {""maximum_relative_change"": 0.0074478033712812655, ""overlap_rows"": 588}, ""Open"": {""maximum_relative_change"": 0.007447803371281155, ""overlap_rows"": 588}, ""Volume"": {""maximum_relative_change"": 0.0, ""overlap_rows"": 588}}, ""missing_cached_dates"": {}, ""price_replacement"": ""accepted_provider_values"", ""provider_response"": ""replacement_responses/84efc3e203d68396e39b2662776b0bfca9d1415d2599680cafb067a94c252bb6.csv"", ""provider_response_sha256"": ""84efc3e203d68396e39b2662776b0bfca9d1415d2599680cafb067a94c252bb6"", ""review_reasons"": [], ""review_threshold"": 0.01}"
live,prices,HBAN,yahoo,HBAN,,,ok,2023-01-01,2026-05-06,838,2023-01-03,2026-05-06,2026-09-24T16:18:09.902333Z,yfinance,1.5.1,200,,,"{""comparison"": {""Close"": {""maximum_relative_change"": 0.00979818208739297, ""overlap_rows"": 588}, ""Open"": {""maximum_relative_change"": 0.009798182087393009, ""overlap_rows"": 588}, ""Volume"": {""maximum_relative_change"": 0.0, ""overlap_rows"": 588}}, ""missing_cached_dates"": {}, ""price_replacement"": ""accepted_provider_values"", ""provider_response"": ""replacement_responses/83a2fc813cd6db9a9be495413a63ccd8bce4b4b3e29362295d41dbb5a401a1ac.csv"", ""provider_response_sha256"": ""83a2fc813cd6db9a9be495413a63ccd8bce4b4b3e29362295d41dbb5a401a1ac"", ""review_reasons"": [], ""review_threshold"": 0.01}"
live,prices,HCA,yahoo,HCA,,,ok,2023-01-01,2026-05-06,838,2023-01-03,2026-05-06,2026-09-24T16:18:13.850768Z,yfinance,1.5.1,200,,,"{""comparison"": {""Close"": {""maximum_relative_change"": 0.0018407338250009152, ""overlap_rows"": 588}, ""Open"": {""maximum_relative_change"": 0.0018407338250008938, ""overlap_rows"": 588}, ""Volume"": {""maximum_relative_change"": 0.0, ""overlap_rows"": 588}}, ""missing_cached_dates"": {}, ""price_replacement"": ""accepted_provider_values"", ""provider_response"": ""replacement_responses/8a7b2e85e2088659791dd51f2ba694a96ad8b3c54f5621a51c0d36d670f40dae.csv"", ""provider_response_sha256"": ""8a7b2e85e2088659791dd51f2ba694a96ad8b3c54f5621a51c0d36d670f40dae"", ""review_reasons"": [], ""review_threshold"": 0.01}"
live,prices,HD,yahoo,HD,,,ok,2023-01-01,2026-05-06,838,2023-01-03,2026-05-06,2026-09-24T16:18:17.773911Z,yfinance,1.5.1,200,,,"{""comparison"": {""Close"": {""maximum_relative_change"": 0.007315649291665501, ""overlap_rows"": 588}, ""Open"": {""maximum_relative_change"": 0.007315649291665554, ""overlap_rows"": 588}, ""Volume"": {""maximum_relative_change"": 0.0, ""overlap_rows"": 588}}, ""missing_cached_dates"": {}, ""price_replacement"": ""accepted_provider_values"", ""provider_response"": ""replacement_responses/20a322d7ca98899d5a6341c547281b5950a21e6396135c4a96783282fb813b58.csv"", ""provider_response_sha256"": ""20a322d7ca98899d5a6341c547281b5950a21e6396135c4a96783282fb813b58"", ""review_reasons"": [], ""review_threshold"": 0.01}"
live,prices,HES,yahoo,HES,,,failed,2023-01-01,2026-05-06,0,,,2026-09-24T16:44:25.750406Z,yfinance,1.5.1,,RetryableProviderError,Yahoo returned an empty response for HES; absence was not confirmed,
live,prices,HIG,yahoo,HIG,,,ok,2023-01-01,2026-05-06,838,2023-01-03,2026-05-06,2026-09-24T16:19:21.159881Z,yfinance,1.5.1,200,,,"{""comparison"": {""Close"": {""maximum_relative_change"": 0.004367723651960784, ""overlap_rows"": 588}, ""Open"": {""maximum_relative_change"": 0.004367723651960778, ""overlap_rows"": 588}, ""Volume"": {""maximum_relative_change"": 0.0, ""overlap_rows"": 588}}, ""missing_cached_dates"": {}, ""price_replacement"": ""accepted_provider_values"", ""provider_response"": ""replacement_responses/ec3144381a0b7bf8769a18e38f44b8c3e988d4752dde6faa75c2645d6b1a9217.csv"", ""provider_response_sha256"": ""ec3144381a0b7bf8769a18e38f44b8c3e988d4752dde6faa75c2645d6b1a9217"", ""review_reasons"": [], ""review_threshold"": 0.01}"
live,prices,HII,yahoo,HII,,,ok,2023-01-01,2026-05-06,838,2023-01-03,2026-05-06,2026-09-24T16:19:24.382616Z,yfinance,1.5.1,200,,,"{""comparison"": {""Close"": {""maximum_relative_change"": 0.004642253896280731, ""overlap_rows"": 588}, ""Open"": {""maximum_relative_change"": 0.00464225389628069, ""overlap_rows"": 588}, ""Volume"": {""maximum_relative_change"": 0.0, ""overlap_rows"": 588}}, ""missing_cached_dates"": {}, ""price_replacement"": ""accepted_provider_values"", ""provider_response"": ""replacement_responses/7fd255197467811fffa899dec3b8d252e50eab6cf561cc6511dc06d0f74b2860.csv"", ""provider_response_sha256"": ""7fd255197467811fffa899dec3b8d252e50eab6cf561cc6511dc06d0f74b2860"", ""review_reasons"": [], ""review_threshold"": 0.01}"
live,prices,HLT,yahoo,HLT,,,ok,2023-01-01,2026-05-06,838,2023-01-03,2026-05-06,2026-09-24T16:19:27.481651Z,yfinance,1.5.1,200,,,"{""comparison"": {""Close"": {""maximum_relative_change"": 0.00045546835112382896, ""overlap_rows"": 588}, ""Open"": {""maximum_relative_change"": 0.00045546835112390225, ""overlap_rows"": 588}, ""Volume"": {""maximum_relative_change"": 0.0, ""overlap_rows"": 588}}, ""missing_cached_dates"": {}, ""price_replacement"": ""accepted_provider_values"", ""provider_response"": ""replacement_responses/3d7101e2671a958a840b7ae001932d7aac294ce482e689e1a2159ef0ae009c33.csv"", ""provider_response_sha256"": ""3d7101e2671a958a840b7ae001932d7aac294ce482e689e1a2159ef0ae009c33"", ""review_reasons"": [], ""review_threshold"": 0.01}"
live,prices,HOLX,yahoo,HOLX,,,failed,2023-01-01,2026-05-06,0,,,2026-09-24T16:19:44.848353Z,yfinance,1.5.1,,RetryableProviderError,Yahoo returned an empty response for HOLX; absence was not confirmed,
live,prices,HOLX,yahoo_supplement,HOLX,,,ok,2024-03-01,2026-04-07,526,2024-03-01,2026-04-07,,validated_supplement,,,,,Authoritative Yahoo supplement; current Yahoo provider status remains independently truthful.
live,prices,HON,yahoo,HON,,,ok,2023-01-01,2026-05-06,838,2023-01-03,2026-05-06,2026-09-24T16:19:47.714886Z,yfinance,1.5.1,200,,,"{""comparison"": {""Close"": {""maximum_relative_change"": 0.002991847846767092, ""overlap_rows"": 588}, ""Open"": {""maximum_relative_change"": 0.002991847846767258, ""overlap_rows"": 588}, ""Volume"": {""maximum_relative_change"": 0.0, ""overlap_rows"": 588}}, ""missing_cached_dates"": {}, ""price_replacement"": ""accepted_provider_values"", ""provider_response"": ""replacement_responses/b6adf1158f63fca3457308e6505b961da7e2ddecdebf33366d64cf7594f1280a.csv"", ""provider_response_sha256"": ""b6adf1158f63fca3457308e6505b961da7e2ddecdebf33366d64cf7594f1280a"", ""review_reasons"": [], ""review_threshold"": 0.01}"
live,prices,HOOD,yahoo,HOOD,,,ok,2023-01-01,2026-05-06,838,2023-01-03,2026-05-06,2026-09-24T16:19:52.123771Z,yfinance,1.5.1,200,,,"{""comparison"": {""Close"": {""maximum_relative_change"": 1.8590861147728362e-16, ""overlap_rows"": 588}, ""Open"": {""maximum_relative_change"": 1.9350291724922078e-16, ""overlap_rows"": 588}, ""Volume"": {""maximum_relative_change"": 0.0, ""overlap_rows"": 588}}, ""missing_cached_dates"": {}, ""price_replacement"": ""accepted_provider_values"", ""provider_response"": ""replacement_responses/30fb84364be5f172fdc45cf2096548c60ccc28ccc9ec1ed3ec98a2510e2eaf49.csv"", ""provider_response_sha256"": ""30fb84364be5f172fdc45cf2096548c60ccc28ccc9ec1ed3ec98a2510e2eaf49"", ""review_reasons"": [], ""review_threshold"": 0.01}"
live,prices,HPE,yahoo,HPE,,,ok,2023-01-01,2026-05-06,838,2023-01-03,2026-05-06,2026-09-24T16:19:56.217640Z,yfinance,1.5.1,200,,,"{""comparison"": {""Close"": {""maximum_relative_change"": 0.002523277265547126, ""overlap_rows"": 588}, ""Open"": {""maximum_relative_change"": 0.002523277265547128, ""overlap_rows"": 588}, ""Volume"": {""maximum_relative_change"": 0.0, ""overlap_rows"": 588}}, ""missing_cached_dates"": {}, ""price_replacement"": ""accepted_provider_values"", ""provider_response"": ""replacement_responses/4f1addb22e96420c926122644b5ae30941f8efc81e707fbfb4c89cd198fba58d.csv"", ""provider_response_sha256"": ""4f1addb22e96420c926122644b5ae30941f8efc81e707fbfb4c89cd198fba58d"", ""review_reasons"": [], ""review_threshold"": 0.01}"
live,prices,HPQ,yahoo,HPQ,,,ok,2023-01-01,2026-05-06,838,2023-01-03,2026-05-06,2026-09-24T16:20:00.262841Z,yfinance,1.5.1,200,,,"{""comparison"": {""Close"": {""maximum_relative_change"": 0.009624994029872809, ""overlap_rows"": 588}, ""Open"": {""maximum_relative_change"": 0.009624994029872892, ""overlap_rows"": 588}, ""Volume"": {""maximum_relative_change"": 0.0, ""overlap_rows"": 588}}, ""missing_cached_dates"": {}, ""price_replacement"": ""accepted_provider_values"", ""provider_response"": ""replacement_responses/a353d28598c31698c8bfd2a57c2dc32c3021baf78f7c1e0ed7c952c05e8ffadd.csv"", ""provider_response_sha256"": ""a353d28598c31698c8bfd2a57c2dc32c3021baf78f7c1e0ed7c952c05e8ffadd"", ""review_reasons"": [], ""review_threshold"": 0.01}"
live,prices,HRL,yahoo,HRL,,,ok,2023-01-01,2026-05-06,838,2023-01-03,2026-05-06,2026-09-24T16:20:04.278882Z,yfinance,1.5.1,200,,,"{""comparison"": {""Close"": {""maximum_relative_change"": 2.448326238491949e-07, ""overlap_rows"": 588}, ""Open"": {""maximum_relative_change"": 2.448326238548091e-07, ""overlap_rows"": 588}, ""Volume"": {""maximum_relative_change"": 0.0, ""overlap_rows"": 588}}, ""missing_cached_dates"": {}, ""price_replacement"": ""accepted_provider_values"", ""provider_response"": ""replacement_responses/37465bb246020198227f19d093ca45bd8a3269f1cd5e6fbca99c19ab0aed50c6.csv"", ""provider_response_sha256"": ""37465bb246020198227f19d093ca45bd8a3269f1cd5e6fbca99c19ab0aed50c6"", ""review_reasons"": [], ""review_threshold"": 0.01}"
live,prices,HSIC,yahoo,HSIC,,,ok,2023-01-01,2026-05-06,838,2023-01-03,2026-05-06,2026-09-24T16:20:09.040250Z,yfinance,1.5.1,200,,,"{""comparison"": {""Close"": {""maximum_relative_change"": 0.0, ""overlap_rows"": 588}, ""Open"": {""maximum_relative_change"": 0.0, ""overlap_rows"": 588}, ""Volume"": {""maximum_relative_change"": 0.0, ""overlap_rows"": 588}}, ""missing_cached_dates"": {}, ""price_replacement"": ""accepted_provider_values"", ""provider_response"": ""replacement_responses/50cb0c1e0b880722a5b20a7b89e23bb6946daf38fe51821bb37aa1b3d8f52e27.csv"", ""provider_response_sha256"": ""50cb0c1e0b880722a5b20a7b89e23bb6946daf38fe51821bb37aa1b3d8f52e27"", ""review_reasons"": [], ""review_threshold"": 0.01}"
live,prices,HST,yahoo,HST,,,ok,2023-01-01,2026-05-06,838,2023-01-03,2026-05-06,2026-09-24T16:20:12.327529Z,yfinance,1.5.1,200,,,"{""comparison"": {""Close"": {""maximum_relative_change"": 3.380942259591902e-07, ""overlap_rows"": 588}, ""Open"": {""maximum_relative_change"": 3.3809422592275076e-07, ""overlap_rows"": 588}, ""Volume"": {""maximum_relative_change"": 0.0, ""overlap_rows"": 588}}, ""missing_cached_dates"": {}, ""price_replacement"": ""accepted_provider_values"", ""provider_response"": ""replacement_responses/5e00e8e98fc8fd367dc1d7405010f828ee700baa579e01d7a014649588d09350.csv"", ""provider_response_sha256"": ""5e00e8e98fc8fd367dc1d7405010f828ee700baa579e01d7a014649588d09350"", ""review_reasons"": [], ""review_threshold"": 0.01}"
live,prices,HSY,yahoo,HSY,,,ok,2023-01-01,2026-05-06,838,2023-01-03,2026-05-06,2026-09-24T16:20:16.287581Z,yfinance,1.5.1,200,,,"{""comparison"": {""Close"": {""maximum_relative_change"": 0.007801694856757077, ""overlap_rows"": 588}, ""Open"": {""maximum_relative_change"": 0.007801694856757073, ""overlap_rows"": 588}, ""Volume"": {""maximum_relative_change"": 0.0, ""overlap_rows"": 588}}, ""missing_cached_dates"": {}, ""price_replacement"": ""accepted_provider_values"", ""provider_response"": ""replacement_responses/4a7611dacd30254634a8e50e54ff6703b785296ad70775b351f6ee27cf42a47b.csv"", ""provider_response_sha256"": ""4a7611dacd30254634a8e50e54ff6703b785296ad70775b351f6ee27cf42a47b"", ""review_reasons"": [], ""review_threshold"": 0.01}"
live,prices,HUBB,yahoo,HUBB,,,ok,2023-01-01,2026-05-06,838,2023-01-03,2026-05-06,2026-09-24T16:20:21.565259Z,yfinance,1.5.1,200,,,"{""comparison"": {""Close"": {""maximum_relative_change"": 0.003089527022848648, ""overlap_rows"": 588}, ""Open"": {""maximum_relative_change"": 0.003089527022848547, ""overlap_rows"": 588}, ""Volume"": {""maximum_relative_change"": 0.0, ""overlap_rows"": 588}}, ""missing_cached_dates"": {}, ""price_replacement"": ""accepted_provider_values"", ""provider_response"": ""replacement_responses/ab47f5b7c979c61c93dc0b78f4319142df90988d31b9f8e3feb82cfe3f57c8d3.csv"", ""provider_response_sha256"": ""ab47f5b7c979c61c93dc0b78f4319142df90988d31b9f8e3feb82cfe3f57c8d3"", ""review_reasons"": [], ""review_threshold"": 0.01}"
live,prices,HUM,yahoo,HUM,,,ok,2023-01-01,2026-05-06,838,2023-01-03,2026-05-06,2026-09-24T16:20:25.456237Z,yfinance,1.5.1,200,,,"{""comparison"": {""Close"": {""maximum_relative_change"": 3.2529362900500163e-07, ""overlap_rows"": 588}, ""Open"": {""maximum_relative_change"": 3.2529362880285483e-07, ""overlap_rows"": 588}, ""Volume"": {""maximum_relative_change"": 0.0, ""overlap_rows"": 588}}, ""missing_cached_dates"": {}, ""price_replacement"": ""accepted_provider_values"", ""provider_response"": ""replacement_responses/41b3e0924d33ec1ab1bf16585c55b0792f0f47401d3b8d2d790d0c6bde2b0ef5.csv"", ""provider_response_sha256"": ""41b3e0924d33ec1ab1bf16585c55b0792f0f47401d3b8d2d790d0c6bde2b0ef5"", ""review_reasons"": [], ""review_threshold"": 0.01}"
live,prices,HWM,yahoo,HWM,,,ok,2023-01-01,2026-05-06,838,2023-01-03,2026-05-06,2026-09-24T16:20:28.826241Z,yfinance,1.5.1,200,,,"{""comparison"": {""Close"": {""maximum_relative_change"": 0.0004835086858922218, ""overlap_rows"": 588}, ""Open"": {""maximum_relative_change"": 0.00048350868589202374, ""overlap_rows"": 588}, ""Volume"": {""maximum_relative_change"": 0.0, ""overlap_rows"": 588}}, ""missing_cached_dates"": {}, ""price_replacement"": ""accepted_provider_values"", ""provider_response"": ""replacement_responses/ba9af8920a1ee5075af14a282d7384cbdee2187013a9bf283be454d853fb5be4.csv"", ""provider_response_sha256"": ""ba9af8920a1ee5075af14a282d7384cbdee2187013a9bf283be454d853fb5be4"", ""review_reasons"": [], ""review_threshold"": 0.01}"
live,prices,IBKR,yahoo,IBKR,,,ok,2023-01-01,2026-05-06,838,2023-01-03,2026-05-06,2026-09-24T16:20:33.221636Z,yfinance,1.5.1,200,,,"{""comparison"": {""Close"": {""maximum_relative_change"": 0.0009047426891812132, ""overlap_rows"": 588}, ""Open"": {""maximum_relative_change"": 0.0009047426891812103, ""overlap_rows"": 588}, ""Volume"": {""maximum_relative_change"": 0.0, ""overlap_rows"": 588}}, ""missing_cached_dates"": {}, ""price_replacement"": ""accepted_provider_values"", ""provider_response"": ""replacement_responses/a5396a7e2fcdd760c5c6cea52dd9bcfaf2baf9bf6d006f6a2fca39dfd0579bf9.csv"", ""provider_response_sha256"": ""a5396a7e2fcdd760c5c6cea52dd9bcfaf2baf9bf6d006f6a2fca39dfd0579bf9"", ""review_reasons"": [], ""review_threshold"": 0.01}"
live,prices,IBM,yahoo,IBM,,,ok,2023-01-01,2026-05-06,838,2023-01-03,2026-05-06,2026-09-24T16:20:36.973171Z,yfinance,1.5.1,200,,,"{""comparison"": {""Close"": {""maximum_relative_change"": 0.007122698066788365, ""overlap_rows"": 588}, ""Open"": {""maximum_relative_change"": 0.007122698066788313, ""overlap_rows"": 588}, ""Volume"": {""maximum_relative_change"": 0.0, ""overlap_rows"": 588}}, ""missing_cached_dates"": {}, ""price_replacement"": ""accepted_provider_values"", ""provider_response"": ""replacement_responses/0b6aef52586ebfe8648e73859cc42d03c5ae59bb0d1fde4714e170ab80875184.csv"", ""provider_response_sha256"": ""0b6aef52586ebfe8648e73859cc42d03c5ae59bb0d1fde4714e170ab80875184"", ""review_reasons"": [], ""review_threshold"": 0.01}"
live,prices,ICE,yahoo,ICE,,,ok,2023-01-01,2026-05-06,838,2023-01-03,2026-05-06,2026-09-24T16:20:40.009111Z,yfinance,1.5.1,200,,,"{""comparison"": {""Close"": {""maximum_relative_change"": 0.0033145562180659422, ""overlap_rows"": 588}, ""Open"": {""maximum_relative_change"": 0.0033145562180658733, ""overlap_rows"": 588}, ""Volume"": {""maximum_relative_change"": 0.0, ""overlap_rows"": 588}}, ""missing_cached_dates"": {}, ""price_replacement"": ""accepted_provider_values"", ""provider_response"": ""replacement_responses/50d37f4d45d12295e8ce02d87eab403d7c5023c135ca44d74e9c562f6fd5e43f.csv"", ""provider_response_sha256"": ""50d37f4d45d12295e8ce02d87eab403d7c5023c135ca44d74e9c562f6fd5e43f"", ""review_reasons"": [], ""review_threshold"": 0.01}"
live,prices,IDXX,yahoo,IDXX,,,ok,2023-01-01,2026-05-06,838,2023-01-03,2026-05-06,2026-09-24T16:20:43.010989Z,yfinance,1.5.1,200,,,"{""comparison"": {""Close"": {""maximum_relative_change"": 1.5744354507939622e-16, ""overlap_rows"": 588}, ""Open"": {""maximum_relative_change"": 1.4186028731997765e-16, ""overlap_rows"": 588}, ""Volume"": {""maximum_relative_change"": 0.0, ""overlap_rows"": 588}}, ""missing_cached_dates"": {}, ""price_replacement"": ""accepted_provider_values"", ""provider_response"": ""replacement_responses/eb62238f26fb9e803fb82381f20b89937baaca45872e7277c2c72254951621c8.csv"", ""provider_response_sha256"": ""eb62238f26fb9e803fb82381f20b89937baaca45872e7277c2c72254951621c8"", ""review_reasons"": [], ""review_threshold"": 0.01}"
live,prices,IEX,yahoo,IEX,,,ok,2023-01-01,2026-05-06,838,2023-01-03,2026-05-06,2026-09-24T16:20:46.155993Z,yfinance,1.5.1,200,,,"{""comparison"": {""Close"": {""maximum_relative_change"": 2.3782066847109136e-07, ""overlap_rows"": 588}, ""Open"": {""maximum_relative_change"": 2.3782066855445814e-07, ""overlap_rows"": 588}, ""Volume"": {""maximum_relative_change"": 0.0, ""overlap_rows"": 588}}, ""missing_cached_dates"": {}, ""price_replacement"": ""accepted_provider_values"", ""provider_response"": ""replacement_responses/d64b46432bf825842e5fb6d628e288a1277f423f2410f96d2224f11692e7f238.csv"", ""provider_response_sha256"": ""d64b46432bf825842e5fb6d628e288a1277f423f2410f96d2224f11692e7f238"", ""review_reasons"": [], ""review_threshold"": 0.01}"
live,prices,IFF,yahoo,IFF,,,ok,2023-01-01,2026-05-06,838,2023-01-03,2026-05-06,2026-09-24T16:20:49.562670Z,yfinance,1.5.1,200,,,"{""comparison"": {""Close"": {""maximum_relative_change"": 0.004711133376899761, ""overlap_rows"": 588}, ""Open"": {""maximum_relative_change"": 0.0047111333768997884, ""overlap_rows"": 588}, ""Volume"": {""maximum_relative_change"": 0.0, ""overlap_rows"": 588}}, ""missing_cached_dates"": {}, ""price_replacement"": ""accepted_provider_values"", ""provider_response"": ""replacement_responses/06e90171d72c748cc7b6511277ecfa4a7d1d825a561ed2faac4de0e2dc82601a.csv"", ""provider_response_sha256"": ""06e90171d72c748cc7b6511277ecfa4a7d1d825a561ed2faac4de0e2dc82601a"", ""review_reasons"": [], ""review_threshold"": 0.01}"
live,prices,ILMN,yahoo,ILMN,,,ok,2023-01-01,2026-05-06,838,2023-01-03,2026-05-06,2026-09-24T16:20:54.251999Z,yfinance,1.5.1,200,,,"{""comparison"": {}, ""missing_cached_dates"": {}, ""price_replacement"": ""accepted_provider_values"", ""provider_response"": ""replacement_responses/ae54f036c64d23f1d19aee5d1b18329461a407202fba929b659fd912cc6319f4.csv"", ""provider_response_sha256"": ""ae54f036c64d23f1d19aee5d1b18329461a407202fba929b659fd912cc6319f4"", ""review_reasons"": [], ""review_threshold"": 0.01}"
live,prices,INCY,yahoo,INCY,,,ok,2023-01-01,2026-05-06,838,2023-01-03,2026-05-06,2026-09-24T16:20:57.856684Z,yfinance,1.5.1,200,,,"{""comparison"": {""Close"": {""maximum_relative_change"": 1.5681807861938076e-16, ""overlap_rows"": 588}, ""Open"": {""maximum_relative_change"": 1.5618040497680345e-16, ""overlap_rows"": 588}, ""Volume"": {""maximum_relative_change"": 0.0, ""overlap_rows"": 588}}, ""missing_cached_dates"": {}, ""price_replacement"": ""accepted_provider_values"", ""provider_response"": ""replacement_responses/5ee88b415f2ba1ad70a53e4ac19e006f0323868326138bface4474a89a541876.csv"", ""provider_response_sha256"": ""5ee88b415f2ba1ad70a53e4ac19e006f0323868326138bface4474a89a541876"", ""review_reasons"": [], ""review_threshold"": 0.01}"
live,prices,INTC,yahoo,INTC,,,ok,2023-01-01,2026-05-06,838,2023-01-03,2026-05-06,2026-09-24T16:21:01.796882Z,yfinance,1.5.1,200,,,"{""comparison"": {""Close"": {""maximum_relative_change"": 1.8807378473221961e-16, ""overlap_rows"": 588}, ""Open"": {""maximum_relative_change"": 1.8561723051683736e-16, ""overlap_rows"": 588}, ""Volume"": {""maximum_relative_change"": 0.0, ""overlap_rows"": 588}}, ""missing_cached_dates"": {}, ""price_replacement"": ""accepted_provider_values"", ""provider_response"": ""replacement_responses/5e937c0334a9bd82c233288add04fda2bba33ae6bdaeb4cf1f6dcde8c58e5c4a.csv"", ""provider_response_sha256"": ""5e937c0334a9bd82c233288add04fda2bba33ae6bdaeb4cf1f6dcde8c58e5c4a"", ""review_reasons"": [], ""review_threshold"": 0.01}"
live,prices,INTU,yahoo,INTU,,,ok,2023-01-01,2026-05-06,838,2023-01-03,2026-05-06,2026-09-24T16:21:04.742372Z,yfinance,1.5.1,200,,,"{""comparison"": {""Close"": {""maximum_relative_change"": 4.075647273921808e-07, ""overlap_rows"": 588}, ""Open"": {""maximum_relative_change"": 4.0756472730123665e-07, ""overlap_rows"": 588}, ""Volume"": {""maximum_relative_change"": 0.0, ""overlap_rows"": 588}}, ""missing_cached_dates"": {}, ""price_replacement"": ""accepted_provider_values"", ""provider_response"": ""replacement_responses/6c1fff1b401d531ba2c904539ee56fc82c488fd68f5464822e10056a7973e571.csv"", ""provider_response_sha256"": ""6c1fff1b401d531ba2c904539ee56fc82c488fd68f5464822e10056a7973e571"", ""review_reasons"": [], ""review_threshold"": 0.01}"
live,prices,INVH,yahoo,INVH,,,ok,2023-01-01,2026-05-06,838,2023-01-03,2026-05-06,2026-09-24T16:21:07.819947Z,yfinance,1.5.1,200,,,"{""comparison"": {""Close"": {""maximum_relative_change"": 3.671568639149606e-07, ""overlap_rows"": 588}, ""Open"": {""maximum_relative_change"": 3.67156863938766e-07, ""overlap_rows"": 588}, ""Volume"": {""maximum_relative_change"": 0.0, ""overlap_rows"": 588}}, ""missing_cached_dates"": {}, ""price_replacement"": ""accepted_provider_values"", ""provider_response"": ""replacement_responses/33729d872b06179e7bc9c9d3a160072572db2a734444d54dcc6e7d237df437b1.csv"", ""provider_response_sha256"": ""33729d872b06179e7bc9c9d3a160072572db2a734444d54dcc6e7d237df437b1"", ""review_reasons"": [], ""review_threshold"": 0.01}"
live,prices,IP,yahoo,IP,,,ok,2023-01-01,2026-05-06,838,2023-01-03,2026-05-06,2026-09-24T16:21:11.299202Z,yfinance,1.5.1,,,,"{""approved_review_reasons"": [""Open revision 1.126% exceeds 1.0%"", ""Close revision 1.126% exceeds 1.0%""], ""comparison"": {""Close"": {""maximum_relative_change"": 0.011260050989703275, ""overlap_rows"": 588}, ""Open"": {""maximum_relative_change"": 0.011260050989703422, ""overlap_rows"": 588}, ""Volume"": {""maximum_relative_change"": 0.0, ""overlap_rows"": 588}}, ""missing_cached_dates"": {}, ""price_replacement"": ""accepted_provider_values"", ""provider_response"": ""replacement_responses/2f43b0a9ddb3ddc37cfc0c227268e7da33985e753963d36beae047f0f072b143.csv"", ""provider_response_sha256"": ""2f43b0a9ddb3ddc37cfc0c227268e7da33985e753963d36beae047f0f072b143"", ""review_approval"": {""approved_at_utc"": ""2026-09-24T21:36:40.013605Z"", ""authority"": ""User explicitly approved the existing held 1-2 percent revisions on 2026-09-24."", ""maximum_approved_relative_change"": 0.02, ""scope"": ""This saved provider response only; no global threshold change.""}, ""review_reasons"": [], ""review_threshold"": 0.01}"
live,prices,IPG,yahoo,IPG,,,failed,2023-01-01,2026-05-06,0,,,2026-09-24T16:21:24.134742Z,yfinance,1.5.1,,RetryableProviderError,Yahoo returned an empty response for IPG; absence was not confirmed,
live,prices,IQV,yahoo,IQV,,,ok,2023-01-01,2026-05-06,838,2023-01-03,2026-05-06,2026-09-24T16:21:27.960905Z,yfinance,1.5.1,200,,,"{""comparison"": {""Close"": {""maximum_relative_change"": 1.5681807861938076e-16, ""overlap_rows"": 588}, ""Open"": {""maximum_relative_change"": 1.5766188914849803e-16, ""overlap_rows"": 588}, ""Volume"": {""maximum_relative_change"": 0.0, ""overlap_rows"": 588}}, ""missing_cached_dates"": {}, ""price_replacement"": ""accepted_provider_values"", ""provider_response"": ""replacement_responses/46e39c1394ce9a9655fa065dcbdf5a11ecee8159d4a6f0204ec154602726e756.csv"", ""provider_response_sha256"": ""46e39c1394ce9a9655fa065dcbdf5a11ecee8159d4a6f0204ec154602726e756"", ""review_reasons"": [], ""review_threshold"": 0.01}"
live,prices,IR,yahoo,IR,,,ok,2023-01-01,2026-05-06,838,2023-01-03,2026-05-06,2026-09-24T16:21:31.505830Z,yfinance,1.5.1,200,,,"{""comparison"": {""Close"": {""maximum_relative_change"": 0.00023629479560696847, ""overlap_rows"": 588}, ""Open"": {""maximum_relative_change"": 0.00023629479560713148, ""overlap_rows"": 588}, ""Volume"": {""maximum_relative_change"": 0.0, ""overlap_rows"": 588}}, ""missing_cached_dates"": {}, ""price_replacement"": ""accepted_provider_values"", ""provider_response"": ""replacement_responses/3757e7520667da192dafbce2722405c65604939205ce8021fe3c311ab19d792a.csv"", ""provider_response_sha256"": ""3757e7520667da192dafbce2722405c65604939205ce8021fe3c311ab19d792a"", ""review_reasons"": [], ""review_threshold"": 0.01}"
live,prices,IRM,yahoo,IRM,,,ok,2023-01-01,2026-05-06,838,2023-01-03,2026-05-06,2026-09-24T16:21:35.175581Z,yfinance,1.5.1,200,,,"{""comparison"": {""Close"": {""maximum_relative_change"": 0.007710438687553442, ""overlap_rows"": 588}, ""Open"": {""maximum_relative_change"": 0.007710438687553513, ""overlap_rows"": 588}, ""Volume"": {""maximum_relative_change"": 0.0, ""overlap_rows"": 588}}, ""missing_cached_dates"": {}, ""price_replacement"": ""accepted_provider_values"", ""provider_response"": ""replacement_responses/c5c043ff5cbaa3f13297a66f0204807f75afe137f6c33a6de86dfb3e477596a5.csv"", ""provider_response_sha256"": ""c5c043ff5cbaa3f13297a66f0204807f75afe137f6c33a6de86dfb3e477596a5"", ""review_reasons"": [], ""review_threshold"": 0.01}"
live,prices,ISRG,yahoo,ISRG,,,ok,2023-01-01,2026-05-06,838,2023-01-03,2026-05-06,2026-09-24T16:21:38.745570Z,yfinance,1.5.1,200,,,"{""comparison"": {""Close"": {""maximum_relative_change"": 1.5628775726890848e-16, ""overlap_rows"": 588}, ""Open"": {""maximum_relative_change"": 1.559704128326857e-16, ""overlap_rows"": 588}, ""Volume"": {""maximum_relative_change"": 0.0, ""overlap_rows"": 588}}, ""missing_cached_dates"": {}, ""price_replacement"": ""accepted_provider_values"", ""provider_response"": ""replacement_responses/9cbf05edc56dcf835e13fcfe16b7ba718aa4136e16eab745e4969acccdfc250e.csv"", ""provider_response_sha256"": ""9cbf05edc56dcf835e13fcfe16b7ba718aa4136e16eab745e4969acccdfc250e"", ""review_reasons"": [], ""review_threshold"": 0.01}"
live,prices,IT,yahoo,IT,,,ok,2023-01-01,2026-05-06,838,2023-01-03,2026-05-06,2026-09-24T16:21:41.656050Z,yfinance,1.5.1,200,,,"{""comparison"": {""Close"": {""maximum_relative_change"": 1.4858305087318206e-16, ""overlap_rows"": 588}, ""Open"": {""maximum_relative_change"": 1.5737380105133195e-16, ""overlap_rows"": 588}, ""Volume"": {""maximum_relative_change"": 0.0, ""overlap_rows"": 588}}, ""missing_cached_dates"": {}, ""price_replacement"": ""accepted_provider_values"", ""provider_response"": ""replacement_responses/9fdb1c49d74c275c0abd7816e26ad2e50f26930d246d837a1ab01d20571b6ff9.csv"", ""provider_response_sha256"": ""9fdb1c49d74c275c0abd7816e26ad2e50f26930d246d837a1ab01d20571b6ff9"", ""review_reasons"": [], ""review_threshold"": 0.01}"
live,prices,ITW,yahoo,ITW,,,ok,2023-01-01,2026-05-06,838,2023-01-03,2026-05-06,2026-09-24T16:21:45.138286Z,yfinance,1.5.1,200,,,"{""comparison"": {""Close"": {""maximum_relative_change"": 2.6291195098479915e-07, ""overlap_rows"": 588}, ""Open"": {""maximum_relative_change"": 2.6291195101420824e-07, ""overlap_rows"": 588}, ""Volume"": {""maximum_relative_change"": 0.0, ""overlap_rows"": 588}}, ""missing_cached_dates"": {}, ""price_replacement"": ""accepted_provider_values"", ""provider_response"": ""replacement_responses/a248bd6fe9604ec10d4aae74ea61e7df2db69949ae37772b580c511547a9e324.csv"", ""provider_response_sha256"": ""a248bd6fe9604ec10d4aae74ea61e7df2db69949ae37772b580c511547a9e324"", ""review_reasons"": [], ""review_threshold"": 0.01}"
live,prices,IVZ,yahoo,IVZ,,,ok,2023-01-01,2026-05-06,838,2023-01-03,2026-05-06,2026-09-24T16:21:47.675427Z,yfinance,1.5.1,200,,,"{""comparison"": {""Close"": {""maximum_relative_change"": 0.006644315859795819, ""overlap_rows"": 588}, ""Open"": {""maximum_relative_change"": 0.006644315859795796, ""overlap_rows"": 588}, ""Volume"": {""maximum_relative_change"": 0.0, ""overlap_rows"": 588}}, ""missing_cached_dates"": {}, ""price_replacement"": ""accepted_provider_values"", ""provider_response"": ""replacement_responses/57050f6795fce53a45cabc4ad1d749ad43647bfb3bf4441838d5e5ef207fe6bf.csv"", ""provider_response_sha256"": ""57050f6795fce53a45cabc4ad1d749ad43647bfb3bf4441838d5e5ef207fe6bf"", ""review_reasons"": [], ""review_threshold"": 0.01}"
live,prices,J,yahoo,J,,,ok,2023-01-01,2026-05-06,838,2023-01-03,2026-05-06,2026-09-24T16:21:50.625160Z,yfinance,1.5.1,200,,,"{""comparison"": {""Close"": {""maximum_relative_change"": 0.002433646367244952, ""overlap_rows"": 588}, ""Open"": {""maximum_relative_change"": 0.002433646367244827, ""overlap_rows"": 588}, ""Volume"": {""maximum_relative_change"": 0.0, ""overlap_rows"": 588}}, ""missing_cached_dates"": {}, ""price_replacement"": ""accepted_provider_values"", ""provider_response"": ""replacement_responses/4fdc68e4b7d1b2ae4be0cfc061d8441d76b3d268fad3cfb749925a2fc11e5fe4.csv"", ""provider_response_sha256"": ""4fdc68e4b7d1b2ae4be0cfc061d8441d76b3d268fad3cfb749925a2fc11e5fe4"", ""review_reasons"": [], ""review_threshold"": 0.01}"
live,prices,JBHT,yahoo,JBHT,,,ok,2023-01-01,2026-05-06,838,2023-01-03,2026-05-06,2026-09-24T16:21:54.409840Z,yfinance,1.5.1,200,,,"{""comparison"": {""Close"": {""maximum_relative_change"": 0.0016840864406397497, ""overlap_rows"": 588}, ""Open"": {""maximum_relative_change"": 0.001684086440639758, ""overlap_rows"": 588}, ""Volume"": {""maximum_relative_change"": 0.0, ""overlap_rows"": 588}}, ""missing_cached_dates"": {}, ""price_replacement"": ""accepted_provider_values"", ""provider_response"": ""replacement_responses/2718691835fee9a95bfd27fc8a6dab194fe60211a4193a5ce502f8739a934b89.csv"", ""provider_response_sha256"": ""2718691835fee9a95bfd27fc8a6dab194fe60211a4193a5ce502f8739a934b89"", ""review_reasons"": [], ""review_threshold"": 0.01}"
live,prices,JBL,yahoo,JBL,,,ok,2023-01-01,2026-05-06,838,2023-01-03,2026-05-06,2026-09-24T16:21:58.856705Z,yfinance,1.5.1,200,,,"{""comparison"": {""Close"": {""maximum_relative_change"": 0.00021642759878612346, ""overlap_rows"": 588}, ""Open"": {""maximum_relative_change"": 0.0002164275987860826, ""overlap_rows"": 588}, ""Volume"": {""maximum_relative_change"": 0.0, ""overlap_rows"": 588}}, ""missing_cached_dates"": {}, ""price_replacement"": ""accepted_provider_values"", ""provider_response"": ""replacement_responses/c26073a385c6da6f571583277378056d5e51157c068558aae52a63f9cc3855bc.csv"", ""provider_response_sha256"": ""c26073a385c6da6f571583277378056d5e51157c068558aae52a63f9cc3855bc"", ""review_reasons"": [], ""review_threshold"": 0.01}"
live,prices,JCI,yahoo,JCI,,,ok,2023-01-01,2026-05-06,838,2023-01-03,2026-05-06,2026-09-24T16:22:01.837324Z,yfinance,1.5.1,200,,,"{""comparison"": {""Close"": {""maximum_relative_change"": 0.002792110401554526, ""overlap_rows"": 588}, ""Open"": {""maximum_relative_change"": 0.0027921104015544967, ""overlap_rows"": 588}, ""Volume"": {""maximum_relative_change"": 0.0, ""overlap_rows"": 588}}, ""missing_cached_dates"": {}, ""price_replacement"": ""accepted_provider_values"", ""provider_response"": ""replacement_responses/146f596fb16c05f0e48b8b5ef1be3855d0fe92c66b9c8a1956e7c605c67536a6.csv"", ""provider_response_sha256"": ""146f596fb16c05f0e48b8b5ef1be3855d0fe92c66b9c8a1956e7c605c67536a6"", ""review_reasons"": [], ""review_threshold"": 0.01}"
live,prices,JKHY,yahoo,JKHY,,,ok,2023-01-01,2026-05-06,838,2023-01-03,2026-05-06,2026-09-24T16:22:05.971850Z,yfinance,1.5.1,200,,,"{""comparison"": {""Close"": {""maximum_relative_change"": 0.003623229411061988, ""overlap_rows"": 588}, ""Open"": {""maximum_relative_change"": 0.003623229411062033, ""overlap_rows"": 588}, ""Volume"": {""maximum_relative_change"": 0.0, ""overlap_rows"": 588}}, ""missing_cached_dates"": {}, ""price_replacement"": ""accepted_provider_values"", ""provider_response"": ""replacement_responses/b055e673e50912b521f3fdcd8cb9c9dc279e0989ca37282286242be516bd9cf8.csv"", ""provider_response_sha256"": ""b055e673e50912b521f3fdcd8cb9c9dc279e0989ca37282286242be516bd9cf8"", ""review_reasons"": [], ""review_threshold"": 0.01}"
live,prices,JNJ,yahoo,JNJ,,,ok,2023-01-01,2026-05-06,838,2023-01-03,2026-05-06,2026-09-24T16:22:10.170708Z,yfinance,1.5.1,200,,,"{""comparison"": {""Close"": {""maximum_relative_change"": 0.004908061505209799, ""overlap_rows"": 588}, ""Open"": {""maximum_relative_change"": 0.004908061505209834, ""overlap_rows"": 588}, ""Volume"": {""maximum_relative_change"": 0.0, ""overlap_rows"": 588}}, ""missing_cached_dates"": {}, ""price_replacement"": ""accepted_provider_values"", ""provider_response"": ""replacement_responses/d8d25aa6ecc48b4d67913078c4b33b5835412fa1fae7d3dfc0a6fb915d034bfc.csv"", ""provider_response_sha256"": ""d8d25aa6ecc48b4d67913078c4b33b5835412fa1fae7d3dfc0a6fb915d034bfc"", ""review_reasons"": [], ""review_threshold"": 0.01}"
live,prices,JNPR,yahoo,JNPR,,,failed,2023-01-01,2026-05-06,0,,,2026-09-24T16:22:25.488976Z,yfinance,1.5.1,,RetryableProviderError,Yahoo returned an empty response for JNPR; absence was not confirmed,
live,prices,JPM,yahoo,JPM,,,ok,2023-01-01,2026-05-06,838,2023-01-03,2026-05-06,2026-09-24T16:22:28.012649Z,yfinance,1.5.1,200,,,"{""comparison"": {""Close"": {""maximum_relative_change"": 3.4572223189284133e-07, ""overlap_rows"": 588}, ""Open"": {""maximum_relative_change"": 3.457222320127044e-07, ""overlap_rows"": 588}, ""Volume"": {""maximum_relative_change"": 0.0, ""overlap_rows"": 588}}, ""missing_cached_dates"": {}, ""price_replacement"": ""accepted_provider_values"", ""provider_response"": ""replacement_responses/5097d4f482f21f141f89ac557e0e7672f1e324e301716c62b7a9856237382631.csv"", ""provider_response_sha256"": ""5097d4f482f21f141f89ac557e0e7672f1e324e301716c62b7a9856237382631"", ""review_reasons"": [], ""review_threshold"": 0.01}"
live,prices,K,yahoo,K,,,failed,2023-01-01,2026-05-06,0,,,2026-09-24T16:22:42.415957Z,yfinance,1.5.1,,RetryableProviderError,Yahoo returned an empty response for K; absence was not confirmed,
live,prices,KDP,yahoo,KDP,,,ok,2023-01-01,2026-05-06,838,2023-01-03,2026-05-06,2026-09-24T16:22:44.697132Z,yfinance,1.5.1,200,,,"{""comparison"": {""Close"": {""maximum_relative_change"": 4.3565382163156275e-07, ""overlap_rows"": 588}, ""Open"": {""maximum_relative_change"": 4.356538215706713e-07, ""overlap_rows"": 588}, ""Volume"": {""maximum_relative_change"": 0.0, ""overlap_rows"": 588}}, ""missing_cached_dates"": {}, ""price_replacement"": ""accepted_provider_values"", ""provider_response"": ""replacement_responses/003d13aa6b548e39926c0e791d903eb0b6b0f7e4eefc07ca8198500d7a222362.csv"", ""provider_response_sha256"": ""003d13aa6b548e39926c0e791d903eb0b6b0f7e4eefc07ca8198500d7a222362"", ""review_reasons"": [], ""review_threshold"": 0.01}"
live,prices,KEY,yahoo,KEY,,,ok,2023-01-01,2026-05-06,838,2023-01-03,2026-05-06,2026-09-24T16:22:48.286848Z,yfinance,1.5.1,200,,,"{""comparison"": {""Close"": {""maximum_relative_change"": 0.009486670733657509, ""overlap_rows"": 588}, ""Open"": {""maximum_relative_change"": 0.009486670733657544, ""overlap_rows"": 588}, ""Volume"": {""maximum_relative_change"": 0.0, ""overlap_rows"": 588}}, ""missing_cached_dates"": {}, ""price_replacement"": ""accepted_provider_values"", ""provider_response"": ""replacement_responses/2f27906d3b2b33dd7c3fa86aa47fb01beb08a9afb5bad407cd33080ce984af59.csv"", ""provider_response_sha256"": ""2f27906d3b2b33dd7c3fa86aa47fb01beb08a9afb5bad407cd33080ce984af59"", ""review_reasons"": [], ""review_threshold"": 0.01}"
live,prices,KEYS,yahoo,KEYS,,,ok,2023-01-01,2026-05-06,838,2023-01-03,2026-05-06,2026-09-24T16:22:52.484928Z,yfinance,1.5.1,200,,,"{""comparison"": {""Close"": {""maximum_relative_change"": 1.5502187192162677e-16, ""overlap_rows"": 588}, ""Open"": {""maximum_relative_change"": 1.5602606971354566e-16, ""overlap_rows"": 588}, ""Volume"": {""maximum_relative_change"": 0.0, ""overlap_rows"": 588}}, ""missing_cached_dates"": {}, ""price_replacement"": ""accepted_provider_values"", ""provider_response"": ""replacement_responses/d40905a88d9424ef40a89296ba488cdd1ae81104e5bb86620333b5919214871a.csv"", ""provider_response_sha256"": ""d40905a88d9424ef40a89296ba488cdd1ae81104e5bb86620333b5919214871a"", ""review_reasons"": [], ""review_threshold"": 0.01}"
live,prices,KHC,yahoo,KHC,,,ok,2023-01-01,2026-05-06,838,2023-01-03,2026-05-06,2026-09-24T16:22:55.979248Z,yfinance,1.5.1,,,,"{""approved_review_reasons"": [""Open revision 1.574% exceeds 1.0%"", ""Close revision 1.574% exceeds 1.0%""], ""comparison"": {""Close"": {""maximum_relative_change"": 0.01573616533347894, ""overlap_rows"": 588}, ""Open"": {""maximum_relative_change"": 0.015736165333479137, ""overlap_rows"": 588}, ""Volume"": {""maximum_relative_change"": 0.0, ""overlap_rows"": 588}}, ""missing_cached_dates"": {}, ""price_replacement"": ""accepted_provider_values"", ""provider_response"": ""replacement_responses/4eb6da47dbe162e884e7357baaf54aa0e4bd7a90c8762f50a28ab3466e5d18c3.csv"", ""provider_response_sha256"": ""4eb6da47dbe162e884e7357baaf54aa0e4bd7a90c8762f50a28ab3466e5d18c3"", ""review_approval"": {""approved_at_utc"": ""2026-09-24T21:36:40.013605Z"", ""authority"": ""User explicitly approved the existing held 1-2 percent revisions on 2026-09-24."", ""maximum_approved_relative_change"": 0.02, ""scope"": ""This saved provider response only; no global threshold change.""}, ""review_reasons"": [], ""review_threshold"": 0.01}"
live,prices,KIM,yahoo,KIM,,,ok,2023-01-01,2026-05-06,838,2023-01-03,2026-05-06,2026-09-24T16:22:59.862128Z,yfinance,1.5.1,,,,"{""approved_review_reasons"": [""Open revision 1.171% exceeds 1.0%"", ""Close revision 1.171% exceeds 1.0%""], ""comparison"": {""Close"": {""maximum_relative_change"": 0.01170600886863999, ""overlap_rows"": 588}, ""Open"": {""maximum_relative_change"": 0.011706008868639959, ""overlap_rows"": 588}, ""Volume"": {""maximum_relative_change"": 0.0, ""overlap_rows"": 588}}, ""missing_cached_dates"": {}, ""price_replacement"": ""accepted_provider_values"", ""provider_response"": ""replacement_responses/f970356f814918fec75158bf5051ef29a16f6ee4930999a16eddcc0e9c4b7b4e.csv"", ""provider_response_sha256"": ""f970356f814918fec75158bf5051ef29a16f6ee4930999a16eddcc0e9c4b7b4e"", ""review_approval"": {""approved_at_utc"": ""2026-09-24T21:36:40.013605Z"", ""authority"": ""User explicitly approved the existing held 1-2 percent revisions on 2026-09-24."", ""maximum_approved_relative_change"": 0.02, ""scope"": ""This saved provider response only; no global threshold change.""}, ""review_reasons"": [], ""review_threshold"": 0.01}"
live,prices,KKR,yahoo,KKR,,,ok,2023-01-01,2026-05-06,838,2023-01-03,2026-05-06,2026-09-24T16:23:03.765332Z,yfinance,1.5.1,200,,,"{""comparison"": {""Close"": {""maximum_relative_change"": 0.0018969927512007166, ""overlap_rows"": 588}, ""Open"": {""maximum_relative_change"": 0.001896992751200951, ""overlap_rows"": 588}, ""Volume"": {""maximum_relative_change"": 0.0, ""overlap_rows"": 588}}, ""missing_cached_dates"": {}, ""price_replacement"": ""accepted_provider_values"", ""provider_response"": ""replacement_responses/2c4c53d7f1069eefbcaab5355b335963f82e05d885a7d76cc58f24d499b702ab.csv"", ""provider_response_sha256"": ""2c4c53d7f1069eefbcaab5355b335963f82e05d885a7d76cc58f24d499b702ab"", ""review_reasons"": [], ""review_threshold"": 0.01}"
live,prices,KLAC,yahoo,KLAC,,,ok,2023-01-01,2026-05-06,838,2023-01-03,2026-05-06,2026-09-24T16:23:07.132789Z,yfinance,1.5.1,200,,,"{""comparison"": {""Close"": {""maximum_relative_change"": 0.0011294424351032297, ""overlap_rows"": 588}, ""Open"": {""maximum_relative_change"": 0.0011294424351032909, ""overlap_rows"": 588}, ""Volume"": {""maximum_relative_change"": 0.0, ""overlap_rows"": 588}}, ""missing_cached_dates"": {}, ""price_replacement"": ""accepted_provider_values"", ""provider_response"": ""replacement_responses/c82a4c1edbc7fe3eadcf74b800b46395c19f3180fe1b151929cc9fcea39cca66.csv"", ""provider_response_sha256"": ""c82a4c1edbc7fe3eadcf74b800b46395c19f3180fe1b151929cc9fcea39cca66"", ""review_reasons"": [], ""review_threshold"": 0.01}"
live,prices,KMB,yahoo,KMB,,,ok,2023-01-01,2026-05-06,838,2023-01-03,2026-05-06,2026-09-24T16:23:10.931816Z,yfinance,1.5.1,,,,"{""approved_review_reasons"": [""Open revision 1.186% exceeds 1.0%"", ""Close revision 1.186% exceeds 1.0%""], ""comparison"": {""Close"": {""maximum_relative_change"": 0.011857690301862832, ""overlap_rows"": 588}, ""Open"": {""maximum_relative_change"": 0.01185769030186282, ""overlap_rows"": 588}, ""Volume"": {""maximum_relative_change"": 0.0, ""overlap_rows"": 588}}, ""missing_cached_dates"": {}, ""price_replacement"": ""accepted_provider_values"", ""provider_response"": ""replacement_responses/c336f1a90203b4da919511e2402bcb05ec469cc8abb94319071d961aa427822b.csv"", ""provider_response_sha256"": ""c336f1a90203b4da919511e2402bcb05ec469cc8abb94319071d961aa427822b"", ""review_approval"": {""approved_at_utc"": ""2026-09-24T21:36:40.013605Z"", ""authority"": ""User explicitly approved the existing held 1-2 percent revisions on 2026-09-24."", ""maximum_approved_relative_change"": 0.02, ""scope"": ""This saved provider response only; no global threshold change.""}, ""review_reasons"": [], ""review_threshold"": 0.01}"
live,prices,KMI,yahoo,KMI,,,ok,2023-01-01,2026-05-06,838,2023-01-03,2026-05-06,2026-09-24T16:23:14.137884Z,yfinance,1.5.1,200,,,"{""comparison"": {""Close"": {""maximum_relative_change"": 0.009260754157506542, ""overlap_rows"": 588}, ""Open"": {""maximum_relative_change"": 0.009260754157506372, ""overlap_rows"": 588}, ""Volume"": {""maximum_relative_change"": 0.0, ""overlap_rows"": 588}}, ""missing_cached_dates"": {}, ""price_replacement"": ""accepted_provider_values"", ""provider_response"": ""replacement_responses/7ea10730c66437bdd9ad91b872d0c30dfa2b03041fd90c1024735121e35972c2.csv"", ""provider_response_sha256"": ""7ea10730c66437bdd9ad91b872d0c30dfa2b03041fd90c1024735121e35972c2"", ""review_reasons"": [], ""review_threshold"": 0.01}"
live,prices,KMX,yahoo,KMX,,,ok,2023-01-01,2026-05-06,838,2023-01-03,2026-05-06,2026-09-24T16:23:17.540618Z,yfinance,1.5.1,200,,,"{""comparison"": {}, ""missing_cached_dates"": {}, ""price_replacement"": ""accepted_provider_values"", ""provider_response"": ""replacement_responses/def3169639d051d53bb7dc4771c824b53a8070b4b98581030d807cd392cad14e.csv"", ""provider_response_sha256"": ""def3169639d051d53bb7dc4771c824b53a8070b4b98581030d807cd392cad14e"", ""review_reasons"": [], ""review_threshold"": 0.01}"
live,prices,KO,yahoo,KO,,,ok,2023-01-01,2026-05-06,838,2023-01-03,2026-05-06,2026-09-24T16:23:21.509297Z,yfinance,1.5.1,200,,,"{""comparison"": {""Close"": {""maximum_relative_change"": 0.005932053489824653, ""overlap_rows"": 588}, ""Open"": {""maximum_relative_change"": 0.005932053489824667, ""overlap_rows"": 588}, ""Volume"": {""maximum_relative_change"": 0.0, ""overlap_rows"": 588}}, ""missing_cached_dates"": {}, ""price_replacement"": ""accepted_provider_values"", ""provider_response"": ""replacement_responses/0ed88ce087ff5fd91255dda73bdfd3c84e5aed5eb5857de8a52db3d3ed9d4e2e.csv"", ""provider_response_sha256"": ""0ed88ce087ff5fd91255dda73bdfd3c84e5aed5eb5857de8a52db3d3ed9d4e2e"", ""review_reasons"": [], ""review_threshold"": 0.01}"
live,prices,KR,yahoo,KR,,,ok,2023-01-01,2026-05-06,838,2023-01-03,2026-05-06,2026-09-24T16:23:26.063979Z,yfinance,1.5.1,200,,,"{""comparison"": {""Close"": {""maximum_relative_change"": 0.0068148158489608965, ""overlap_rows"": 588}, ""Open"": {""maximum_relative_change"": 0.006814815848960906, ""overlap_rows"": 588}, ""Volume"": {""maximum_relative_change"": 0.0, ""overlap_rows"": 588}}, ""missing_cached_dates"": {}, ""price_replacement"": ""accepted_provider_values"", ""provider_response"": ""replacement_responses/9bd48fa3ef8f898d69414232354fc9225f82f279a7056225b685653bdce707d7.csv"", ""provider_response_sha256"": ""9bd48fa3ef8f898d69414232354fc9225f82f279a7056225b685653bdce707d7"", ""review_reasons"": [], ""review_threshold"": 0.01}"
live,prices,KVUE,yahoo,KVUE,,,ok,2023-01-01,2026-05-06,754,2023-05-04,2026-05-06,2026-09-24T16:23:29.602506Z,yfinance,1.5.1,200,,,"{""accepted_comparison"": {""Close"": {""maximum_relative_change"": 0.02268513990632977, ""overlap_rows"": 588}, ""Open"": {""maximum_relative_change"": 0.0226851399063298, ""overlap_rows"": 588}, ""Volume"": {""maximum_relative_change"": 0.0, ""overlap_rows"": 588}}, ""approved_review_reasons"": [""Open revision 2.269% exceeds 1.0%"", ""Close revision 2.269% exceeds 1.0%""], ""comparison"": {""Close"": {""maximum_relative_change"": 0.02268513990632977, ""overlap_rows"": 588}, ""Open"": {""maximum_relative_change"": 0.0226851399063298, ""overlap_rows"": 588}, ""Volume"": {""maximum_relative_change"": 0.0, ""overlap_rows"": 588}}, ""missing_cached_dates"": {}, ""price_replacement"": ""accepted_provider_values"", ""provider_response"": ""replacement_responses/f530432cb476129dc61de7aeecc6cb0e88b4d5fc285b1050847cdb2532304964.csv"", ""provider_response_sha256"": ""f530432cb476129dc61de7aeecc6cb0e88b4d5fc285b1050847cdb2532304964"", ""review_approval"": {""approved_at_utc"": ""2026-09-24T22:20:54.925282Z"", ""authority"": ""User explicit approval on 2026-09-25 Europe/Brussels."", ""scope"": ""This saved response and, for APH/MNST, its documented 2:1 post-window split conversion only.""}, ""review_reasons"": [], ""review_threshold"": 0.01}"
live,prices,L,yahoo,L,,,ok,2023-01-01,2026-05-06,838,2023-01-03,2026-05-06,2026-09-24T16:23:32.469807Z,yfinance,1.5.1,200,,,"{""comparison"": {""Close"": {""maximum_relative_change"": 0.0005605195210718031, ""overlap_rows"": 588}, ""Open"": {""maximum_relative_change"": 0.0005605195210717669, ""overlap_rows"": 588}, ""Volume"": {""maximum_relative_change"": 0.0, ""overlap_rows"": 588}}, ""missing_cached_dates"": {}, ""price_replacement"": ""accepted_provider_values"", ""provider_response"": ""replacement_responses/7e5cc8b7ae97a0fb8fd08f57ff2f1564c64ecb42c7d11b842024566de8eb56f4.csv"", ""provider_response_sha256"": ""7e5cc8b7ae97a0fb8fd08f57ff2f1564c64ecb42c7d11b842024566de8eb56f4"", ""review_reasons"": [], ""review_threshold"": 0.01}"
live,prices,LDOS,yahoo,LDOS,,,ok,2023-01-01,2026-05-06,838,2023-01-03,2026-05-06,2026-09-24T16:23:35.407665Z,yfinance,1.5.1,200,,,"{""comparison"": {""Close"": {""maximum_relative_change"": 0.0032375460497707812, ""overlap_rows"": 588}, ""Open"": {""maximum_relative_change"": 0.00323754604977079, ""overlap_rows"": 588}, ""Volume"": {""maximum_relative_change"": 0.0, ""overlap_rows"": 588}}, ""missing_cached_dates"": {}, ""price_replacement"": ""accepted_provider_values"", ""provider_response"": ""replacement_responses/9d6794d7903c2f6a10b11c3a2edc72d34ef96de1dfcfa77be7ebc2b3e5dc8c7e.csv"", ""provider_response_sha256"": ""9d6794d7903c2f6a10b11c3a2edc72d34ef96de1dfcfa77be7ebc2b3e5dc8c7e"", ""review_reasons"": [], ""review_threshold"": 0.01}"
live,prices,LEN,yahoo,LEN,,,ok,2023-01-01,2026-05-06,838,2023-01-03,2026-05-06,2026-09-24T16:23:38.755809Z,yfinance,1.5.1,200,,,"{""comparison"": {""Close"": {""maximum_relative_change"": 3.1631095391159615e-07, ""overlap_rows"": 588}, ""Open"": {""maximum_relative_change"": 3.1631095389976553e-07, ""overlap_rows"": 588}, ""Volume"": {""maximum_relative_change"": 0.0, ""overlap_rows"": 588}}, ""missing_cached_dates"": {}, ""price_replacement"": ""accepted_provider_values"", ""provider_response"": ""replacement_responses/ddb0c80031149f46583accbb130ce4397a5e9f9074e85264bf483dc4acc48dfa.csv"", ""provider_response_sha256"": ""ddb0c80031149f46583accbb130ce4397a5e9f9074e85264bf483dc4acc48dfa"", ""review_reasons"": [], ""review_threshold"": 0.01}"
live,prices,LH,yahoo,LH,,,ok,2023-01-01,2026-05-06,838,2023-01-03,2026-05-06,2026-09-24T16:23:41.514143Z,yfinance,1.5.1,200,,,"{""comparison"": {""Close"": {""maximum_relative_change"": 0.0021396383400014746, ""overlap_rows"": 588}, ""Open"": {""maximum_relative_change"": 0.0021396383400017075, ""overlap_rows"": 588}, ""Volume"": {""maximum_relative_change"": 0.0, ""overlap_rows"": 588}}, ""missing_cached_dates"": {}, ""price_replacement"": ""accepted_provider_values"", ""provider_response"": ""replacement_responses/7eba15cd88a143a22fdda1faaf8a1de34683fca2ccb20028e05debe9cd7c980b.csv"", ""provider_response_sha256"": ""7eba15cd88a143a22fdda1faaf8a1de34683fca2ccb20028e05debe9cd7c980b"", ""review_reasons"": [], ""review_threshold"": 0.01}"
live,prices,LHX,yahoo,LHX,,,ok,2023-01-01,2026-05-06,838,2023-01-03,2026-05-06,2026-09-24T16:23:44.223611Z,yfinance,1.5.1,200,,,"{""comparison"": {""Close"": {""maximum_relative_change"": 0.004768813040216805, ""overlap_rows"": 588}, ""Open"": {""maximum_relative_change"": 0.004768813040216754, ""overlap_rows"": 588}, ""Volume"": {""maximum_relative_change"": 0.0, ""overlap_rows"": 588}}, ""missing_cached_dates"": {}, ""price_replacement"": ""accepted_provider_values"", ""provider_response"": ""replacement_responses/a4128215ba448c4f03f58b0fc5d008135413739aa798b971f464736b2e47ea77.csv"", ""provider_response_sha256"": ""a4128215ba448c4f03f58b0fc5d008135413739aa798b971f464736b2e47ea77"", ""review_reasons"": [], ""review_threshold"": 0.01}"
live,prices,LII,yahoo,LII,,,ok,2023-01-01,2026-05-06,838,2023-01-03,2026-05-06,2026-09-24T16:23:47.042221Z,yfinance,1.5.1,200,,,"{""comparison"": {""Close"": {""maximum_relative_change"": 3.0877075685682075e-07, ""overlap_rows"": 588}, ""Open"": {""maximum_relative_change"": 3.087707568853874e-07, ""overlap_rows"": 588}, ""Volume"": {""maximum_relative_change"": 0.0, ""overlap_rows"": 588}}, ""missing_cached_dates"": {}, ""price_replacement"": ""accepted_provider_values"", ""provider_response"": ""replacement_responses/2335ad0e53155d9ad448863a74d08726cbdeb3fe52380f93a4ef9ed7dd563c47.csv"", ""provider_response_sha256"": ""2335ad0e53155d9ad448863a74d08726cbdeb3fe52380f93a4ef9ed7dd563c47"", ""review_reasons"": [], ""review_threshold"": 0.01}"
live,prices,LIN,yahoo,LIN,,,ok,2023-01-01,2026-05-06,838,2023-01-03,2026-05-06,2026-09-24T16:23:49.937609Z,yfinance,1.5.1,200,,,"{""comparison"": {""Close"": {""maximum_relative_change"": 0.0032826667691789567, ""overlap_rows"": 588}, ""Open"": {""maximum_relative_change"": 0.0032826667691790642, ""overlap_rows"": 588}, ""Volume"": {""maximum_relative_change"": 0.0, ""overlap_rows"": 588}}, ""missing_cached_dates"": {}, ""price_replacement"": ""accepted_provider_values"", ""provider_response"": ""replacement_responses/fe8e87c554944aa6fa0faa2c58d865198b75e39340ac9f034a41764d9e485985.csv"", ""provider_response_sha256"": ""fe8e87c554944aa6fa0faa2c58d865198b75e39340ac9f034a41764d9e485985"", ""review_reasons"": [], ""review_threshold"": 0.01}"
live,prices,LITE,yahoo,LITE,,,ok,2023-01-01,2026-05-06,838,2023-01-03,2026-05-06,2026-09-24T16:23:54.269860Z,yfinance,1.5.1,200,,,"{""comparison"": {""Close"": {""maximum_relative_change"": 1.571301894248494e-16, ""overlap_rows"": 588}, ""Open"": {""maximum_relative_change"": 2.503880913587831e-16, ""overlap_rows"": 588}, ""Volume"": {""maximum_relative_change"": 0.0, ""overlap_rows"": 588}}, ""missing_cached_dates"": {}, ""price_replacement"": ""accepted_provider_values"", ""provider_response"": ""replacement_responses/891a08212e30408bebd09b6cf0bbfe4fefde18126014a359b73fc584f81dc2b5.csv"", ""provider_response_sha256"": ""891a08212e30408bebd09b6cf0bbfe4fefde18126014a359b73fc584f81dc2b5"", ""review_reasons"": [], ""review_threshold"": 0.01}"
live,prices,LKQ,yahoo,LKQ,,,ok,2023-01-01,2026-05-06,838,2023-01-03,2026-05-06,2026-09-24T16:23:56.937732Z,yfinance,1.5.1,200,,,"{""comparison"": {}, ""missing_cached_dates"": {}, ""price_replacement"": ""accepted_provider_values"", ""provider_response"": ""replacement_responses/35ed3cef24678beafb8ea96afd7db649cc55fe870e5baff63270a79937156f01.csv"", ""provider_response_sha256"": ""35ed3cef24678beafb8ea96afd7db649cc55fe870e5baff63270a79937156f01"", ""review_reasons"": [], ""review_threshold"": 0.01}"
live,prices,LLY,yahoo,LLY,,,ok,2023-01-01,2026-05-06,838,2023-01-03,2026-05-06,2026-09-24T16:24:00.783018Z,yfinance,1.5.1,200,,,"{""comparison"": {""Close"": {""maximum_relative_change"": 0.0014312898733463333, ""overlap_rows"": 588}, ""Open"": {""maximum_relative_change"": 0.0014312898733463333, ""overlap_rows"": 588}, ""Volume"": {""maximum_relative_change"": 0.0, ""overlap_rows"": 588}}, ""missing_cached_dates"": {}, ""price_replacement"": ""accepted_provider_values"", ""provider_response"": ""replacement_responses/8ddf19197a9f9ac19c7d7c0868089a9964febcccb18ad6130752377b7a71f098.csv"", ""provider_response_sha256"": ""8ddf19197a9f9ac19c7d7c0868089a9964febcccb18ad6130752377b7a71f098"", ""review_reasons"": [], ""review_threshold"": 0.01}"
live,prices,LMT,yahoo,LMT,,,ok,2023-01-01,2026-05-06,838,2023-01-03,2026-05-06,2026-09-24T16:24:04.428866Z,yfinance,1.5.1,200,,,"{""comparison"": {""Close"": {""maximum_relative_change"": 0.006147516239546098, ""overlap_rows"": 588}, ""Open"": {""maximum_relative_change"": 0.006147516239546108, ""overlap_rows"": 588}, ""Volume"": {""maximum_relative_change"": 0.0, ""overlap_rows"": 588}}, ""missing_cached_dates"": {}, ""price_replacement"": ""accepted_provider_values"", ""provider_response"": ""replacement_responses/eba8aca926a286e604b33304c8342f89c5c60dc15d4745b6f6b14a53e48a5ae4.csv"", ""provider_response_sha256"": ""eba8aca926a286e604b33304c8342f89c5c60dc15d4745b6f6b14a53e48a5ae4"", ""review_reasons"": [], ""review_threshold"": 0.01}"
live,prices,LNC,yahoo,LNC,,,ok,2023-01-01,2026-05-06,838,2023-01-03,2026-05-06,2026-09-24T16:24:07.543896Z,yfinance,1.5.1,200,,,"{""comparison"": {}, ""missing_cached_dates"": {}, ""price_replacement"": ""accepted_provider_values"", ""provider_response"": ""replacement_responses/447bf7b59d83a84547bed095277879ff1fad71fbb0861a72def1ca11674ce9e1.csv"", ""provider_response_sha256"": ""447bf7b59d83a84547bed095277879ff1fad71fbb0861a72def1ca11674ce9e1"", ""review_reasons"": [], ""review_threshold"": 0.01}"
live,prices,LNT,yahoo,LNT,,,ok,2023-01-01,2026-05-06,838,2023-01-03,2026-05-06,2026-09-24T16:24:10.659259Z,yfinance,1.5.1,200,,,"{""comparison"": {""Close"": {""maximum_relative_change"": 0.007547188356074533, ""overlap_rows"": 588}, ""Open"": {""maximum_relative_change"": 0.007547188356074592, ""overlap_rows"": 588}, ""Volume"": {""maximum_relative_change"": 0.0, ""overlap_rows"": 588}}, ""missing_cached_dates"": {}, ""price_replacement"": ""accepted_provider_values"", ""provider_response"": ""replacement_responses/ebd43f223ec2f9fc352e15c667e3402d9165dd208446479a1400247273b3acc9.csv"", ""provider_response_sha256"": ""ebd43f223ec2f9fc352e15c667e3402d9165dd208446479a1400247273b3acc9"", ""review_reasons"": [], ""review_threshold"": 0.01}"
live,prices,LOW,yahoo,LOW,,,ok,2023-01-01,2026-05-06,838,2023-01-03,2026-05-06,2026-09-24T16:24:13.681509Z,yfinance,1.5.1,200,,,"{""comparison"": {""Close"": {""maximum_relative_change"": 3.0447353063167373e-07, ""overlap_rows"": 588}, ""Open"": {""maximum_relative_change"": 3.0447353076181235e-07, ""overlap_rows"": 588}, ""Volume"": {""maximum_relative_change"": 0.0, ""overlap_rows"": 588}}, ""missing_cached_dates"": {}, ""price_replacement"": ""accepted_provider_values"", ""provider_response"": ""replacement_responses/121541514a176ee47cc4da4a16484738d3b3381b323d56c5f13c5988c12d0b1c.csv"", ""provider_response_sha256"": ""121541514a176ee47cc4da4a16484738d3b3381b323d56c5f13c5988c12d0b1c"", ""review_reasons"": [], ""review_threshold"": 0.01}"
live,prices,LRCX,yahoo,LRCX,,,ok,2023-01-01,2026-05-06,838,2023-01-03,2026-05-06,2026-09-24T16:24:16.851466Z,yfinance,1.5.1,200,,,"{""comparison"": {""Close"": {""maximum_relative_change"": 0.0010615549896298292, ""overlap_rows"": 588}, ""Open"": {""maximum_relative_change"": 0.0010615549896295995, ""overlap_rows"": 588}, ""Volume"": {""maximum_relative_change"": 0.0, ""overlap_rows"": 588}}, ""missing_cached_dates"": {}, ""price_replacement"": ""accepted_provider_values"", ""provider_response"": ""replacement_responses/fc8dda5fb72a2c636a207603d29a906a3ccf007547a92977812fd5ae51167cfe.csv"", ""provider_response_sha256"": ""fc8dda5fb72a2c636a207603d29a906a3ccf007547a92977812fd5ae51167cfe"", ""review_reasons"": [], ""review_threshold"": 0.01}"
live,prices,LULU,yahoo,LULU,,,ok,2023-01-01,2026-05-06,838,2023-01-03,2026-05-06,2026-09-24T16:24:19.910743Z,yfinance,1.5.1,200,,,"{""comparison"": {""Close"": {""maximum_relative_change"": 1.5769688788857464e-16, ""overlap_rows"": 588}, ""Open"": {""maximum_relative_change"": 1.5747844693719262e-16, ""overlap_rows"": 588}, ""Volume"": {""maximum_relative_change"": 0.0, ""overlap_rows"": 588}}, ""missing_cached_dates"": {}, ""price_replacement"": ""accepted_provider_values"", ""provider_response"": ""replacement_responses/9cfe1b689b21ebb44a5b176799fa315ef72e040d2ad325bf04a1974fa8c744df.csv"", ""provider_response_sha256"": ""9cfe1b689b21ebb44a5b176799fa315ef72e040d2ad325bf04a1974fa8c744df"", ""review_reasons"": [], ""review_threshold"": 0.01}"
live,prices,LUMN,yahoo,LUMN,,,ok,2023-01-01,2026-05-06,838,2023-01-03,2026-05-06,2026-09-24T16:24:22.675167Z,yfinance,1.5.1,200,,,"{""comparison"": {}, ""missing_cached_dates"": {}, ""price_replacement"": ""accepted_provider_values"", ""provider_response"": ""replacement_responses/c06f2139d8a3e4cb156d55ccc4b50735deca94aa610d2ff4e256bac635cc6103.csv"", ""provider_response_sha256"": ""c06f2139d8a3e4cb156d55ccc4b50735deca94aa610d2ff4e256bac635cc6103"", ""review_reasons"": [], ""review_threshold"": 0.01}"
live,prices,LUV,yahoo,LUV,,,ok,2023-01-01,2026-05-06,838,2023-01-03,2026-05-06,2026-09-24T16:24:25.959635Z,yfinance,1.5.1,200,,,"{""comparison"": {""Close"": {""maximum_relative_change"": 0.00466227678619544, ""overlap_rows"": 588}, ""Open"": {""maximum_relative_change"": 0.004662276786195535, ""overlap_rows"": 588}, ""Volume"": {""maximum_relative_change"": 0.0, ""overlap_rows"": 588}}, ""missing_cached_dates"": {}, ""price_replacement"": ""accepted_provider_values"", ""provider_response"": ""replacement_responses/997b2389f5f44e2c3a83d8886a4be79f25f16bd12de1de21be37b76395eb668e.csv"", ""provider_response_sha256"": ""997b2389f5f44e2c3a83d8886a4be79f25f16bd12de1de21be37b76395eb668e"", ""review_reasons"": [], ""review_threshold"": 0.01}"
live,prices,LVS,yahoo,LVS,,,ok,2023-01-01,2026-05-06,838,2023-01-03,2026-05-06,2026-09-24T16:24:30.390156Z,yfinance,1.5.1,200,,,"{""comparison"": {""Close"": {""maximum_relative_change"": 0.006345437937410493, ""overlap_rows"": 588}, ""Open"": {""maximum_relative_change"": 0.006345437937410305, ""overlap_rows"": 588}, ""Volume"": {""maximum_relative_change"": 0.0, ""overlap_rows"": 588}}, ""missing_cached_dates"": {}, ""price_replacement"": ""accepted_provider_values"", ""provider_response"": ""replacement_responses/1005d8301d342572ab3da293faf1be3cd47e4e849cf02811804f2419f30c853d.csv"", ""provider_response_sha256"": ""1005d8301d342572ab3da293faf1be3cd47e4e849cf02811804f2419f30c853d"", ""review_reasons"": [], ""review_threshold"": 0.01}"
live,prices,LW,yahoo,LW,,,ok,2023-01-01,2026-05-06,838,2023-01-03,2026-05-06,2026-09-24T16:24:34.799345Z,yfinance,1.5.1,200,,,"{""comparison"": {""Close"": {""maximum_relative_change"": 0.0073009354775983, ""overlap_rows"": 588}, ""Open"": {""maximum_relative_change"": 0.007300935477598519, ""overlap_rows"": 588}, ""Volume"": {""maximum_relative_change"": 0.0, ""overlap_rows"": 588}}, ""missing_cached_dates"": {}, ""price_replacement"": ""accepted_provider_values"", ""provider_response"": ""replacement_responses/22732230b03db61b64ee3f7b43f30f52643fceafb9d76c72f9365c5c20941d3f.csv"", ""provider_response_sha256"": ""22732230b03db61b64ee3f7b43f30f52643fceafb9d76c72f9365c5c20941d3f"", ""review_reasons"": [], ""review_threshold"": 0.01}"
live,prices,LYB,yahoo,LYB,,,ok,2023-01-01,2026-05-06,838,2023-01-03,2026-05-06,2026-09-24T16:24:37.675144Z,yfinance,1.5.1,,,,"{""approved_review_reasons"": [""Open revision 1.022% exceeds 1.0%"", ""Close revision 1.022% exceeds 1.0%""], ""comparison"": {""Close"": {""maximum_relative_change"": 0.010217935643760749, ""overlap_rows"": 588}, ""Open"": {""maximum_relative_change"": 0.010217935643760823, ""overlap_rows"": 588}, ""Volume"": {""maximum_relative_change"": 0.0, ""overlap_rows"": 588}}, ""missing_cached_dates"": {}, ""price_replacement"": ""accepted_provider_values"", ""provider_response"": ""replacement_responses/a4ea6e4a950248ea0f11997ae7094c0e492f71d86aad66f2491c7cff18e741bb.csv"", ""provider_response_sha256"": ""a4ea6e4a950248ea0f11997ae7094c0e492f71d86aad66f2491c7cff18e741bb"", ""review_approval"": {""approved_at_utc"": ""2026-09-24T21:36:40.013605Z"", ""authority"": ""User explicitly approved the existing held 1-2 percent revisions on 2026-09-24."", ""maximum_approved_relative_change"": 0.02, ""scope"": ""This saved provider response only; no global threshold change.""}, ""review_reasons"": [], ""review_threshold"": 0.01}"
live,prices,LYV,yahoo,LYV,,,ok,2023-01-01,2026-05-06,838,2023-01-03,2026-05-06,2026-09-24T16:24:39.844615Z,yfinance,1.5.1,200,,,"{""comparison"": {""Close"": {""maximum_relative_change"": 1.5735638466806404e-16, ""overlap_rows"": 588}, ""Open"": {""maximum_relative_change"": 1.5747844693719262e-16, ""overlap_rows"": 588}, ""Volume"": {""maximum_relative_change"": 0.0, ""overlap_rows"": 588}}, ""missing_cached_dates"": {}, ""price_replacement"": ""accepted_provider_values"", ""provider_response"": ""replacement_responses/aadf76ad8ba4fe691fba2d3b4e3594f3766d9675f77152b5d44375260f4f3edd.csv"", ""provider_response_sha256"": ""aadf76ad8ba4fe691fba2d3b4e3594f3766d9675f77152b5d44375260f4f3edd"", ""review_reasons"": [], ""review_threshold"": 0.01}"
live,prices,MA,yahoo,MA,,,ok,2023-01-01,2026-05-06,838,2023-01-03,2026-05-06,2026-09-24T16:24:43.068937Z,yfinance,1.5.1,200,,,"{""comparison"": {""Close"": {""maximum_relative_change"": 3.4772783620442546e-07, ""overlap_rows"": 588}, ""Open"": {""maximum_relative_change"": 3.4772783605581157e-07, ""overlap_rows"": 588}, ""Volume"": {""maximum_relative_change"": 0.0, ""overlap_rows"": 588}}, ""missing_cached_dates"": {}, ""price_replacement"": ""accepted_provider_values"", ""provider_response"": ""replacement_responses/3987dd2a549c0484d026a2bb4526c0699803289f37b621b7e988e37ce2d35e5f.csv"", ""provider_response_sha256"": ""3987dd2a549c0484d026a2bb4526c0699803289f37b621b7e988e37ce2d35e5f"", ""review_reasons"": [], ""review_threshold"": 0.01}"
live,prices,MAA,yahoo,MAA,,,ok,2023-01-01,2026-05-06,838,2023-01-03,2026-05-06,2026-09-24T16:24:47.578639Z,yfinance,1.5.1,200,,,"{""comparison"": {""Close"": {""maximum_relative_change"": 3.1173644055591335e-07, ""overlap_rows"": 588}, ""Open"": {""maximum_relative_change"": 3.117364406349174e-07, ""overlap_rows"": 588}, ""Volume"": {""maximum_relative_change"": 0.0, ""overlap_rows"": 588}}, ""missing_cached_dates"": {}, ""price_replacement"": ""accepted_provider_values"", ""provider_response"": ""replacement_responses/5b3c5dc4e8b53903144b6f1f7286b4431bb75a95a10f89158763617e3ea3f0f7.csv"", ""provider_response_sha256"": ""5b3c5dc4e8b53903144b6f1f7286b4431bb75a95a10f89158763617e3ea3f0f7"", ""review_reasons"": [], ""review_threshold"": 0.01}"
live,prices,MAR,yahoo,MAR,,,ok,2023-01-01,2026-05-06,838,2023-01-03,2026-05-06,2026-09-24T16:24:51.192535Z,yfinance,1.5.1,200,,,"{""comparison"": {""Close"": {""maximum_relative_change"": 0.0020283097019696337, ""overlap_rows"": 588}, ""Open"": {""maximum_relative_change"": 0.002028309701969656, ""overlap_rows"": 588}, ""Volume"": {""maximum_relative_change"": 0.0, ""overlap_rows"": 588}}, ""missing_cached_dates"": {}, ""price_replacement"": ""accepted_provider_values"", ""provider_response"": ""replacement_responses/51708d683d2eed59655dca37860ba4c62e73c796f07d0d28cc74db00be2f54cd.csv"", ""provider_response_sha256"": ""51708d683d2eed59655dca37860ba4c62e73c796f07d0d28cc74db00be2f54cd"", ""review_reasons"": [], ""review_threshold"": 0.01}"
live,prices,MAS,yahoo,MAS,,,ok,2023-01-01,2026-05-06,838,2023-01-03,2026-05-06,2026-09-24T16:24:54.652856Z,yfinance,1.5.1,200,,,"{""comparison"": {""Close"": {""maximum_relative_change"": 0.004366537977907126, ""overlap_rows"": 588}, ""Open"": {""maximum_relative_change"": 0.004366537977907194, ""overlap_rows"": 588}, ""Volume"": {""maximum_relative_change"": 0.0, ""overlap_rows"": 588}}, ""missing_cached_dates"": {}, ""price_replacement"": ""accepted_provider_values"", ""provider_response"": ""replacement_responses/0b1faee2eddb16eac356d4c1ba05b0c143d613b28317e33f3369c4d50c9ba95d.csv"", ""provider_response_sha256"": ""0b1faee2eddb16eac356d4c1ba05b0c143d613b28317e33f3369c4d50c9ba95d"", ""review_reasons"": [], ""review_threshold"": 0.01}"
live,prices,MCD,yahoo,MCD,,,ok,2023-01-01,2026-05-06,838,2023-01-03,2026-05-06,2026-09-24T16:24:59.049563Z,yfinance,1.5.1,200,,,"{""comparison"": {""Close"": {""maximum_relative_change"": 0.007058083317951412, ""overlap_rows"": 588}, ""Open"": {""maximum_relative_change"": 0.007058083317951517, ""overlap_rows"": 588}, ""Volume"": {""maximum_relative_change"": 0.0, ""overlap_rows"": 588}}, ""missing_cached_dates"": {}, ""price_replacement"": ""accepted_provider_values"", ""provider_response"": ""replacement_responses/ff9946efcbcb064a60fb310b5cd6de897896882514be9f81022f994f81e3bf31.csv"", ""provider_response_sha256"": ""ff9946efcbcb064a60fb310b5cd6de897896882514be9f81022f994f81e3bf31"", ""review_reasons"": [], ""review_threshold"": 0.01}"
live,prices,MCHP,yahoo,MCHP,,,ok,2023-01-01,2026-05-06,838,2023-01-03,2026-05-06,2026-09-24T16:25:03.554775Z,yfinance,1.5.1,200,,,"{""comparison"": {""Close"": {""maximum_relative_change"": 0.005980843884918188, ""overlap_rows"": 588}, ""Open"": {""maximum_relative_change"": 0.005980843884918279, ""overlap_rows"": 588}, ""Volume"": {""maximum_relative_change"": 0.0, ""overlap_rows"": 588}}, ""missing_cached_dates"": {}, ""price_replacement"": ""accepted_provider_values"", ""provider_response"": ""replacement_responses/f0961e5c2849a376c7912cac80bbf1cdea9210cc59a54c2e4581c6f74cf73095.csv"", ""provider_response_sha256"": ""f0961e5c2849a376c7912cac80bbf1cdea9210cc59a54c2e4581c6f74cf73095"", ""review_reasons"": [], ""review_threshold"": 0.01}"
live,prices,MCK,yahoo,MCK,,,ok,2023-01-01,2026-05-06,838,2023-01-03,2026-05-06,2026-09-24T16:25:06.120131Z,yfinance,1.5.1,200,,,"{""comparison"": {""Close"": {""maximum_relative_change"": 0.001062033182168449, ""overlap_rows"": 588}, ""Open"": {""maximum_relative_change"": 0.0010620331821685149, ""overlap_rows"": 588}, ""Volume"": {""maximum_relative_change"": 0.0, ""overlap_rows"": 588}}, ""missing_cached_dates"": {}, ""price_replacement"": ""accepted_provider_values"", ""provider_response"": ""replacement_responses/71d7e6cff28aed45141f15c99e84290ac189417a00104c500f99c44e34ad28bc.csv"", ""provider_response_sha256"": ""71d7e6cff28aed45141f15c99e84290ac189417a00104c500f99c44e34ad28bc"", ""review_reasons"": [], ""review_threshold"": 0.01}"
live,prices,MCO,yahoo,MCO,,,ok,2023-01-01,2026-05-06,838,2023-01-03,2026-05-06,2026-09-24T16:25:10.022636Z,yfinance,1.5.1,200,,,"{""comparison"": {""Close"": {""maximum_relative_change"": 0.0021090542771577915, ""overlap_rows"": 588}, ""Open"": {""maximum_relative_change"": 0.002109054277157803, ""overlap_rows"": 588}, ""Volume"": {""maximum_relative_change"": 0.0, ""overlap_rows"": 588}}, ""missing_cached_dates"": {}, ""price_replacement"": ""accepted_provider_values"", ""provider_response"": ""replacement_responses/d960b1d85adefc49b53df848e8e7e7263f5f76bc33f8dacead48e784d6ae825c.csv"", ""provider_response_sha256"": ""d960b1d85adefc49b53df848e8e7e7263f5f76bc33f8dacead48e784d6ae825c"", ""review_reasons"": [], ""review_threshold"": 0.01}"
live,prices,MDLZ,yahoo,MDLZ,,,ok,2023-01-01,2026-05-06,838,2023-01-03,2026-05-06,2026-09-24T16:25:13.377326Z,yfinance,1.5.1,200,,,"{""comparison"": {""Close"": {""maximum_relative_change"": 3.446608020716412e-07, ""overlap_rows"": 588}, ""Open"": {""maximum_relative_change"": 3.4466080203835393e-07, ""overlap_rows"": 588}, ""Volume"": {""maximum_relative_change"": 0.0, ""overlap_rows"": 588}}, ""missing_cached_dates"": {}, ""price_replacement"": ""accepted_provider_values"", ""provider_response"": ""replacement_responses/7e7db415a7bc72602f6ba2fe4f0c1e2473ef0d18d21140407290587f7cb5e15c.csv"", ""provider_response_sha256"": ""7e7db415a7bc72602f6ba2fe4f0c1e2473ef0d18d21140407290587f7cb5e15c"", ""review_reasons"": [], ""review_threshold"": 0.01}"
live,prices,MDT,yahoo,MDT,,,ok,2023-01-01,2026-05-06,838,2023-01-03,2026-05-06,2026-09-24T16:25:16.184632Z,yfinance,1.5.1,200,,,"{""comparison"": {""Close"": {""maximum_relative_change"": 3.0704103429433423e-07, ""overlap_rows"": 588}, ""Open"": {""maximum_relative_change"": 3.070410343802444e-07, ""overlap_rows"": 588}, ""Volume"": {""maximum_relative_change"": 0.0, ""overlap_rows"": 588}}, ""missing_cached_dates"": {}, ""price_replacement"": ""accepted_provider_values"", ""provider_response"": ""replacement_responses/bff85673cba4e62239d20184fe9a414355ad8a4b506f1d60f0695420dcfabdad.csv"", ""provider_response_sha256"": ""bff85673cba4e62239d20184fe9a414355ad8a4b506f1d60f0695420dcfabdad"", ""review_reasons"": [], ""review_threshold"": 0.01}"
live,prices,MET,yahoo,MET,,,ok,2023-01-01,2026-05-06,838,2023-01-03,2026-05-06,2026-09-24T16:25:19.756332Z,yfinance,1.5.1,200,,,"{""comparison"": {""Close"": {""maximum_relative_change"": 0.006157564893749567, ""overlap_rows"": 588}, ""Open"": {""maximum_relative_change"": 0.006157564893749623, ""overlap_rows"": 588}, ""Volume"": {""maximum_relative_change"": 0.0, ""overlap_rows"": 588}}, ""missing_cached_dates"": {}, ""price_replacement"": ""accepted_provider_values"", ""provider_response"": ""replacement_responses/62eecd33c9fe355c6c4f5df02ed8913f02d0ad105eba6cc783c404bfc28de08a.csv"", ""provider_response_sha256"": ""62eecd33c9fe355c6c4f5df02ed8913f02d0ad105eba6cc783c404bfc28de08a"", ""review_reasons"": [], ""review_threshold"": 0.01}"
live,prices,META,yahoo,META,,,ok,2023-01-01,2026-05-06,838,2023-01-03,2026-05-06,2026-09-24T16:25:22.944922Z,yfinance,1.5.1,200,,,"{""comparison"": {""Close"": {""maximum_relative_change"": 0.0007888136797641937, ""overlap_rows"": 588}, ""Open"": {""maximum_relative_change"": 0.0007888136797640178, ""overlap_rows"": 588}, ""Volume"": {""maximum_relative_change"": 0.0, ""overlap_rows"": 588}}, ""missing_cached_dates"": {}, ""price_replacement"": ""accepted_provider_values"", ""provider_response"": ""replacement_responses/46ede239503c184eba0b614ddc061a2327639b75535b255bf6cf4ce2af22bdb3.csv"", ""provider_response_sha256"": ""46ede239503c184eba0b614ddc061a2327639b75535b255bf6cf4ce2af22bdb3"", ""review_reasons"": [], ""review_threshold"": 0.01}"
live,prices,MGM,yahoo,MGM,,,ok,2023-01-01,2026-05-06,838,2023-01-03,2026-05-06,2026-09-24T16:25:27.541224Z,yfinance,1.5.1,200,,,"{""comparison"": {""Close"": {""maximum_relative_change"": 1.3226781824536977e-16, ""overlap_rows"": 588}, ""Open"": {""maximum_relative_change"": 1.1328806153236467e-16, ""overlap_rows"": 588}, ""Volume"": {""maximum_relative_change"": 0.0, ""overlap_rows"": 588}}, ""missing_cached_dates"": {}, ""price_replacement"": ""accepted_provider_values"", ""provider_response"": ""replacement_responses/d2df1cbc543db460d2327767b63ea5a954f0e827e18b92f68d0167fd78658a09.csv"", ""provider_response_sha256"": ""d2df1cbc543db460d2327767b63ea5a954f0e827e18b92f68d0167fd78658a09"", ""review_reasons"": [], ""review_threshold"": 0.01}"
live,prices,MHK,yahoo,MHK,,,ok,2023-01-01,2026-05-06,838,2023-01-03,2026-05-06,2026-09-24T16:25:31.041136Z,yfinance,1.5.1,200,,,"{""comparison"": {}, ""missing_cached_dates"": {}, ""price_replacement"": ""accepted_provider_values"", ""provider_response"": ""replacement_responses/c46b9dcc47e2d8511598fcec3ac9c860c90cc0094c42dbd324e54f8d2c7d2178.csv"", ""provider_response_sha256"": ""c46b9dcc47e2d8511598fcec3ac9c860c90cc0094c42dbd324e54f8d2c7d2178"", ""review_reasons"": [], ""review_threshold"": 0.01}"
live,prices,MKC,yahoo,MKC,,,ok,2023-01-01,2026-05-06,838,2023-01-03,2026-05-06,2026-09-24T16:25:33.631010Z,yfinance,1.5.1,200,,,"{""comparison"": {""Close"": {""maximum_relative_change"": 3.913603293688532e-07, ""overlap_rows"": 588}, ""Open"": {""maximum_relative_change"": 3.913603292755232e-07, ""overlap_rows"": 588}, ""Volume"": {""maximum_relative_change"": 0.0, ""overlap_rows"": 588}}, ""missing_cached_dates"": {}, ""price_replacement"": ""accepted_provider_values"", ""provider_response"": ""replacement_responses/2a1c63d6c6e896bfa13c387369ed0b08a0dd3c5a7bc4a62be3621e242fc80997.csv"", ""provider_response_sha256"": ""2a1c63d6c6e896bfa13c387369ed0b08a0dd3c5a7bc4a62be3621e242fc80997"", ""review_reasons"": [], ""review_threshold"": 0.01}"
live,prices,MKTX,yahoo,MKTX,,,ok,2023-01-01,2026-05-06,838,2023-01-03,2026-05-06,2026-09-24T16:25:37.516122Z,yfinance,1.5.1,200,,,"{""comparison"": {}, ""missing_cached_dates"": {}, ""price_replacement"": ""accepted_provider_values"", ""provider_response"": ""replacement_responses/5e15156f61e80543438a8322fc88187e400e630b417a03452ff4c88b9a261462.csv"", ""provider_response_sha256"": ""5e15156f61e80543438a8322fc88187e400e630b417a03452ff4c88b9a261462"", ""review_reasons"": [], ""review_threshold"": 0.01}"
live,prices,MLM,yahoo,MLM,,,ok,2023-01-01,2026-05-06,838,2023-01-03,2026-05-06,2026-09-24T16:25:40.190107Z,yfinance,1.5.1,200,,,"{""comparison"": {""Close"": {""maximum_relative_change"": 0.0016198811177821613, ""overlap_rows"": 588}, ""Open"": {""maximum_relative_change"": 0.0016198811177820028, ""overlap_rows"": 588}, ""Volume"": {""maximum_relative_change"": 0.0, ""overlap_rows"": 588}}, ""missing_cached_dates"": {}, ""price_replacement"": ""accepted_provider_values"", ""provider_response"": ""replacement_responses/1cc7c3882751df5ee3a89760ed228f5f34c958b600c12e07be22bdf7f9c72771.csv"", ""provider_response_sha256"": ""1cc7c3882751df5ee3a89760ed228f5f34c958b600c12e07be22bdf7f9c72771"", ""review_reasons"": [], ""review_threshold"": 0.01}"
live,prices,MMC,yahoo,MRSH,,,ok,2023-01-01,2026-05-06,838,2023-01-03,2026-05-06,2026-09-24T16:25:43.433179Z,yfinance,1.5.1,200,,,"{""comparison"": {""Close"": {""maximum_relative_change"": 2.431411303888365e-07, ""overlap_rows"": 588}, ""Open"": {""maximum_relative_change"": 2.431411306746007e-07, ""overlap_rows"": 588}, ""Volume"": {""maximum_relative_change"": 0.0, ""overlap_rows"": 588}}, ""missing_cached_dates"": {}, ""price_replacement"": ""accepted_provider_values"", ""provider_response"": ""replacement_responses/2da1fd3bd94a74eca67c00447ac6874f6a336445891717c632fd067c3494409e.csv"", ""provider_response_sha256"": ""2da1fd3bd94a74eca67c00447ac6874f6a336445891717c632fd067c3494409e"", ""review_reasons"": [], ""review_threshold"": 0.01}"
live,prices,MMM,yahoo,MMM,,,ok,2023-01-01,2026-05-06,838,2023-01-03,2026-05-06,2026-09-24T16:25:48.035963Z,yfinance,1.5.1,200,,,"{""comparison"": {""Close"": {""maximum_relative_change"": 0.004358840085795553, ""overlap_rows"": 588}, ""Open"": {""maximum_relative_change"": 0.004358840085795541, ""overlap_rows"": 588}, ""Volume"": {""maximum_relative_change"": 0.0, ""overlap_rows"": 588}}, ""missing_cached_dates"": {}, ""price_replacement"": ""accepted_provider_values"", ""provider_response"": ""replacement_responses/75fceac7c24663463eba9894760658da26ee3b3d9b4cf2ef8142b4d5b101c843.csv"", ""provider_response_sha256"": ""75fceac7c24663463eba9894760658da26ee3b3d9b4cf2ef8142b4d5b101c843"", ""review_reasons"": [], ""review_threshold"": 0.01}"
live,prices,MNST,yahoo,MNST,,,ok,2023-01-01,2026-05-06,838,2023-01-03,2026-05-06,2026-09-24T16:25:51.543239Z,yfinance,1.5.1,200,,,"{""accepted_comparison"": {""Close"": {""maximum_relative_change"": 0.0, ""overlap_rows"": 588}, ""Open"": {""maximum_relative_change"": 0.0, ""overlap_rows"": 588}, ""Volume"": {""maximum_relative_change"": 0.00031467321186947353, ""overlap_rows"": 588}}, ""approved_review_reasons"": [""Open revision 50.000% exceeds 1.0%"", ""Close revision 50.000% exceeds 1.0%"", ""Volume revision 100.000% exceeds 1.0%""], ""comparison"": {""Close"": {""maximum_relative_change"": 0.5, ""overlap_rows"": 588}, ""Open"": {""maximum_relative_change"": 0.5, ""overlap_rows"": 588}, ""Volume"": {""maximum_relative_change"": 1.0, ""overlap_rows"": 588}}, ""missing_cached_dates"": {}, ""price_replacement"": ""accepted_reviewed_split_units"", ""provider_response"": ""replacement_responses/88678e733d0e005c57a4f1db2a9f30e6d7358a0e628fa6ea71eee553a1e4a2d6.csv"", ""provider_response_sha256"": ""88678e733d0e005c57a4f1db2a9f30e6d7358a0e628fa6ea71eee553a1e4a2d6"", ""review_approval"": {""approved_at_utc"": ""2026-09-24T22:20:54.925282Z"", ""authority"": ""User explicit approval on 2026-09-25 Europe/Brussels."", ""scope"": ""This saved response and, for APH/MNST, its documented 2:1 post-window split conversion only.""}, ""review_reasons"": [], ""review_threshold"": 0.01, ""unit_conversion"": {""basis_through"": ""2026-05-06"", ""price_multiplier"": 2.0, ""reason"": ""Reverse the documented post-window split only; retain Yahoo dividend adjustments."", ""source_url"": ""https://investors.monsterbevcorp.com/news-releases/news-release-details/monster-beverage-declares-two-one-stock-split"", ""split_effective_date"": ""2026-08-11"", ""split_ratio"": ""2:1"", ""volume_multiplier"": 0.5}}"
live,prices,MO,yahoo,MO,,,ok,2023-01-01,2026-05-06,838,2023-01-03,2026-05-06,2026-09-24T16:25:54.600046Z,yfinance,1.5.1,,,,"{""approved_review_reasons"": [""Open revision 1.572% exceeds 1.0%"", ""Close revision 1.572% exceeds 1.0%""], ""comparison"": {""Close"": {""maximum_relative_change"": 0.01572054146945813, ""overlap_rows"": 588}, ""Open"": {""maximum_relative_change"": 0.015720541469458293, ""overlap_rows"": 588}, ""Volume"": {""maximum_relative_change"": 0.0, ""overlap_rows"": 588}}, ""missing_cached_dates"": {}, ""price_replacement"": ""accepted_provider_values"", ""provider_response"": ""replacement_responses/5bffc66ee4e40ea2a501ec36d2d8e77ecb68781c55be4db22e45749a04c11270.csv"", ""provider_response_sha256"": ""5bffc66ee4e40ea2a501ec36d2d8e77ecb68781c55be4db22e45749a04c11270"", ""review_approval"": {""approved_at_utc"": ""2026-09-24T21:36:40.013605Z"", ""authority"": ""User explicitly approved the existing held 1-2 percent revisions on 2026-09-24."", ""maximum_approved_relative_change"": 0.02, ""scope"": ""This saved provider response only; no global threshold change.""}, ""review_reasons"": [], ""review_threshold"": 0.01}"
live,prices,MOH,yahoo,MOH,,,ok,2023-01-01,2026-05-06,838,2023-01-03,2026-05-06,2026-09-24T16:25:57.210102Z,yfinance,1.5.1,200,,,"{""comparison"": {""Close"": {""maximum_relative_change"": 1.5756138423879228e-16, ""overlap_rows"": 588}, ""Open"": {""maximum_relative_change"": 1.5694798169509459e-16, ""overlap_rows"": 588}, ""Volume"": {""maximum_relative_change"": 0.0, ""overlap_rows"": 588}}, ""missing_cached_dates"": {}, ""price_replacement"": ""accepted_provider_values"", ""provider_response"": ""replacement_responses/87cac5c80e008ac4bde649103109bd1bd6ddeb08ea2d0cbd1eb768b454f7866c.csv"", ""provider_response_sha256"": ""87cac5c80e008ac4bde649103109bd1bd6ddeb08ea2d0cbd1eb768b454f7866c"", ""review_reasons"": [], ""review_threshold"": 0.01}"
live,prices,MOS,yahoo,MOS,,,ok,2023-01-01,2026-05-06,838,2023-01-03,2026-05-06,2026-09-24T16:26:00.481921Z,yfinance,1.5.1,200,,,"{""comparison"": {""Close"": {""maximum_relative_change"": 0.00839399498384407, ""overlap_rows"": 588}, ""Open"": {""maximum_relative_change"": 0.008393994983844355, ""overlap_rows"": 588}, ""Volume"": {""maximum_relative_change"": 0.0, ""overlap_rows"": 588}}, ""missing_cached_dates"": {}, ""price_replacement"": ""accepted_provider_values"", ""provider_response"": ""replacement_responses/93d9fcc409ab65e07646833025973d9823c181026774da8d83e5959ea1591275.csv"", ""provider_response_sha256"": ""93d9fcc409ab65e07646833025973d9823c181026774da8d83e5959ea1591275"", ""review_reasons"": [], ""review_threshold"": 0.01}"
live,prices,MPC,yahoo,MPC,,,ok,2023-01-01,2026-05-06,838,2023-01-03,2026-05-06,2026-09-24T16:26:04.118164Z,yfinance,1.5.1,200,,,"{""comparison"": {""Close"": {""maximum_relative_change"": 0.0027310024210588538, ""overlap_rows"": 588}, ""Open"": {""maximum_relative_change"": 0.0027310024210587865, ""overlap_rows"": 588}, ""Volume"": {""maximum_relative_change"": 0.0, ""overlap_rows"": 588}}, ""missing_cached_dates"": {}, ""price_replacement"": ""accepted_provider_values"", ""provider_response"": ""replacement_responses/ee7709d6695535e86bbd286ee5452af1595f9bf172c5e426f9e8c3ae7fb1317b.csv"", ""provider_response_sha256"": ""ee7709d6695535e86bbd286ee5452af1595f9bf172c5e426f9e8c3ae7fb1317b"", ""review_reasons"": [], ""review_threshold"": 0.01}"
live,prices,MPWR,yahoo,MPWR,,,ok,2023-01-01,2026-05-06,838,2023-01-03,2026-05-06,2026-09-24T16:26:08.618935Z,yfinance,1.5.1,200,,,"{""comparison"": {""Close"": {""maximum_relative_change"": 3.266721612924196e-07, ""overlap_rows"": 588}, ""Open"": {""maximum_relative_change"": 3.26672161270016e-07, ""overlap_rows"": 588}, ""Volume"": {""maximum_relative_change"": 0.0, ""overlap_rows"": 588}}, ""missing_cached_dates"": {}, ""price_replacement"": ""accepted_provider_values"", ""provider_response"": ""replacement_responses/5b68d451b779a43ba4cda314566fdcb33b1aa5c0eacf2055406a51c2fb29f9c0.csv"", ""provider_response_sha256"": ""5b68d451b779a43ba4cda314566fdcb33b1aa5c0eacf2055406a51c2fb29f9c0"", ""review_reasons"": [], ""review_threshold"": 0.01}"
live,prices,MRK,yahoo,MRK,,,ok,2023-01-01,2026-05-06,838,2023-01-03,2026-05-06,2026-09-24T16:26:11.583363Z,yfinance,1.5.1,200,,,"{""comparison"": {""Close"": {""maximum_relative_change"": 0.005868351822187571, ""overlap_rows"": 588}, ""Open"": {""maximum_relative_change"": 0.0058683518221876495, ""overlap_rows"": 588}, ""Volume"": {""maximum_relative_change"": 0.0, ""overlap_rows"": 588}}, ""missing_cached_dates"": {}, ""price_replacement"": ""accepted_provider_values"", ""provider_response"": ""replacement_responses/fe294f227ecb8fe28a266e6206dd3d277e4b675ef6151ec2c301f65bf44ea0d6.csv"", ""provider_response_sha256"": ""fe294f227ecb8fe28a266e6206dd3d277e4b675ef6151ec2c301f65bf44ea0d6"", ""review_reasons"": [], ""review_threshold"": 0.01}"
live,prices,MRNA,yahoo,MRNA,,,ok,2023-01-01,2026-05-06,838,2023-01-03,2026-05-06,2026-09-24T16:26:15.470557Z,yfinance,1.5.1,200,,,"{""comparison"": {""Close"": {""maximum_relative_change"": 1.5888701170946178e-16, ""overlap_rows"": 588}, ""Open"": {""maximum_relative_change"": 1.5867413022096935e-16, ""overlap_rows"": 588}, ""Volume"": {""maximum_relative_change"": 0.0, ""overlap_rows"": 588}}, ""missing_cached_dates"": {}, ""price_replacement"": ""accepted_provider_values"", ""provider_response"": ""replacement_responses/a4c799b5e8832a2f3d149b72177e4cdc4f852f686a0a6d6c63740bbafd0f9892.csv"", ""provider_response_sha256"": ""a4c799b5e8832a2f3d149b72177e4cdc4f852f686a0a6d6c63740bbafd0f9892"", ""review_reasons"": [], ""review_threshold"": 0.01}"
live,prices,MRO,yahoo,MRO,,,failed,2023-01-01,2026-05-06,0,,,2026-09-24T16:26:29.711693Z,yfinance,1.5.1,,RetryableProviderError,Yahoo returned an empty response for MRO; absence was not confirmed,
live,prices,MRSH,yahoo,MRSH,,,ok,2023-01-01,2026-05-06,838,2023-01-03,2026-05-06,2026-09-24T16:26:32.623233Z,yfinance,1.5.1,200,,,"{""comparison"": {""Close"": {""maximum_relative_change"": 0.0, ""overlap_rows"": 838}, ""Open"": {""maximum_relative_change"": 0.0, ""overlap_rows"": 838}, ""Volume"": {""maximum_relative_change"": 0.0, ""overlap_rows"": 838}}, ""missing_cached_dates"": {}, ""price_replacement"": ""accepted_provider_values"", ""provider_response"": ""replacement_responses/2da1fd3bd94a74eca67c00447ac6874f6a336445891717c632fd067c3494409e.csv"", ""provider_response_sha256"": ""2da1fd3bd94a74eca67c00447ac6874f6a336445891717c632fd067c3494409e"", ""review_reasons"": [], ""review_threshold"": 0.01}"
live,prices,MS,yahoo,MS,,,ok,2023-01-01,2026-05-06,838,2023-01-03,2026-05-06,2026-09-24T16:26:37.259472Z,yfinance,1.5.1,200,,,"{""comparison"": {""Close"": {""maximum_relative_change"": 0.0054748793077505666, ""overlap_rows"": 588}, ""Open"": {""maximum_relative_change"": 0.005474879307750416, ""overlap_rows"": 588}, ""Volume"": {""maximum_relative_change"": 0.0, ""overlap_rows"": 588}}, ""missing_cached_dates"": {}, ""price_replacement"": ""accepted_provider_values"", ""provider_response"": ""replacement_responses/9ae424a012695dc366130e716d51777509f27e7170bc9cb2d52a92b4646f1de6.csv"", ""provider_response_sha256"": ""9ae424a012695dc366130e716d51777509f27e7170bc9cb2d52a92b4646f1de6"", ""review_reasons"": [], ""review_threshold"": 0.01}"
live,prices,MSCI,yahoo,MSCI,,,ok,2023-01-01,2026-05-06,838,2023-01-03,2026-05-06,2026-09-24T16:26:41.797295Z,yfinance,1.5.1,200,,,"{""comparison"": {""Close"": {""maximum_relative_change"": 0.0035640278503026304, ""overlap_rows"": 588}, ""Open"": {""maximum_relative_change"": 0.0035640278503024526, ""overlap_rows"": 588}, ""Volume"": {""maximum_relative_change"": 0.0, ""overlap_rows"": 588}}, ""missing_cached_dates"": {}, ""price_replacement"": ""accepted_provider_values"", ""provider_response"": ""replacement_responses/4736f85cb27b8ba5afe05cd6ca56bfeb85e94e48efebec249ff618a99df80c5a.csv"", ""provider_response_sha256"": ""4736f85cb27b8ba5afe05cd6ca56bfeb85e94e48efebec249ff618a99df80c5a"", ""review_reasons"": [], ""review_threshold"": 0.01}"
live,prices,MSFT,yahoo,MSFT,,,ok,2023-01-01,2026-05-06,838,2023-01-03,2026-05-06,2026-09-24T16:26:45.744521Z,yfinance,1.5.1,200,,,"{""comparison"": {""Close"": {""maximum_relative_change"": 0.001879197717428272, ""overlap_rows"": 588}, ""Open"": {""maximum_relative_change"": 0.0018791977174285948, ""overlap_rows"": 588}, ""Volume"": {""maximum_relative_change"": 0.0, ""overlap_rows"": 588}}, ""missing_cached_dates"": {}, ""price_replacement"": ""accepted_provider_values"", ""provider_response"": ""replacement_responses/0ad8008a016818258e00af50aea5d4c10ad6b454196347325076f9222cc32b4f.csv"", ""provider_response_sha256"": ""0ad8008a016818258e00af50aea5d4c10ad6b454196347325076f9222cc32b4f"", ""review_reasons"": [], ""review_threshold"": 0.01}"
live,prices,MSI,yahoo,MSI,,,ok,2023-01-01,2026-05-06,838,2023-01-03,2026-05-06,2026-09-24T16:26:48.857413Z,yfinance,1.5.1,200,,,"{""comparison"": {""Close"": {""maximum_relative_change"": 0.002579616953684331, ""overlap_rows"": 588}, ""Open"": {""maximum_relative_change"": 0.0025796169536844516, ""overlap_rows"": 588}, ""Volume"": {""maximum_relative_change"": 0.0, ""overlap_rows"": 588}}, ""missing_cached_dates"": {}, ""price_replacement"": ""accepted_provider_values"", ""provider_response"": ""replacement_responses/6384c02f3820375f3b600321db8febd47dea5fbef03e5947392777b0266682da.csv"", ""provider_response_sha256"": ""6384c02f3820375f3b600321db8febd47dea5fbef03e5947392777b0266682da"", ""review_reasons"": [], ""review_threshold"": 0.01}"
live,prices,MTB,yahoo,MTB,,,ok,2023-01-01,2026-05-06,838,2023-01-03,2026-05-06,2026-09-24T16:26:53.250628Z,yfinance,1.5.1,200,,,"{""comparison"": {""Close"": {""maximum_relative_change"": 0.00641222241774865, ""overlap_rows"": 588}, ""Open"": {""maximum_relative_change"": 0.006412222417748617, ""overlap_rows"": 588}, ""Volume"": {""maximum_relative_change"": 0.0, ""overlap_rows"": 588}}, ""missing_cached_dates"": {}, ""price_replacement"": ""accepted_provider_values"", ""provider_response"": ""replacement_responses/3baeff2795b07482fdbf1b60709d890c3138adfbf0759899057b2402baeb5408.csv"", ""provider_response_sha256"": ""3baeff2795b07482fdbf1b60709d890c3138adfbf0759899057b2402baeb5408"", ""review_reasons"": [], ""review_threshold"": 0.01}"
live,prices,MTCH,yahoo,MTCH,,,ok,2023-01-01,2026-05-06,838,2023-01-03,2026-05-06,2026-09-24T16:26:57.768457Z,yfinance,1.5.1,200,,,"{""comparison"": {""Close"": {""maximum_relative_change"": 4.1766854909881744e-07, ""overlap_rows"": 588}, ""Open"": {""maximum_relative_change"": 4.1766854920194264e-07, ""overlap_rows"": 588}, ""Volume"": {""maximum_relative_change"": 0.0, ""overlap_rows"": 588}}, ""missing_cached_dates"": {}, ""price_replacement"": ""accepted_provider_values"", ""provider_response"": ""replacement_responses/aeda76e61df07b03035c62ed56ec5d88b64e11b59a7f9960b1309b579cb9e203.csv"", ""provider_response_sha256"": ""aeda76e61df07b03035c62ed56ec5d88b64e11b59a7f9960b1309b579cb9e203"", ""review_reasons"": [], ""review_threshold"": 0.01}"
live,prices,MTD,yahoo,MTD,,,ok,2023-01-01,2026-05-06,838,2023-01-03,2026-05-06,2026-09-24T16:27:01.901081Z,yfinance,1.5.1,200,,,"{""comparison"": {""Close"": {""maximum_relative_change"": 1.1718480117575526e-16, ""overlap_rows"": 588}, ""Open"": {""maximum_relative_change"": 2.3774655897205463e-16, ""overlap_rows"": 588}, ""Volume"": {""maximum_relative_change"": 0.0, ""overlap_rows"": 588}}, ""missing_cached_dates"": {}, ""price_replacement"": ""accepted_provider_values"", ""provider_response"": ""replacement_responses/b2af1790b7bf0735a2adbe2b278cc053efb4cf1199db26b7d72388827b5c33b8.csv"", ""provider_response_sha256"": ""b2af1790b7bf0735a2adbe2b278cc053efb4cf1199db26b7d72388827b5c33b8"", ""review_reasons"": [], ""review_threshold"": 0.01}"
live,prices,MU,yahoo,MU,,,ok,2023-01-01,2026-05-06,838,2023-01-03,2026-05-06,2026-09-24T16:27:05.882202Z,yfinance,1.5.1,200,,,"{""comparison"": {""Close"": {""maximum_relative_change"": 3.521044933462814e-07, ""overlap_rows"": 588}, ""Open"": {""maximum_relative_change"": 3.5210449337629765e-07, ""overlap_rows"": 588}, ""Volume"": {""maximum_relative_change"": 0.0, ""overlap_rows"": 588}}, ""missing_cached_dates"": {}, ""price_replacement"": ""accepted_provider_values"", ""provider_response"": ""replacement_responses/f3c2b2641215411ad8c546cfde739455b76b91083d63889be1741e4b6aeb3a1f.csv"", ""provider_response_sha256"": ""f3c2b2641215411ad8c546cfde739455b76b91083d63889be1741e4b6aeb3a1f"", ""review_reasons"": [], ""review_threshold"": 0.01}"
live,prices,NCLH,yahoo,NCLH,,,ok,2023-01-01,2026-05-06,838,2023-01-03,2026-05-06,2026-09-24T16:27:08.606028Z,yfinance,1.5.1,200,,,"{""comparison"": {""Close"": {""maximum_relative_change"": 1.9350291724922078e-16, ""overlap_rows"": 588}, ""Open"": {""maximum_relative_change"": 1.9350291724922078e-16, ""overlap_rows"": 588}, ""Volume"": {""maximum_relative_change"": 0.0, ""overlap_rows"": 588}}, ""missing_cached_dates"": {}, ""price_replacement"": ""accepted_provider_values"", ""provider_response"": ""replacement_responses/d62051aaa41870102ad4e7b9beaf51e5c0bb6cbb38b600d5e6c5c4907e5ae216.csv"", ""provider_response_sha256"": ""d62051aaa41870102ad4e7b9beaf51e5c0bb6cbb38b600d5e6c5c4907e5ae216"", ""review_reasons"": [], ""review_threshold"": 0.01}"
live,prices,NDAQ,yahoo,NDAQ,,,ok,2023-01-01,2026-05-06,838,2023-01-03,2026-05-06,2026-09-24T16:27:13.199084Z,yfinance,1.5.1,200,,,"{""comparison"": {""Close"": {""maximum_relative_change"": 0.003369492674621597, ""overlap_rows"": 588}, ""Open"": {""maximum_relative_change"": 0.0033694926746217317, ""overlap_rows"": 588}, ""Volume"": {""maximum_relative_change"": 0.0, ""overlap_rows"": 588}}, ""missing_cached_dates"": {}, ""price_replacement"": ""accepted_provider_values"", ""provider_response"": ""replacement_responses/6784598caf7d8544b610b0b5b298657e9dfdee6eb206e6c27f0c48b4dd6ea22c.csv"", ""provider_response_sha256"": ""6784598caf7d8544b610b0b5b298657e9dfdee6eb206e6c27f0c48b4dd6ea22c"", ""review_reasons"": [], ""review_threshold"": 0.01}"
live,prices,NDSN,yahoo,NDSN,,,ok,2023-01-01,2026-05-06,838,2023-01-03,2026-05-06,2026-09-24T16:27:17.040278Z,yfinance,1.5.1,200,,,"{""comparison"": {""Close"": {""maximum_relative_change"": 0.002994588961183977, ""overlap_rows"": 588}, ""Open"": {""maximum_relative_change"": 0.0029945889611841365, ""overlap_rows"": 588}, ""Volume"": {""maximum_relative_change"": 0.0, ""overlap_rows"": 588}}, ""missing_cached_dates"": {}, ""price_replacement"": ""accepted_provider_values"", ""provider_response"": ""replacement_responses/e43fb0a26716d8e216d1d5526ab26645cb4bb9d0a062844b60ed031d2491a21f.csv"", ""provider_response_sha256"": ""e43fb0a26716d8e216d1d5526ab26645cb4bb9d0a062844b60ed031d2491a21f"", ""review_reasons"": [], ""review_threshold"": 0.01}"
live,prices,NEE,yahoo,NEE,,,ok,2023-01-01,2026-05-06,838,2023-01-03,2026-05-06,2026-09-24T16:27:21.401651Z,yfinance,1.5.1,200,,,"{""comparison"": {""Close"": {""maximum_relative_change"": 0.007464031257591276, ""overlap_rows"": 588}, ""Open"": {""maximum_relative_change"": 0.007464031257591224, ""overlap_rows"": 588}, ""Volume"": {""maximum_relative_change"": 0.0, ""overlap_rows"": 588}}, ""missing_cached_dates"": {}, ""price_replacement"": ""accepted_provider_values"", ""provider_response"": ""replacement_responses/52db912bb1a424cbd3e678960fae18b4f566f12c73372893c3521b3e7a38206f.csv"", ""provider_response_sha256"": ""52db912bb1a424cbd3e678960fae18b4f566f12c73372893c3521b3e7a38206f"", ""review_reasons"": [], ""review_threshold"": 0.01}"
live,prices,NEM,yahoo,NEM,,,ok,2023-01-01,2026-05-06,838,2023-01-03,2026-05-06,2026-09-24T16:27:25.593533Z,yfinance,1.5.1,200,,,"{""comparison"": {""Close"": {""maximum_relative_change"": 0.0020776941155177964, ""overlap_rows"": 588}, ""Open"": {""maximum_relative_change"": 0.002077694115517709, ""overlap_rows"": 588}, ""Volume"": {""maximum_relative_change"": 0.0, ""overlap_rows"": 588}}, ""missing_cached_dates"": {}, ""price_replacement"": ""accepted_provider_values"", ""provider_response"": ""replacement_responses/6d051489b93db35268171b672453a8028c1eedb28bd948b7c4b2d819664cc7e7.csv"", ""provider_response_sha256"": ""6d051489b93db35268171b672453a8028c1eedb28bd948b7c4b2d819664cc7e7"", ""review_reasons"": [], ""review_threshold"": 0.01}"
live,prices,NFLX,yahoo,NFLX,,,ok,2023-01-01,2026-05-06,838,2023-01-03,2026-05-06,2026-09-24T16:27:28.640803Z,yfinance,1.5.1,200,,,"{""comparison"": {""Close"": {""maximum_relative_change"": 3.150371717821683e-16, ""overlap_rows"": 588}, ""Open"": {""maximum_relative_change"": 3.1115706397716886e-16, ""overlap_rows"": 588}, ""Volume"": {""maximum_relative_change"": 0.0, ""overlap_rows"": 588}}, ""missing_cached_dates"": {}, ""price_replacement"": ""accepted_provider_values"", ""provider_response"": ""replacement_responses/4e554757aaa884cc5d6b7464f8a222b8b449863e00b2da9344703046cd2bbdd2.csv"", ""provider_response_sha256"": ""4e554757aaa884cc5d6b7464f8a222b8b449863e00b2da9344703046cd2bbdd2"", ""review_reasons"": [], ""review_threshold"": 0.01}"
live,prices,NI,yahoo,NI,,,ok,2023-01-01,2026-05-06,838,2023-01-03,2026-05-06,2026-09-24T16:27:31.832170Z,yfinance,1.5.1,200,,,"{""comparison"": {""Close"": {""maximum_relative_change"": 0.006656652544491995, ""overlap_rows"": 588}, ""Open"": {""maximum_relative_change"": 0.006656652544492023, ""overlap_rows"": 588}, ""Volume"": {""maximum_relative_change"": 0.0, ""overlap_rows"": 588}}, ""missing_cached_dates"": {}, ""price_replacement"": ""accepted_provider_values"", ""provider_response"": ""replacement_responses/1e0984190292c40e10d66506682be561c7ea96c093b3f4864500b761ad2eb756.csv"", ""provider_response_sha256"": ""1e0984190292c40e10d66506682be561c7ea96c093b3f4864500b761ad2eb756"", ""review_reasons"": [], ""review_threshold"": 0.01}"
live,prices,NKE,yahoo,NKE,,,ok,2023-01-01,2026-05-06,838,2023-01-03,2026-05-06,2026-09-24T16:27:35.871240Z,yfinance,1.5.1,,,,"{""approved_review_reasons"": [""Open revision 1.050% exceeds 1.0%"", ""Close revision 1.050% exceeds 1.0%""], ""comparison"": {""Close"": {""maximum_relative_change"": 0.010496941326666311, ""overlap_rows"": 588}, ""Open"": {""maximum_relative_change"": 0.010496941326666431, ""overlap_rows"": 588}, ""Volume"": {""maximum_relative_change"": 0.0, ""overlap_rows"": 588}}, ""missing_cached_dates"": {}, ""price_replacement"": ""accepted_provider_values"", ""provider_response"": ""replacement_responses/0bb16deebbded7926620eac5519a052e38c2194daca5683d6b791ddaa2aa2ceb.csv"", ""provider_response_sha256"": ""0bb16deebbded7926620eac5519a052e38c2194daca5683d6b791ddaa2aa2ceb"", ""review_approval"": {""approved_at_utc"": ""2026-09-24T21:36:40.013605Z"", ""authority"": ""User explicitly approved the existing held 1-2 percent revisions on 2026-09-24."", ""maximum_approved_relative_change"": 0.02, ""scope"": ""This saved provider response only; no global threshold change.""}, ""review_reasons"": [], ""review_threshold"": 0.01}"
live,prices,NOC,yahoo,NOC,,,ok,2023-01-01,2026-05-06,838,2023-01-03,2026-05-06,2026-09-24T16:27:38.751388Z,yfinance,1.5.1,200,,,"{""comparison"": {""Close"": {""maximum_relative_change"": 0.004527692962594736, ""overlap_rows"": 588}, ""Open"": {""maximum_relative_change"": 0.004527692962594683, ""overlap_rows"": 588}, ""Volume"": {""maximum_relative_change"": 0.0, ""overlap_rows"": 588}}, ""missing_cached_dates"": {}, ""price_replacement"": ""accepted_provider_values"", ""provider_response"": ""replacement_responses/fb46e58d6e8202b7a8812aeb3fd560f2b38983db90070a3c2645a0307bf7b865.csv"", ""provider_response_sha256"": ""fb46e58d6e8202b7a8812aeb3fd560f2b38983db90070a3c2645a0307bf7b865"", ""review_reasons"": [], ""review_threshold"": 0.01}"
live,prices,NOW,yahoo,NOW,,,ok,2023-01-01,2026-05-06,838,2023-01-03,2026-05-06,2026-09-24T16:27:41.721640Z,yfinance,1.5.1,200,,,"{""comparison"": {""Close"": {""maximum_relative_change"": 1.576006987221637e-16, ""overlap_rows"": 588}, ""Open"": {""maximum_relative_change"": 1.575482837694147e-16, ""overlap_rows"": 588}, ""Volume"": {""maximum_relative_change"": 0.0, ""overlap_rows"": 588}}, ""missing_cached_dates"": {}, ""price_replacement"": ""accepted_provider_values"", ""provider_response"": ""replacement_responses/91fbd2885baa85b6d8860121801d84ea11d08b1781458ba206a855df8149b9f5.csv"", ""provider_response_sha256"": ""91fbd2885baa85b6d8860121801d84ea11d08b1781458ba206a855df8149b9f5"", ""review_reasons"": [], ""review_threshold"": 0.01}"
live,prices,NRG,yahoo,NRG,,,ok,2023-01-01,2026-05-06,838,2023-01-03,2026-05-06,2026-09-24T16:27:45.939681Z,yfinance,1.5.1,200,,,"{""comparison"": {""Close"": {""maximum_relative_change"": 0.003537456721644989, ""overlap_rows"": 588}, ""Open"": {""maximum_relative_change"": 0.0035374567216449253, ""overlap_rows"": 588}, ""Volume"": {""maximum_relative_change"": 0.0, ""overlap_rows"": 588}}, ""missing_cached_dates"": {}, ""price_replacement"": ""accepted_provider_values"", ""provider_response"": ""replacement_responses/8c6aeaf94a8686b6e2014ddd6ffda66afcb1e1a5597624e1b0433c3d94d32bd7.csv"", ""provider_response_sha256"": ""8c6aeaf94a8686b6e2014ddd6ffda66afcb1e1a5597624e1b0433c3d94d32bd7"", ""review_reasons"": [], ""review_threshold"": 0.01}"
live,prices,NSC,yahoo,NSC,,,ok,2023-01-01,2026-05-06,838,2023-01-03,2026-05-06,2026-09-24T16:27:49.238232Z,yfinance,1.5.1,200,,,"{""comparison"": {""Close"": {""maximum_relative_change"": 0.003942269330989187, ""overlap_rows"": 588}, ""Open"": {""maximum_relative_change"": 0.0039422693309891605, ""overlap_rows"": 588}, ""Volume"": {""maximum_relative_change"": 0.0, ""overlap_rows"": 588}}, ""missing_cached_dates"": {}, ""price_replacement"": ""accepted_provider_values"", ""provider_response"": ""replacement_responses/93f0186c830ee8eef61b9e49c40886dd45d0af55df3bc29864f23fc4e836e9f8.csv"", ""provider_response_sha256"": ""93f0186c830ee8eef61b9e49c40886dd45d0af55df3bc29864f23fc4e836e9f8"", ""review_reasons"": [], ""review_threshold"": 0.01}"
live,prices,NTAP,yahoo,NTAP,,,ok,2023-01-01,2026-05-06,838,2023-01-03,2026-05-06,2026-09-24T16:27:52.278084Z,yfinance,1.5.1,200,,,"{""comparison"": {""Close"": {""maximum_relative_change"": 2.7563514836934705e-07, ""overlap_rows"": 588}, ""Open"": {""maximum_relative_change"": 2.7563514838960787e-07, ""overlap_rows"": 588}, ""Volume"": {""maximum_relative_change"": 0.0, ""overlap_rows"": 588}}, ""missing_cached_dates"": {}, ""price_replacement"": ""accepted_provider_values"", ""provider_response"": ""replacement_responses/e3f1d35e3351b453d97f4b004d2a005d30127919f99b8ae6d0c6e948d01b93c2.csv"", ""provider_response_sha256"": ""e3f1d35e3351b453d97f4b004d2a005d30127919f99b8ae6d0c6e948d01b93c2"", ""review_reasons"": [], ""review_threshold"": 0.01}"
live,prices,NTRS,yahoo,NTRS,,,ok,2023-01-01,2026-05-06,838,2023-01-03,2026-05-06,2026-09-24T16:27:56.372775Z,yfinance,1.5.1,200,,,"{""comparison"": {""Close"": {""maximum_relative_change"": 0.0046949756415292, ""overlap_rows"": 588}, ""Open"": {""maximum_relative_change"": 0.0046949756415292174, ""overlap_rows"": 588}, ""Volume"": {""maximum_relative_change"": 0.0, ""overlap_rows"": 588}}, ""missing_cached_dates"": {}, ""price_replacement"": ""accepted_provider_values"", ""provider_response"": ""replacement_responses/243d6756eba8e04ff1a5b4cf08c9cd5d2ec9468c5fee8d826b941dec4973438c.csv"", ""provider_response_sha256"": ""243d6756eba8e04ff1a5b4cf08c9cd5d2ec9468c5fee8d826b941dec4973438c"", ""review_reasons"": [], ""review_threshold"": 0.01}"
live,prices,NUE,yahoo,NUE,,,ok,2023-01-01,2026-05-06,838,2023-01-03,2026-05-06,2026-09-24T16:27:59.828963Z,yfinance,1.5.1,200,,,"{""comparison"": {""Close"": {""maximum_relative_change"": 3.3999724148904736e-07, ""overlap_rows"": 588}, ""Open"": {""maximum_relative_change"": 3.399972415191836e-07, ""overlap_rows"": 588}, ""Volume"": {""maximum_relative_change"": 0.0, ""overlap_rows"": 588}}, ""missing_cached_dates"": {}, ""price_replacement"": ""accepted_provider_values"", ""provider_response"": ""replacement_responses/138b098945b3a3513b2e476a8f63874415db676fbcf4214098e5fd4d77a3de25.csv"", ""provider_response_sha256"": ""138b098945b3a3513b2e476a8f63874415db676fbcf4214098e5fd4d77a3de25"", ""review_reasons"": [], ""review_threshold"": 0.01}"
live,prices,NVDA,yahoo,NVDA,,,ok,2023-01-01,2026-05-06,838,2023-01-03,2026-05-06,2026-09-24T16:28:02.916464Z,yfinance,1.5.1,200,,,"{""comparison"": {""Close"": {""maximum_relative_change"": 0.0011180734591829554, ""overlap_rows"": 588}, ""Open"": {""maximum_relative_change"": 0.0011180734591828404, ""overlap_rows"": 588}, ""Volume"": {""maximum_relative_change"": 0.0, ""overlap_rows"": 588}}, ""missing_cached_dates"": {}, ""price_replacement"": ""accepted_provider_values"", ""provider_response"": ""replacement_responses/e23cff9938f8a648188a828f281bf5ed6480764592b6f281e1986780725673c9.csv"", ""provider_response_sha256"": ""e23cff9938f8a648188a828f281bf5ed6480764592b6f281e1986780725673c9"", ""review_reasons"": [], ""review_threshold"": 0.01}"
live,prices,NVR,yahoo,NVR,,,ok,2023-01-01,2026-05-06,838,2023-01-03,2026-05-06,2026-09-24T16:28:07.441348Z,yfinance,1.5.1,200,,,"{""comparison"": {""Close"": {""maximum_relative_change"": 0.0, ""overlap_rows"": 588}, ""Open"": {""maximum_relative_change"": 0.0, ""overlap_rows"": 588}, ""Volume"": {""maximum_relative_change"": 0.0, ""overlap_rows"": 588}}, ""missing_cached_dates"": {}, ""price_replacement"": ""accepted_provider_values"", ""provider_response"": ""replacement_responses/a697579011ecb2526f7cc643c7af248386d8d91f5cf9be9ef58b2400bc26206e.csv"", ""provider_response_sha256"": ""a697579011ecb2526f7cc643c7af248386d8d91f5cf9be9ef58b2400bc26206e"", ""review_reasons"": [], ""review_threshold"": 0.01}"
live,prices,NWL,yahoo,NWL,,,ok,2023-01-01,2026-05-06,838,2023-01-03,2026-05-06,2026-09-24T16:28:10.682873Z,yfinance,1.5.1,200,,,"{""comparison"": {}, ""missing_cached_dates"": {}, ""price_replacement"": ""accepted_provider_values"", ""provider_response"": ""replacement_responses/4b1494eca4a429bc45268eb625a222cb5af0ea273c550415dec31e1867952a41.csv"", ""provider_response_sha256"": ""4b1494eca4a429bc45268eb625a222cb5af0ea273c550415dec31e1867952a41"", ""review_reasons"": [], ""review_threshold"": 0.01}"
live,prices,NWS,yahoo,NWS,,,ok,2023-01-01,2026-05-06,838,2023-01-03,2026-05-06,2026-09-24T16:28:15.360373Z,yfinance,1.5.1,200,,,"{""comparison"": {""Close"": {""maximum_relative_change"": 0.0029996416046311424, ""overlap_rows"": 588}, ""Open"": {""maximum_relative_change"": 0.002999641604631174, ""overlap_rows"": 588}, ""Volume"": {""maximum_relative_change"": 0.0, ""overlap_rows"": 588}}, ""missing_cached_dates"": {}, ""price_replacement"": ""accepted_provider_values"", ""provider_response"": ""replacement_responses/803f26c754c54969b23ba244f0c1e1728c58bf747ad1f2097af710e552e6d61a.csv"", ""provider_response_sha256"": ""803f26c754c54969b23ba244f0c1e1728c58bf747ad1f2097af710e552e6d61a"", ""review_reasons"": [], ""review_threshold"": 0.01}"
live,prices,NWSA,yahoo,NWSA,,,ok,2023-01-01,2026-05-06,838,2023-01-03,2026-05-06,2026-09-24T16:28:17.933068Z,yfinance,1.5.1,200,,,"{""comparison"": {""Close"": {""maximum_relative_change"": 0.003353650863472321, ""overlap_rows"": 588}, ""Open"": {""maximum_relative_change"": 0.003353650863472266, ""overlap_rows"": 588}, ""Volume"": {""maximum_relative_change"": 0.0, ""overlap_rows"": 588}}, ""missing_cached_dates"": {}, ""price_replacement"": ""accepted_provider_values"", ""provider_response"": ""replacement_responses/100f945cdd0f4067f47ed5383d59708648cbc76eef8927a136b0fb2871e64301.csv"", ""provider_response_sha256"": ""100f945cdd0f4067f47ed5383d59708648cbc76eef8927a136b0fb2871e64301"", ""review_reasons"": [], ""review_threshold"": 0.01}"
live,prices,NXPI,yahoo,NXPI,,,ok,2023-01-01,2026-05-06,838,2023-01-03,2026-05-06,2026-09-24T16:28:21.400286Z,yfinance,1.5.1,200,,,"{""comparison"": {""Close"": {""maximum_relative_change"": 0.004480063035972726, ""overlap_rows"": 588}, ""Open"": {""maximum_relative_change"": 0.004480063035972766, ""overlap_rows"": 588}, ""Volume"": {""maximum_relative_change"": 0.0, ""overlap_rows"": 588}}, ""missing_cached_dates"": {}, ""price_replacement"": ""accepted_provider_values"", ""provider_response"": ""replacement_responses/8bf4f38f73e3daed00ab4789da62b0465030365f9d57506ec9e255652c601541.csv"", ""provider_response_sha256"": ""8bf4f38f73e3daed00ab4789da62b0465030365f9d57506ec9e255652c601541"", ""review_reasons"": [], ""review_threshold"": 0.01}"
live,prices,O,yahoo,O,,,ok,2023-01-01,2026-05-06,838,2023-01-03,2026-05-06,2026-09-24T16:28:24.535936Z,yfinance,1.5.1,200,,,"{""comparison"": {""Close"": {""maximum_relative_change"": 0.00856050890270851, ""overlap_rows"": 588}, ""Open"": {""maximum_relative_change"": 0.008560508902708422, ""overlap_rows"": 588}, ""Volume"": {""maximum_relative_change"": 0.0, ""overlap_rows"": 588}}, ""missing_cached_dates"": {}, ""price_replacement"": ""accepted_provider_values"", ""provider_response"": ""replacement_responses/bc40421581c50a106518be5628dbb4c1f97044ed99e5dfe6fa02419c6d502c53.csv"", ""provider_response_sha256"": ""bc40421581c50a106518be5628dbb4c1f97044ed99e5dfe6fa02419c6d502c53"", ""review_reasons"": [], ""review_threshold"": 0.01}"
live,prices,ODFL,yahoo,ODFL,,,ok,2023-01-01,2026-05-06,838,2023-01-03,2026-05-06,2026-09-24T16:28:28.803234Z,yfinance,1.5.1,200,,,"{""comparison"": {""Close"": {""maximum_relative_change"": 0.0015509990277106432, ""overlap_rows"": 588}, ""Open"": {""maximum_relative_change"": 0.0015509990277108774, ""overlap_rows"": 588}, ""Volume"": {""maximum_relative_change"": 0.0, ""overlap_rows"": 588}}, ""missing_cached_dates"": {}, ""price_replacement"": ""accepted_provider_values"", ""provider_response"": ""replacement_responses/b00dff890704442b4e3917e9af18e21c62bfc3b33c654d7639422f32041e46c2.csv"", ""provider_response_sha256"": ""b00dff890704442b4e3917e9af18e21c62bfc3b33c654d7639422f32041e46c2"", ""review_reasons"": [], ""review_threshold"": 0.01}"
live,prices,OGN,yahoo,OGN,,,ok,2023-01-01,2026-05-06,838,2023-01-03,2026-05-06,2026-09-24T16:28:32.501868Z,yfinance,1.5.1,200,,,"{""comparison"": {}, ""missing_cached_dates"": {}, ""price_replacement"": ""accepted_provider_values"", ""provider_response"": ""replacement_responses/616f3cf7e118690404358abe1643a9b4e2fc7f97b564aecbf49efcda53113572.csv"", ""provider_response_sha256"": ""616f3cf7e118690404358abe1643a9b4e2fc7f97b564aecbf49efcda53113572"", ""review_reasons"": [], ""review_threshold"": 0.01}"
live,prices,OKE,yahoo,OKE,,,ok,2023-01-01,2026-05-06,838,2023-01-03,2026-05-06,2026-09-24T16:28:36.704175Z,yfinance,1.5.1,,,,"{""approved_review_reasons"": [""Open revision 1.178% exceeds 1.0%"", ""Close revision 1.178% exceeds 1.0%""], ""comparison"": {""Close"": {""maximum_relative_change"": 0.011783185586953423, ""overlap_rows"": 588}, ""Open"": {""maximum_relative_change"": 0.011783185586953399, ""overlap_rows"": 588}, ""Volume"": {""maximum_relative_change"": 0.0, ""overlap_rows"": 588}}, ""missing_cached_dates"": {}, ""price_replacement"": ""accepted_provider_values"", ""provider_response"": ""replacement_responses/9adfa7e621497ff12aad003abc6453ea986e2e50ad14ac3414ba08be290fbd3b.csv"", ""provider_response_sha256"": ""9adfa7e621497ff12aad003abc6453ea986e2e50ad14ac3414ba08be290fbd3b"", ""review_approval"": {""approved_at_utc"": ""2026-09-24T21:36:40.013605Z"", ""authority"": ""User explicitly approved the existing held 1-2 percent revisions on 2026-09-24."", ""maximum_approved_relative_change"": 0.02, ""scope"": ""This saved provider response only; no global threshold change.""}, ""review_reasons"": [], ""review_threshold"": 0.01}"
live,prices,OMC,yahoo,OMC,,,ok,2023-01-01,2026-05-06,838,2023-01-03,2026-05-06,2026-09-24T16:28:40.141854Z,yfinance,1.5.1,,,,"{""approved_review_reasons"": [""Open revision 1.018% exceeds 1.0%"", ""Close revision 1.018% exceeds 1.0%""], ""comparison"": {""Close"": {""maximum_relative_change"": 0.010178440615257876, ""overlap_rows"": 588}, ""Open"": {""maximum_relative_change"": 0.010178440615257911, ""overlap_rows"": 588}, ""Volume"": {""maximum_relative_change"": 0.0, ""overlap_rows"": 588}}, ""missing_cached_dates"": {}, ""price_replacement"": ""accepted_provider_values"", ""provider_response"": ""replacement_responses/26b11b5e77c0abd06ff6a3bc56eb5801193c3b12d69a078f0daacde83add57b7.csv"", ""provider_response_sha256"": ""26b11b5e77c0abd06ff6a3bc56eb5801193c3b12d69a078f0daacde83add57b7"", ""review_approval"": {""approved_at_utc"": ""2026-09-24T21:36:40.013605Z"", ""authority"": ""User explicitly approved the existing held 1-2 percent revisions on 2026-09-24."", ""maximum_approved_relative_change"": 0.02, ""scope"": ""This saved provider response only; no global threshold change.""}, ""review_reasons"": [], ""review_threshold"": 0.01}"
live,prices,ON,yahoo,ON,,,ok,2023-01-01,2026-05-06,838,2023-01-03,2026-05-06,2026-09-24T16:28:43.169752Z,yfinance,1.5.1,200,,,"{""comparison"": {""Close"": {""maximum_relative_change"": 1.4096672016029198e-16, ""overlap_rows"": 588}, ""Open"": {""maximum_relative_change"": 1.5311771456766025e-16, ""overlap_rows"": 588}, ""Volume"": {""maximum_relative_change"": 0.0, ""overlap_rows"": 588}}, ""missing_cached_dates"": {}, ""price_replacement"": ""accepted_provider_values"", ""provider_response"": ""replacement_responses/9aeae68a17b49c91cf31680788dbf2a0fe4e78ba90eefc58cd1e2df21c74b297.csv"", ""provider_response_sha256"": ""9aeae68a17b49c91cf31680788dbf2a0fe4e78ba90eefc58cd1e2df21c74b297"", ""review_reasons"": [], ""review_threshold"": 0.01}"
live,prices,ORCL,yahoo,ORCL,,,ok,2023-01-01,2026-05-06,838,2023-01-03,2026-05-06,2026-09-24T16:28:46.276393Z,yfinance,1.5.1,200,,,"{""comparison"": {""Close"": {""maximum_relative_change"": 3.2989603656303755e-07, ""overlap_rows"": 588}, ""Open"": {""maximum_relative_change"": 3.2989603658256425e-07, ""overlap_rows"": 588}, ""Volume"": {""maximum_relative_change"": 0.0, ""overlap_rows"": 588}}, ""missing_cached_dates"": {}, ""price_replacement"": ""accepted_provider_values"", ""provider_response"": ""replacement_responses/fd5595f816a46327ed3efbfd57dc81fe9ff22bd6ff17ff959e43616b0a705d4a.csv"", ""provider_response_sha256"": ""fd5595f816a46327ed3efbfd57dc81fe9ff22bd6ff17ff959e43616b0a705d4a"", ""review_reasons"": [], ""review_threshold"": 0.01}"
live,prices,ORLY,yahoo,ORLY,,,ok,2023-01-01,2026-05-06,838,2023-01-03,2026-05-06,2026-09-24T16:28:50.514126Z,yfinance,1.5.1,200,,,"{""comparison"": {""Close"": {""maximum_relative_change"": 3.1115706397716886e-16, ""overlap_rows"": 588}, ""Open"": {""maximum_relative_change"": 3.1373309486944565e-16, ""overlap_rows"": 588}, ""Volume"": {""maximum_relative_change"": 0.0, ""overlap_rows"": 588}}, ""missing_cached_dates"": {}, ""price_replacement"": ""accepted_provider_values"", ""provider_response"": ""replacement_responses/a253c91f3bc77c3f92057c13676ed896e63104ed68bb00872fdaae0a66a8bcf1.csv"", ""provider_response_sha256"": ""a253c91f3bc77c3f92057c13676ed896e63104ed68bb00872fdaae0a66a8bcf1"", ""review_reasons"": [], ""review_threshold"": 0.01}"
live,prices,OTIS,yahoo,OTIS,,,ok,2023-01-01,2026-05-06,838,2023-01-03,2026-05-06,2026-09-24T16:28:54.358750Z,yfinance,1.5.1,200,,,"{""comparison"": {""Close"": {""maximum_relative_change"": 0.0060251869829801045, ""overlap_rows"": 588}, ""Open"": {""maximum_relative_change"": 0.006025186982980238, ""overlap_rows"": 588}, ""Volume"": {""maximum_relative_change"": 0.0, ""overlap_rows"": 588}}, ""missing_cached_dates"": {}, ""price_replacement"": ""accepted_provider_values"", ""provider_response"": ""replacement_responses/d67daf187b643866e4ea3ee4cdd2ec39693763cdebfa84b958fe58f749158031.csv"", ""provider_response_sha256"": ""d67daf187b643866e4ea3ee4cdd2ec39693763cdebfa84b958fe58f749158031"", ""review_reasons"": [], ""review_threshold"": 0.01}"
live,prices,OXY,yahoo,OXY,,,ok,2023-01-01,2026-05-06,838,2023-01-03,2026-05-06,2026-09-24T16:28:58.570600Z,yfinance,1.5.1,200,,,"{""comparison"": {""Close"": {""maximum_relative_change"": 0.004567958145967195, ""overlap_rows"": 588}, ""Open"": {""maximum_relative_change"": 0.004567958145967361, ""overlap_rows"": 588}, ""Volume"": {""maximum_relative_change"": 0.0, ""overlap_rows"": 588}}, ""missing_cached_dates"": {}, ""price_replacement"": ""accepted_provider_values"", ""provider_response"": ""replacement_responses/0740c24476c04a06c46a46f723abfa8f021ec889415cc0669050f26a7d0bdf0d.csv"", ""provider_response_sha256"": ""0740c24476c04a06c46a46f723abfa8f021ec889415cc0669050f26a7d0bdf0d"", ""review_reasons"": [], ""review_threshold"": 0.01}"
live,prices,PANW,yahoo,PANW,,,ok,2023-01-01,2026-05-06,838,2023-01-03,2026-05-06,2026-09-24T16:29:01.820247Z,yfinance,1.5.1,200,,,"{""comparison"": {""Close"": {""maximum_relative_change"": 1.5725190088853333e-16, ""overlap_rows"": 588}, ""Open"": {""maximum_relative_change"": 1.5776691864189207e-16, ""overlap_rows"": 588}, ""Volume"": {""maximum_relative_change"": 0.0, ""overlap_rows"": 588}}, ""missing_cached_dates"": {}, ""price_replacement"": ""accepted_provider_values"", ""provider_response"": ""replacement_responses/7880faba1b902262b7d4bfe5f9d5a7a4b7af2a601a36a85954bd35b75c239d01.csv"", ""provider_response_sha256"": ""7880faba1b902262b7d4bfe5f9d5a7a4b7af2a601a36a85954bd35b75c239d01"", ""review_reasons"": [], ""review_threshold"": 0.01}"
live,prices,PARA,yahoo,PARA,,,ok,2023-01-01,2026-05-06,838,2023-01-03,2026-05-06,2026-09-24T16:29:05.964368Z,yfinance,1.5.1,200,,,"{""comparison"": {}, ""missing_cached_dates"": {}, ""price_replacement"": ""accepted_provider_values"", ""provider_response"": ""replacement_responses/91d8e452f077fc31f0609f67f7ecae0c99d6dbad361a576f8673a6966d478c3f.csv"", ""provider_response_sha256"": ""91d8e452f077fc31f0609f67f7ecae0c99d6dbad361a576f8673a6966d478c3f"", ""review_reasons"": [], ""review_threshold"": 0.01}"
live,prices,PAYC,yahoo,PAYC,,,ok,2023-01-01,2026-05-06,838,2023-01-03,2026-05-06,2026-09-24T16:29:08.752495Z,yfinance,1.5.1,200,,,"{""comparison"": {""Close"": {""maximum_relative_change"": 0.0016373637087708022, ""overlap_rows"": 588}, ""Open"": {""maximum_relative_change"": 0.0016373637087707604, ""overlap_rows"": 588}, ""Volume"": {""maximum_relative_change"": 0.0, ""overlap_rows"": 588}}, ""missing_cached_dates"": {}, ""price_replacement"": ""accepted_provider_values"", ""provider_response"": ""replacement_responses/281ba69943ed267df41db5eeb808be164be2f854c836acb2b38aa3d1eeb636e6.csv"", ""provider_response_sha256"": ""281ba69943ed267df41db5eeb808be164be2f854c836acb2b38aa3d1eeb636e6"", ""review_reasons"": [], ""review_threshold"": 0.01}"
live,prices,PAYX,yahoo,PAYX,,,ok,2023-01-01,2026-05-06,838,2023-01-03,2026-05-06,2026-09-24T16:29:13.164911Z,yfinance,1.5.1,200,,,"{""comparison"": {""Close"": {""maximum_relative_change"": 2.3920535025822816e-07, ""overlap_rows"": 588}, ""Open"": {""maximum_relative_change"": 2.3920535031388246e-07, ""overlap_rows"": 588}, ""Volume"": {""maximum_relative_change"": 0.0, ""overlap_rows"": 588}}, ""missing_cached_dates"": {}, ""price_replacement"": ""accepted_provider_values"", ""provider_response"": ""replacement_responses/4dfbcf8920582b87985904b3c23cf6ad68109800599e086ecb6a3062c720f79d.csv"", ""provider_response_sha256"": ""4dfbcf8920582b87985904b3c23cf6ad68109800599e086ecb6a3062c720f79d"", ""review_reasons"": [], ""review_threshold"": 0.01}"
live,prices,PCAR,yahoo,PCAR,,,ok,2023-01-01,2026-05-06,838,2023-01-03,2026-05-06,2026-09-24T16:29:17.795709Z,yfinance,1.5.1,200,,,"{""comparison"": {""Close"": {""maximum_relative_change"": 0.002641183900202377, ""overlap_rows"": 588}, ""Open"": {""maximum_relative_change"": 0.002641183900202259, ""overlap_rows"": 588}, ""Volume"": {""maximum_relative_change"": 0.0, ""overlap_rows"": 588}}, ""missing_cached_dates"": {}, ""price_replacement"": ""accepted_provider_values"", ""provider_response"": ""replacement_responses/6dd434268719456eefd8c60e58d765fd5fa7e3888888a77af14e5a12ffc10f49.csv"", ""provider_response_sha256"": ""6dd434268719456eefd8c60e58d765fd5fa7e3888888a77af14e5a12ffc10f49"", ""review_reasons"": [], ""review_threshold"": 0.01}"
live,prices,PCG,yahoo,PCG,,,ok,2023-01-01,2026-05-06,838,2023-01-03,2026-05-06,2026-09-24T16:29:22.152209Z,yfinance,1.5.1,200,,,"{""comparison"": {""Close"": {""maximum_relative_change"": 4.739266863851763e-07, ""overlap_rows"": 588}, ""Open"": {""maximum_relative_change"": 4.7392668640711035e-07, ""overlap_rows"": 588}, ""Volume"": {""maximum_relative_change"": 0.0, ""overlap_rows"": 588}}, ""missing_cached_dates"": {}, ""price_replacement"": ""accepted_provider_values"", ""provider_response"": ""replacement_responses/77f60f7d28d96fcd3933ff81182e9e0e2f2d17b1bddf2fa0776082cb9eb2072b.csv"", ""provider_response_sha256"": ""77f60f7d28d96fcd3933ff81182e9e0e2f2d17b1bddf2fa0776082cb9eb2072b"", ""review_reasons"": [], ""review_threshold"": 0.01}"
live,prices,PEAK,yahoo,DOC,,,ok,2023-01-01,2026-05-06,838,2023-01-03,2026-05-06,2026-09-24T16:29:26.519504Z,yfinance,1.5.1,200,,,"{""comparison"": {""Close"": {""maximum_relative_change"": 6.733838954854324e-07, ""overlap_rows"": 838}, ""Open"": {""maximum_relative_change"": 6.733838956628904e-07, ""overlap_rows"": 838}, ""Volume"": {""maximum_relative_change"": 0.0, ""overlap_rows"": 838}}, ""missing_cached_dates"": {}, ""price_replacement"": ""accepted_provider_values"", ""provider_response"": ""replacement_responses/bf9eab0490809ad048a42a3ddf2d0be6abd7cc9b48a6e47e5e04365307da5852.csv"", ""provider_response_sha256"": ""bf9eab0490809ad048a42a3ddf2d0be6abd7cc9b48a6e47e5e04365307da5852"", ""review_reasons"": [], ""review_threshold"": 0.01}"
live,prices,PEG,yahoo,PEG,,,ok,2023-01-01,2026-05-06,838,2023-01-03,2026-05-06,2026-09-24T16:29:29.971838Z,yfinance,1.5.1,200,,,"{""comparison"": {""Close"": {""maximum_relative_change"": 0.009025167728085261, ""overlap_rows"": 588}, ""Open"": {""maximum_relative_change"": 0.009025167728085112, ""overlap_rows"": 588}, ""Volume"": {""maximum_relative_change"": 0.0, ""overlap_rows"": 588}}, ""missing_cached_dates"": {}, ""price_replacement"": ""accepted_provider_values"", ""provider_response"": ""replacement_responses/eee0b6e29207e28e8ea0e494d04bbc66f593c6af31cc7060e8d2a27a4d1d2fbe.csv"", ""provider_response_sha256"": ""eee0b6e29207e28e8ea0e494d04bbc66f593c6af31cc7060e8d2a27a4d1d2fbe"", ""review_reasons"": [], ""review_threshold"": 0.01}"
live,prices,PEP,yahoo,PEP,,,ok,2023-01-01,2026-05-06,838,2023-01-03,2026-05-06,2026-09-24T16:29:32.724462Z,yfinance,1.5.1,,,,"{""approved_review_reasons"": [""Open revision 1.057% exceeds 1.0%"", ""Close revision 1.057% exceeds 1.0%""], ""comparison"": {""Close"": {""maximum_relative_change"": 0.010570261506542526, ""overlap_rows"": 588}, ""Open"": {""maximum_relative_change"": 0.01057026150654266, ""overlap_rows"": 588}, ""Volume"": {""maximum_relative_change"": 0.0, ""overlap_rows"": 588}}, ""missing_cached_dates"": {}, ""price_replacement"": ""accepted_provider_values"", ""provider_response"": ""replacement_responses/98793b3b451349fbcc9e9d6111cdf76b3604e83b5495925a15c4ebc8e9fd0023.csv"", ""provider_response_sha256"": ""98793b3b451349fbcc9e9d6111cdf76b3604e83b5495925a15c4ebc8e9fd0023"", ""review_approval"": {""approved_at_utc"": ""2026-09-24T21:36:40.013605Z"", ""authority"": ""User explicitly approved the existing held 1-2 percent revisions on 2026-09-24."", ""maximum_approved_relative_change"": 0.02, ""scope"": ""This saved provider response only; no global threshold change.""}, ""review_reasons"": [], ""review_threshold"": 0.01}"
live,prices,PFE,yahoo,PFE,,,ok,2023-01-01,2026-05-06,838,2023-01-03,2026-05-06,2026-09-24T16:29:35.426705Z,yfinance,1.5.1,200,,,"{""comparison"": {""Close"": {""maximum_relative_change"": 2.484476370517911e-07, ""overlap_rows"": 588}, ""Open"": {""maximum_relative_change"": 2.484476369448415e-07, ""overlap_rows"": 588}, ""Volume"": {""maximum_relative_change"": 0.0, ""overlap_rows"": 588}}, ""missing_cached_dates"": {}, ""price_replacement"": ""accepted_provider_values"", ""provider_response"": ""replacement_responses/90156180f8bfda9e8696c7b221e588c2d4e51b17844a613d01a1c286549c409a.csv"", ""provider_response_sha256"": ""90156180f8bfda9e8696c7b221e588c2d4e51b17844a613d01a1c286549c409a"", ""review_reasons"": [], ""review_threshold"": 0.01}"
live,prices,PFG,yahoo,PFG,,,ok,2023-01-01,2026-05-06,838,2023-01-03,2026-05-06,2026-09-24T16:29:39.648165Z,yfinance,1.5.1,200,,,"{""comparison"": {""Close"": {""maximum_relative_change"": 0.007546794300359796, ""overlap_rows"": 588}, ""Open"": {""maximum_relative_change"": 0.007546794300359799, ""overlap_rows"": 588}, ""Volume"": {""maximum_relative_change"": 0.0, ""overlap_rows"": 588}}, ""missing_cached_dates"": {}, ""price_replacement"": ""accepted_provider_values"", ""provider_response"": ""replacement_responses/944b59ea6208868ceed017b4ca4438fde06cb0350308d60435361c38d5c3f483.csv"", ""provider_response_sha256"": ""944b59ea6208868ceed017b4ca4438fde06cb0350308d60435361c38d5c3f483"", ""review_reasons"": [], ""review_threshold"": 0.01}"
live,prices,PG,yahoo,PG,,,ok,2023-01-01,2026-05-06,838,2023-01-03,2026-05-06,2026-09-24T16:29:42.684905Z,yfinance,1.5.1,200,,,"{""comparison"": {""Close"": {""maximum_relative_change"": 3.270704787821204e-07, ""overlap_rows"": 588}, ""Open"": {""maximum_relative_change"": 3.270704787235055e-07, ""overlap_rows"": 588}, ""Volume"": {""maximum_relative_change"": 0.0, ""overlap_rows"": 588}}, ""missing_cached_dates"": {}, ""price_replacement"": ""accepted_provider_values"", ""provider_response"": ""replacement_responses/9bbca057345932f7e02ed5eac746bcf4f63f5795f88e31277b0a9885db3f2b88.csv"", ""provider_response_sha256"": ""9bbca057345932f7e02ed5eac746bcf4f63f5795f88e31277b0a9885db3f2b88"", ""review_reasons"": [], ""review_threshold"": 0.01}"
live,prices,PGR,yahoo,PGR,,,ok,2023-01-01,2026-05-06,838,2023-01-03,2026-05-06,2026-09-24T16:29:46.354731Z,yfinance,1.5.1,200,,,"{""comparison"": {""Close"": {""maximum_relative_change"": 2.73330488266651e-07, ""overlap_rows"": 588}, ""Open"": {""maximum_relative_change"": 2.7333048820609746e-07, ""overlap_rows"": 588}, ""Volume"": {""maximum_relative_change"": 0.0, ""overlap_rows"": 588}}, ""missing_cached_dates"": {}, ""price_replacement"": ""accepted_provider_values"", ""provider_response"": ""replacement_responses/8fcf8d670842ce5c4160c8ca071b67ac58c94130013faa84233e13722e314535.csv"", ""provider_response_sha256"": ""8fcf8d670842ce5c4160c8ca071b67ac58c94130013faa84233e13722e314535"", ""review_reasons"": [], ""review_threshold"": 0.01}"
live,prices,PH,yahoo,PH,,,ok,2023-01-01,2026-05-06,838,2023-01-03,2026-05-06,2026-09-24T16:29:50.605661Z,yfinance,1.5.1,200,,,"{""comparison"": {""Close"": {""maximum_relative_change"": 0.0020103707541797118, ""overlap_rows"": 588}, ""Open"": {""maximum_relative_change"": 0.0020103707541796077, ""overlap_rows"": 588}, ""Volume"": {""maximum_relative_change"": 0.0, ""overlap_rows"": 588}}, ""missing_cached_dates"": {}, ""price_replacement"": ""accepted_provider_values"", ""provider_response"": ""replacement_responses/f8bf67b70c42c6f3365983df914ab0089e8ec0b809bc061576619255d9858abe.csv"", ""provider_response_sha256"": ""f8bf67b70c42c6f3365983df914ab0089e8ec0b809bc061576619255d9858abe"", ""review_reasons"": [], ""review_threshold"": 0.01}"
live,prices,PHM,yahoo,PHM,,,ok,2023-01-01,2026-05-06,838,2023-01-03,2026-05-06,2026-09-24T16:29:55.129987Z,yfinance,1.5.1,200,,,"{""comparison"": {""Close"": {""maximum_relative_change"": 0.002186240104537458, ""overlap_rows"": 588}, ""Open"": {""maximum_relative_change"": 0.0021862401045374532, ""overlap_rows"": 588}, ""Volume"": {""maximum_relative_change"": 0.0, ""overlap_rows"": 588}}, ""missing_cached_dates"": {}, ""price_replacement"": ""accepted_provider_values"", ""provider_response"": ""replacement_responses/fcaaea8c3ccc9c13840981744b6ec26f9cfbccaea5a4463e8d94f6496e1bb4de.csv"", ""provider_response_sha256"": ""fcaaea8c3ccc9c13840981744b6ec26f9cfbccaea5a4463e8d94f6496e1bb4de"", ""review_reasons"": [], ""review_threshold"": 0.01}"
live,prices,PKG,yahoo,PKG,,,ok,2023-01-01,2026-05-06,838,2023-01-03,2026-05-06,2026-09-24T16:29:58.930074Z,yfinance,1.5.1,200,,,"{""comparison"": {""Close"": {""maximum_relative_change"": 0.006430873824183275, ""overlap_rows"": 588}, ""Open"": {""maximum_relative_change"": 0.006430873824183222, ""overlap_rows"": 588}, ""Volume"": {""maximum_relative_change"": 0.0, ""overlap_rows"": 588}}, ""missing_cached_dates"": {}, ""price_replacement"": ""accepted_provider_values"", ""provider_response"": ""replacement_responses/664db7c2cfbd365c923153f23282799c57737dde01eedf2b279c80f1b293a892.csv"", ""provider_response_sha256"": ""664db7c2cfbd365c923153f23282799c57737dde01eedf2b279c80f1b293a892"", ""review_reasons"": [], ""review_threshold"": 0.01}"
live,prices,PKI,yahoo,RVTY,,,ok,2023-01-01,2026-05-06,838,2023-01-03,2026-05-06,2026-09-24T16:30:02.385850Z,yfinance,1.5.1,200,,,"{""comparison"": {""Close"": {""maximum_relative_change"": 2.2573399100179166e-07, ""overlap_rows"": 588}, ""Open"": {""maximum_relative_change"": 2.257339909437214e-07, ""overlap_rows"": 588}, ""Volume"": {""maximum_relative_change"": 0.0, ""overlap_rows"": 588}}, ""missing_cached_dates"": {}, ""price_replacement"": ""accepted_provider_values"", ""provider_response"": ""replacement_responses/2f92e82c9f8d8efd190fa2e777e7d799f979d42393bdde54c383f53abe3efe2a.csv"", ""provider_response_sha256"": ""2f92e82c9f8d8efd190fa2e777e7d799f979d42393bdde54c383f53abe3efe2a"", ""review_reasons"": [], ""review_threshold"": 0.01}"
live,prices,PLD,yahoo,PLD,,,ok,2023-01-01,2026-05-06,838,2023-01-03,2026-05-06,2026-09-24T16:30:05.962211Z,yfinance,1.5.1,200,,,"{""comparison"": {""Close"": {""maximum_relative_change"": 0.007877168189085708, ""overlap_rows"": 588}, ""Open"": {""maximum_relative_change"": 0.007877168189085747, ""overlap_rows"": 588}, ""Volume"": {""maximum_relative_change"": 0.0, ""overlap_rows"": 588}}, ""missing_cached_dates"": {}, ""price_replacement"": ""accepted_provider_values"", ""provider_response"": ""replacement_responses/0474e797f16954840662d8698c3f69f5e3c6334eab1a2f4b1b555f256ec969bf.csv"", ""provider_response_sha256"": ""0474e797f16954840662d8698c3f69f5e3c6334eab1a2f4b1b555f256ec969bf"", ""review_reasons"": [], ""review_threshold"": 0.01}"
live,prices,PLTR,yahoo,PLTR,,,ok,2023-01-01,2026-05-06,838,2023-01-03,2026-05-06,2026-09-24T16:30:09.374733Z,yfinance,1.5.1,200,,,"{""comparison"": {""Close"": {""maximum_relative_change"": 1.6805647026367216e-16, ""overlap_rows"": 588}, ""Open"": {""maximum_relative_change"": 1.6609227583801684e-16, ""overlap_rows"": 588}, ""Volume"": {""maximum_relative_change"": 0.0, ""overlap_rows"": 588}}, ""missing_cached_dates"": {}, ""price_replacement"": ""accepted_provider_values"", ""provider_response"": ""replacement_responses/1825f3fd68c922ee3ba6ef19452b68db381949e9cb0ed4656f70842c9f2f8a1d.csv"", ""provider_response_sha256"": ""1825f3fd68c922ee3ba6ef19452b68db381949e9cb0ed4656f70842c9f2f8a1d"", ""review_reasons"": [], ""review_threshold"": 0.01}"
live,prices,PM,yahoo,PM,,,ok,2023-01-01,2026-05-06,838,2023-01-03,2026-05-06,2026-09-24T16:30:13.930406Z,yfinance,1.5.1,200,,,"{""comparison"": {""Close"": {""maximum_relative_change"": 2.7684808090755966e-07, ""overlap_rows"": 588}, ""Open"": {""maximum_relative_change"": 2.7684808085837823e-07, ""overlap_rows"": 588}, ""Volume"": {""maximum_relative_change"": 0.0, ""overlap_rows"": 588}}, ""missing_cached_dates"": {}, ""price_replacement"": ""accepted_provider_values"", ""provider_response"": ""replacement_responses/e67a6878b845da22bdfe72cc36b64151454f9b911ff4e87717c1771de48f7dd2.csv"", ""provider_response_sha256"": ""e67a6878b845da22bdfe72cc36b64151454f9b911ff4e87717c1771de48f7dd2"", ""review_reasons"": [], ""review_threshold"": 0.01}"
live,prices,PNC,yahoo,PNC,,,ok,2023-01-01,2026-05-06,838,2023-01-03,2026-05-06,2026-09-24T16:30:18.203112Z,yfinance,1.5.1,200,,,"{""comparison"": {""Close"": {""maximum_relative_change"": 3.2123604778150636e-07, ""overlap_rows"": 588}, ""Open"": {""maximum_relative_change"": 3.2123604783264397e-07, ""overlap_rows"": 588}, ""Volume"": {""maximum_relative_change"": 0.0, ""overlap_rows"": 588}}, ""missing_cached_dates"": {}, ""price_replacement"": ""accepted_provider_values"", ""provider_response"": ""replacement_responses/d8e579d072bdc681e66d96c9c89cfcdc52bafa79045da56e827bbbe4bf912ab4.csv"", ""provider_response_sha256"": ""d8e579d072bdc681e66d96c9c89cfcdc52bafa79045da56e827bbbe4bf912ab4"", ""review_reasons"": [], ""review_threshold"": 0.01}"
live,prices,PNR,yahoo,PNR,,,ok,2023-01-01,2026-05-06,838,2023-01-03,2026-05-06,2026-09-24T16:30:22.206396Z,yfinance,1.5.1,200,,,"{""comparison"": {""Close"": {""maximum_relative_change"": 3.1543794299973284e-07, ""overlap_rows"": 588}, ""Open"": {""maximum_relative_change"": 3.154379429319173e-07, ""overlap_rows"": 588}, ""Volume"": {""maximum_relative_change"": 0.0, ""overlap_rows"": 588}}, ""missing_cached_dates"": {}, ""price_replacement"": ""accepted_provider_values"", ""provider_response"": ""replacement_responses/b78c4bcd81058072d3c7ad9bdda42fff4116521c9b73183d946b8dc9ecebfd6f.csv"", ""provider_response_sha256"": ""b78c4bcd81058072d3c7ad9bdda42fff4116521c9b73183d946b8dc9ecebfd6f"", ""review_reasons"": [], ""review_threshold"": 0.01}"
live,prices,PNW,yahoo,PNW,,,ok,2023-01-01,2026-05-06,838,2023-01-03,2026-05-06,2026-09-24T16:30:25.681832Z,yfinance,1.5.1,200,,,"{""comparison"": {""Close"": {""maximum_relative_change"": 0.009011131485301378, ""overlap_rows"": 588}, ""Open"": {""maximum_relative_change"": 0.009011131485301319, ""overlap_rows"": 588}, ""Volume"": {""maximum_relative_change"": 0.0, ""overlap_rows"": 588}}, ""missing_cached_dates"": {}, ""price_replacement"": ""accepted_provider_values"", ""provider_response"": ""replacement_responses/11fe9542cebc9f73033ddbcaba8ef2be7725a20c8d935573081bb046d8144810.csv"", ""provider_response_sha256"": ""11fe9542cebc9f73033ddbcaba8ef2be7725a20c8d935573081bb046d8144810"", ""review_reasons"": [], ""review_threshold"": 0.01}"
live,prices,PODD,yahoo,PODD,,,ok,2023-01-01,2026-05-06,838,2023-01-03,2026-05-06,2026-09-24T16:30:29.591258Z,yfinance,1.5.1,200,,,"{""comparison"": {""Close"": {""maximum_relative_change"": 1.530847186781807e-16, ""overlap_rows"": 588}, ""Open"": {""maximum_relative_change"": 1.569393068609746e-16, ""overlap_rows"": 588}, ""Volume"": {""maximum_relative_change"": 0.0, ""overlap_rows"": 588}}, ""missing_cached_dates"": {}, ""price_replacement"": ""accepted_provider_values"", ""provider_response"": ""replacement_responses/7417d09337befbd81be4755f4a535c1f1f0b9e997876662bd2d47263c6ff13ed.csv"", ""provider_response_sha256"": ""7417d09337befbd81be4755f4a535c1f1f0b9e997876662bd2d47263c6ff13ed"", ""review_reasons"": [], ""review_threshold"": 0.01}"
live,prices,POOL,yahoo,POOL,,,ok,2023-01-01,2026-05-06,838,2023-01-03,2026-05-06,2026-09-24T16:30:33.162632Z,yfinance,1.5.1,200,,,"{""comparison"": {""Close"": {""maximum_relative_change"": 0.006519598078743105, ""overlap_rows"": 588}, ""Open"": {""maximum_relative_change"": 0.006519598078743034, ""overlap_rows"": 588}, ""Volume"": {""maximum_relative_change"": 0.0, ""overlap_rows"": 588}}, ""missing_cached_dates"": {}, ""price_replacement"": ""accepted_provider_values"", ""provider_response"": ""replacement_responses/6bace8bde269c1b2038dc293d55a6f6a336821d69bd805ef04818d9860bd8637.csv"", ""provider_response_sha256"": ""6bace8bde269c1b2038dc293d55a6f6a336821d69bd805ef04818d9860bd8637"", ""review_reasons"": [], ""review_threshold"": 0.01}"
live,prices,PPG,yahoo,PPG,,,ok,2023-01-01,2026-05-06,838,2023-01-03,2026-05-06,2026-09-24T16:30:37.685507Z,yfinance,1.5.1,200,,,"{""comparison"": {""Close"": {""maximum_relative_change"": 0.006181581557398483, ""overlap_rows"": 588}, ""Open"": {""maximum_relative_change"": 0.006181581557398539, ""overlap_rows"": 588}, ""Volume"": {""maximum_relative_change"": 0.0, ""overlap_rows"": 588}}, ""missing_cached_dates"": {}, ""price_replacement"": ""accepted_provider_values"", ""provider_response"": ""replacement_responses/7c64f9f0489353a2a4c747f21c2d5a95f1bc2b0a156724ba1691b59613ae0582.csv"", ""provider_response_sha256"": ""7c64f9f0489353a2a4c747f21c2d5a95f1bc2b0a156724ba1691b59613ae0582"", ""review_reasons"": [], ""review_threshold"": 0.01}"
live,prices,PPL,yahoo,PPL,,,ok,2023-01-01,2026-05-06,838,2023-01-03,2026-05-06,2026-09-24T16:30:40.512469Z,yfinance,1.5.1,200,,,"{""comparison"": {""Close"": {""maximum_relative_change"": 0.0082491928880948, ""overlap_rows"": 588}, ""Open"": {""maximum_relative_change"": 0.008249192888094954, ""overlap_rows"": 588}, ""Volume"": {""maximum_relative_change"": 0.0, ""overlap_rows"": 588}}, ""missing_cached_dates"": {}, ""price_replacement"": ""accepted_provider_values"", ""provider_response"": ""replacement_responses/0ff92fb8565bfb32babbb48672291a8f667084a5fb34c34e94b3a7e10bc55d4e.csv"", ""provider_response_sha256"": ""0ff92fb8565bfb32babbb48672291a8f667084a5fb34c34e94b3a7e10bc55d4e"", ""review_reasons"": [], ""review_threshold"": 0.01}"
live,prices,PRU,yahoo,PRU,,,ok,2023-01-01,2026-05-06,838,2023-01-03,2026-05-06,2026-09-24T16:30:44.589441Z,yfinance,1.5.1,,,,"{""approved_review_reasons"": [""Open revision 1.141% exceeds 1.0%"", ""Close revision 1.141% exceeds 1.0%""], ""comparison"": {""Close"": {""maximum_relative_change"": 0.011413020764683, ""overlap_rows"": 588}, ""Open"": {""maximum_relative_change"": 0.01141302076468298, ""overlap_rows"": 588}, ""Volume"": {""maximum_relative_change"": 0.0, ""overlap_rows"": 588}}, ""missing_cached_dates"": {}, ""price_replacement"": ""accepted_provider_values"", ""provider_response"": ""replacement_responses/63d2d40083b7dbd2306a5f1531e8fa131db13e6e09a857f1beb72a81b1ca1075.csv"", ""provider_response_sha256"": ""63d2d40083b7dbd2306a5f1531e8fa131db13e6e09a857f1beb72a81b1ca1075"", ""review_approval"": {""approved_at_utc"": ""2026-09-24T21:36:40.013605Z"", ""authority"": ""User explicitly approved the existing held 1-2 percent revisions on 2026-09-24."", ""maximum_approved_relative_change"": 0.02, ""scope"": ""This saved provider response only; no global threshold change.""}, ""review_reasons"": [], ""review_threshold"": 0.01}"
live,prices,PSA,yahoo,PSA,,,ok,2023-01-01,2026-05-06,838,2023-01-03,2026-05-06,2026-09-24T16:30:47.612980Z,yfinance,1.5.1,,,,"{""approved_review_reasons"": [""Open revision 1.016% exceeds 1.0%"", ""Close revision 1.016% exceeds 1.0%""], ""comparison"": {""Close"": {""maximum_relative_change"": 0.010156168333266324, ""overlap_rows"": 588}, ""Open"": {""maximum_relative_change"": 0.010156168333266307, ""overlap_rows"": 588}, ""Volume"": {""maximum_relative_change"": 0.0, ""overlap_rows"": 588}}, ""missing_cached_dates"": {}, ""price_replacement"": ""accepted_provider_values"", ""provider_response"": ""replacement_responses/7ac7701d89ad168669344a1bcd27edd12887ae35ba2814d2e07b8261881e28af.csv"", ""provider_response_sha256"": ""7ac7701d89ad168669344a1bcd27edd12887ae35ba2814d2e07b8261881e28af"", ""review_approval"": {""approved_at_utc"": ""2026-09-24T21:36:40.013605Z"", ""authority"": ""User explicitly approved the existing held 1-2 percent revisions on 2026-09-24."", ""maximum_approved_relative_change"": 0.02, ""scope"": ""This saved provider response only; no global threshold change.""}, ""review_reasons"": [], ""review_threshold"": 0.01}"
live,prices,PSKY,yahoo,PSKY,,,ok,2023-01-01,2026-05-06,838,2023-01-03,2026-05-06,2026-09-24T16:30:50.957631Z,yfinance,1.5.1,200,,,"{""comparison"": {""Close"": {""maximum_relative_change"": 0.004600015354249431, ""overlap_rows"": 588}, ""Open"": {""maximum_relative_change"": 0.0046000153542497, ""overlap_rows"": 588}, ""Volume"": {""maximum_relative_change"": 0.0, ""overlap_rows"": 588}}, ""missing_cached_dates"": {}, ""price_replacement"": ""accepted_provider_values"", ""provider_response"": ""replacement_responses/6315c7bf32a351e0b8ad9ce2ce9263561d6def503592f6e018b4f9d0620b835d.csv"", ""provider_response_sha256"": ""6315c7bf32a351e0b8ad9ce2ce9263561d6def503592f6e018b4f9d0620b835d"", ""review_reasons"": [], ""review_threshold"": 0.01}"
live,prices,PSX,yahoo,PSX,,,ok,2023-01-01,2026-05-06,838,2023-01-03,2026-05-06,2026-09-24T16:30:54.640041Z,yfinance,1.5.1,200,,,"{""comparison"": {""Close"": {""maximum_relative_change"": 0.0052798625172403675, ""overlap_rows"": 588}, ""Open"": {""maximum_relative_change"": 0.005279862517240377, ""overlap_rows"": 588}, ""Volume"": {""maximum_relative_change"": 0.0, ""overlap_rows"": 588}}, ""missing_cached_dates"": {}, ""price_replacement"": ""accepted_provider_values"", ""provider_response"": ""replacement_responses/a335e2d8bcb8e557095419334778a72a0a9591245400046d4eefbb02149ad07f.csv"", ""provider_response_sha256"": ""a335e2d8bcb8e557095419334778a72a0a9591245400046d4eefbb02149ad07f"", ""review_reasons"": [], ""review_threshold"": 0.01}"
live,prices,PTC,yahoo,PTC,,,ok,2023-01-01,2026-05-06,838,2023-01-03,2026-05-06,2026-09-24T16:30:57.840988Z,yfinance,1.5.1,200,,,"{""comparison"": {""Close"": {""maximum_relative_change"": 1.5733025403084233e-16, ""overlap_rows"": 588}, ""Open"": {""maximum_relative_change"": 1.575482837694147e-16, ""overlap_rows"": 588}, ""Volume"": {""maximum_relative_change"": 0.0, ""overlap_rows"": 588}}, ""missing_cached_dates"": {}, ""price_replacement"": ""accepted_provider_values"", ""provider_response"": ""replacement_responses/5232cc720fff7560e25b693e8e94e40f4fc8da601aa8809834b1477574f85d2b.csv"", ""provider_response_sha256"": ""5232cc720fff7560e25b693e8e94e40f4fc8da601aa8809834b1477574f85d2b"", ""review_reasons"": [], ""review_threshold"": 0.01}"
live,prices,PWR,yahoo,PWR,,,ok,2023-01-01,2026-05-06,838,2023-01-03,2026-05-06,2026-09-24T16:31:01.475908Z,yfinance,1.5.1,200,,,"{""comparison"": {""Close"": {""maximum_relative_change"": 3.484919186466525e-07, ""overlap_rows"": 588}, ""Open"": {""maximum_relative_change"": 3.4849191868086757e-07, ""overlap_rows"": 588}, ""Volume"": {""maximum_relative_change"": 0.0, ""overlap_rows"": 588}}, ""missing_cached_dates"": {}, ""price_replacement"": ""accepted_provider_values"", ""provider_response"": ""replacement_responses/cbe4a2fed919971b035ea9eb3c1e7dc33512923ed1dba8429669f793fbc98947.csv"", ""provider_response_sha256"": ""cbe4a2fed919971b035ea9eb3c1e7dc33512923ed1dba8429669f793fbc98947"", ""review_reasons"": [], ""review_threshold"": 0.01}"
live,prices,PXD,yahoo,PXD,,,failed,2023-01-01,2026-05-06,0,,,2026-09-24T16:31:16.916223Z,yfinance,1.5.1,,RetryableProviderError,Yahoo returned an empty response for PXD; absence was not confirmed,
live,prices,PYPL,yahoo,PYPL,,,ok,2023-01-01,2026-05-06,838,2023-01-03,2026-05-06,2026-09-24T16:31:19.136581Z,yfinance,1.5.1,200,,,"{""comparison"": {""Close"": {""maximum_relative_change"": 0.0024641147484338317, ""overlap_rows"": 588}, ""Open"": {""maximum_relative_change"": 0.0024641147484337927, ""overlap_rows"": 588}, ""Volume"": {""maximum_relative_change"": 0.0, ""overlap_rows"": 588}}, ""missing_cached_dates"": {}, ""price_replacement"": ""accepted_provider_values"", ""provider_response"": ""replacement_responses/a4e310def3c253ff4bbc4631ac81f01c83bdd6187c5184476f72000c9213ab46.csv"", ""provider_response_sha256"": ""a4e310def3c253ff4bbc4631ac81f01c83bdd6187c5184476f72000c9213ab46"", ""review_reasons"": [], ""review_threshold"": 0.01}"
live,prices,Q,yahoo,Q,,,ok,2023-01-01,2026-05-06,132,2025-10-27,2026-05-06,2026-09-24T16:31:22.230174Z,yfinance,1.5.1,200,,,"{""comparison"": {""Close"": {""maximum_relative_change"": 0.0006653987350892512, ""overlap_rows"": 132}, ""Open"": {""maximum_relative_change"": 0.0006653987350892516, ""overlap_rows"": 132}, ""Volume"": {""maximum_relative_change"": 0.0, ""overlap_rows"": 132}}, ""missing_cached_dates"": {}, ""price_replacement"": ""accepted_provider_values"", ""provider_response"": ""replacement_responses/303a78fb68580c06f1b9fa5153d091c14a993fbfd3133b1d8e12aeb7bc31b194.csv"", ""provider_response_sha256"": ""303a78fb68580c06f1b9fa5153d091c14a993fbfd3133b1d8e12aeb7bc31b194"", ""review_reasons"": [], ""review_threshold"": 0.01}"
live,prices,QCOM,yahoo,QCOM,,,ok,2023-01-01,2026-05-06,838,2023-01-03,2026-05-06,2026-09-24T16:31:25.429143Z,yfinance,1.5.1,200,,,"{""comparison"": {""Close"": {""maximum_relative_change"": 0.005413313277661112, ""overlap_rows"": 588}, ""Open"": {""maximum_relative_change"": 0.0054133132776611375, ""overlap_rows"": 588}, ""Volume"": {""maximum_relative_change"": 0.0, ""overlap_rows"": 588}}, ""missing_cached_dates"": {}, ""price_replacement"": ""accepted_provider_values"", ""provider_response"": ""replacement_responses/1fd702b20a3cd6eb760b3d691770bb111ee40ce26976df9f9113c7ba79a668fc.csv"", ""provider_response_sha256"": ""1fd702b20a3cd6eb760b3d691770bb111ee40ce26976df9f9113c7ba79a668fc"", ""review_reasons"": [], ""review_threshold"": 0.01}"
live,prices,QRVO,yahoo,QRVO,,,ok,2023-01-01,2026-05-06,838,2023-01-03,2026-05-06,2026-09-24T16:31:29.834316Z,yfinance,1.5.1,200,,,"{""comparison"": {}, ""missing_cached_dates"": {}, ""price_replacement"": ""accepted_provider_values"", ""provider_response"": ""replacement_responses/a76215cc9640956ce95610814342bd1c4a3d4eb5e70df72001a592c43bfd9435.csv"", ""provider_response_sha256"": ""a76215cc9640956ce95610814342bd1c4a3d4eb5e70df72001a592c43bfd9435"", ""review_reasons"": [], ""review_threshold"": 0.01}"
live,prices,RCL,yahoo,RCL,,,ok,2023-01-01,2026-05-06,838,2023-01-03,2026-05-06,2026-09-24T16:31:33.167410Z,yfinance,1.5.1,200,,,"{""comparison"": {""Close"": {""maximum_relative_change"": 0.005907672269719688, ""overlap_rows"": 588}, ""Open"": {""maximum_relative_change"": 0.0059076722697196035, ""overlap_rows"": 588}, ""Volume"": {""maximum_relative_change"": 0.0, ""overlap_rows"": 588}}, ""missing_cached_dates"": {}, ""price_replacement"": ""accepted_provider_values"", ""provider_response"": ""replacement_responses/9a9e7f1feb8b26c3d311a49fc9ffc4fb1cf6394021f4df45a13d3d542ba0a43e.csv"", ""provider_response_sha256"": ""9a9e7f1feb8b26c3d311a49fc9ffc4fb1cf6394021f4df45a13d3d542ba0a43e"", ""review_reasons"": [], ""review_threshold"": 0.01}"
live,prices,RE,yahoo,EG,,,ok,2023-01-01,2026-05-06,838,2023-01-03,2026-05-06,2026-09-24T16:31:36.508818Z,yfinance,1.5.1,200,,,"{""comparison"": {""Close"": {""maximum_relative_change"": 3.5220550204869136e-07, ""overlap_rows"": 838}, ""Open"": {""maximum_relative_change"": 3.5220550217516106e-07, ""overlap_rows"": 838}, ""Volume"": {""maximum_relative_change"": 0.0, ""overlap_rows"": 838}}, ""missing_cached_dates"": {}, ""price_replacement"": ""accepted_provider_values"", ""provider_response"": ""replacement_responses/5604fd098d72c7dd075d992fdfd2d4dca36bd101668943aa561b206c4d3b19f4.csv"", ""provider_response_sha256"": ""5604fd098d72c7dd075d992fdfd2d4dca36bd101668943aa561b206c4d3b19f4"", ""review_reasons"": [], ""review_threshold"": 0.01}"
live,prices,REG,yahoo,REG,,,ok,2023-01-01,2026-05-06,838,2023-01-03,2026-05-06,2026-09-24T16:31:39.833548Z,yfinance,1.5.1,,,,"{""approved_review_reasons"": [""Open revision 1.003% exceeds 1.0%"", ""Close revision 1.003% exceeds 1.0%""], ""comparison"": {""Close"": {""maximum_relative_change"": 0.010025510105926578, ""overlap_rows"": 588}, ""Open"": {""maximum_relative_change"": 0.010025510105926663, ""overlap_rows"": 588}, ""Volume"": {""maximum_relative_change"": 0.0, ""overlap_rows"": 588}}, ""missing_cached_dates"": {}, ""price_replacement"": ""accepted_provider_values"", ""provider_response"": ""replacement_responses/2ee6eafbbac4eac573f22d41bb4cb6b7bdc97282e3ca29364459d66cc2cba67c.csv"", ""provider_response_sha256"": ""2ee6eafbbac4eac573f22d41bb4cb6b7bdc97282e3ca29364459d66cc2cba67c"", ""review_approval"": {""approved_at_utc"": ""2026-09-24T21:36:40.013605Z"", ""authority"": ""User explicitly approved the existing held 1-2 percent revisions on 2026-09-24."", ""maximum_approved_relative_change"": 0.02, ""scope"": ""This saved provider response only; no global threshold change.""}, ""review_reasons"": [], ""review_threshold"": 0.01}"
live,prices,REGN,yahoo,REGN,,,ok,2023-01-01,2026-05-06,838,2023-01-03,2026-05-06,2026-09-24T16:31:42.440113Z,yfinance,1.5.1,200,,,"{""comparison"": {""Close"": {""maximum_relative_change"": 0.0011666152242443752, ""overlap_rows"": 588}, ""Open"": {""maximum_relative_change"": 0.0011666152242442098, ""overlap_rows"": 588}, ""Volume"": {""maximum_relative_change"": 0.0, ""overlap_rows"": 588}}, ""missing_cached_dates"": {}, ""price_replacement"": ""accepted_provider_values"", ""provider_response"": ""replacement_responses/93eaa326f5ed088766ea7dce4ff3cab37f398bd3a77495f8122df99eb2647532.csv"", ""provider_response_sha256"": ""93eaa326f5ed088766ea7dce4ff3cab37f398bd3a77495f8122df99eb2647532"", ""review_reasons"": [], ""review_threshold"": 0.01}"
live,prices,RF,yahoo,RF,,,ok,2023-01-01,2026-05-06,838,2023-01-03,2026-05-06,2026-09-24T16:31:46.145617Z,yfinance,1.5.1,,,,"{""approved_review_reasons"": [""Open revision 1.004% exceeds 1.0%"", ""Close revision 1.004% exceeds 1.0%""], ""comparison"": {""Close"": {""maximum_relative_change"": 0.010040423932441294, ""overlap_rows"": 588}, ""Open"": {""maximum_relative_change"": 0.010040423932441334, ""overlap_rows"": 588}, ""Volume"": {""maximum_relative_change"": 0.0, ""overlap_rows"": 588}}, ""missing_cached_dates"": {}, ""price_replacement"": ""accepted_provider_values"", ""provider_response"": ""replacement_responses/9528ea27f1c77f6cec291ab60ed4b92074f77f6b61d55db278dca05307ff4c29.csv"", ""provider_response_sha256"": ""9528ea27f1c77f6cec291ab60ed4b92074f77f6b61d55db278dca05307ff4c29"", ""review_approval"": {""approved_at_utc"": ""2026-09-24T21:36:40.013605Z"", ""authority"": ""User explicitly approved the existing held 1-2 percent revisions on 2026-09-24."", ""maximum_approved_relative_change"": 0.02, ""scope"": ""This saved provider response only; no global threshold change.""}, ""review_reasons"": [], ""review_threshold"": 0.01}"
live,prices,RHI,yahoo,RHI,,,ok,2023-01-01,2026-05-06,838,2023-01-03,2026-05-06,2026-09-24T16:31:48.781477Z,yfinance,1.5.1,200,,,"{""comparison"": {}, ""missing_cached_dates"": {}, ""price_replacement"": ""accepted_provider_values"", ""provider_response"": ""replacement_responses/dedcbfb834c954e91e4aea92c549810359fc6c42f128f46ae6a19eea6350620b.csv"", ""provider_response_sha256"": ""dedcbfb834c954e91e4aea92c549810359fc6c42f128f46ae6a19eea6350620b"", ""review_reasons"": [], ""review_threshold"": 0.01}"
live,prices,RJF,yahoo,RJF,,,ok,2023-01-01,2026-05-06,838,2023-01-03,2026-05-06,2026-09-24T16:31:51.460711Z,yfinance,1.5.1,200,,,"{""comparison"": {""Close"": {""maximum_relative_change"": 3.2484815514401384e-07, ""overlap_rows"": 588}, ""Open"": {""maximum_relative_change"": 3.248481552127831e-07, ""overlap_rows"": 588}, ""Volume"": {""maximum_relative_change"": 0.0, ""overlap_rows"": 588}}, ""missing_cached_dates"": {}, ""price_replacement"": ""accepted_provider_values"", ""provider_response"": ""replacement_responses/55f22df802e1347ce021c1383672a294156b1a559711c1ba0857278f8af6b29a.csv"", ""provider_response_sha256"": ""55f22df802e1347ce021c1383672a294156b1a559711c1ba0857278f8af6b29a"", ""review_reasons"": [], ""review_threshold"": 0.01}"
live,prices,RL,yahoo,RL,,,ok,2023-01-01,2026-05-06,838,2023-01-03,2026-05-06,2026-09-24T16:31:55.648035Z,yfinance,1.5.1,200,,,"{""comparison"": {""Close"": {""maximum_relative_change"": 3.576507531454266e-07, ""overlap_rows"": 588}, ""Open"": {""maximum_relative_change"": 3.5765075309734003e-07, ""overlap_rows"": 588}, ""Volume"": {""maximum_relative_change"": 0.0, ""overlap_rows"": 588}}, ""missing_cached_dates"": {}, ""price_replacement"": ""accepted_provider_values"", ""provider_response"": ""replacement_responses/56b1778fde15744e23045582f016aa8ffebfc460c746690cbe41f430aedc937e.csv"", ""provider_response_sha256"": ""56b1778fde15744e23045582f016aa8ffebfc460c746690cbe41f430aedc937e"", ""review_reasons"": [], ""review_threshold"": 0.01}"
live,prices,RMD,yahoo,RMD,,,ok,2023-01-01,2026-05-06,838,2023-01-03,2026-05-06,2026-09-24T16:31:59.715422Z,yfinance,1.5.1,200,,,"{""comparison"": {""Close"": {""maximum_relative_change"": 0.0028617381948629, ""overlap_rows"": 588}, ""Open"": {""maximum_relative_change"": 0.002861738194863063, ""overlap_rows"": 588}, ""Volume"": {""maximum_relative_change"": 0.0, ""overlap_rows"": 588}}, ""missing_cached_dates"": {}, ""price_replacement"": ""accepted_provider_values"", ""provider_response"": ""replacement_responses/4b92727ff35a73015507e88501b6614aca85cea5d2b8fb7e618a37200bf8ece3.csv"", ""provider_response_sha256"": ""4b92727ff35a73015507e88501b6614aca85cea5d2b8fb7e618a37200bf8ece3"", ""review_reasons"": [], ""review_threshold"": 0.01}"
live,prices,ROK,yahoo,ROK,,,ok,2023-01-01,2026-05-06,838,2023-01-03,2026-05-06,2026-09-24T16:32:03.100628Z,yfinance,1.5.1,200,,,"{""comparison"": {""Close"": {""maximum_relative_change"": 0.0030712961051414453, ""overlap_rows"": 588}, ""Open"": {""maximum_relative_change"": 0.0030712961051416353, ""overlap_rows"": 588}, ""Volume"": {""maximum_relative_change"": 0.0, ""overlap_rows"": 588}}, ""missing_cached_dates"": {}, ""price_replacement"": ""accepted_provider_values"", ""provider_response"": ""replacement_responses/03d6bf29c74e1dc4d243ed776c0b748ecf506101c34055cf79366baea2514046.csv"", ""provider_response_sha256"": ""03d6bf29c74e1dc4d243ed776c0b748ecf506101c34055cf79366baea2514046"", ""review_reasons"": [], ""review_threshold"": 0.01}"
live,prices,ROL,yahoo,ROL,,,ok,2023-01-01,2026-05-06,838,2023-01-03,2026-05-06,2026-09-24T16:32:10.289954Z,yfinance,1.5.1,200,,,"{""comparison"": {""Close"": {""maximum_relative_change"": 0.0048492889216644975, ""overlap_rows"": 588}, ""Open"": {""maximum_relative_change"": 0.004849288921664562, ""overlap_rows"": 588}, ""Volume"": {""maximum_relative_change"": 0.0, ""overlap_rows"": 588}}, ""missing_cached_dates"": {}, ""price_replacement"": ""accepted_provider_values"", ""provider_response"": ""replacement_responses/7893ce0ccaa0bfa79adeb3303d14e4fd22709b912d6afff46c4ab9c62f1ed0fd.csv"", ""provider_response_sha256"": ""7893ce0ccaa0bfa79adeb3303d14e4fd22709b912d6afff46c4ab9c62f1ed0fd"", ""review_reasons"": [], ""review_threshold"": 0.01}"
live,prices,ROP,yahoo,ROP,,,ok,2023-01-01,2026-05-06,838,2023-01-03,2026-05-06,2026-09-24T16:32:13.124613Z,yfinance,1.5.1,200,,,"{""comparison"": {""Close"": {""maximum_relative_change"": 3.4055475916194467e-07, ""overlap_rows"": 588}, ""Open"": {""maximum_relative_change"": 3.4055475899682137e-07, ""overlap_rows"": 588}, ""Volume"": {""maximum_relative_change"": 0.0, ""overlap_rows"": 588}}, ""missing_cached_dates"": {}, ""price_replacement"": ""accepted_provider_values"", ""provider_response"": ""replacement_responses/3faa6fc1202e516ecd8d10447d212d32d0d54d150a5553caa43831911b8b6684.csv"", ""provider_response_sha256"": ""3faa6fc1202e516ecd8d10447d212d32d0d54d150a5553caa43831911b8b6684"", ""review_reasons"": [], ""review_threshold"": 0.01}"
live,prices,ROST,yahoo,ROST,,,ok,2023-01-01,2026-05-06,838,2023-01-03,2026-05-06,2026-09-24T16:32:16.738061Z,yfinance,1.5.1,200,,,"{""comparison"": {""Close"": {""maximum_relative_change"": 0.0019293718801024844, ""overlap_rows"": 588}, ""Open"": {""maximum_relative_change"": 0.0019293718801025404, ""overlap_rows"": 588}, ""Volume"": {""maximum_relative_change"": 0.0, ""overlap_rows"": 588}}, ""missing_cached_dates"": {}, ""price_replacement"": ""accepted_provider_values"", ""provider_response"": ""replacement_responses/7b64fd2e404f1bf2a85a98c0290c56a34ce0ce84431bbb6735567897c08ecc5e.csv"", ""provider_response_sha256"": ""7b64fd2e404f1bf2a85a98c0290c56a34ce0ce84431bbb6735567897c08ecc5e"", ""review_reasons"": [], ""review_threshold"": 0.01}"
live,prices,RSG,yahoo,RSG,,,ok,2023-01-01,2026-05-06,838,2023-01-03,2026-05-06,2026-09-24T16:32:20.268278Z,yfinance,1.5.1,200,,,"{""comparison"": {""Close"": {""maximum_relative_change"": 3.4883187541957936e-07, ""overlap_rows"": 588}, ""Open"": {""maximum_relative_change"": 3.488318753938706e-07, ""overlap_rows"": 588}, ""Volume"": {""maximum_relative_change"": 0.0, ""overlap_rows"": 588}}, ""missing_cached_dates"": {}, ""price_replacement"": ""accepted_provider_values"", ""provider_response"": ""replacement_responses/97f52cfafa1d4e23d80801fa604b47cc156a1d5e8cd0f96f8797c3dce00e9a8e.csv"", ""provider_response_sha256"": ""97f52cfafa1d4e23d80801fa604b47cc156a1d5e8cd0f96f8797c3dce00e9a8e"", ""review_reasons"": [], ""review_threshold"": 0.01}"
live,prices,RTX,yahoo,RTX,,,ok,2023-01-01,2026-05-06,838,2023-01-03,2026-05-06,2026-09-24T16:32:23.568175Z,yfinance,1.5.1,200,,,"{""comparison"": {""Close"": {""maximum_relative_change"": 0.003311242297927528, ""overlap_rows"": 588}, ""Open"": {""maximum_relative_change"": 0.003311242297927506, ""overlap_rows"": 588}, ""Volume"": {""maximum_relative_change"": 0.0, ""overlap_rows"": 588}}, ""missing_cached_dates"": {}, ""price_replacement"": ""accepted_provider_values"", ""provider_response"": ""replacement_responses/82d967105737b34821235df355ec839cdf7db25e0a073e75c1cfb5044d317819.csv"", ""provider_response_sha256"": ""82d967105737b34821235df355ec839cdf7db25e0a073e75c1cfb5044d317819"", ""review_reasons"": [], ""review_threshold"": 0.01}"
live,prices,RVTY,yahoo,RVTY,,,ok,2023-01-01,2026-05-06,838,2023-01-03,2026-05-06,2026-09-24T16:32:26.685259Z,yfinance,1.5.1,200,,,"{""comparison"": {""Close"": {""maximum_relative_change"": 0.0, ""overlap_rows"": 838}, ""Open"": {""maximum_relative_change"": 0.0, ""overlap_rows"": 838}, ""Volume"": {""maximum_relative_change"": 0.0, ""overlap_rows"": 838}}, ""missing_cached_dates"": {}, ""price_replacement"": ""accepted_provider_values"", ""provider_response"": ""replacement_responses/2f92e82c9f8d8efd190fa2e777e7d799f979d42393bdde54c383f53abe3efe2a.csv"", ""provider_response_sha256"": ""2f92e82c9f8d8efd190fa2e777e7d799f979d42393bdde54c383f53abe3efe2a"", ""review_reasons"": [], ""review_threshold"": 0.01}"
live,prices,SATS,yahoo,ECHO,,,ok,2023-01-01,2026-05-06,838,2023-01-03,2026-05-06,2026-09-24T16:32:30.161704Z,yfinance,1.5.1,200,,,"{""comparison"": {""Close"": {""maximum_relative_change"": 0.0, ""overlap_rows"": 588}, ""Open"": {""maximum_relative_change"": 0.0, ""overlap_rows"": 588}, ""Volume"": {""maximum_relative_change"": 0.0, ""overlap_rows"": 588}}, ""missing_cached_dates"": {}, ""price_replacement"": ""accepted_provider_values"", ""provider_response"": ""replacement_responses/4449ce43526379c42fbdf21c4a53f10b298f67c3270306600ee5c48eeeacced3.csv"", ""provider_response_sha256"": ""4449ce43526379c42fbdf21c4a53f10b298f67c3270306600ee5c48eeeacced3"", ""review_reasons"": [], ""review_threshold"": 0.01}"
live,prices,SATS,yahoo,SATS,,,failed,2024-01-01,2026-05-06,0,,,2026-07-31T20:17:26.843996Z,yfinance,1.5.1,,RetryableProviderError,Yahoo returned an empty response for SATS; absence was not confirmed,
live,prices,SBAC,yahoo,SBAC,,,ok,2023-01-01,2026-05-06,838,2023-01-03,2026-05-06,2026-09-24T16:32:34.200572Z,yfinance,1.5.1,200,,,"{""comparison"": {""Close"": {""maximum_relative_change"": 0.006852224330582167, ""overlap_rows"": 588}, ""Open"": {""maximum_relative_change"": 0.006852224330582269, ""overlap_rows"": 588}, ""Volume"": {""maximum_relative_change"": 0.0, ""overlap_rows"": 588}}, ""missing_cached_dates"": {}, ""price_replacement"": ""accepted_provider_values"", ""provider_response"": ""replacement_responses/5ffe2b796f58335da10ecb226f3cd1e06468fb1eb85e409a943c534440885aa8.csv"", ""provider_response_sha256"": ""5ffe2b796f58335da10ecb226f3cd1e06468fb1eb85e409a943c534440885aa8"", ""review_reasons"": [], ""review_threshold"": 0.01}"
live,prices,SBNY,yahoo,SBNY,,,ok,2023-01-01,2026-05-06,432,2024-08-15,2026-05-06,2026-09-24T16:32:37.899584Z,yfinance,1.5.1,200,,,"{""comparison"": {}, ""missing_cached_dates"": {}, ""price_replacement"": ""accepted_provider_values"", ""provider_response"": ""replacement_responses/beb2e32c1c06f90c40a4adbb9768127a758b4d8872503a2f1834165890b1df03.csv"", ""provider_response_sha256"": ""beb2e32c1c06f90c40a4adbb9768127a758b4d8872503a2f1834165890b1df03"", ""review_reasons"": [], ""review_threshold"": 0.01}"
live,prices,SBUX,yahoo,SBUX,,,ok,2023-01-01,2026-05-06,838,2023-01-03,2026-05-06,2026-09-24T16:32:40.585432Z,yfinance,1.5.1,200,,,"{""comparison"": {""Close"": {""maximum_relative_change"": 0.005711948124366887, ""overlap_rows"": 588}, ""Open"": {""maximum_relative_change"": 0.005711948124366928, ""overlap_rows"": 588}, ""Volume"": {""maximum_relative_change"": 0.0, ""overlap_rows"": 588}}, ""missing_cached_dates"": {}, ""price_replacement"": ""accepted_provider_values"", ""provider_response"": ""replacement_responses/98a61450ea10db3b972c01503362257679136fdd05afa2b6c84b27d47bd4d173.csv"", ""provider_response_sha256"": ""98a61450ea10db3b972c01503362257679136fdd05afa2b6c84b27d47bd4d173"", ""review_reasons"": [], ""review_threshold"": 0.01}"
live,prices,SCHW,yahoo,SCHW,,,ok,2023-01-01,2026-05-06,838,2023-01-03,2026-05-06,2026-09-24T16:32:44.720822Z,yfinance,1.5.1,200,,,"{""comparison"": {""Close"": {""maximum_relative_change"": 0.002907897229994748, ""overlap_rows"": 588}, ""Open"": {""maximum_relative_change"": 0.00290789722999464, ""overlap_rows"": 588}, ""Volume"": {""maximum_relative_change"": 0.0, ""overlap_rows"": 588}}, ""missing_cached_dates"": {}, ""price_replacement"": ""accepted_provider_values"", ""provider_response"": ""replacement_responses/a6d8b7a178d88a88a4e8993f7ecc5072a26fda276fcda5764d6e83a744550b2c.csv"", ""provider_response_sha256"": ""a6d8b7a178d88a88a4e8993f7ecc5072a26fda276fcda5764d6e83a744550b2c"", ""review_reasons"": [], ""review_threshold"": 0.01}"
live,prices,SEDG,yahoo,SEDG,,,ok,2023-01-01,2026-05-06,838,2023-01-03,2026-05-06,2026-09-24T16:32:47.555276Z,yfinance,1.5.1,200,,,"{""comparison"": {}, ""missing_cached_dates"": {}, ""price_replacement"": ""accepted_provider_values"", ""provider_response"": ""replacement_responses/a767d23b712b0ef1a57ee53851971dcc30e127bc18c5d37c5e51e184cac4c01a.csv"", ""provider_response_sha256"": ""a767d23b712b0ef1a57ee53851971dcc30e127bc18c5d37c5e51e184cac4c01a"", ""review_reasons"": [], ""review_threshold"": 0.01}"
live,prices,SEE,yahoo,SEE,,,failed,2023-01-01,2026-05-06,0,,,2026-09-24T16:33:03.018912Z,yfinance,1.5.1,,RetryableProviderError,Yahoo returned an empty response for SEE; absence was not confirmed,
live,prices,SHW,yahoo,SHW,,,ok,2023-01-01,2026-05-06,838,2023-01-03,2026-05-06,2026-09-24T16:33:05.905391Z,yfinance,1.5.1,200,,,"{""comparison"": {""Close"": {""maximum_relative_change"": 0.0023062815543131838, ""overlap_rows"": 588}, ""Open"": {""maximum_relative_change"": 0.0023062815543133095, ""overlap_rows"": 588}, ""Volume"": {""maximum_relative_change"": 0.0, ""overlap_rows"": 588}}, ""missing_cached_dates"": {}, ""price_replacement"": ""accepted_provider_values"", ""provider_response"": ""replacement_responses/1fc2d1ee683ab0075b81af3181cffe4d5e8ba91fa60a9dd0f45586a3563aa3f6.csv"", ""provider_response_sha256"": ""1fc2d1ee683ab0075b81af3181cffe4d5e8ba91fa60a9dd0f45586a3563aa3f6"", ""review_reasons"": [], ""review_threshold"": 0.01}"
live,prices,SIVB,yahoo,SIVB,,,failed,2023-01-01,2026-05-06,0,,,2026-09-24T16:33:20.063269Z,yfinance,1.5.1,,RetryableProviderError,Yahoo returned an empty response for SIVB; absence was not confirmed,
live,prices,SJM,yahoo,SJM,,,ok,2023-01-01,2026-05-06,838,2023-01-03,2026-05-06,2026-09-24T16:33:22.166150Z,yfinance,1.5.1,200,,,"{""comparison"": {""Close"": {""maximum_relative_change"": 0.009284856864161287, ""overlap_rows"": 588}, ""Open"": {""maximum_relative_change"": 0.009284856864161134, ""overlap_rows"": 588}, ""Volume"": {""maximum_relative_change"": 0.0, ""overlap_rows"": 588}}, ""missing_cached_dates"": {}, ""price_replacement"": ""accepted_provider_values"", ""provider_response"": ""replacement_responses/04e4eaf448edeb30a8bbc6bc6ea856b33539d7a0af86731df5c37f0d79bde805.csv"", ""provider_response_sha256"": ""04e4eaf448edeb30a8bbc6bc6ea856b33539d7a0af86731df5c37f0d79bde805"", ""review_reasons"": [], ""review_threshold"": 0.01}"
live,prices,SLB,yahoo,SLB,,,ok,2023-01-01,2026-05-06,838,2023-01-03,2026-05-06,2026-09-24T16:33:25.190211Z,yfinance,1.5.1,200,,,"{""comparison"": {""Close"": {""maximum_relative_change"": 0.005162151649973747, ""overlap_rows"": 588}, ""Open"": {""maximum_relative_change"": 0.0051621516499739065, ""overlap_rows"": 588}, ""Volume"": {""maximum_relative_change"": 0.0, ""overlap_rows"": 588}}, ""missing_cached_dates"": {}, ""price_replacement"": ""accepted_provider_values"", ""provider_response"": ""replacement_responses/bb2e0f3b330d07a030353a05aa9b933524e1171d5b9fcff8a23d6db081c9be2f.csv"", ""provider_response_sha256"": ""bb2e0f3b330d07a030353a05aa9b933524e1171d5b9fcff8a23d6db081c9be2f"", ""review_reasons"": [], ""review_threshold"": 0.01}"
live,prices,SMCI,yahoo,SMCI,,,ok,2023-01-01,2026-05-06,838,2023-01-03,2026-05-06,2026-09-24T16:33:29.036790Z,yfinance,1.5.1,200,,,"{""comparison"": {""Close"": {""maximum_relative_change"": 1.8829307149958942e-16, ""overlap_rows"": 588}, ""Open"": {""maximum_relative_change"": 1.6779255171107206e-16, ""overlap_rows"": 588}, ""Volume"": {""maximum_relative_change"": 0.0, ""overlap_rows"": 588}}, ""missing_cached_dates"": {}, ""price_replacement"": ""accepted_provider_values"", ""provider_response"": ""replacement_responses/ab91a4e6325413f84fb6885d24f713642f8f6e7fd45baf12c37c5234cb6136b4.csv"", ""provider_response_sha256"": ""ab91a4e6325413f84fb6885d24f713642f8f6e7fd45baf12c37c5234cb6136b4"", ""review_reasons"": [], ""review_threshold"": 0.01}"
live,prices,SNA,yahoo,SNA,,,ok,2023-01-01,2026-05-06,838,2023-01-03,2026-05-06,2026-09-24T16:33:32.945040Z,yfinance,1.5.1,200,,,"{""comparison"": {""Close"": {""maximum_relative_change"": 0.006166542945146803, ""overlap_rows"": 588}, ""Open"": {""maximum_relative_change"": 0.006166542945146637, ""overlap_rows"": 588}, ""Volume"": {""maximum_relative_change"": 0.0, ""overlap_rows"": 588}}, ""missing_cached_dates"": {}, ""price_replacement"": ""accepted_provider_values"", ""provider_response"": ""replacement_responses/a55afc08005646b577df68ba87354cd7809a837ce1e400bd53b96a6423cba0d2.csv"", ""provider_response_sha256"": ""a55afc08005646b577df68ba87354cd7809a837ce1e400bd53b96a6423cba0d2"", ""review_reasons"": [], ""review_threshold"": 0.01}"
live,prices,SNDK,yahoo,SNDK,,,ok,2023-01-01,2026-05-06,308,2025-02-13,2026-05-06,2026-09-24T16:33:36.488671Z,yfinance,1.5.1,200,,,"{""comparison"": {""Close"": {""maximum_relative_change"": 2.4074462672154787e-16, ""overlap_rows"": 308}, ""Open"": {""maximum_relative_change"": 2.3970784679672725e-16, ""overlap_rows"": 308}, ""Volume"": {""maximum_relative_change"": 0.0, ""overlap_rows"": 308}}, ""missing_cached_dates"": {}, ""price_replacement"": ""accepted_provider_values"", ""provider_response"": ""replacement_responses/1bcbd22237673b740f8a1752af83a321a2bec4e062a8b070c77fa063467b894f.csv"", ""provider_response_sha256"": ""1bcbd22237673b740f8a1752af83a321a2bec4e062a8b070c77fa063467b894f"", ""review_reasons"": [], ""review_threshold"": 0.01}"
live,prices,SNPS,yahoo,SNPS,,,ok,2023-01-01,2026-05-06,838,2023-01-03,2026-05-06,2026-09-24T16:33:39.233808Z,yfinance,1.5.1,200,,,"{""comparison"": {""Close"": {""maximum_relative_change"": 1.4809915527095361e-16, ""overlap_rows"": 588}, ""Open"": {""maximum_relative_change"": 1.5119539353325047e-16, ""overlap_rows"": 588}, ""Volume"": {""maximum_relative_change"": 0.0, ""overlap_rows"": 588}}, ""missing_cached_dates"": {}, ""price_replacement"": ""accepted_provider_values"", ""provider_response"": ""replacement_responses/57a7a63cd7b10c40d0202aff04381b3c1c00ef20557f0d4dabbfc6b65fe3e7b6.csv"", ""provider_response_sha256"": ""57a7a63cd7b10c40d0202aff04381b3c1c00ef20557f0d4dabbfc6b65fe3e7b6"", ""review_reasons"": [], ""review_threshold"": 0.01}"
live,prices,SO,yahoo,SO,,,ok,2023-01-01,2026-05-06,838,2023-01-03,2026-05-06,2026-09-24T16:33:43.074203Z,yfinance,1.5.1,200,,,"{""comparison"": {""Close"": {""maximum_relative_change"": 0.008190037201767161, ""overlap_rows"": 588}, ""Open"": {""maximum_relative_change"": 0.008190037201767131, ""overlap_rows"": 588}, ""Volume"": {""maximum_relative_change"": 0.0, ""overlap_rows"": 588}}, ""missing_cached_dates"": {}, ""price_replacement"": ""accepted_provider_values"", ""provider_response"": ""replacement_responses/9cfd4a0e01b3b672cf821a0319df7a57539325394da8e24b2de2cf057a394e00.csv"", ""provider_response_sha256"": ""9cfd4a0e01b3b672cf821a0319df7a57539325394da8e24b2de2cf057a394e00"", ""review_reasons"": [], ""review_threshold"": 0.01}"
live,prices,SOLS,yahoo,SOLS,,,ok,2023-01-01,2026-05-06,137,2025-10-20,2026-05-06,2026-09-24T16:33:46.210875Z,yfinance,1.5.1,200,,,"{""comparison"": {}, ""missing_cached_dates"": {}, ""price_replacement"": ""accepted_provider_values"", ""provider_response"": ""replacement_responses/fc7122d3e7e2bf319c50c8f71538a6ffd70f71f690b3c86f36260309ee138b01.csv"", ""provider_response_sha256"": ""fc7122d3e7e2bf319c50c8f71538a6ffd70f71f690b3c86f36260309ee138b01"", ""review_reasons"": [], ""review_threshold"": 0.01}"
live,prices,SOLV,yahoo,SOLV,,,ok,2023-01-01,2026-05-06,530,2024-03-26,2026-05-06,2026-09-24T16:33:50.331287Z,yfinance,1.5.1,200,,,"{""comparison"": {""Close"": {""maximum_relative_change"": 0.0, ""overlap_rows"": 530}, ""Open"": {""maximum_relative_change"": 0.0, ""overlap_rows"": 530}, ""Volume"": {""maximum_relative_change"": 0.0, ""overlap_rows"": 530}}, ""missing_cached_dates"": {}, ""price_replacement"": ""accepted_provider_values"", ""provider_response"": ""replacement_responses/ebf4cba53707337307c7cbc4ceb830064653964fd832307a4aed5e72efdbd614.csv"", ""provider_response_sha256"": ""ebf4cba53707337307c7cbc4ceb830064653964fd832307a4aed5e72efdbd614"", ""review_reasons"": [], ""review_threshold"": 0.01}"
live,prices,SPG,yahoo,SPG,,,ok,2023-01-01,2026-05-06,838,2023-01-03,2026-05-06,2026-09-24T16:33:53.995108Z,yfinance,1.5.1,,,,"{""approved_review_reasons"": [""Open revision 1.062% exceeds 1.0%"", ""Close revision 1.062% exceeds 1.0%""], ""comparison"": {""Close"": {""maximum_relative_change"": 0.01061961341634869, ""overlap_rows"": 588}, ""Open"": {""maximum_relative_change"": 0.010619613416348659, ""overlap_rows"": 588}, ""Volume"": {""maximum_relative_change"": 0.0, ""overlap_rows"": 588}}, ""missing_cached_dates"": {}, ""price_replacement"": ""accepted_provider_values"", ""provider_response"": ""replacement_responses/5460aa65e3cafbc918263d709ee536bd1152206457cd9aa72efb88dddf39ef3e.csv"", ""provider_response_sha256"": ""5460aa65e3cafbc918263d709ee536bd1152206457cd9aa72efb88dddf39ef3e"", ""review_approval"": {""approved_at_utc"": ""2026-09-24T21:36:40.013605Z"", ""authority"": ""User explicitly approved the existing held 1-2 percent revisions on 2026-09-24."", ""maximum_approved_relative_change"": 0.02, ""scope"": ""This saved provider response only; no global threshold change.""}, ""review_reasons"": [], ""review_threshold"": 0.01}"
live,prices,SPGI,yahoo,SPGI,,,ok,2023-01-01,2026-05-06,838,2023-01-03,2026-05-06,2026-09-24T16:33:57.959508Z,yfinance,1.5.1,200,,,"{""comparison"": {""Close"": {""maximum_relative_change"": 0.0022404766073021508, ""overlap_rows"": 588}, ""Open"": {""maximum_relative_change"": 0.0022404766073021373, ""overlap_rows"": 588}, ""Volume"": {""maximum_relative_change"": 0.0, ""overlap_rows"": 588}}, ""missing_cached_dates"": {}, ""price_replacement"": ""accepted_provider_values"", ""provider_response"": ""replacement_responses/2192386eaddb61e5a11f930ee142aadffb5a4b3cfed030e0b6b90802ae485100.csv"", ""provider_response_sha256"": ""2192386eaddb61e5a11f930ee142aadffb5a4b3cfed030e0b6b90802ae485100"", ""review_reasons"": [], ""review_threshold"": 0.01}"
live,prices,SRE,yahoo,SRE,,,ok,2023-01-01,2026-05-06,838,2023-01-03,2026-05-06,2026-09-24T16:34:01.716299Z,yfinance,1.5.1,200,,,"{""comparison"": {""Close"": {""maximum_relative_change"": 3.487935695487402e-07, ""overlap_rows"": 588}, ""Open"": {""maximum_relative_change"": 3.487935695845302e-07, ""overlap_rows"": 588}, ""Volume"": {""maximum_relative_change"": 0.0, ""overlap_rows"": 588}}, ""missing_cached_dates"": {}, ""price_replacement"": ""accepted_provider_values"", ""provider_response"": ""replacement_responses/c5cc951c275f94fdeff2f99112861a3b014a5415d375881b735d007e698e8630.csv"", ""provider_response_sha256"": ""c5cc951c275f94fdeff2f99112861a3b014a5415d375881b735d007e698e8630"", ""review_reasons"": [], ""review_threshold"": 0.01}"
live,prices,STE,yahoo,STE,,,ok,2023-01-01,2026-05-06,838,2023-01-03,2026-05-06,2026-09-24T16:34:05.802187Z,yfinance,1.5.1,200,,,"{""comparison"": {""Close"": {""maximum_relative_change"": 0.003042147700362836, ""overlap_rows"": 588}, ""Open"": {""maximum_relative_change"": 0.0030421477003627967, ""overlap_rows"": 588}, ""Volume"": {""maximum_relative_change"": 0.0, ""overlap_rows"": 588}}, ""missing_cached_dates"": {}, ""price_replacement"": ""accepted_provider_values"", ""provider_response"": ""replacement_responses/1588c91a7e91eb6318b79dbfc7eeccfc431e5110f7b99e439bf1ba032ee5d8b3.csv"", ""provider_response_sha256"": ""1588c91a7e91eb6318b79dbfc7eeccfc431e5110f7b99e439bf1ba032ee5d8b3"", ""review_reasons"": [], ""review_threshold"": 0.01}"
live,prices,STLD,yahoo,STLD,,,ok,2023-01-01,2026-05-06,838,2023-01-03,2026-05-06,2026-09-24T16:34:09.835795Z,yfinance,1.5.1,200,,,"{""comparison"": {""Close"": {""maximum_relative_change"": 3.557931304885538e-07, ""overlap_rows"": 588}, ""Open"": {""maximum_relative_change"": 3.557931305965574e-07, ""overlap_rows"": 588}, ""Volume"": {""maximum_relative_change"": 0.0, ""overlap_rows"": 588}}, ""missing_cached_dates"": {}, ""price_replacement"": ""accepted_provider_values"", ""provider_response"": ""replacement_responses/8e691c1f5e0e9b15fdeaf7ed7e6b40638ef7a65998a79c75e036e9af24804546.csv"", ""provider_response_sha256"": ""8e691c1f5e0e9b15fdeaf7ed7e6b40638ef7a65998a79c75e036e9af24804546"", ""review_reasons"": [], ""review_threshold"": 0.01}"
live,prices,STT,yahoo,STT,,,ok,2023-01-01,2026-05-06,838,2023-01-03,2026-05-06,2026-09-24T16:34:14.376622Z,yfinance,1.5.1,200,,,"{""comparison"": {""Close"": {""maximum_relative_change"": 3.402670688169731e-07, ""overlap_rows"": 588}, ""Open"": {""maximum_relative_change"": 3.402670689667954e-07, ""overlap_rows"": 588}, ""Volume"": {""maximum_relative_change"": 0.0, ""overlap_rows"": 588}}, ""missing_cached_dates"": {}, ""price_replacement"": ""accepted_provider_values"", ""provider_response"": ""replacement_responses/23f625f895da63077623a422d139d144d6b1e0a564d612265fe5bdde70e459f1.csv"", ""provider_response_sha256"": ""23f625f895da63077623a422d139d144d6b1e0a564d612265fe5bdde70e459f1"", ""review_reasons"": [], ""review_threshold"": 0.01}"
live,prices,STX,yahoo,STX,,,ok,2023-01-01,2026-05-06,838,2023-01-03,2026-05-06,2026-09-24T16:34:18.937178Z,yfinance,1.5.1,200,,,"{""comparison"": {""Close"": {""maximum_relative_change"": 2.5572949138984377e-07, ""overlap_rows"": 588}, ""Open"": {""maximum_relative_change"": 2.5572949153646184e-07, ""overlap_rows"": 588}, ""Volume"": {""maximum_relative_change"": 0.0, ""overlap_rows"": 588}}, ""missing_cached_dates"": {}, ""price_replacement"": ""accepted_provider_values"", ""provider_response"": ""replacement_responses/b7dbff81e75cdd6e92dfb4e878d79adfc1f4459b5ceea76970f8a00ffa74c34c.csv"", ""provider_response_sha256"": ""b7dbff81e75cdd6e92dfb4e878d79adfc1f4459b5ceea76970f8a00ffa74c34c"", ""review_reasons"": [], ""review_threshold"": 0.01}"
live,prices,STZ,yahoo,STZ,,,ok,2023-01-01,2026-05-06,838,2023-01-03,2026-05-06,2026-09-24T16:34:21.554246Z,yfinance,1.5.1,200,,,"{""comparison"": {""Close"": {""maximum_relative_change"": 0.00781815038521844, ""overlap_rows"": 588}, ""Open"": {""maximum_relative_change"": 0.007818150385218233, ""overlap_rows"": 588}, ""Volume"": {""maximum_relative_change"": 0.0, ""overlap_rows"": 588}}, ""missing_cached_dates"": {}, ""price_replacement"": ""accepted_provider_values"", ""provider_response"": ""replacement_responses/de6a7f06860f1db1977a950e51eff8b1814e22bc06adc0204f9bc94d8d80eb3e.csv"", ""provider_response_sha256"": ""de6a7f06860f1db1977a950e51eff8b1814e22bc06adc0204f9bc94d8d80eb3e"", ""review_reasons"": [], ""review_threshold"": 0.01}"
live,prices,SW,yahoo,SW,,,ok,2023-01-01,2026-05-06,838,2023-01-03,2026-05-06,2026-09-24T16:34:25.899232Z,yfinance,1.5.1,200,,,"{""comparison"": {""Close"": {""maximum_relative_change"": 0.00903658069291694, ""overlap_rows"": 588}, ""Open"": {""maximum_relative_change"": 0.00903658069291694, ""overlap_rows"": 588}, ""Volume"": {""maximum_relative_change"": 0.0, ""overlap_rows"": 588}}, ""missing_cached_dates"": {}, ""price_replacement"": ""accepted_provider_values"", ""provider_response"": ""replacement_responses/0a988266f465597a25bd47b1f8327b30006be6aed53d1253c21178dc35e8b27b.csv"", ""provider_response_sha256"": ""0a988266f465597a25bd47b1f8327b30006be6aed53d1253c21178dc35e8b27b"", ""review_reasons"": [], ""review_threshold"": 0.01}"
live,prices,SWK,yahoo,SWK,,,ok,2023-01-01,2026-05-06,838,2023-01-03,2026-05-06,2026-09-24T16:34:29.218388Z,yfinance,1.5.1,200,,,"{""comparison"": {""Close"": {""maximum_relative_change"": 0.008628032895089243, ""overlap_rows"": 588}, ""Open"": {""maximum_relative_change"": 0.008628032895089314, ""overlap_rows"": 588}, ""Volume"": {""maximum_relative_change"": 0.0, ""overlap_rows"": 588}}, ""missing_cached_dates"": {}, ""price_replacement"": ""accepted_provider_values"", ""provider_response"": ""replacement_responses/55fb4ee6f453a90e27c09d9c4ec866f3ec4048f40689a18aa564a7807e7fb3a9.csv"", ""provider_response_sha256"": ""55fb4ee6f453a90e27c09d9c4ec866f3ec4048f40689a18aa564a7807e7fb3a9"", ""review_reasons"": [], ""review_threshold"": 0.01}"
live,prices,SWKS,yahoo,SWKS,,,ok,2023-01-01,2026-05-06,838,2023-01-03,2026-05-06,2026-09-24T16:34:33.496906Z,yfinance,1.5.1,200,,,"{""comparison"": {""Close"": {""maximum_relative_change"": 3.097477460818072e-07, ""overlap_rows"": 588}, ""Open"": {""maximum_relative_change"": 3.0974774596505487e-07, ""overlap_rows"": 588}, ""Volume"": {""maximum_relative_change"": 0.0, ""overlap_rows"": 588}}, ""missing_cached_dates"": {}, ""price_replacement"": ""accepted_provider_values"", ""provider_response"": ""replacement_responses/66f615768a84b9f1dc97bbaa1fa0d930f3cd86d8c2e217c2a41d34b30f7097f1.csv"", ""provider_response_sha256"": ""66f615768a84b9f1dc97bbaa1fa0d930f3cd86d8c2e217c2a41d34b30f7097f1"", ""review_reasons"": [], ""review_threshold"": 0.01}"
live,prices,SYF,yahoo,SYF,,,ok,2023-01-01,2026-05-06,838,2023-01-03,2026-05-06,2026-09-24T16:34:36.772694Z,yfinance,1.5.1,200,,,"{""comparison"": {""Close"": {""maximum_relative_change"": 0.004299713859895864, ""overlap_rows"": 588}, ""Open"": {""maximum_relative_change"": 0.0042997138598957875, ""overlap_rows"": 588}, ""Volume"": {""maximum_relative_change"": 0.0, ""overlap_rows"": 588}}, ""missing_cached_dates"": {}, ""price_replacement"": ""accepted_provider_values"", ""provider_response"": ""replacement_responses/c593d896a299ed11e87c63b640610958f657bd361b8a6c86bcd6702c15fec504.csv"", ""provider_response_sha256"": ""c593d896a299ed11e87c63b640610958f657bd361b8a6c86bcd6702c15fec504"", ""review_reasons"": [], ""review_threshold"": 0.01}"
live,prices,SYK,yahoo,SYK,,,ok,2023-01-01,2026-05-06,838,2023-01-03,2026-05-06,2026-09-24T16:34:41.109568Z,yfinance,1.5.1,200,,,"{""comparison"": {""Close"": {""maximum_relative_change"": 3.530416479701694e-07, ""overlap_rows"": 588}, ""Open"": {""maximum_relative_change"": 3.5304164801114863e-07, ""overlap_rows"": 588}, ""Volume"": {""maximum_relative_change"": 0.0, ""overlap_rows"": 588}}, ""missing_cached_dates"": {}, ""price_replacement"": ""accepted_provider_values"", ""provider_response"": ""replacement_responses/c4ca9b68d3b980b5fbd3e378b4b3c09e21c3b41c7b288df600a1299a6194597d.csv"", ""provider_response_sha256"": ""c4ca9b68d3b980b5fbd3e378b4b3c09e21c3b41c7b288df600a1299a6194597d"", ""review_reasons"": [], ""review_threshold"": 0.01}"
live,prices,SYY,yahoo,SYY,,,ok,2023-01-01,2026-05-06,838,2023-01-03,2026-05-06,2026-09-24T16:34:44.136507Z,yfinance,1.5.1,200,,,"{""comparison"": {""Close"": {""maximum_relative_change"": 3.255498700079369e-07, ""overlap_rows"": 588}, ""Open"": {""maximum_relative_change"": 3.2554986998538953e-07, ""overlap_rows"": 588}, ""Volume"": {""maximum_relative_change"": 0.0, ""overlap_rows"": 588}}, ""missing_cached_dates"": {}, ""price_replacement"": ""accepted_provider_values"", ""provider_response"": ""replacement_responses/5571c34c2d0a1ff426fe1712aca5b32e19ea07e34e27f9956cf25d1c2819ba58.csv"", ""provider_response_sha256"": ""5571c34c2d0a1ff426fe1712aca5b32e19ea07e34e27f9956cf25d1c2819ba58"", ""review_reasons"": [], ""review_threshold"": 0.01}"
live,prices,T,yahoo,T,,,ok,2023-01-01,2026-05-06,838,2023-01-03,2026-05-06,2026-09-24T16:34:47.068925Z,yfinance,1.5.1,200,,,"{""comparison"": {""Close"": {""maximum_relative_change"": 4.2805346858681464e-07, ""overlap_rows"": 588}, ""Open"": {""maximum_relative_change"": 4.2805346873455e-07, ""overlap_rows"": 588}, ""Volume"": {""maximum_relative_change"": 0.0, ""overlap_rows"": 588}}, ""missing_cached_dates"": {}, ""price_replacement"": ""accepted_provider_values"", ""provider_response"": ""replacement_responses/7ba024ff3025dd3b821fcaee21106ccb364fcac120d5bbf6539df00051d49614.csv"", ""provider_response_sha256"": ""7ba024ff3025dd3b821fcaee21106ccb364fcac120d5bbf6539df00051d49614"", ""review_reasons"": [], ""review_threshold"": 0.01}"
live,prices,TAP,yahoo,TAP,,,ok,2023-01-01,2026-05-06,838,2023-01-03,2026-05-06,2026-09-24T16:34:51.467259Z,yfinance,1.5.1,,,,"{""approved_review_reasons"": [""Open revision 1.152% exceeds 1.0%"", ""Close revision 1.152% exceeds 1.0%""], ""comparison"": {""Close"": {""maximum_relative_change"": 0.01152207444747418, ""overlap_rows"": 588}, ""Open"": {""maximum_relative_change"": 0.0115220744474741, ""overlap_rows"": 588}, ""Volume"": {""maximum_relative_change"": 0.0, ""overlap_rows"": 588}}, ""missing_cached_dates"": {}, ""price_replacement"": ""accepted_provider_values"", ""provider_response"": ""replacement_responses/d334b078ad3641eb9c0683ec852259b554968cb6951fe363e22dc041a8a3e889.csv"", ""provider_response_sha256"": ""d334b078ad3641eb9c0683ec852259b554968cb6951fe363e22dc041a8a3e889"", ""review_approval"": {""approved_at_utc"": ""2026-09-24T21:36:40.013605Z"", ""authority"": ""User explicitly approved the existing held 1-2 percent revisions on 2026-09-24."", ""maximum_approved_relative_change"": 0.02, ""scope"": ""This saved provider response only; no global threshold change.""}, ""review_reasons"": [], ""review_threshold"": 0.01}"
live,prices,TDG,yahoo,TDG,,,ok,2023-01-01,2026-05-06,838,2023-01-03,2026-05-06,2026-09-24T16:34:53.599005Z,yfinance,1.5.1,200,,,"{""comparison"": {""Close"": {""maximum_relative_change"": 1.2368351269091788e-07, ""overlap_rows"": 588}, ""Open"": {""maximum_relative_change"": 1.2368351269239466e-07, ""overlap_rows"": 588}, ""Volume"": {""maximum_relative_change"": 0.0, ""overlap_rows"": 588}}, ""missing_cached_dates"": {}, ""price_replacement"": ""accepted_provider_values"", ""provider_response"": ""replacement_responses/090915070ba81542dacf853c92ac77e8820add919d72c0ea57a1a31799d81f7e.csv"", ""provider_response_sha256"": ""090915070ba81542dacf853c92ac77e8820add919d72c0ea57a1a31799d81f7e"", ""review_reasons"": [], ""review_threshold"": 0.01}"
live,prices,TDY,yahoo,TDY,,,ok,2023-01-01,2026-05-06,838,2023-01-03,2026-05-06,2026-09-24T16:34:56.868928Z,yfinance,1.5.1,200,,,"{""comparison"": {""Close"": {""maximum_relative_change"": 1.5078629424431085e-16, ""overlap_rows"": 588}, ""Open"": {""maximum_relative_change"": 1.5241157272402672e-16, ""overlap_rows"": 588}, ""Volume"": {""maximum_relative_change"": 0.0, ""overlap_rows"": 588}}, ""missing_cached_dates"": {}, ""price_replacement"": ""accepted_provider_values"", ""provider_response"": ""replacement_responses/91dd3e0e1ad229963016bc977a86d7188dc202aa599b6d2becd8f9f4478c45a7.csv"", ""provider_response_sha256"": ""91dd3e0e1ad229963016bc977a86d7188dc202aa599b6d2becd8f9f4478c45a7"", ""review_reasons"": [], ""review_threshold"": 0.01}"
live,prices,TECH,yahoo,TECH,,,ok,2023-01-01,2026-05-06,838,2023-01-03,2026-05-06,2026-09-24T16:34:59.970530Z,yfinance,1.5.1,200,,,"{""comparison"": {""Close"": {""maximum_relative_change"": 0.0011064814556072547, ""overlap_rows"": 588}, ""Open"": {""maximum_relative_change"": 0.0011064814556070717, ""overlap_rows"": 588}, ""Volume"": {""maximum_relative_change"": 0.0, ""overlap_rows"": 588}}, ""missing_cached_dates"": {}, ""price_replacement"": ""accepted_provider_values"", ""provider_response"": ""replacement_responses/0bed7fe846c15f92852f79fa1054f17f0f6eb678cabd1d37fefdb60ddc7a9c22.csv"", ""provider_response_sha256"": ""0bed7fe846c15f92852f79fa1054f17f0f6eb678cabd1d37fefdb60ddc7a9c22"", ""review_reasons"": [], ""review_threshold"": 0.01}"
live,prices,TEL,yahoo,TEL,,,ok,2023-01-01,2026-05-06,838,2023-01-03,2026-05-06,2026-09-24T16:35:04.052881Z,yfinance,1.5.1,200,,,"{""comparison"": {""Close"": {""maximum_relative_change"": 0.003889888509593556, ""overlap_rows"": 588}, ""Open"": {""maximum_relative_change"": 0.0038898885095936266, ""overlap_rows"": 588}, ""Volume"": {""maximum_relative_change"": 0.0, ""overlap_rows"": 588}}, ""missing_cached_dates"": {}, ""price_replacement"": ""accepted_provider_values"", ""provider_response"": ""replacement_responses/b162c9b02346b1b4eaa5602b6df7ca2cbb28459a497d4acae318c1f69fd06805.csv"", ""provider_response_sha256"": ""b162c9b02346b1b4eaa5602b6df7ca2cbb28459a497d4acae318c1f69fd06805"", ""review_reasons"": [], ""review_threshold"": 0.01}"
live,prices,TER,yahoo,TER,,,ok,2023-01-01,2026-05-06,838,2023-01-03,2026-05-06,2026-09-24T16:35:08.274175Z,yfinance,1.5.1,200,,,"{""comparison"": {""Close"": {""maximum_relative_change"": 0.0003842418002550228, ""overlap_rows"": 588}, ""Open"": {""maximum_relative_change"": 0.00038424180025481343, ""overlap_rows"": 588}, ""Volume"": {""maximum_relative_change"": 0.0, ""overlap_rows"": 588}}, ""missing_cached_dates"": {}, ""price_replacement"": ""accepted_provider_values"", ""provider_response"": ""replacement_responses/9c6b62e451f89f16c483081c4a6387a7017b29515bfbdcd6b83421b0f6de016b.csv"", ""provider_response_sha256"": ""9c6b62e451f89f16c483081c4a6387a7017b29515bfbdcd6b83421b0f6de016b"", ""review_reasons"": [], ""review_threshold"": 0.01}"
live,prices,TFC,yahoo,TFC,,,ok,2023-01-01,2026-05-06,838,2023-01-03,2026-05-06,2026-09-24T16:35:12.752818Z,yfinance,1.5.1,200,,,"{""comparison"": {""Close"": {""maximum_relative_change"": 0.009813497164139996, ""overlap_rows"": 588}, ""Open"": {""maximum_relative_change"": 0.009813497164139845, ""overlap_rows"": 588}, ""Volume"": {""maximum_relative_change"": 0.0, ""overlap_rows"": 588}}, ""missing_cached_dates"": {}, ""price_replacement"": ""accepted_provider_values"", ""provider_response"": ""replacement_responses/d64f016dd098b76d5319449ac1ed9d1348a9331c0728d405c51a5d9d11c1ea67.csv"", ""provider_response_sha256"": ""d64f016dd098b76d5319449ac1ed9d1348a9331c0728d405c51a5d9d11c1ea67"", ""review_reasons"": [], ""review_threshold"": 0.01}"
live,prices,TFX,yahoo,TFX,,,ok,2023-01-01,2026-05-06,838,2023-01-03,2026-05-06,2026-09-24T16:35:15.899738Z,yfinance,1.5.1,200,,,"{""comparison"": {}, ""missing_cached_dates"": {}, ""price_replacement"": ""accepted_provider_values"", ""provider_response"": ""replacement_responses/2744c53c5910e98d7289be09444a9fe5981709d692be02015d8c33dfef85a4ff.csv"", ""provider_response_sha256"": ""2744c53c5910e98d7289be09444a9fe5981709d692be02015d8c33dfef85a4ff"", ""review_reasons"": [], ""review_threshold"": 0.01}"
live,prices,TGT,yahoo,TGT,,,ok,2023-01-01,2026-05-06,838,2023-01-03,2026-05-06,2026-09-24T16:35:19.406959Z,yfinance,1.5.1,200,,,"{""comparison"": {""Close"": {""maximum_relative_change"": 0.007617376573088093, ""overlap_rows"": 588}, ""Open"": {""maximum_relative_change"": 0.007617376573088199, ""overlap_rows"": 588}, ""Volume"": {""maximum_relative_change"": 0.0, ""overlap_rows"": 588}}, ""missing_cached_dates"": {}, ""price_replacement"": ""accepted_provider_values"", ""provider_response"": ""replacement_responses/9bcf78030bf2c553b863d94df0e8bc1f20aa3964512c6efd8905f7564343d9d6.csv"", ""provider_response_sha256"": ""9bcf78030bf2c553b863d94df0e8bc1f20aa3964512c6efd8905f7564343d9d6"", ""review_reasons"": [], ""review_threshold"": 0.01}"
live,prices,TJX,yahoo,TJX,,,ok,2023-01-01,2026-05-06,838,2023-01-03,2026-05-06,2026-09-24T16:35:23.783082Z,yfinance,1.5.1,200,,,"{""comparison"": {""Close"": {""maximum_relative_change"": 0.0031455149834073563, ""overlap_rows"": 588}, ""Open"": {""maximum_relative_change"": 0.0031455149834072713, ""overlap_rows"": 588}, ""Volume"": {""maximum_relative_change"": 0.0, ""overlap_rows"": 588}}, ""missing_cached_dates"": {}, ""price_replacement"": ""accepted_provider_values"", ""provider_response"": ""replacement_responses/b65fb6cb9d4cb662ef0e6c64ffecf78ae69743329f1ecb1ea56e9079cb99e04a.csv"", ""provider_response_sha256"": ""b65fb6cb9d4cb662ef0e6c64ffecf78ae69743329f1ecb1ea56e9079cb99e04a"", ""review_reasons"": [], ""review_threshold"": 0.01}"
live,prices,TKO,yahoo,TKO,,,ok,2023-01-01,2026-05-06,838,2023-01-03,2026-05-06,2026-09-24T16:35:27.885567Z,yfinance,1.5.1,200,,,"{""comparison"": {""Close"": {""maximum_relative_change"": 0.004078272476069026, ""overlap_rows"": 588}, ""Open"": {""maximum_relative_change"": 0.004078272476069218, ""overlap_rows"": 588}, ""Volume"": {""maximum_relative_change"": 0.0, ""overlap_rows"": 588}}, ""missing_cached_dates"": {}, ""price_replacement"": ""accepted_provider_values"", ""provider_response"": ""replacement_responses/20f5a4e58218b1c68025fb5c1c159c67aeed51c8309185c450d5a40d780f28d0.csv"", ""provider_response_sha256"": ""20f5a4e58218b1c68025fb5c1c159c67aeed51c8309185c450d5a40d780f28d0"", ""review_reasons"": [], ""review_threshold"": 0.01}"
live,prices,TMO,yahoo,TMO,,,ok,2023-01-01,2026-05-06,838,2023-01-03,2026-05-06,2026-09-24T16:35:32.387139Z,yfinance,1.5.1,200,,,"{""comparison"": {""Close"": {""maximum_relative_change"": 0.0007663058239242618, ""overlap_rows"": 588}, ""Open"": {""maximum_relative_change"": 0.0007663058239242792, ""overlap_rows"": 588}, ""Volume"": {""maximum_relative_change"": 0.0, ""overlap_rows"": 588}}, ""missing_cached_dates"": {}, ""price_replacement"": ""accepted_provider_values"", ""provider_response"": ""replacement_responses/7f05b4d46577a3630d7a1cc0aa4262ad436c26ccde7964cd038d3833eb57ce6f.csv"", ""provider_response_sha256"": ""7f05b4d46577a3630d7a1cc0aa4262ad436c26ccde7964cd038d3833eb57ce6f"", ""review_reasons"": [], ""review_threshold"": 0.01}"
live,prices,TMUS,yahoo,TMUS,,,ok,2023-01-01,2026-05-06,838,2023-01-03,2026-05-06,2026-09-24T16:35:36.086435Z,yfinance,1.5.1,200,,,"{""comparison"": {""Close"": {""maximum_relative_change"": 0.005738667775606751, ""overlap_rows"": 588}, ""Open"": {""maximum_relative_change"": 0.005738667775606648, ""overlap_rows"": 588}, ""Volume"": {""maximum_relative_change"": 0.0, ""overlap_rows"": 588}}, ""missing_cached_dates"": {}, ""price_replacement"": ""accepted_provider_values"", ""provider_response"": ""replacement_responses/92c26bd6a5ddb38cf4bc1c4eea05c150325b19cc3d6c9a0d7aedde472e95921a.csv"", ""provider_response_sha256"": ""92c26bd6a5ddb38cf4bc1c4eea05c150325b19cc3d6c9a0d7aedde472e95921a"", ""review_reasons"": [], ""review_threshold"": 0.01}"
live,prices,TPL,yahoo,TPL,,,ok,2023-01-01,2026-05-06,838,2023-01-03,2026-05-06,2026-09-24T16:35:38.976896Z,yfinance,1.5.1,200,,,"{""comparison"": {""Close"": {""maximum_relative_change"": 0.0016031396806364207, ""overlap_rows"": 588}, ""Open"": {""maximum_relative_change"": 0.0016031396806363413, ""overlap_rows"": 588}, ""Volume"": {""maximum_relative_change"": 0.0, ""overlap_rows"": 588}}, ""missing_cached_dates"": {}, ""price_replacement"": ""accepted_provider_values"", ""provider_response"": ""replacement_responses/469a66b1e63be73826832d913c2367492e02e2dd287649a531b0e3efa9e87393.csv"", ""provider_response_sha256"": ""469a66b1e63be73826832d913c2367492e02e2dd287649a531b0e3efa9e87393"", ""review_reasons"": [], ""review_threshold"": 0.01}"
live,prices,TPR,yahoo,TPR,,,ok,2023-01-01,2026-05-06,838,2023-01-03,2026-05-06,2026-09-24T16:35:41.621514Z,yfinance,1.5.1,200,,,"{""comparison"": {""Close"": {""maximum_relative_change"": 0.003776803810882134, ""overlap_rows"": 588}, ""Open"": {""maximum_relative_change"": 0.0037768038108821535, ""overlap_rows"": 588}, ""Volume"": {""maximum_relative_change"": 0.0, ""overlap_rows"": 588}}, ""missing_cached_dates"": {}, ""price_replacement"": ""accepted_provider_values"", ""provider_response"": ""replacement_responses/b51b7f8b1c7c4617d83f3f30df7f608f177f9e1c06be56e98c9884a2d9e733ef.csv"", ""provider_response_sha256"": ""b51b7f8b1c7c4617d83f3f30df7f608f177f9e1c06be56e98c9884a2d9e733ef"", ""review_reasons"": [], ""review_threshold"": 0.01}"
live,prices,TRGP,yahoo,TRGP,,,ok,2023-01-01,2026-05-06,838,2023-01-03,2026-05-06,2026-09-24T16:35:44.454903Z,yfinance,1.5.1,200,,,"{""comparison"": {""Close"": {""maximum_relative_change"": 0.004658561398899794, ""overlap_rows"": 588}, ""Open"": {""maximum_relative_change"": 0.004658561398899655, ""overlap_rows"": 588}, ""Volume"": {""maximum_relative_change"": 0.0, ""overlap_rows"": 588}}, ""missing_cached_dates"": {}, ""price_replacement"": ""accepted_provider_values"", ""provider_response"": ""replacement_responses/50cb740f1532df1afc719757626cbea8408747b168c0f9caa1957b999c29ec93.csv"", ""provider_response_sha256"": ""50cb740f1532df1afc719757626cbea8408747b168c0f9caa1957b999c29ec93"", ""review_reasons"": [], ""review_threshold"": 0.01}"
live,prices,TRMB,yahoo,TRMB,,,ok,2023-01-01,2026-05-06,838,2023-01-03,2026-05-06,2026-09-24T16:35:47.669943Z,yfinance,1.5.1,200,,,"{""comparison"": {""Close"": {""maximum_relative_change"": 0.0, ""overlap_rows"": 588}, ""Open"": {""maximum_relative_change"": 0.0, ""overlap_rows"": 588}, ""Volume"": {""maximum_relative_change"": 0.0, ""overlap_rows"": 588}}, ""missing_cached_dates"": {}, ""price_replacement"": ""accepted_provider_values"", ""provider_response"": ""replacement_responses/567883814820c2e6e531e24abea7d323b89c1ee04af6d2dce04bd10b5c5ffd8f.csv"", ""provider_response_sha256"": ""567883814820c2e6e531e24abea7d323b89c1ee04af6d2dce04bd10b5c5ffd8f"", ""review_reasons"": [], ""review_threshold"": 0.01}"
live,prices,TROW,yahoo,TROW,,,ok,2023-01-01,2026-05-06,838,2023-01-03,2026-05-06,2026-09-24T16:35:51.703079Z,yfinance,1.5.1,,,,"{""approved_review_reasons"": [""Open revision 1.229% exceeds 1.0%"", ""Close revision 1.229% exceeds 1.0%""], ""comparison"": {""Close"": {""maximum_relative_change"": 0.012287581789879105, ""overlap_rows"": 588}, ""Open"": {""maximum_relative_change"": 0.012287581789878984, ""overlap_rows"": 588}, ""Volume"": {""maximum_relative_change"": 0.0, ""overlap_rows"": 588}}, ""missing_cached_dates"": {}, ""price_replacement"": ""accepted_provider_values"", ""provider_response"": ""replacement_responses/408921945f20143a78f4555a56846b710ddb49ff7efe0737ac9bdb18fafd8ed3.csv"", ""provider_response_sha256"": ""408921945f20143a78f4555a56846b710ddb49ff7efe0737ac9bdb18fafd8ed3"", ""review_approval"": {""approved_at_utc"": ""2026-09-24T21:36:40.013605Z"", ""authority"": ""User explicitly approved the existing held 1-2 percent revisions on 2026-09-24."", ""maximum_approved_relative_change"": 0.02, ""scope"": ""This saved provider response only; no global threshold change.""}, ""review_reasons"": [], ""review_threshold"": 0.01}"
live,prices,TRV,yahoo,TRV,,,ok,2023-01-01,2026-05-06,838,2023-01-03,2026-05-06,2026-09-24T16:35:55.276202Z,yfinance,1.5.1,200,,,"{""comparison"": {""Close"": {""maximum_relative_change"": 0.003407614001909432, ""overlap_rows"": 588}, ""Open"": {""maximum_relative_change"": 0.00340761400190947, ""overlap_rows"": 588}, ""Volume"": {""maximum_relative_change"": 0.0, ""overlap_rows"": 588}}, ""missing_cached_dates"": {}, ""price_replacement"": ""accepted_provider_values"", ""provider_response"": ""replacement_responses/86ccfff1ae6b3a6927278924f04318d2029e40ceff0a552888c892dd77777cd8.csv"", ""provider_response_sha256"": ""86ccfff1ae6b3a6927278924f04318d2029e40ceff0a552888c892dd77777cd8"", ""review_reasons"": [], ""review_threshold"": 0.01}"
live,prices,TSCO,yahoo,TSCO,,,ok,2023-01-01,2026-05-06,838,2023-01-03,2026-05-06,2026-09-24T16:35:58.628836Z,yfinance,1.5.1,200,,,"{""comparison"": {""Close"": {""maximum_relative_change"": 0.0068614119205253595, ""overlap_rows"": 588}, ""Open"": {""maximum_relative_change"": 0.006861411920525365, ""overlap_rows"": 588}, ""Volume"": {""maximum_relative_change"": 0.0, ""overlap_rows"": 588}}, ""missing_cached_dates"": {}, ""price_replacement"": ""accepted_provider_values"", ""provider_response"": ""replacement_responses/57fa4aa3464e8f81733d08ab8f15d2164873a752ed499388c3a37a64305e1fa1.csv"", ""provider_response_sha256"": ""57fa4aa3464e8f81733d08ab8f15d2164873a752ed499388c3a37a64305e1fa1"", ""review_reasons"": [], ""review_threshold"": 0.01}"
live,prices,TSLA,yahoo,TSLA,,,ok,2023-01-01,2026-05-06,838,2023-01-03,2026-05-06,2026-09-24T16:36:02.333134Z,yfinance,1.5.1,200,,,"{""comparison"": {""Close"": {""maximum_relative_change"": 1.5725190088853333e-16, ""overlap_rows"": 588}, ""Open"": {""maximum_relative_change"": 1.56671125388111e-16, ""overlap_rows"": 588}, ""Volume"": {""maximum_relative_change"": 0.0, ""overlap_rows"": 588}}, ""missing_cached_dates"": {}, ""price_replacement"": ""accepted_provider_values"", ""provider_response"": ""replacement_responses/e37835f1afa75622a80f83ad5c7b284464d504c4bf1e8ed38819920cdbc53cc1.csv"", ""provider_response_sha256"": ""e37835f1afa75622a80f83ad5c7b284464d504c4bf1e8ed38819920cdbc53cc1"", ""review_reasons"": [], ""review_threshold"": 0.01}"
live,prices,TSN,yahoo,TSN,,,ok,2023-01-01,2026-05-06,838,2023-01-03,2026-05-06,2026-09-24T16:36:05.465409Z,yfinance,1.5.1,200,,,"{""comparison"": {""Close"": {""maximum_relative_change"": 0.00924942752053013, ""overlap_rows"": 588}, ""Open"": {""maximum_relative_change"": 0.009249427520530118, ""overlap_rows"": 588}, ""Volume"": {""maximum_relative_change"": 0.0, ""overlap_rows"": 588}}, ""missing_cached_dates"": {}, ""price_replacement"": ""accepted_provider_values"", ""provider_response"": ""replacement_responses/3d937ef691728a4034bf4631800a78cffecb4f325172ece81bf5240641929252.csv"", ""provider_response_sha256"": ""3d937ef691728a4034bf4631800a78cffecb4f325172ece81bf5240641929252"", ""review_reasons"": [], ""review_threshold"": 0.01}"
live,prices,TT,yahoo,TT,,,ok,2023-01-01,2026-05-06,838,2023-01-03,2026-05-06,2026-09-24T16:36:09.804494Z,yfinance,1.5.1,200,,,"{""comparison"": {""Close"": {""maximum_relative_change"": 0.0023587957742472977, ""overlap_rows"": 588}, ""Open"": {""maximum_relative_change"": 0.00235879577424731, ""overlap_rows"": 588}, ""Volume"": {""maximum_relative_change"": 0.0, ""overlap_rows"": 588}}, ""missing_cached_dates"": {}, ""price_replacement"": ""accepted_provider_values"", ""provider_response"": ""replacement_responses/4bab182f6437b343115b5fe5cbc3a60ffefd6976ea748cde41151965bd91eedd.csv"", ""provider_response_sha256"": ""4bab182f6437b343115b5fe5cbc3a60ffefd6976ea748cde41151965bd91eedd"", ""review_reasons"": [], ""review_threshold"": 0.01}"
live,prices,TTD,yahoo,TTD,,,ok,2023-01-01,2026-05-06,838,2023-01-03,2026-05-06,2026-09-24T16:36:14.500244Z,yfinance,1.5.1,200,,,"{""comparison"": {""Close"": {""maximum_relative_change"": 1.7237814524935619e-16, ""overlap_rows"": 588}, ""Open"": {""maximum_relative_change"": 1.6440136873937387e-16, ""overlap_rows"": 588}, ""Volume"": {""maximum_relative_change"": 0.0, ""overlap_rows"": 588}}, ""missing_cached_dates"": {}, ""price_replacement"": ""accepted_provider_values"", ""provider_response"": ""replacement_responses/7ce977b62208bdc488bc8e354c1b62491c1a5f75a2204f53b574c57c3fb4f6e1.csv"", ""provider_response_sha256"": ""7ce977b62208bdc488bc8e354c1b62491c1a5f75a2204f53b574c57c3fb4f6e1"", ""review_reasons"": [], ""review_threshold"": 0.01}"
live,prices,TTWO,yahoo,TTWO,,,ok,2023-01-01,2026-05-06,838,2023-01-03,2026-05-06,2026-09-24T16:36:17.213915Z,yfinance,1.5.1,200,,,"{""comparison"": {""Close"": {""maximum_relative_change"": 1.5661070145204495e-16, ""overlap_rows"": 588}, ""Open"": {""maximum_relative_change"": 1.5694798169509459e-16, ""overlap_rows"": 588}, ""Volume"": {""maximum_relative_change"": 0.0, ""overlap_rows"": 588}}, ""missing_cached_dates"": {}, ""price_replacement"": ""accepted_provider_values"", ""provider_response"": ""replacement_responses/6ff9614dfd038257968943e291c8e989f5548f5a6464ce00de453b965fec3163.csv"", ""provider_response_sha256"": ""6ff9614dfd038257968943e291c8e989f5548f5a6464ce00de453b965fec3163"", ""review_reasons"": [], ""review_threshold"": 0.01}"
live,prices,TXN,yahoo,TXN,,,ok,2023-01-01,2026-05-06,838,2023-01-03,2026-05-06,2026-09-24T16:36:21.645605Z,yfinance,1.5.1,200,,,"{""comparison"": {""Close"": {""maximum_relative_change"": 0.005094394176794463, ""overlap_rows"": 588}, ""Open"": {""maximum_relative_change"": 0.005094394176794373, ""overlap_rows"": 588}, ""Volume"": {""maximum_relative_change"": 0.0, ""overlap_rows"": 588}}, ""missing_cached_dates"": {}, ""price_replacement"": ""accepted_provider_values"", ""provider_response"": ""replacement_responses/17dd4025b5d4c0cc2d4fc5f8110611fabd0004b6c476a337117ffdfd6d72062e.csv"", ""provider_response_sha256"": ""17dd4025b5d4c0cc2d4fc5f8110611fabd0004b6c476a337117ffdfd6d72062e"", ""review_reasons"": [], ""review_threshold"": 0.01}"
live,prices,TXT,yahoo,TXT,,,ok,2023-01-01,2026-05-06,838,2023-01-03,2026-05-06,2026-09-24T16:36:24.763112Z,yfinance,1.5.1,200,,,"{""comparison"": {""Close"": {""maximum_relative_change"": 0.0002528497031060653, ""overlap_rows"": 588}, ""Open"": {""maximum_relative_change"": 0.0002528497031059994, ""overlap_rows"": 588}, ""Volume"": {""maximum_relative_change"": 0.0, ""overlap_rows"": 588}}, ""missing_cached_dates"": {}, ""price_replacement"": ""accepted_provider_values"", ""provider_response"": ""replacement_responses/f5a06aaf7f251008d80bc02f568c070943cd1e4eb6c59a68381ee66e0e07bdda.csv"", ""provider_response_sha256"": ""f5a06aaf7f251008d80bc02f568c070943cd1e4eb6c59a68381ee66e0e07bdda"", ""review_reasons"": [], ""review_threshold"": 0.01}"
live,prices,TYL,yahoo,TYL,,,ok,2023-01-01,2026-05-06,838,2023-01-03,2026-05-06,2026-09-24T16:36:28.947710Z,yfinance,1.5.1,200,,,"{""comparison"": {""Close"": {""maximum_relative_change"": 1.4186737521182913e-16, ""overlap_rows"": 588}, ""Open"": {""maximum_relative_change"": 1.5693930686097454e-16, ""overlap_rows"": 588}, ""Volume"": {""maximum_relative_change"": 0.0, ""overlap_rows"": 588}}, ""missing_cached_dates"": {}, ""price_replacement"": ""accepted_provider_values"", ""provider_response"": ""replacement_responses/c9ca7e76281547744535d0c6e92d05d6f9e22a402700bb2c1cec73b6e38de4ac.csv"", ""provider_response_sha256"": ""c9ca7e76281547744535d0c6e92d05d6f9e22a402700bb2c1cec73b6e38de4ac"", ""review_reasons"": [], ""review_threshold"": 0.01}"
live,prices,UAL,yahoo,UAL,,,ok,2023-01-01,2026-05-06,838,2023-01-03,2026-05-06,2026-09-24T16:36:32.670957Z,yfinance,1.5.1,200,,,"{""comparison"": {""Close"": {""maximum_relative_change"": 1.5747844693719262e-16, ""overlap_rows"": 588}, ""Open"": {""maximum_relative_change"": 1.5756574266016208e-16, ""overlap_rows"": 588}, ""Volume"": {""maximum_relative_change"": 0.0, ""overlap_rows"": 588}}, ""missing_cached_dates"": {}, ""price_replacement"": ""accepted_provider_values"", ""provider_response"": ""replacement_responses/d79c139af867462b484cbb9383b61f368e18aac23442a2629968d808297df684.csv"", ""provider_response_sha256"": ""d79c139af867462b484cbb9383b61f368e18aac23442a2629968d808297df684"", ""review_reasons"": [], ""review_threshold"": 0.01}"
live,prices,UBER,yahoo,UBER,,,ok,2023-01-01,2026-05-06,838,2023-01-03,2026-05-06,2026-09-24T16:36:37.034851Z,yfinance,1.5.1,200,,,"{""comparison"": {""Close"": {""maximum_relative_change"": 1.5761816923233176e-16, ""overlap_rows"": 588}, ""Open"": {""maximum_relative_change"": 1.5704337551865232e-16, ""overlap_rows"": 588}, ""Volume"": {""maximum_relative_change"": 0.0, ""overlap_rows"": 588}}, ""missing_cached_dates"": {}, ""price_replacement"": ""accepted_provider_values"", ""provider_response"": ""replacement_responses/f28f89df76a39995b4fba5254d160cf07220744976bdd53720dbcfaca5d09ca5.csv"", ""provider_response_sha256"": ""f28f89df76a39995b4fba5254d160cf07220744976bdd53720dbcfaca5d09ca5"", ""review_reasons"": [], ""review_threshold"": 0.01}"
live,prices,UDR,yahoo,UDR,,,ok,2023-01-01,2026-05-06,838,2023-01-03,2026-05-06,2026-09-24T16:36:41.469576Z,yfinance,1.5.1,200,,,"{""comparison"": {""Close"": {""maximum_relative_change"": 0.00790605025687352, ""overlap_rows"": 588}, ""Open"": {""maximum_relative_change"": 0.007906050256873381, ""overlap_rows"": 588}, ""Volume"": {""maximum_relative_change"": 0.0, ""overlap_rows"": 588}}, ""missing_cached_dates"": {}, ""price_replacement"": ""accepted_provider_values"", ""provider_response"": ""replacement_responses/9306d50bb17b293c40f0246679d60b3e82f0b10b51b0aba49d55b6ac3be04a4e.csv"", ""provider_response_sha256"": ""9306d50bb17b293c40f0246679d60b3e82f0b10b51b0aba49d55b6ac3be04a4e"", ""review_reasons"": [], ""review_threshold"": 0.01}"
live,prices,UHS,yahoo,UHS,,,ok,2023-01-01,2026-05-06,838,2023-01-03,2026-05-06,2026-09-24T16:36:45.225374Z,yfinance,1.5.1,200,,,"{""comparison"": {""Close"": {""maximum_relative_change"": 0.0011745053591502529, ""overlap_rows"": 588}, ""Open"": {""maximum_relative_change"": 0.0011745053591502026, ""overlap_rows"": 588}, ""Volume"": {""maximum_relative_change"": 0.0, ""overlap_rows"": 588}}, ""missing_cached_dates"": {}, ""price_replacement"": ""accepted_provider_values"", ""provider_response"": ""replacement_responses/577e6a333c754b32eca55a4a8f8b2580cf6b8c7f7f9babec6b61f39cae3e0917.csv"", ""provider_response_sha256"": ""577e6a333c754b32eca55a4a8f8b2580cf6b8c7f7f9babec6b61f39cae3e0917"", ""review_reasons"": [], ""review_threshold"": 0.01}"
live,prices,ULTA,yahoo,ULTA,,,ok,2023-01-01,2026-05-06,838,2023-01-03,2026-05-06,2026-09-24T16:36:49.461323Z,yfinance,1.5.1,200,,,"{""comparison"": {""Close"": {""maximum_relative_change"": 1.5726061031535344e-16, ""overlap_rows"": 588}, ""Open"": {""maximum_relative_change"": 1.559789808831111e-16, ""overlap_rows"": 588}, ""Volume"": {""maximum_relative_change"": 0.0, ""overlap_rows"": 588}}, ""missing_cached_dates"": {}, ""price_replacement"": ""accepted_provider_values"", ""provider_response"": ""replacement_responses/01f41ed39b88bd69e9d8c33461ce955da9db9f9eeef2b6bbf2aa2253a78ff42f.csv"", ""provider_response_sha256"": ""01f41ed39b88bd69e9d8c33461ce955da9db9f9eeef2b6bbf2aa2253a78ff42f"", ""review_reasons"": [], ""review_threshold"": 0.01}"
live,prices,UNH,yahoo,UNH,,,ok,2023-01-01,2026-05-06,838,2023-01-03,2026-05-06,2026-09-24T16:36:53.708303Z,yfinance,1.5.1,200,,,"{""comparison"": {""Close"": {""maximum_relative_change"": 0.006120222282461372, ""overlap_rows"": 588}, ""Open"": {""maximum_relative_change"": 0.006120222282461331, ""overlap_rows"": 588}, ""Volume"": {""maximum_relative_change"": 0.0, ""overlap_rows"": 588}}, ""missing_cached_dates"": {}, ""price_replacement"": ""accepted_provider_values"", ""provider_response"": ""replacement_responses/bb9e564069e3d28eda0cb65b8db3d4e79a14aaf4cf7a757ca869c322f6dc1f17.csv"", ""provider_response_sha256"": ""bb9e564069e3d28eda0cb65b8db3d4e79a14aaf4cf7a757ca869c322f6dc1f17"", ""review_reasons"": [], ""review_threshold"": 0.01}"
live,prices,UNP,yahoo,UNP,,,ok,2023-01-01,2026-05-06,838,2023-01-03,2026-05-06,2026-09-24T16:36:57.920919Z,yfinance,1.5.1,200,,,"{""comparison"": {""Close"": {""maximum_relative_change"": 0.004619512546733739, ""overlap_rows"": 588}, ""Open"": {""maximum_relative_change"": 0.004619512546733743, ""overlap_rows"": 588}, ""Volume"": {""maximum_relative_change"": 0.0, ""overlap_rows"": 588}}, ""missing_cached_dates"": {}, ""price_replacement"": ""accepted_provider_values"", ""provider_response"": ""replacement_responses/115478e1088f2b69c667ee24b3568da1e57a0f0870b88e77e45d2d26faf6d0e7.csv"", ""provider_response_sha256"": ""115478e1088f2b69c667ee24b3568da1e57a0f0870b88e77e45d2d26faf6d0e7"", ""review_reasons"": [], ""review_threshold"": 0.01}"
live,prices,UPS,yahoo,UPS,,,ok,2023-01-01,2026-05-06,838,2023-01-03,2026-05-06,2026-09-24T16:37:02.393358Z,yfinance,1.5.1,,,,"{""approved_review_reasons"": [""Open revision 1.569% exceeds 1.0%"", ""Close revision 1.569% exceeds 1.0%""], ""comparison"": {""Close"": {""maximum_relative_change"": 0.015694113691324743, ""overlap_rows"": 588}, ""Open"": {""maximum_relative_change"": 0.01569411369132478, ""overlap_rows"": 588}, ""Volume"": {""maximum_relative_change"": 0.0, ""overlap_rows"": 588}}, ""missing_cached_dates"": {}, ""price_replacement"": ""accepted_provider_values"", ""provider_response"": ""replacement_responses/116d5c3f1c5df2720f495c07cd5d2c4207afaa0ef01fbaad965ff186fba0fd3c.csv"", ""provider_response_sha256"": ""116d5c3f1c5df2720f495c07cd5d2c4207afaa0ef01fbaad965ff186fba0fd3c"", ""review_approval"": {""approved_at_utc"": ""2026-09-24T21:36:40.013605Z"", ""authority"": ""User explicitly approved the existing held 1-2 percent revisions on 2026-09-24."", ""maximum_approved_relative_change"": 0.02, ""scope"": ""This saved provider response only; no global threshold change.""}, ""review_reasons"": [], ""review_threshold"": 0.01}"
live,prices,URI,yahoo,URI,,,ok,2023-01-01,2026-05-06,838,2023-01-03,2026-05-06,2026-09-24T16:37:05.910826Z,yfinance,1.5.1,200,,,"{""comparison"": {""Close"": {""maximum_relative_change"": 0.0017229339083147097, ""overlap_rows"": 588}, ""Open"": {""maximum_relative_change"": 0.001722933908314628, ""overlap_rows"": 588}, ""Volume"": {""maximum_relative_change"": 0.0, ""overlap_rows"": 588}}, ""missing_cached_dates"": {}, ""price_replacement"": ""accepted_provider_values"", ""provider_response"": ""replacement_responses/c8e768988549be00920cfee05cf10b5c77b75877db4561d847d2c8c2cfecf352.csv"", ""provider_response_sha256"": ""c8e768988549be00920cfee05cf10b5c77b75877db4561d847d2c8c2cfecf352"", ""review_reasons"": [], ""review_threshold"": 0.01}"
live,prices,USB,yahoo,USB,,,ok,2023-01-01,2026-05-06,838,2023-01-03,2026-05-06,2026-09-24T16:37:10.106728Z,yfinance,1.5.1,200,,,"{""comparison"": {""Close"": {""maximum_relative_change"": 3.193605635053271e-07, ""overlap_rows"": 588}, ""Open"": {""maximum_relative_change"": 3.1936056356491004e-07, ""overlap_rows"": 588}, ""Volume"": {""maximum_relative_change"": 0.0, ""overlap_rows"": 588}}, ""missing_cached_dates"": {}, ""price_replacement"": ""accepted_provider_values"", ""provider_response"": ""replacement_responses/9d1a9544edfdc0c2cf657394af97e01aa11b930480dbfc739ddcbd3736c7be4d.csv"", ""provider_response_sha256"": ""9d1a9544edfdc0c2cf657394af97e01aa11b930480dbfc739ddcbd3736c7be4d"", ""review_reasons"": [], ""review_threshold"": 0.01}"
live,prices,V,yahoo,V,,,ok,2023-01-01,2026-05-06,838,2023-01-03,2026-05-06,2026-09-24T16:37:14.717297Z,yfinance,1.5.1,200,,,"{""comparison"": {""Close"": {""maximum_relative_change"": 0.0018546868027647864, ""overlap_rows"": 588}, ""Open"": {""maximum_relative_change"": 0.0018546868027648823, ""overlap_rows"": 588}, ""Volume"": {""maximum_relative_change"": 0.0, ""overlap_rows"": 588}}, ""missing_cached_dates"": {}, ""price_replacement"": ""accepted_provider_values"", ""provider_response"": ""replacement_responses/995159b5905795994a346402024c06cbb9e714064026353c11be305c1b6e02d4.csv"", ""provider_response_sha256"": ""995159b5905795994a346402024c06cbb9e714064026353c11be305c1b6e02d4"", ""review_reasons"": [], ""review_threshold"": 0.01}"
live,prices,VFC,yahoo,VFC,,,ok,2023-01-01,2026-05-06,838,2023-01-03,2026-05-06,2026-09-24T16:37:18.855587Z,yfinance,1.5.1,200,,,"{""comparison"": {}, ""missing_cached_dates"": {}, ""price_replacement"": ""accepted_provider_values"", ""provider_response"": ""replacement_responses/873ed516521458e0d0ebe0d748ca3e75b9357a7c86b61f0586de43548f6994e0.csv"", ""provider_response_sha256"": ""873ed516521458e0d0ebe0d748ca3e75b9357a7c86b61f0586de43548f6994e0"", ""review_reasons"": [], ""review_threshold"": 0.01}"
live,prices,VICI,yahoo,VICI,,,ok,2023-01-01,2026-05-06,838,2023-01-03,2026-05-06,2026-09-24T16:37:21.595093Z,yfinance,1.5.1,,,,"{""approved_review_reasons"": [""Open revision 1.875% exceeds 1.0%"", ""Close revision 1.875% exceeds 1.0%""], ""comparison"": {""Close"": {""maximum_relative_change"": 0.018752782584912534, ""overlap_rows"": 588}, ""Open"": {""maximum_relative_change"": 0.018752782584912836, ""overlap_rows"": 588}, ""Volume"": {""maximum_relative_change"": 0.0, ""overlap_rows"": 588}}, ""missing_cached_dates"": {}, ""price_replacement"": ""accepted_provider_values"", ""provider_response"": ""replacement_responses/a6717c90dd64b2ae78fb40f9fee5a215e2444c1bd97bb4d7aee37d6c55a48d01.csv"", ""provider_response_sha256"": ""a6717c90dd64b2ae78fb40f9fee5a215e2444c1bd97bb4d7aee37d6c55a48d01"", ""review_approval"": {""approved_at_utc"": ""2026-09-24T21:36:40.013605Z"", ""authority"": ""User explicitly approved the existing held 1-2 percent revisions on 2026-09-24."", ""maximum_approved_relative_change"": 0.02, ""scope"": ""This saved provider response only; no global threshold change.""}, ""review_reasons"": [], ""review_threshold"": 0.01}"
live,prices,VLO,yahoo,VLO,,,ok,2023-01-01,2026-05-06,838,2023-01-03,2026-05-06,2026-09-24T16:37:25.613837Z,yfinance,1.5.1,200,,,"{""comparison"": {""Close"": {""maximum_relative_change"": 0.0038500756838750877, ""overlap_rows"": 588}, ""Open"": {""maximum_relative_change"": 0.0038500756838749425, ""overlap_rows"": 588}, ""Volume"": {""maximum_relative_change"": 0.0, ""overlap_rows"": 588}}, ""missing_cached_dates"": {}, ""price_replacement"": ""accepted_provider_values"", ""provider_response"": ""replacement_responses/92bf46b34a865af8e29e2c771cea1550506452287bd1a4c0c89b8ab42d25b3af.csv"", ""provider_response_sha256"": ""92bf46b34a865af8e29e2c771cea1550506452287bd1a4c0c89b8ab42d25b3af"", ""review_reasons"": [], ""review_threshold"": 0.01}"
live,prices,VLTO,yahoo,VLTO,,,ok,2023-01-01,2026-05-06,649,2023-10-04,2026-05-06,2026-09-24T16:37:29.564053Z,yfinance,1.5.1,200,,,"{""comparison"": {""Close"": {""maximum_relative_change"": 3.0166692090484387e-07, ""overlap_rows"": 588}, ""Open"": {""maximum_relative_change"": 3.016669208947062e-07, ""overlap_rows"": 588}, ""Volume"": {""maximum_relative_change"": 0.0, ""overlap_rows"": 588}}, ""missing_cached_dates"": {}, ""price_replacement"": ""accepted_provider_values"", ""provider_response"": ""replacement_responses/704b8db7cf7768b39db7a29c80816ed70cc0f2325feb09a0d62892c02c8e223b.csv"", ""provider_response_sha256"": ""704b8db7cf7768b39db7a29c80816ed70cc0f2325feb09a0d62892c02c8e223b"", ""review_reasons"": [], ""review_threshold"": 0.01}"
live,prices,VMC,yahoo,VMC,,,ok,2023-01-01,2026-05-06,838,2023-01-03,2026-05-06,2026-09-24T16:37:32.748960Z,yfinance,1.5.1,200,,,"{""comparison"": {""Close"": {""maximum_relative_change"": 0.0018549935463241162, ""overlap_rows"": 588}, ""Open"": {""maximum_relative_change"": 0.0018549935463240627, ""overlap_rows"": 588}, ""Volume"": {""maximum_relative_change"": 0.0, ""overlap_rows"": 588}}, ""missing_cached_dates"": {}, ""price_replacement"": ""accepted_provider_values"", ""provider_response"": ""replacement_responses/4f2279a396ff5d69845cd55c193dfea5b0c44956cbc7e2207fb46cbd83fa1221.csv"", ""provider_response_sha256"": ""4f2279a396ff5d69845cd55c193dfea5b0c44956cbc7e2207fb46cbd83fa1221"", ""review_reasons"": [], ""review_threshold"": 0.01}"
live,prices,VNO,yahoo,VNO,,,ok,2023-01-01,2026-05-06,838,2023-01-03,2026-05-06,2026-09-24T16:37:35.520294Z,yfinance,1.5.1,200,,,"{""comparison"": {}, ""missing_cached_dates"": {}, ""price_replacement"": ""accepted_provider_values"", ""provider_response"": ""replacement_responses/9645dcaad516f93f237368c27fdea0d3ecb05d00146635f6aab73131839aeaa5.csv"", ""provider_response_sha256"": ""9645dcaad516f93f237368c27fdea0d3ecb05d00146635f6aab73131839aeaa5"", ""review_reasons"": [], ""review_threshold"": 0.01}"
live,prices,VRSK,yahoo,VRSK,,,ok,2023-01-01,2026-05-06,838,2023-01-03,2026-05-06,2026-09-24T16:37:38.170696Z,yfinance,1.5.1,200,,,"{""comparison"": {""Close"": {""maximum_relative_change"": 0.002673678201050138, ""overlap_rows"": 588}, ""Open"": {""maximum_relative_change"": 0.002673678201050236, ""overlap_rows"": 588}, ""Volume"": {""maximum_relative_change"": 0.0, ""overlap_rows"": 588}}, ""missing_cached_dates"": {}, ""price_replacement"": ""accepted_provider_values"", ""provider_response"": ""replacement_responses/cb2ab9cd954d4204ce700715b51827d3c5967f7c4e0b2ededf4062da575d40e5.csv"", ""provider_response_sha256"": ""cb2ab9cd954d4204ce700715b51827d3c5967f7c4e0b2ededf4062da575d40e5"", ""review_reasons"": [], ""review_threshold"": 0.01}"
live,prices,VRSN,yahoo,VRSN,,,ok,2023-01-01,2026-05-06,838,2023-01-03,2026-05-06,2026-09-24T16:37:41.349197Z,yfinance,1.5.1,200,,,"{""comparison"": {""Close"": {""maximum_relative_change"": 0.0029272279121187084, ""overlap_rows"": 588}, ""Open"": {""maximum_relative_change"": 0.0029272279121187825, ""overlap_rows"": 588}, ""Volume"": {""maximum_relative_change"": 0.0, ""overlap_rows"": 588}}, ""missing_cached_dates"": {}, ""price_replacement"": ""accepted_provider_values"", ""provider_response"": ""replacement_responses/12cfbda85f7043a508821ca4ff57d1d9fa228b8a06f246a762d9579ba76255a1.csv"", ""provider_response_sha256"": ""12cfbda85f7043a508821ca4ff57d1d9fa228b8a06f246a762d9579ba76255a1"", ""review_reasons"": [], ""review_threshold"": 0.01}"
live,prices,VRT,yahoo,VRT,,,ok,2023-01-01,2026-05-06,838,2023-01-03,2026-05-06,2026-09-24T16:37:45.564236Z,yfinance,1.5.1,200,,,"{""comparison"": {""Close"": {""maximum_relative_change"": 0.0002455224969595241, ""overlap_rows"": 588}, ""Open"": {""maximum_relative_change"": 0.00024552249695968117, ""overlap_rows"": 588}, ""Volume"": {""maximum_relative_change"": 0.0, ""overlap_rows"": 588}}, ""missing_cached_dates"": {}, ""price_replacement"": ""accepted_provider_values"", ""provider_response"": ""replacement_responses/fbee17c4f97ec3212e8b5fda59db3a14ebd37d7f470b010b100f838207c00d1c.csv"", ""provider_response_sha256"": ""fbee17c4f97ec3212e8b5fda59db3a14ebd37d7f470b010b100f838207c00d1c"", ""review_reasons"": [], ""review_threshold"": 0.01}"
live,prices,VRTX,yahoo,VRTX,,,ok,2023-01-01,2026-05-06,838,2023-01-03,2026-05-06,2026-09-24T16:37:49.603268Z,yfinance,1.5.1,200,,,"{""comparison"": {""Close"": {""maximum_relative_change"": 1.5508107583252123e-16, ""overlap_rows"": 588}, ""Open"": {""maximum_relative_change"": 1.4833877100739037e-16, ""overlap_rows"": 588}, ""Volume"": {""maximum_relative_change"": 0.0, ""overlap_rows"": 588}}, ""missing_cached_dates"": {}, ""price_replacement"": ""accepted_provider_values"", ""provider_response"": ""replacement_responses/aa68cd0567a3e03827fb3783ef42b8af752b92d86224e5114e25f255c0f15526.csv"", ""provider_response_sha256"": ""aa68cd0567a3e03827fb3783ef42b8af752b92d86224e5114e25f255c0f15526"", ""review_reasons"": [], ""review_threshold"": 0.01}"
live,prices,VST,yahoo,VST,,,ok,2023-01-01,2026-05-06,838,2023-01-03,2026-05-06,2026-09-24T16:37:52.530417Z,yfinance,1.5.1,200,,,"{""comparison"": {""Close"": {""maximum_relative_change"": 0.001635284890113448, ""overlap_rows"": 588}, ""Open"": {""maximum_relative_change"": 0.00163528489011349, ""overlap_rows"": 588}, ""Volume"": {""maximum_relative_change"": 0.0, ""overlap_rows"": 588}}, ""missing_cached_dates"": {}, ""price_replacement"": ""accepted_provider_values"", ""provider_response"": ""replacement_responses/74d86d64c2634c5596fbc75d969ad3fe976289ad107095f158104b2364dfe130.csv"", ""provider_response_sha256"": ""74d86d64c2634c5596fbc75d969ad3fe976289ad107095f158104b2364dfe130"", ""review_reasons"": [], ""review_threshold"": 0.01}"
live,prices,VTR,yahoo,VTR,,,ok,2023-01-01,2026-05-06,838,2023-01-03,2026-05-06,2026-09-24T16:37:56.530501Z,yfinance,1.5.1,200,,,"{""comparison"": {""Close"": {""maximum_relative_change"": 3.608466581224192e-07, ""overlap_rows"": 588}, ""Open"": {""maximum_relative_change"": 3.6084665818179297e-07, ""overlap_rows"": 588}, ""Volume"": {""maximum_relative_change"": 0.0, ""overlap_rows"": 588}}, ""missing_cached_dates"": {}, ""price_replacement"": ""accepted_provider_values"", ""provider_response"": ""replacement_responses/a31d3ee8247732fe688fbd5bfd94e5d0689c5d230055ea4cccddf76b9b9a6efe.csv"", ""provider_response_sha256"": ""a31d3ee8247732fe688fbd5bfd94e5d0689c5d230055ea4cccddf76b9b9a6efe"", ""review_reasons"": [], ""review_threshold"": 0.01}"
live,prices,VTRS,yahoo,VTRS,,,ok,2023-01-01,2026-05-06,838,2023-01-03,2026-05-06,2026-09-24T16:38:00.453991Z,yfinance,1.5.1,200,,,"{""comparison"": {""Close"": {""maximum_relative_change"": 0.007444442193404251, ""overlap_rows"": 588}, ""Open"": {""maximum_relative_change"": 0.00744444219340418, ""overlap_rows"": 588}, ""Volume"": {""maximum_relative_change"": 0.0, ""overlap_rows"": 588}}, ""missing_cached_dates"": {}, ""price_replacement"": ""accepted_provider_values"", ""provider_response"": ""replacement_responses/eececec22f91d8509be1c6f41a7213dfa275443c2edc70433953e7365f0f711c.csv"", ""provider_response_sha256"": ""eececec22f91d8509be1c6f41a7213dfa275443c2edc70433953e7365f0f711c"", ""review_reasons"": [], ""review_threshold"": 0.01}"
live,prices,VZ,yahoo,VZ,,,ok,2023-01-01,2026-05-06,838,2023-01-03,2026-05-06,2026-09-24T16:38:03.203052Z,yfinance,1.5.1,200,,,"{""comparison"": {""Close"": {""maximum_relative_change"": 3.4354387725223074e-07, ""overlap_rows"": 588}, ""Open"": {""maximum_relative_change"": 3.4354387727350043e-07, ""overlap_rows"": 588}, ""Volume"": {""maximum_relative_change"": 0.0, ""overlap_rows"": 588}}, ""missing_cached_dates"": {}, ""price_replacement"": ""accepted_provider_values"", ""provider_response"": ""replacement_responses/0ccece158fdee476a55fa49f39c0760bd0ef5b5cd1b27aa4f43af95e049cbb8a.csv"", ""provider_response_sha256"": ""0ccece158fdee476a55fa49f39c0760bd0ef5b5cd1b27aa4f43af95e049cbb8a"", ""review_reasons"": [], ""review_threshold"": 0.01}"
live,prices,WAB,yahoo,WAB,,,ok,2023-01-01,2026-05-06,838,2023-01-03,2026-05-06,2026-09-24T16:38:07.073317Z,yfinance,1.5.1,200,,,"{""comparison"": {""Close"": {""maximum_relative_change"": 0.0010314607499466001, ""overlap_rows"": 588}, ""Open"": {""maximum_relative_change"": 0.0010314607499465182, ""overlap_rows"": 588}, ""Volume"": {""maximum_relative_change"": 0.0, ""overlap_rows"": 588}}, ""missing_cached_dates"": {}, ""price_replacement"": ""accepted_provider_values"", ""provider_response"": ""replacement_responses/46b6332421842a8ec5dc9e4edf1cf619f65563217fb17de28ac39b3444a0df4d.csv"", ""provider_response_sha256"": ""46b6332421842a8ec5dc9e4edf1cf619f65563217fb17de28ac39b3444a0df4d"", ""review_reasons"": [], ""review_threshold"": 0.01}"
live,prices,WAT,yahoo,WAT,,,ok,2023-01-01,2026-05-06,838,2023-01-03,2026-05-06,2026-09-24T16:38:11.370442Z,yfinance,1.5.1,200,,,"{""comparison"": {""Close"": {""maximum_relative_change"": 1.5771001308412352e-16, ""overlap_rows"": 588}, ""Open"": {""maximum_relative_change"": 1.5767064405034243e-16, ""overlap_rows"": 588}, ""Volume"": {""maximum_relative_change"": 0.0, ""overlap_rows"": 588}}, ""missing_cached_dates"": {}, ""price_replacement"": ""accepted_provider_values"", ""provider_response"": ""replacement_responses/1e34520a3eb9d42e09b082791d90fa61020bc812013dff585d05205e44631620.csv"", ""provider_response_sha256"": ""1e34520a3eb9d42e09b082791d90fa61020bc812013dff585d05205e44631620"", ""review_reasons"": [], ""review_threshold"": 0.01}"
live,prices,WBA,yahoo,WBA,,,failed,2023-01-01,2026-05-06,0,,,2026-09-24T16:38:27.017659Z,yfinance,1.5.1,,RetryableProviderError,Yahoo returned an empty response for WBA; absence was not confirmed,
live,prices,WBD,yahoo,WBD,,,ok,2023-01-01,2026-05-06,838,2023-01-03,2026-05-06,2026-09-24T16:38:29.980471Z,yfinance,1.5.1,200,,,"{""comparison"": {""Close"": {""maximum_relative_change"": 1.8837293551573626e-16, ""overlap_rows"": 588}, ""Open"": {""maximum_relative_change"": 1.9371393943522901e-16, ""overlap_rows"": 588}, ""Volume"": {""maximum_relative_change"": 0.0, ""overlap_rows"": 588}}, ""missing_cached_dates"": {}, ""price_replacement"": ""accepted_provider_values"", ""provider_response"": ""replacement_responses/9f1e79fb512b13f4dce6032748422342d946610d762bfd7965feabb0eb5d75b8.csv"", ""provider_response_sha256"": ""9f1e79fb512b13f4dce6032748422342d946610d762bfd7965feabb0eb5d75b8"", ""review_reasons"": [], ""review_threshold"": 0.01}"
live,prices,WDAY,yahoo,WDAY,,,ok,2023-01-01,2026-05-06,838,2023-01-03,2026-05-06,2026-09-24T16:38:33.046748Z,yfinance,1.5.1,200,,,"{""comparison"": {""Close"": {""maximum_relative_change"": 1.5531837027823768e-16, ""overlap_rows"": 588}, ""Open"": {""maximum_relative_change"": 1.5391372721084756e-16, ""overlap_rows"": 588}, ""Volume"": {""maximum_relative_change"": 0.0, ""overlap_rows"": 588}}, ""missing_cached_dates"": {}, ""price_replacement"": ""accepted_provider_values"", ""provider_response"": ""replacement_responses/734f574ff4252922607710b2e9b1b1f99789a382a5094019ad874ccfa66847f0.csv"", ""provider_response_sha256"": ""734f574ff4252922607710b2e9b1b1f99789a382a5094019ad874ccfa66847f0"", ""review_reasons"": [], ""review_threshold"": 0.01}"
live,prices,WDC,yahoo,WDC,,,ok,2023-01-01,2026-05-06,838,2023-01-03,2026-05-06,2026-09-24T16:38:37.404137Z,yfinance,1.5.1,200,,,"{""comparison"": {""Close"": {""maximum_relative_change"": 0.00032111172198021184, ""overlap_rows"": 588}, ""Open"": {""maximum_relative_change"": 0.0003211117219802497, ""overlap_rows"": 588}, ""Volume"": {""maximum_relative_change"": 0.0, ""overlap_rows"": 588}}, ""missing_cached_dates"": {}, ""price_replacement"": ""accepted_provider_values"", ""provider_response"": ""replacement_responses/643891659fcc21919ce387cc439909025d119991c6be28520cea5ab9e0d6fac7.csv"", ""provider_response_sha256"": ""643891659fcc21919ce387cc439909025d119991c6be28520cea5ab9e0d6fac7"", ""review_reasons"": [], ""review_threshold"": 0.01}"
live,prices,WEC,yahoo,WEC,,,ok,2023-01-01,2026-05-06,838,2023-01-03,2026-05-06,2026-09-24T16:38:40.186452Z,yfinance,1.5.1,200,,,"{""comparison"": {""Close"": {""maximum_relative_change"": 0.008641905912782877, ""overlap_rows"": 588}, ""Open"": {""maximum_relative_change"": 0.008641905912783009, ""overlap_rows"": 588}, ""Volume"": {""maximum_relative_change"": 0.0, ""overlap_rows"": 588}}, ""missing_cached_dates"": {}, ""price_replacement"": ""accepted_provider_values"", ""provider_response"": ""replacement_responses/1411c35d3cae3faed5a4ab4b3993fc9480dd45239af4d654115c6b8439ed8a3b.csv"", ""provider_response_sha256"": ""1411c35d3cae3faed5a4ab4b3993fc9480dd45239af4d654115c6b8439ed8a3b"", ""review_reasons"": [], ""review_threshold"": 0.01}"
live,prices,WELL,yahoo,WELL,,,ok,2023-01-01,2026-05-06,838,2023-01-03,2026-05-06,2026-09-24T16:38:42.918477Z,yfinance,1.5.1,200,,,"{""comparison"": {""Close"": {""maximum_relative_change"": 0.00376114488264737, ""overlap_rows"": 588}, ""Open"": {""maximum_relative_change"": 0.0037611448826475806, ""overlap_rows"": 588}, ""Volume"": {""maximum_relative_change"": 0.0, ""overlap_rows"": 588}}, ""missing_cached_dates"": {}, ""price_replacement"": ""accepted_provider_values"", ""provider_response"": ""replacement_responses/4802c745192b447929668643fcfe3004222a1ad595ccfe19f0c19b95e8857ae3.csv"", ""provider_response_sha256"": ""4802c745192b447929668643fcfe3004222a1ad595ccfe19f0c19b95e8857ae3"", ""review_reasons"": [], ""review_threshold"": 0.01}"
live,prices,WFC,yahoo,WFC,,,ok,2023-01-01,2026-05-06,838,2023-01-03,2026-05-06,2026-09-24T16:38:46.601892Z,yfinance,1.5.1,200,,,"{""comparison"": {""Close"": {""maximum_relative_change"": 0.005708675181032515, ""overlap_rows"": 588}, ""Open"": {""maximum_relative_change"": 0.00570867518103241, ""overlap_rows"": 588}, ""Volume"": {""maximum_relative_change"": 0.0, ""overlap_rows"": 588}}, ""missing_cached_dates"": {}, ""price_replacement"": ""accepted_provider_values"", ""provider_response"": ""replacement_responses/e5b1179f3852a56b398f088796006da950b5eedd53f6d1df0f6c2476c01b2c88.csv"", ""provider_response_sha256"": ""e5b1179f3852a56b398f088796006da950b5eedd53f6d1df0f6c2476c01b2c88"", ""review_reasons"": [], ""review_threshold"": 0.01}"
live,prices,WHR,yahoo,WHR,,,ok,2023-01-01,2026-05-06,838,2023-01-03,2026-05-06,2026-09-24T16:38:49.942586Z,yfinance,1.5.1,200,,,"{""comparison"": {}, ""missing_cached_dates"": {}, ""price_replacement"": ""accepted_provider_values"", ""provider_response"": ""replacement_responses/b26bd1d265c03528baeb92ddc9a0e203e8a63564138160ef451bd756250a1072.csv"", ""provider_response_sha256"": ""b26bd1d265c03528baeb92ddc9a0e203e8a63564138160ef451bd756250a1072"", ""review_reasons"": [], ""review_threshold"": 0.01}"
live,prices,WM,yahoo,WM,,,ok,2023-01-01,2026-05-06,838,2023-01-03,2026-05-06,2026-09-24T16:38:54.184787Z,yfinance,1.5.1,200,,,"{""comparison"": {""Close"": {""maximum_relative_change"": 0.004400323874721503, ""overlap_rows"": 588}, ""Open"": {""maximum_relative_change"": 0.00440032387472174, ""overlap_rows"": 588}, ""Volume"": {""maximum_relative_change"": 0.0, ""overlap_rows"": 588}}, ""missing_cached_dates"": {}, ""price_replacement"": ""accepted_provider_values"", ""provider_response"": ""replacement_responses/db400e0699ea112e064b4c667aa38c545e85d4a876f61a7ac4994a5d85ad554a.csv"", ""provider_response_sha256"": ""db400e0699ea112e064b4c667aa38c545e85d4a876f61a7ac4994a5d85ad554a"", ""review_reasons"": [], ""review_threshold"": 0.01}"
live,prices,WMB,yahoo,WMB,,,ok,2023-01-01,2026-05-06,838,2023-01-03,2026-05-06,2026-09-24T16:38:58.613126Z,yfinance,1.5.1,200,,,"{""comparison"": {""Close"": {""maximum_relative_change"": 0.007209849476535191, ""overlap_rows"": 588}, ""Open"": {""maximum_relative_change"": 0.007209849476535113, ""overlap_rows"": 588}, ""Volume"": {""maximum_relative_change"": 0.0, ""overlap_rows"": 588}}, ""missing_cached_dates"": {}, ""price_replacement"": ""accepted_provider_values"", ""provider_response"": ""replacement_responses/b1e93ba4fa24158a4f3dfd4b782f7973f76e423a83dfd37a831a34e39a2b913f.csv"", ""provider_response_sha256"": ""b1e93ba4fa24158a4f3dfd4b782f7973f76e423a83dfd37a831a34e39a2b913f"", ""review_reasons"": [], ""review_threshold"": 0.01}"
live,prices,WMT,yahoo,WMT,,,ok,2023-01-01,2026-05-06,838,2023-01-03,2026-05-06,2026-09-24T16:39:01.579296Z,yfinance,1.5.1,200,,,"{""comparison"": {""Close"": {""maximum_relative_change"": 0.0023886128848133277, ""overlap_rows"": 588}, ""Open"": {""maximum_relative_change"": 0.0023886128848133762, ""overlap_rows"": 588}, ""Volume"": {""maximum_relative_change"": 0.0, ""overlap_rows"": 588}}, ""missing_cached_dates"": {}, ""price_replacement"": ""accepted_provider_values"", ""provider_response"": ""replacement_responses/2ac2af247201e9ec8920938cc39264525a9448d0214ec2772274fc8ff107bcb6.csv"", ""provider_response_sha256"": ""2ac2af247201e9ec8920938cc39264525a9448d0214ec2772274fc8ff107bcb6"", ""review_reasons"": [], ""review_threshold"": 0.01}"
live,prices,WRB,yahoo,WRB,,,ok,2023-01-01,2026-05-06,838,2023-01-03,2026-05-06,2026-09-24T16:39:05.970911Z,yfinance,1.5.1,200,,,"{""comparison"": {""Close"": {""maximum_relative_change"": 0.0014290512640948968, ""overlap_rows"": 588}, ""Open"": {""maximum_relative_change"": 0.0014290512640949887, ""overlap_rows"": 588}, ""Volume"": {""maximum_relative_change"": 0.0, ""overlap_rows"": 588}}, ""missing_cached_dates"": {}, ""price_replacement"": ""accepted_provider_values"", ""provider_response"": ""replacement_responses/43e925e0fb15089647d800cd1343ebcdd7112cd2a71e9f90fcb9cfdc8f617617.csv"", ""provider_response_sha256"": ""43e925e0fb15089647d800cd1343ebcdd7112cd2a71e9f90fcb9cfdc8f617617"", ""review_reasons"": [], ""review_threshold"": 0.01}"
live,prices,WRK,yahoo,WRK,,,failed,2023-01-01,2026-05-06,0,,,2026-09-24T16:39:22.533268Z,yfinance,1.5.1,,RetryableProviderError,Yahoo returned an empty response for WRK; absence was not confirmed,
live,prices,WSM,yahoo,WSM,,,ok,2023-01-01,2026-05-06,838,2023-01-03,2026-05-06,2026-09-24T16:39:25.371689Z,yfinance,1.5.1,200,,,"{""comparison"": {""Close"": {""maximum_relative_change"": 3.5488074587415644e-07, ""overlap_rows"": 588}, ""Open"": {""maximum_relative_change"": 3.5488074583308026e-07, ""overlap_rows"": 588}, ""Volume"": {""maximum_relative_change"": 0.0, ""overlap_rows"": 588}}, ""missing_cached_dates"": {}, ""price_replacement"": ""accepted_provider_values"", ""provider_response"": ""replacement_responses/c7eb119bfa2942e63de3168ad0602fa103834ae8476052099404de1e70528c97.csv"", ""provider_response_sha256"": ""c7eb119bfa2942e63de3168ad0602fa103834ae8476052099404de1e70528c97"", ""review_reasons"": [], ""review_threshold"": 0.01}"
live,prices,WST,yahoo,WST,,,ok,2023-01-01,2026-05-06,838,2023-01-03,2026-05-06,2026-09-24T16:39:29.507714Z,yfinance,1.5.1,200,,,"{""comparison"": {""Close"": {""maximum_relative_change"": 3.143904691900484e-07, ""overlap_rows"": 588}, ""Open"": {""maximum_relative_change"": 3.1439046931407305e-07, ""overlap_rows"": 588}, ""Volume"": {""maximum_relative_change"": 0.0, ""overlap_rows"": 588}}, ""missing_cached_dates"": {}, ""price_replacement"": ""accepted_provider_values"", ""provider_response"": ""replacement_responses/479e5932c5cd9344ffc7ffbe67e21a01ad21f747cc5b3adbd48ad3c29fa12a84.csv"", ""provider_response_sha256"": ""479e5932c5cd9344ffc7ffbe67e21a01ad21f747cc5b3adbd48ad3c29fa12a84"", ""review_reasons"": [], ""review_threshold"": 0.01}"
live,prices,WTW,yahoo,WTW,,,ok,2023-01-01,2026-05-06,838,2023-01-03,2026-05-06,2026-09-24T16:39:32.237949Z,yfinance,1.5.1,200,,,"{""comparison"": {""Close"": {""maximum_relative_change"": 4.5762417317322437e-07, ""overlap_rows"": 588}, ""Open"": {""maximum_relative_change"": 4.576241731104124e-07, ""overlap_rows"": 588}, ""Volume"": {""maximum_relative_change"": 0.0, ""overlap_rows"": 588}}, ""missing_cached_dates"": {}, ""price_replacement"": ""accepted_provider_values"", ""provider_response"": ""replacement_responses/5ee3172c699d22e58b66d8386fbad5611299c12d5c26d6832aab0dd75426a9ca.csv"", ""provider_response_sha256"": ""5ee3172c699d22e58b66d8386fbad5611299c12d5c26d6832aab0dd75426a9ca"", ""review_reasons"": [], ""review_threshold"": 0.01}"
live,prices,WY,yahoo,WY,,,ok,2023-01-01,2026-05-06,838,2023-01-03,2026-05-06,2026-09-24T16:39:36.859297Z,yfinance,1.5.1,200,,,"{""comparison"": {""Close"": {""maximum_relative_change"": 0.009114818664969198, ""overlap_rows"": 588}, ""Open"": {""maximum_relative_change"": 0.009114818664969203, ""overlap_rows"": 588}, ""Volume"": {""maximum_relative_change"": 0.0, ""overlap_rows"": 588}}, ""missing_cached_dates"": {}, ""price_replacement"": ""accepted_provider_values"", ""provider_response"": ""replacement_responses/695e731fd23f17d84d5a330703093ce8c9ffdab67539a99a4a63b31345e821ee.csv"", ""provider_response_sha256"": ""695e731fd23f17d84d5a330703093ce8c9ffdab67539a99a4a63b31345e821ee"", ""review_reasons"": [], ""review_threshold"": 0.01}"
live,prices,WYNN,yahoo,WYNN,,,ok,2023-01-01,2026-05-06,838,2023-01-03,2026-05-06,2026-09-24T16:39:40.269641Z,yfinance,1.5.1,200,,,"{""comparison"": {""Close"": {""maximum_relative_change"": 0.002442370989522769, ""overlap_rows"": 588}, ""Open"": {""maximum_relative_change"": 0.0024423709895227846, ""overlap_rows"": 588}, ""Volume"": {""maximum_relative_change"": 0.0, ""overlap_rows"": 588}}, ""missing_cached_dates"": {}, ""price_replacement"": ""accepted_provider_values"", ""provider_response"": ""replacement_responses/3a3271edb87a7209b30fbe36bdf5528513cc22c78dc67ef00a366ff406010158.csv"", ""provider_response_sha256"": ""3a3271edb87a7209b30fbe36bdf5528513cc22c78dc67ef00a366ff406010158"", ""review_reasons"": [], ""review_threshold"": 0.01}"
live,prices,XEL,yahoo,XEL,,,ok,2023-01-01,2026-05-06,838,2023-01-03,2026-05-06,2026-09-24T16:39:43.584404Z,yfinance,1.5.1,200,,,"{""comparison"": {""Close"": {""maximum_relative_change"": 0.007996455385379795, ""overlap_rows"": 588}, ""Open"": {""maximum_relative_change"": 0.007996455385379835, ""overlap_rows"": 588}, ""Volume"": {""maximum_relative_change"": 0.0, ""overlap_rows"": 588}}, ""missing_cached_dates"": {}, ""price_replacement"": ""accepted_provider_values"", ""provider_response"": ""replacement_responses/26d84e5ccfab5a6b3dca408e42a122d0c882af00696cd54d9272401934782f07.csv"", ""provider_response_sha256"": ""26d84e5ccfab5a6b3dca408e42a122d0c882af00696cd54d9272401934782f07"", ""review_reasons"": [], ""review_threshold"": 0.01}"
live,prices,XOM,yahoo,XOM,,,ok,2023-01-01,2026-05-06,838,2023-01-03,2026-05-06,2026-09-24T16:39:47.312169Z,yfinance,1.5.1,200,,,"{""comparison"": {""Close"": {""maximum_relative_change"": 0.006433796554456608, ""overlap_rows"": 588}, ""Open"": {""maximum_relative_change"": 0.006433796554456686, ""overlap_rows"": 588}, ""Volume"": {""maximum_relative_change"": 0.0, ""overlap_rows"": 588}}, ""missing_cached_dates"": {}, ""price_replacement"": ""accepted_provider_values"", ""provider_response"": ""replacement_responses/430d52ac48aefb85d8d90c6bc145350851924b17be26adf512067a15907826f4.csv"", ""provider_response_sha256"": ""430d52ac48aefb85d8d90c6bc145350851924b17be26adf512067a15907826f4"", ""review_reasons"": [], ""review_threshold"": 0.01}"
live,prices,XRAY,yahoo,XRAY,,,ok,2023-01-01,2026-05-06,838,2023-01-03,2026-05-06,2026-09-24T16:39:50.562249Z,yfinance,1.5.1,200,,,"{""comparison"": {}, ""missing_cached_dates"": {}, ""price_replacement"": ""accepted_provider_values"", ""provider_response"": ""replacement_responses/a4ae56d34831042ff4ca4021a1d704f0f2f5690a6f3259600125328a5c348d0c.csv"", ""provider_response_sha256"": ""a4ae56d34831042ff4ca4021a1d704f0f2f5690a6f3259600125328a5c348d0c"", ""review_reasons"": [], ""review_threshold"": 0.01}"
live,prices,XYL,yahoo,XYL,,,ok,2023-01-01,2026-05-06,838,2023-01-03,2026-05-06,2026-09-24T16:39:54.619487Z,yfinance,1.5.1,200,,,"{""comparison"": {""Close"": {""maximum_relative_change"": 0.0037915402523840576, ""overlap_rows"": 588}, ""Open"": {""maximum_relative_change"": 0.003791540252384154, ""overlap_rows"": 588}, ""Volume"": {""maximum_relative_change"": 0.0, ""overlap_rows"": 588}}, ""missing_cached_dates"": {}, ""price_replacement"": ""accepted_provider_values"", ""provider_response"": ""replacement_responses/9d56ac934e633f82f20274e4ca9dfde7644c1a28f23974a49e7b8e4b64edf7ce.csv"", ""provider_response_sha256"": ""9d56ac934e633f82f20274e4ca9dfde7644c1a28f23974a49e7b8e4b64edf7ce"", ""review_reasons"": [], ""review_threshold"": 0.01}"
live,prices,XYZ,yahoo,XYZ,,,ok,2023-01-01,2026-05-06,838,2023-01-03,2026-05-06,2026-09-24T16:39:58.082977Z,yfinance,1.5.1,200,,,"{""comparison"": {""Close"": {""maximum_relative_change"": 1.5647274568326027e-16, ""overlap_rows"": 588}, ""Open"": {""maximum_relative_change"": 1.5373057485810493e-16, ""overlap_rows"": 588}, ""Volume"": {""maximum_relative_change"": 0.0, ""overlap_rows"": 588}}, ""missing_cached_dates"": {}, ""price_replacement"": ""accepted_provider_values"", ""provider_response"": ""replacement_responses/b21784411bbc92c2fc665bc428c78438b806df5d693ec13059a590aa11a85e18.csv"", ""provider_response_sha256"": ""b21784411bbc92c2fc665bc428c78438b806df5d693ec13059a590aa11a85e18"", ""review_reasons"": [], ""review_threshold"": 0.01}"
live,prices,YUM,yahoo,YUM,,,ok,2023-01-01,2026-05-06,838,2023-01-03,2026-05-06,2026-09-24T16:40:02.049330Z,yfinance,1.5.1,200,,,"{""comparison"": {""Close"": {""maximum_relative_change"": 0.00501667018538709, ""overlap_rows"": 588}, ""Open"": {""maximum_relative_change"": 0.0050166701853870755, ""overlap_rows"": 588}, ""Volume"": {""maximum_relative_change"": 0.0, ""overlap_rows"": 588}}, ""missing_cached_dates"": {}, ""price_replacement"": ""accepted_provider_values"", ""provider_response"": ""replacement_responses/42fc6c239c029f79107f97f3ebb878302e0bdc63997660c4600d69f2c118e74c.csv"", ""provider_response_sha256"": ""42fc6c239c029f79107f97f3ebb878302e0bdc63997660c4600d69f2c118e74c"", ""review_reasons"": [], ""review_threshold"": 0.01}"
live,prices,ZBH,yahoo,ZBH,,,ok,2023-01-01,2026-05-06,838,2023-01-03,2026-05-06,2026-09-24T16:40:05.132309Z,yfinance,1.5.1,200,,,"{""comparison"": {""Close"": {""maximum_relative_change"": 2.243977668831831e-07, ""overlap_rows"": 588}, ""Open"": {""maximum_relative_change"": 2.2439776711517583e-07, ""overlap_rows"": 588}, ""Volume"": {""maximum_relative_change"": 0.0, ""overlap_rows"": 588}}, ""missing_cached_dates"": {}, ""price_replacement"": ""accepted_provider_values"", ""provider_response"": ""replacement_responses/83288a0d918a4d55073379b37a0c649f1b2b82615b2a33fe686b6579e89de888.csv"", ""provider_response_sha256"": ""83288a0d918a4d55073379b37a0c649f1b2b82615b2a33fe686b6579e89de888"", ""review_reasons"": [], ""review_threshold"": 0.01}"
live,prices,ZBRA,yahoo,ZBRA,,,ok,2023-01-01,2026-05-06,838,2023-01-03,2026-05-06,2026-09-24T16:40:08.369313Z,yfinance,1.5.1,200,,,"{""comparison"": {""Close"": {""maximum_relative_change"": 1.5700433856474215e-16, ""overlap_rows"": 588}, ""Open"": {""maximum_relative_change"": 1.5683972079997911e-16, ""overlap_rows"": 588}, ""Volume"": {""maximum_relative_change"": 0.0, ""overlap_rows"": 588}}, ""missing_cached_dates"": {}, ""price_replacement"": ""accepted_provider_values"", ""provider_response"": ""replacement_responses/17bbe4be4064d94415f2ba8f4ab0736ab3b2e45a503e1141840acb60cf77446f.csv"", ""provider_response_sha256"": ""17bbe4be4064d94415f2ba8f4ab0736ab3b2e45a503e1141840acb60cf77446f"", ""review_reasons"": [], ""review_threshold"": 0.01}"
live,prices,ZION,yahoo,ZION,,,ok,2023-01-01,2026-05-06,838,2023-01-03,2026-05-06,2026-09-24T16:40:11.504726Z,yfinance,1.5.1,200,,,"{""comparison"": {}, ""missing_cached_dates"": {}, ""price_replacement"": ""accepted_provider_values"", ""provider_response"": ""replacement_responses/e549948dc53fa5706e41710ddda7296cbb929919ede2177fb335b127d90d8e21.csv"", ""provider_response_sha256"": ""e549948dc53fa5706e41710ddda7296cbb929919ede2177fb335b127d90d8e21"", ""review_reasons"": [], ""review_threshold"": 0.01}"
live,prices,ZTS,yahoo,ZTS,,,ok,2023-01-01,2026-05-06,838,2023-01-03,2026-05-06,2026-09-24T16:40:15.673112Z,yfinance,1.5.1,200,,,"{""comparison"": {""Close"": {""maximum_relative_change"": 4.2201580491390984e-07, ""overlap_rows"": 588}, ""Open"": {""maximum_relative_change"": 4.22015805107919e-07, ""overlap_rows"": 588}, ""Volume"": {""maximum_relative_change"": 0.0, ""overlap_rows"": 588}}, ""missing_cached_dates"": {}, ""price_replacement"": ""accepted_provider_values"", ""provider_response"": ""replacement_responses/0f56870fb7f34efe93e94379eeadd5b80b73917fc90b2a9a24ee0b54d4d403a4.csv"", ""provider_response_sha256"": ""0f56870fb7f34efe93e94379eeadd5b80b73917fc90b2a9a24ee0b54d4d403a4"", ""review_reasons"": [], ""review_threshold"": 0.01}"
